# Blender 5.0.1
# www.blender.org
mtllib money toad.mtl
o model_0
v 0.031623 0.069956 0.060917
v 0.032880 0.043196 0.061251
v 0.131699 0.070444 0.019477
v 0.133787 0.043156 0.015391
v 0.143787 0.037656 0.015510
v 0.171827 0.045764 0.034989
v 0.137106 0.040079 0.149758
v 0.032609 0.044779 0.159126
v -0.076189 0.039211 0.154762
v -0.057230 0.039287 0.132132
v 0.023554 0.044673 0.080699
v 0.067599 0.036639 0.066381
v -0.013787 0.044345 0.093506
v 0.030619 0.063051 0.062864
v 0.009495 0.075884 0.041410
v -0.048908 0.068215 -0.058729
v -0.013491 0.071005 0.084811
v -0.112468 0.068808 -0.052633
v -0.133899 0.077653 -0.083945
v -0.123513 0.074733 -0.129228
v -0.029817 0.075823 -0.211829
v 0.043644 0.067256 -0.232373
v 0.095801 0.039744 -0.228942
v 0.170926 0.040112 -0.199453
v 0.221510 0.044380 -0.101735
v 0.108886 0.046343 -0.188624
v 0.132925 0.044256 -0.048574
v -0.016470 0.070634 -0.176261
v 0.158106 0.077635 -0.208136
v 0.232849 0.046187 0.042883
v 0.212833 0.072843 -0.170396
v 0.231047 0.050157 -0.151514
v 0.263306 0.040077 -0.091920
v 0.093698 0.071795 -0.129048
v 0.130950 0.070841 -0.177536
v 0.243828 0.034635 0.087320
v 0.256669 0.077261 -0.097344
v 0.279373 0.040760 -0.032646
v 0.223087 0.071177 -0.097502
v 0.277581 0.076593 0.001646
v 0.269687 0.062182 0.063065
v 0.213864 0.045650 0.146118
v 0.159379 0.038508 0.178108
v 0.154446 0.063874 0.186832
v 0.064944 0.035757 0.200987
v 0.201452 0.067652 0.098481
v 0.225174 0.075243 0.116793
v 0.081467 0.071496 0.204235
v -0.021412 0.063282 0.191514
v 0.175190 0.068848 0.030612
v 0.063800 0.067888 0.169039
v 0.004459 0.074971 0.189157
v -0.078016 0.070278 0.155743
v -0.053559 0.071910 0.126172
v 0.003372 0.069322 0.075301
v 0.088224 0.076577 0.061608
v 0.132668 0.072115 0.016059
v 0.127334 0.078356 -0.052722
v -0.091340 0.045989 -0.172610
v -0.157965 0.059137 -0.035822
v -0.133660 0.036147 -0.090771
v -0.156616 0.039796 -0.007421
v -0.071977 0.035189 0.149489
v -0.116901 0.045733 0.020316
v -0.036306 0.047373 0.110772
v -0.017298 0.040662 -0.216962
v 0.120456 0.048670 -0.125989
v -0.036361 0.044422 -0.169393
v 0.090003 0.048264 -0.089377
v 0.122064 0.075123 -0.031257
v 0.085991 0.078998 0.045522
v 0.071933 0.040124 -0.100684
v 0.001263 0.068126 0.076047
v -0.050629 0.069244 0.122754
v -0.150039 0.076818 0.036304
v -0.135512 0.067062 0.087417
v -0.076465 0.072749 0.153699
v -0.119528 0.044435 0.115027
v -0.055434 0.045906 -0.045868
v -0.000658 0.045008 0.087631
v 0.023596 0.038124 0.080599
v 0.031388 0.045280 0.062824
v -0.031725 0.038777 -0.038048
v 0.026329 0.044685 -0.099649
v -0.015722 0.043574 -0.044272
v 0.082492 0.070439 -0.087954
v -0.013092 0.062100 -0.043770
v 0.002255 0.066067 0.005114
v 0.031099 0.063367 0.062448
v 0.073018 0.078785 -0.102024
v 0.089916 0.071420 -0.083424
v 0.111496 0.075208 -0.051418
v 0.129500 0.073632 -0.013015
v 0.110028 0.074026 0.035065
v 0.031693 0.068572 0.063153
v -0.015353 0.067401 0.085946
v -0.017946 0.075839 -0.039707
v -0.001286 0.065513 0.000028
v 0.067004 0.070659 -0.082068
v -0.008138 0.062980 -0.047314
v 0.078752 0.080876 0.052719
v -0.141009 0.514110 0.663342
v -0.133972 0.519278 0.661294
v -0.139168 0.522357 0.667360
v -0.126175 0.497584 0.643540
v -0.088151 0.493967 0.631667
v -0.068962 0.499028 0.625954
v -0.072621 0.526535 0.566424
v -0.077488 0.528569 0.612067
v -0.110352 0.568901 0.551879
v -0.116521 0.584439 0.489064
v -0.140569 0.580938 0.540366
v -0.153600 0.584245 0.467582
v -0.101795 0.549545 0.622345
v -0.145018 0.582308 0.499349
v -0.135788 0.562043 0.627538
v -0.118889 0.535002 0.644076
v -0.101540 0.530423 0.643530
v -0.309329 0.560807 -0.415151
v -0.311376 0.550439 -0.405786
v -0.307322 0.556695 -0.419618
v -0.336172 0.548696 -0.382702
v -0.325475 0.541405 -0.409491
v -0.339325 0.553578 -0.396123
v -0.325930 0.565100 -0.377461
v -0.317512 0.554298 -0.383180
v -0.321090 0.556543 -0.359927
v -0.327249 0.543665 -0.361344
v -0.348895 0.557795 -0.341757
v -0.343593 0.590322 -0.320981
v -0.335495 0.580624 -0.311665
v -0.341177 0.573798 -0.298338
v -0.360716 0.590928 -0.280632
v -0.332887 0.570551 -0.376043
v -0.357677 0.570833 -0.326680
v -0.339583 0.579116 -0.284636
v 0.158291 0.558812 0.457868
v 0.155399 0.539193 0.437716
v 0.163683 0.546875 0.428676
v 0.142401 0.545799 0.413193
v 0.118690 0.552651 0.409753
v 0.121242 0.552853 0.397720
v 0.103926 0.578935 0.400162
v 0.116258 0.609398 0.413712
v 0.130263 0.603315 0.413747
v 0.144661 0.615037 0.439567
v 0.134724 0.603641 0.447586
v 0.155636 0.593728 0.446107
v 0.157066 0.592885 0.457747
v 0.160907 0.559420 0.457373
v 0.158879 0.555102 0.455494
v 0.163878 0.543359 0.471629
v 0.192759 0.502485 0.559103
v 0.141022 0.583349 0.466850
v 0.110776 0.596787 0.434140
v 0.142958 0.580880 0.492606
v 0.195526 0.484645 0.589593
v 0.119843 0.593658 0.461504
v 0.170539 0.537369 0.585907
v 0.183394 0.468035 0.613953
v 0.171329 0.514259 0.624422
v 0.119618 0.576481 0.570099
v 0.106101 0.596173 0.444830
v 0.161632 0.479562 0.624936
v 0.143419 0.487668 0.644138
v 0.128726 0.498436 0.642723
v 0.103812 0.497712 0.643356
v 0.066720 0.478897 0.628459
v 0.069312 0.492837 0.632341
v 0.051995 0.501914 0.623877
v 0.041525 0.475380 0.639944
v 0.140591 0.517246 0.645820
v 0.116047 0.593104 0.480364
v 0.121712 0.559392 0.631873
v 0.104409 0.575327 0.418376
v 0.095111 0.577982 0.433956
v 0.097647 0.573290 0.445300
v 0.099182 0.577359 0.525241
v 0.126566 0.537501 0.651640
v 0.097195 0.582931 0.472255
v 0.132638 0.504491 0.659022
v 0.108330 0.517185 0.645891
v 0.086637 0.532129 0.644180
v 0.084299 0.551676 0.615218
v 0.073613 0.558152 0.487158
v 0.084687 0.551809 0.451439
v 0.102181 0.552544 0.433503
v 0.102693 0.549919 0.421370
v 0.103799 0.548602 0.633005
v -0.097933 0.567256 0.467250
v -0.117506 0.579081 0.449376
v -0.100101 0.551617 0.452264
v -0.136219 0.536776 0.419630
v -0.156856 0.545124 0.411917
v -0.172997 0.540418 0.424377
v -0.183361 0.565722 0.432745
v -0.194556 0.579936 0.429736
v -0.172013 0.609888 0.424176
v -0.159897 0.595783 0.419033
v -0.118612 0.551479 0.433822
v -0.148999 0.535658 0.435019
v -0.170305 0.538213 0.438562
v -0.170723 0.606293 0.443924
v -0.186014 0.558192 0.442483
v -0.181542 0.583935 0.454466
v -0.166931 0.599830 0.448053
v -0.166019 0.541192 0.447148
v -0.190578 0.542123 0.495127
v -0.159947 0.580071 0.498479
v -0.161623 0.548828 0.620234
v -0.138900 0.569080 0.591877
v -0.139701 0.578888 0.542854
v -0.175396 0.560487 0.458591
v -0.155158 0.585788 0.465740
v -0.146914 0.584442 0.492560
v -0.059300 0.474472 0.640796
v -0.057772 0.477900 0.619694
v -0.094556 0.457591 0.524324
v -0.158986 0.474755 0.492427
v -0.152722 0.517024 0.445735
v -0.133952 0.504524 0.461658
v -0.110429 0.523425 0.448904
v -0.055151 0.509748 0.573317
v -0.112091 0.582333 0.434381
v -0.127956 0.599870 0.449885
v -0.122768 0.590624 0.428411
v -0.140192 0.614473 0.435576
v -0.171332 0.608852 0.424145
v -0.118382 0.555802 0.417391
v -0.133814 0.608765 0.414121
v -0.156496 0.592925 0.418251
v -0.117843 0.591473 0.415490
v -0.124537 0.565206 0.413194
v -0.147358 0.586300 0.411925
v -0.157460 0.602761 0.399288
v -0.176547 0.605394 0.386221
v -0.189783 0.612851 0.366674
v -0.195239 0.602769 0.354029
v -0.199062 0.612763 0.321023
v -0.193504 0.638772 0.304611
v -0.223126 0.662794 0.284712
v -0.234531 0.665961 0.271343
v -0.237287 0.668455 0.249594
v -0.232688 0.675421 0.212269
v -0.228414 0.702225 0.196782
v -0.240726 0.718827 0.172282
v -0.233897 0.721695 0.163990
v -0.250750 0.717397 0.127540
v -0.240247 0.726622 0.146665
v -0.248375 0.729062 0.132965
v -0.251400 0.719178 0.108106
v -0.235641 0.714880 0.085202
v -0.252278 0.714907 0.094696
v -0.242547 0.716188 0.074534
v -0.236688 0.720069 0.056248
v -0.241517 0.717241 0.061950
v -0.228169 0.669559 0.228844
v -0.184513 0.596720 0.390158
v -0.173217 0.593455 0.400854
v -0.185938 0.596741 0.367898
v -0.187415 0.596794 0.345570
v -0.183963 0.621811 0.325705
v -0.206077 0.651990 0.305663
v -0.231454 0.656449 0.262520
v -0.253446 0.712378 0.149602
v -0.244852 0.708167 0.112687
v -0.248407 0.742142 0.038848
v -0.252588 0.735573 0.027861
v -0.263073 0.741295 0.024306
v -0.270453 0.739184 0.014150
v -0.282646 0.733412 0.006770
v -0.229356 0.724638 0.094908
v -0.245509 0.710484 0.185752
v -0.222607 0.695013 0.213862
v -0.220831 0.664275 0.233006
v -0.217628 0.650838 0.300406
v -0.196176 0.637873 0.323244
v -0.227548 0.646305 0.281626
v -0.252017 0.701408 0.160785
v -0.241651 0.705207 0.132376
v -0.180937 0.587554 0.376679
v -0.176179 0.604481 0.346474
v -0.222779 0.645575 0.307829
v -0.216568 0.674866 0.238196
v -0.239357 0.704744 0.207910
v -0.227247 0.718212 0.117568
v -0.241880 0.735383 0.083062
v -0.224884 0.717426 0.089742
v -0.236510 0.734275 0.067095
v -0.260604 0.729705 0.054444
v -0.257783 0.739066 0.045482
v -0.275524 0.734083 0.029500
v -0.277520 0.719121 0.010899
v -0.285729 0.715979 -0.001150
v -0.287919 0.715170 -0.020302
v -0.221110 0.693944 0.226794
v -0.220296 0.650489 0.254779
v -0.178506 0.588725 0.362328
v -0.186608 0.628962 0.339118
v -0.250011 0.698047 0.193391
v -0.212491 0.655862 0.262207
v -0.216269 0.637121 0.310923
v -0.231199 0.705486 0.140233
v -0.244996 0.739582 0.092377
v -0.255095 0.729650 0.072796
v -0.269553 0.722863 0.028963
v -0.262608 0.718614 0.003558
v -0.285915 0.712742 -0.030992
v -0.292607 0.718361 -0.056933
v -0.318253 0.726522 -0.077964
v -0.249485 0.698639 0.211872
v -0.242677 0.695305 0.223391
v -0.223453 0.634829 0.297532
v -0.208674 0.639096 0.326076
v -0.238305 0.693928 0.158988
v -0.217356 0.641010 0.271727
v -0.220150 0.682419 0.250376
v -0.247514 0.692059 0.178561
v -0.229031 0.719932 0.139208
v -0.229640 0.730093 0.122062
v -0.250061 0.730218 0.096729
v -0.256732 0.718995 0.076598
v -0.247892 0.715795 0.051133
v -0.243192 0.726123 0.026474
v -0.259232 0.716498 0.040227
v -0.252937 0.725315 0.019194
v -0.258850 0.713759 0.020389
v -0.271873 0.729035 -0.020892
v -0.273517 0.719626 -0.026520
v -0.288648 0.728500 -0.044885
v -0.329577 0.712887 -0.079354
v -0.330720 0.688417 -0.108524
v -0.327610 0.680291 -0.133748
v -0.135608 0.593889 0.461280
v -0.138927 0.551428 0.400349
v -0.126849 0.574177 0.394805
v -0.141526 0.588749 0.404278
v -0.175679 0.548233 0.406734
v -0.149514 0.560215 0.389182
v -0.184299 0.565016 0.403310
v -0.157303 0.572072 0.397206
v -0.257548 0.740919 0.025762
v -0.272655 0.739425 0.014905
v -0.241463 0.729839 0.125207
v -0.229778 0.707618 0.162073
v -0.244486 0.683677 0.196381
v -0.237135 0.691231 0.234888
v -0.244937 0.713348 0.072775
v -0.239924 0.717104 0.062306
v -0.237479 0.727717 0.041157
v -0.251223 0.720653 0.108058
v -0.234026 0.688410 0.177903
v -0.253221 0.725426 0.120248
v -0.240083 0.726556 0.143463
v -0.251867 0.712098 0.086870
v -0.348294 0.554872 -0.373493
v -0.340790 0.562861 -0.372689
v -0.337750 0.575315 -0.345910
v -0.337053 0.549312 -0.382610
v -0.338322 0.548736 -0.382898
v -0.330742 0.570596 -0.358419
v -0.330957 0.571433 -0.324950
v -0.250414 0.733610 0.030946
v -0.312142 0.543858 -0.420841
v -0.310653 0.563841 -0.428988
v -0.320285 0.568912 -0.450023
v -0.302076 0.562367 -0.439295
v -0.307592 0.575478 -0.454330
v -0.318829 0.576220 -0.472433
v -0.311930 0.583858 -0.496951
v -0.309136 0.584834 -0.477152
v -0.305410 0.595780 -0.517901
v -0.283777 0.607391 -0.524276
v -0.289513 0.609945 -0.534942
v -0.275410 0.635551 -0.523866
v -0.272194 0.642571 -0.534122
v -0.278122 0.657839 -0.531141
v -0.266528 0.653610 -0.546254
v -0.275209 0.687065 -0.551840
v -0.265298 0.691896 -0.549715
v -0.312747 0.546335 -0.435223
v -0.309318 0.594109 -0.481957
v -0.308810 0.600773 -0.498076
v -0.295721 0.620784 -0.536084
v -0.262228 0.671884 -0.542874
v -0.306693 0.613561 -0.522895
v -0.278539 0.643616 -0.547447
v -0.295506 0.585660 -0.482664
v -0.299200 0.633761 -0.539117
v -0.295716 0.570204 -0.466230
v -0.297500 0.568132 -0.453447
v -0.305308 0.546127 -0.450566
v -0.332508 0.552376 -0.425301
v -0.310650 0.550940 -0.454540
v -0.298769 0.556951 -0.470032
v -0.288698 0.576551 -0.489206
v -0.299274 0.608039 -0.498308
v -0.290543 0.593304 -0.498567
v -0.293406 0.613591 -0.504670
v -0.304249 0.626263 -0.518060
v -0.327363 0.564066 -0.433965
v -0.322407 0.551969 -0.459482
v -0.303832 0.561211 -0.479149
v -0.326273 0.568312 -0.413751
v -0.323792 0.566394 -0.456714
v -0.318378 0.567867 -0.421760
v -0.313670 0.564795 -0.484358
v -0.310320 0.552208 -0.402863
v -0.318395 0.568827 -0.444147
v -0.322086 0.563985 -0.468671
v -0.322786 0.567162 -0.469804
v -0.309902 0.563739 -0.428292
v -0.326828 0.539125 -0.380988
v -0.311239 0.555458 -0.418631
v -0.342822 0.545823 -0.358830
v -0.349814 0.576573 -0.341937
v -0.326500 0.564772 -0.402562
v -0.338471 0.549692 -0.412009
v -0.290840 0.656875 -0.527826
v -0.285857 0.672597 -0.544944
v -0.291811 0.654425 -0.549507
v -0.264784 0.673318 -0.568137
v -0.268398 0.661194 -0.558276
v -0.257697 0.678833 -0.549727
v -0.256929 0.704288 -0.557088
v -0.262261 0.700469 -0.573179
v -0.257769 0.708754 -0.584218
v -0.243745 0.699069 -0.591639
v -0.287481 0.638606 -0.519827
v -0.293694 0.591434 -0.511669
v -0.309724 0.574030 -0.501310
v -0.314483 0.564811 -0.483014
v -0.319574 0.565162 -0.468955
v -0.286767 0.612030 -0.509585
v -0.286393 0.586360 -0.505698
v -0.294347 0.578396 -0.496200
v -0.299693 0.640071 -0.522405
v -0.287930 0.603797 -0.497452
v -0.302122 0.623165 -0.511600
v -0.289831 0.637985 -0.545378
v -0.304548 0.628644 -0.522333
v -0.267422 0.654936 -0.547770
v -0.264676 0.691504 -0.548937
v -0.261261 0.674737 -0.541605
v -0.232879 0.710671 -0.600129
v -0.192233 0.712807 -0.595605
v -0.189363 0.716276 -0.608457
v -0.212964 0.730548 -0.607290
v -0.204321 0.731924 -0.602008
v -0.238658 0.698248 -0.586184
v -0.227527 0.703237 -0.593436
v -0.244572 0.698959 -0.591331
v -0.193969 0.738020 -0.607296
v -0.215224 0.705575 -0.591849
v -0.245837 0.685377 -0.562484
v -0.246155 0.688351 -0.575452
v -0.227755 0.699865 -0.573741
v -0.224543 0.729344 -0.581870
v -0.235332 0.720616 -0.578693
v -0.242168 0.713051 -0.565595
v -0.248945 0.706900 -0.566070
v -0.212631 0.718293 -0.605334
v -0.242878 0.723483 -0.591415
v -0.263542 0.693216 -0.581906
v -0.272312 0.683891 -0.569891
v -0.142693 0.552299 0.635335
v -0.147063 0.533744 0.650376
v 0.122448 0.515421 0.671128
v 0.143178 0.583015 0.419449
v 0.155217 0.585113 0.414678
v 0.151014 0.579546 0.412813
v 0.157903 0.583403 0.412177
v 0.169826 0.568692 0.405653
v 0.177636 0.579628 0.420819
v 0.154059 0.546933 0.405825
v -0.093376 0.470073 0.632266
v -0.079629 0.472356 0.625227
v -0.105949 0.453665 0.617109
v -0.112241 0.454555 0.625090
v -0.114750 0.479240 0.628065
v -0.102129 0.443362 0.612475
v -0.073925 0.453483 0.600982
v -0.079287 0.421271 0.590680
v -0.132370 0.419569 0.565697
v -0.157518 0.420799 0.581074
v -0.139527 0.436610 0.613824
v -0.172120 0.456350 0.616404
v -0.189340 0.454706 0.593941
v -0.191595 0.453938 0.627546
v -0.173561 0.476238 0.624215
v -0.144171 0.474791 0.626644
v -0.124692 0.495930 0.642069
v -0.129817 0.458341 0.628120
v -0.114201 0.477925 0.627060
v -0.113669 0.459392 0.620300
v -0.105837 0.451162 0.618692
v -0.116517 0.423633 0.586354
v -0.107812 0.435518 0.611207
v -0.089862 0.423648 0.594500
v -0.079942 0.421474 0.596239
v -0.330063 0.573010 -0.328900
v -0.343546 0.573752 -0.349040
v -0.349136 0.561656 -0.365152
v -0.337043 0.571364 -0.310935
v 0.150451 0.457420 0.621838
v 0.145717 0.466418 0.621424
v 0.125415 0.475233 0.626284
v 0.127217 0.464435 0.626988
v 0.119638 0.469042 0.626777
v 0.109091 0.466020 0.623992
v 0.074630 0.473645 0.631913
v -0.356443 0.592755 -0.267904
v -0.366063 0.604922 -0.256615
v -0.362240 0.628059 -0.246271
v -0.368142 0.625905 -0.236282
v -0.345940 0.643718 -0.234285
v -0.359754 0.648073 -0.225409
v -0.337857 0.649037 -0.210038
v -0.348229 0.664328 -0.203763
v -0.352480 0.677974 -0.183779
v -0.333921 0.672281 -0.186632
v -0.342241 0.676325 -0.183001
v -0.329908 0.669262 -0.150488
v -0.326727 0.680316 -0.144407
v -0.341102 0.688412 -0.120469
v -0.338151 0.692614 -0.106875
v -0.339488 0.648547 -0.190725
v -0.351529 0.626536 -0.257428
v -0.360346 0.618421 -0.266415
v -0.343255 0.639638 -0.195603
v -0.343538 0.630583 -0.213256
v -0.345199 0.627720 -0.213586
v -0.340250 0.628414 -0.239260
v -0.330618 0.540649 -0.389235
v -0.345314 0.553122 -0.363609
v -0.363727 0.607735 -0.275923
v -0.365084 0.606650 -0.272955
v -0.339210 0.555944 -0.328558
v -0.351628 0.588763 -0.313789
v -0.340133 0.549288 -0.336386
v -0.360661 0.579338 -0.305588
v -0.344868 0.566148 -0.308604
v -0.355446 0.580588 -0.287397
v -0.339351 0.574055 -0.298825
v -0.362554 0.606082 -0.273829
v -0.363071 0.595184 -0.279400
v -0.364360 0.591024 -0.291175
v -0.337155 0.593208 -0.295872
v -0.341190 0.591549 -0.267567
v -0.350650 0.611469 -0.287105
v -0.346060 0.603214 -0.290430
v -0.338174 0.602773 -0.269714
v -0.341594 0.613119 -0.246938
v -0.363302 0.623003 -0.227129
v -0.362595 0.640504 -0.213239
v -0.366180 0.646421 -0.202393
v -0.331061 0.681041 -0.122023
v -0.337529 0.687402 -0.168457
v -0.347372 0.624964 -0.224300
v -0.346765 0.620169 -0.268730
v -0.339507 0.625983 -0.231128
v -0.345788 0.632666 -0.216402
v -0.352698 0.636941 -0.203059
v -0.357826 0.618112 -0.266083
v -0.335755 0.575613 -0.312473
v -0.327047 0.563208 -0.328312
v -0.136453 0.577160 0.428085
v -0.141598 0.575992 0.428165
v -0.148620 0.583027 0.428099
v -0.143955 0.585966 0.426833
v -0.150327 0.586152 0.433793
v -0.155485 0.584983 0.436063
v -0.154448 0.578769 0.437350
v -0.156385 0.582792 0.438384
v -0.157127 0.590519 0.420862
v -0.166791 0.588299 0.417827
v -0.171920 0.580424 0.407960
v -0.165134 0.579835 0.386020
v -0.170087 0.595230 0.361670
v -0.179132 0.623052 0.339274
v -0.200771 0.637138 0.332950
v -0.175998 0.593308 0.397143
v -0.154752 0.578861 0.437249
v -0.164965 0.571434 0.429287
v -0.162281 0.563749 0.425646
v -0.153537 0.563033 0.423255
v -0.147014 0.567615 0.419934
v -0.355131 0.641771 -0.200788
v -0.358115 0.656832 -0.180173
v -0.359278 0.667334 -0.187809
v -0.349925 0.681433 -0.170435
v -0.323245 0.692045 -0.139659
v -0.328125 0.688141 -0.096942
v -0.309268 0.732443 -0.061221
v -0.314297 0.724483 -0.053776
v -0.350491 0.676053 -0.180552
v -0.342445 0.687501 -0.170620
v -0.354795 0.602647 -0.250340
v 0.242430 0.725503 0.058478
v 0.242614 0.718415 0.046922
v 0.233274 0.714104 0.038001
v 0.235893 0.724798 0.018645
v 0.228904 0.733678 0.031987
v 0.257793 0.735911 0.020437
v 0.263436 0.721346 0.012344
v 0.263028 0.715622 -0.026173
v 0.254335 0.719351 -0.011510
v 0.262156 0.733333 -0.028072
v 0.284480 0.734059 -0.033877
v 0.290505 0.702357 -0.060229
v 0.285566 0.711481 -0.076711
v 0.283272 0.720348 -0.074760
v 0.298256 0.723213 -0.085977
v 0.261810 0.738720 0.004180
v 0.273669 0.722386 -0.006342
v 0.302185 0.719385 -0.054528
v 0.295809 0.709223 -0.100656
v 0.297803 0.697844 -0.076737
v 0.279592 0.731401 -0.049889
v 0.245808 0.736286 0.002901
v 0.268556 0.715052 -0.045720
v 0.280909 0.712538 -0.034804
v 0.282203 0.729335 -0.014748
v 0.312547 0.704263 -0.077895
v 0.301765 0.728110 -0.063151
v 0.299344 0.697418 -0.110338
v 0.290925 0.725085 -0.069238
v 0.279732 0.710162 -0.056072
v 0.292546 0.724085 -0.082133
v 0.305003 0.720962 -0.088404
v 0.318880 0.701611 -0.087294
v 0.322694 0.702735 -0.131319
v 0.328344 0.674455 -0.140810
v 0.315119 0.669093 -0.167970
v 0.319148 0.676116 -0.175980
v 0.342443 0.670285 -0.188154
v 0.343698 0.653759 -0.193714
v 0.348964 0.656222 -0.201032
v 0.326482 0.674394 -0.194754
v 0.322463 0.661292 -0.156778
v 0.338042 0.682705 -0.144027
v 0.325919 0.696458 -0.146495
v 0.304432 0.700614 -0.132715
v 0.304451 0.685554 -0.106853
v 0.337736 0.626863 -0.216845
v 0.335074 0.635019 -0.203991
v 0.341574 0.656057 -0.209050
v 0.320662 0.662795 -0.190368
v 0.328483 0.657516 -0.168108
v 0.334292 0.688359 -0.157324
v 0.305905 0.687777 -0.125765
v 0.317293 0.690150 -0.106113
v 0.324330 0.697713 -0.103236
v 0.323639 0.630270 -0.239423
v 0.328960 0.628228 -0.251653
v 0.327576 0.614442 -0.232399
v 0.350788 0.634833 -0.219199
v 0.337669 0.656962 -0.220313
v 0.317038 0.656209 -0.195586
v 0.341277 0.664164 -0.164974
v 0.319429 0.695650 -0.155841
v 0.311362 0.680767 -0.146342
v 0.315507 0.678421 -0.127131
v 0.347361 0.616113 -0.267236
v 0.331487 0.616277 -0.271323
v 0.345332 0.619438 -0.232979
v 0.321482 0.648508 -0.204048
v 0.342150 0.660864 -0.177287
v 0.315908 0.685739 -0.163549
v 0.342388 0.672988 -0.186266
v 0.324090 0.684689 -0.173964
v 0.328592 0.639855 -0.193339
v 0.332191 0.650318 -0.231579
v 0.348284 0.631488 -0.242903
v 0.329746 0.610272 -0.243229
v 0.329764 0.575006 -0.290008
v 0.346391 0.609038 -0.249795
v 0.328334 0.639947 -0.231667
v 0.335191 0.636450 -0.201609
v 0.343398 0.653629 -0.192775
v 0.340657 0.634759 -0.252689
v 0.326252 0.629747 -0.217414
v 0.326024 0.631111 -0.239576
v 0.344706 0.619091 -0.264991
v 0.335656 0.590740 -0.270253
v 0.323734 0.590349 -0.269014
v 0.321304 0.595164 -0.294572
v 0.334448 0.588773 -0.313106
v 0.314418 0.557712 -0.336904
v 0.314180 0.568569 -0.357577
v 0.312707 0.575173 -0.345482
v 0.327962 0.558117 -0.375892
v 0.328945 0.547674 -0.374362
v 0.304136 0.543412 -0.394689
v 0.295766 0.559324 -0.401576
v 0.333432 0.561451 -0.325275
v 0.331914 0.577776 -0.285258
v 0.347564 0.595256 -0.274065
v 0.322443 0.542421 -0.395809
v 0.340790 0.573287 -0.330085
v 0.319847 0.578869 -0.305163
v 0.292290 0.549808 -0.419994
v 0.320623 0.561049 -0.391932
v 0.306355 0.566593 -0.363969
v 0.308427 0.554526 -0.359343
v 0.326049 0.551245 -0.345345
v 0.326261 0.588845 -0.321687
v 0.311841 0.542924 -0.409366
v 0.318707 0.583326 -0.318689
v 0.304656 0.567155 -0.382404
v 0.333627 0.565686 -0.351693
v 0.322732 0.581937 -0.333298
v 0.312588 0.546917 -0.428233
v 0.311567 0.564198 -0.405985
v 0.309541 0.543130 -0.366603
v 0.316262 0.544745 -0.370773
v 0.306222 0.545195 -0.386521
v 0.312130 0.557988 -0.438809
v 0.301835 0.567856 -0.414865
v 0.290406 0.546334 -0.450428
v 0.282008 0.567596 -0.462302
v 0.285614 0.577363 -0.456765
v 0.290568 0.585809 -0.473658
v 0.303531 0.576977 -0.470812
v 0.294163 0.574710 -0.501591
v 0.271014 0.592892 -0.510713
v 0.268211 0.604645 -0.501462
v 0.288637 0.623639 -0.511581
v 0.285107 0.627043 -0.539295
v 0.269283 0.625162 -0.542651
v 0.249267 0.653714 -0.536866
v 0.291576 0.548209 -0.438691
v 0.298950 0.576780 -0.459527
v 0.286394 0.570585 -0.493006
v 0.274840 0.599980 -0.496516
v 0.291330 0.611038 -0.511574
v 0.286792 0.616742 -0.527277
v 0.303656 0.562216 -0.476772
v 0.271042 0.580790 -0.489149
v 0.289707 0.605240 -0.500336
v 0.284866 0.557888 -0.435859
v 0.281779 0.594738 -0.489321
v 0.297953 0.568483 -0.437330
v 0.308148 0.563215 -0.456007
v 0.279557 0.566930 -0.477596
v 0.294659 0.553131 -0.464327
v 0.306176 0.565245 -0.421259
v 0.309513 0.557489 -0.445444
v 0.124827 0.576556 0.427679
v 0.128696 0.583715 0.425139
v 0.250487 0.734242 0.038126
v 0.229792 0.742822 0.054198
v 0.217518 0.730527 0.071369
v 0.211703 0.723049 0.091656
v 0.224806 0.708845 0.111964
v 0.211071 0.707168 0.106166
v 0.238029 0.708396 0.138068
v 0.235287 0.713964 0.150390
v 0.227534 0.739854 0.068466
v 0.253020 0.724029 0.041725
v 0.229118 0.736275 0.080996
v 0.243079 0.722810 0.059224
v 0.246142 0.717787 0.044684
v 0.247973 0.717775 0.012921
v 0.234934 0.720700 0.021364
v 0.246486 0.729795 -0.003014
v 0.263268 0.739670 -0.012870
v 0.292266 0.722236 -0.027495
v 0.281442 0.724802 -0.019074
v 0.281192 0.710998 -0.037812
v 0.278541 0.710255 -0.052341
v 0.306458 0.542162 -0.378376
v 0.319324 0.544688 -0.368955
v 0.323921 0.561579 -0.314538
v 0.343444 0.579218 -0.304706
v 0.334093 0.602171 -0.293169
v 0.333972 0.568393 -0.353354
v 0.326857 0.601072 -0.264238
v 0.331394 0.567282 -0.297773
v 0.314920 0.570865 -0.314550
v 0.321467 0.575690 -0.342750
v 0.320324 0.609758 -0.271248
v 0.346306 0.595573 -0.283942
v 0.317153 0.581091 -0.314493
v 0.328827 0.578662 -0.341791
v 0.230774 0.724161 0.139192
v 0.225500 0.725382 0.158941
v 0.212605 0.707330 0.164180
v 0.226925 0.692677 0.176578
v 0.235677 0.693702 0.198007
v 0.235355 0.707176 0.185005
v 0.219214 0.705790 0.208806
v 0.202762 0.686097 0.211409
v 0.207118 0.674566 0.224303
v 0.219801 0.673234 0.227011
v 0.217026 0.688655 0.176459
v 0.211471 0.658830 0.238410
v 0.200407 0.687093 0.227772
v 0.220978 0.697715 0.225381
v 0.217583 0.712472 0.177531
v 0.197875 0.671786 0.241741
v 0.209839 0.690865 0.239106
v 0.226028 0.683436 0.199543
v 0.209796 0.685874 0.193703
v 0.218201 0.708436 0.186961
v 0.226896 0.682717 0.234227
v 0.210302 0.690429 0.202072
v 0.207162 0.681630 0.255742
v 0.220831 0.670724 0.224149
v 0.219159 0.670934 0.258792
v 0.223391 0.667390 0.239257
v 0.218181 0.668201 0.225516
v 0.200804 0.671599 0.272919
v 0.190077 0.659629 0.271125
v 0.198730 0.639293 0.272399
v 0.210972 0.640619 0.296131
v 0.187700 0.648422 0.316521
v 0.178500 0.636563 0.308302
v 0.187904 0.608601 0.338060
v 0.191912 0.621182 0.340694
v 0.180555 0.622403 0.348860
v 0.198841 0.653391 0.261901
v 0.212051 0.648032 0.282193
v 0.204854 0.652043 0.297621
v 0.181154 0.633548 0.296005
v 0.187006 0.657749 0.298629
v 0.190725 0.625128 0.302810
v 0.195026 0.620262 0.318743
v 0.211016 0.652383 0.256676
v 0.194061 0.658241 0.290289
v 0.219825 0.660387 0.264698
v 0.192571 0.660797 0.281001
v 0.202795 0.673010 0.273632
v 0.214844 0.673343 0.262590
v 0.222392 0.666549 0.239574
v 0.237518 0.701665 0.169831
v 0.221352 0.699954 0.150604
v 0.231788 0.698462 0.146017
v 0.222480 0.705611 0.129382
v 0.211155 0.722574 0.113990
v 0.210770 0.716002 0.105228
v 0.237258 0.701879 0.134701
v 0.236267 0.713120 0.152183
v 0.211490 0.700748 0.197122
v 0.225585 0.719300 0.169289
v 0.215514 0.706272 0.184641
v 0.212133 0.678822 0.207960
v 0.238409 0.717851 0.060722
v 0.231203 0.713557 0.074846
v 0.233852 0.730159 0.096372
v 0.238572 0.719406 0.094934
v 0.220932 0.729483 0.132848
v 0.234907 0.725134 0.114720
v 0.216301 0.732806 0.120396
v 0.212472 0.716546 0.142464
v 0.227615 0.738904 0.089942
v 0.210279 0.709751 0.132648
v 0.233340 0.708726 0.106271
v 0.225345 0.711451 0.090097
v 0.214008 0.718551 0.067997
v 0.220761 0.718523 0.055028
v 0.243134 0.740979 0.023131
v 0.235846 0.739970 0.044196
v -0.177030 0.598194 0.351775
v -0.180538 0.586568 0.375925
v -0.157938 0.593481 0.415005
v -0.157185 0.590457 0.421165
v 0.240337 0.730963 0.071438
v 0.119626 0.468935 0.626532
v 0.106837 0.466310 0.630031
v 0.080661 0.473191 0.632900
v 0.066168 0.452424 0.608536
v 0.067991 0.476483 0.631710
v 0.047053 0.471153 0.613171
v 0.071770 0.472052 0.631834
v 0.127217 0.464435 0.626988
v 0.151023 0.458149 0.619702
v 0.169393 0.452237 0.597096
v 0.177555 0.455900 0.625030
v 0.126510 0.436660 0.613326
v 0.052904 0.476841 0.639011
v -0.145037 0.580101 0.426760
v -0.142995 0.585182 0.426205
v -0.148204 0.582701 0.428390
v -0.140176 0.579951 0.431834
v -0.162964 0.605208 0.375557
v -0.174476 0.619248 0.365689
v -0.201229 0.618345 0.346321
v -0.203799 0.615661 0.311361
v -0.211402 0.627557 0.327530
v -0.203420 0.629743 0.297342
v -0.216107 0.624337 0.301663
v -0.210076 0.640319 0.280598
v -0.221690 0.633307 0.285844
v -0.204002 0.659982 0.281971
v -0.218323 0.671825 0.273205
v -0.213111 0.653415 0.261085
v -0.208045 0.664028 0.270544
v -0.229431 0.682220 0.259663
v -0.163403 0.605477 0.362683
v -0.152425 0.587206 0.393500
v -0.241772 0.678978 0.233427
v -0.218007 0.681296 0.251697
v -0.234174 0.692935 0.239666
v -0.247165 0.690000 0.218152
v -0.241396 0.683595 0.191310
v -0.228530 0.694731 0.184406
v -0.228672 0.707886 0.160284
v -0.194311 0.628395 0.348843
v -0.201619 0.719261 -0.586020
v -0.216985 0.718101 -0.580196
v -0.201070 0.733047 -0.586323
v -0.186631 0.724162 -0.598859
v -0.190607 0.731867 -0.593147
v -0.216543 0.637599 0.311073
v 0.153145 0.577130 0.398723
v 0.142880 0.588181 0.421656
v 0.140185 0.595432 0.418564
v 0.160042 0.585229 0.378392
v 0.164833 0.594323 0.355591
v 0.153462 0.611283 0.348468
v 0.164973 0.625157 0.337347
v 0.194249 0.640668 0.317205
v 0.167944 0.618204 0.327405
v 0.163897 0.591403 0.391645
v 0.158527 0.588517 0.408775
v 0.167568 0.601227 0.385014
v 0.150014 0.596278 0.405539
v 0.174916 0.610413 0.322909
v 0.130345 0.584403 0.411358
v 0.130263 0.564523 0.390539
v 0.145694 0.554112 0.393308
v 0.175550 0.601011 0.343696
v 0.174104 0.609905 0.367375
v 0.145053 0.602842 0.394226
v 0.154642 0.613203 0.373387
v 0.136799 0.588678 0.395478
v 0.136849 0.585564 0.384576
v 0.182001 0.633002 0.337951
v 0.201267 0.626582 0.315913
v 0.188397 0.621183 0.338101
v 0.193505 0.619533 0.321907
v 0.201477 0.634639 0.290753
v 0.190096 0.627153 0.301296
v 0.190096 0.631806 0.286526
v 0.183817 0.646994 0.288070
v 0.195471 0.661192 0.282390
v 0.154597 0.611144 0.361775
v 0.145134 0.590793 0.369371
v 0.149345 0.580607 0.381167
v 0.148138 0.570631 0.397915
v 0.126561 0.584457 0.401652
v 0.152505 0.579156 0.396727
v 0.149594 0.582012 0.378796
v 0.149026 0.606679 0.362521
v 0.164172 0.619206 0.356785
v 0.181582 0.622558 0.349055
v -0.139592 0.570858 0.590825
v 0.340457 0.583186 -0.279127
v -0.148527 0.603441 0.444622
v -0.162199 0.594829 0.464314
v -0.353691 0.679330 -0.154075
v -0.336648 0.703490 -0.139613
v -0.320341 0.701447 -0.121371
v -0.346036 0.696153 -0.131679
v -0.316590 0.710491 -0.114894
v -0.309839 0.697533 -0.088430
v -0.304209 0.708641 -0.091136
v -0.309214 0.702768 -0.058812
v -0.308393 0.725896 -0.035325
v -0.283319 0.741680 -0.016875
v -0.256473 0.736547 0.009452
v -0.318632 0.713262 -0.049911
v -0.316630 0.692477 -0.107538
v -0.339542 0.694610 -0.151277
v -0.305755 0.735933 -0.044939
v -0.327412 0.705735 -0.069346
v -0.286890 0.735510 -0.029722
v -0.350114 0.660690 -0.164602
v -0.335891 0.662073 -0.201263
v -0.329808 0.710274 -0.110777
v -0.332313 0.717246 -0.100500
v -0.295115 0.711363 -0.066716
v -0.302722 0.705977 -0.062890
v -0.299058 0.710217 -0.036029
v -0.299270 0.723525 -0.018014
v -0.283886 0.742782 -0.003415
v -0.287169 0.727927 0.000035
v -0.337736 0.660200 -0.159869
v -0.344003 0.674240 -0.140598
v -0.316592 0.725696 -0.079544
v -0.294722 0.719018 -0.057993
v -0.289226 0.717125 -0.033024
v -0.287780 0.714623 -0.019053
v -0.313508 0.723052 -0.083450
v -0.290488 0.712544 -0.043447
v -0.321869 0.717969 -0.090189
v -0.339167 0.689846 -0.104352
v -0.327835 0.711200 -0.092941
v -0.322041 0.716831 -0.088649
v -0.313508 0.723052 -0.083450
v 0.142061 0.418939 0.579793
v 0.100696 0.419865 0.579218
v 0.092508 0.428377 0.557466
v 0.083872 0.471637 0.505115
v 0.039017 0.510905 0.571710
v 0.088779 0.434392 0.607929
v 0.061754 0.418679 0.593077
v 0.061027 0.435029 0.599552
v 0.082215 0.419671 0.589044
v 0.102020 0.444968 0.606765
v 0.065216 0.433869 0.568718
v 0.139514 0.497745 0.464824
v 0.164304 0.542182 0.473312
v 0.158076 0.555055 0.456045
v 0.093173 0.523417 0.448487
v -0.292071 0.714007 -0.030858
v 0.133873 0.535644 0.434501
v 0.143540 0.430191 0.545491
v 0.178771 0.462854 0.557309
v 0.190509 0.499924 0.567434
v 0.188932 0.476063 0.604522
v 0.162822 0.534891 0.464592
v -0.188791 0.721908 -0.584656
v -0.227699 0.703929 -0.589546
v -0.187709 0.724250 -0.598820
v -0.192829 0.730767 -0.591563
v -0.194645 0.460857 0.559141
v -0.211564 0.498978 0.577654
v -0.188190 0.531022 0.597598
v -0.208326 0.481947 0.601132
v -0.183607 0.503366 0.633449
v -0.160076 0.489216 0.646426
v -0.148920 0.495384 0.639949
v -0.141912 0.555789 0.631527
v -0.146952 0.533145 0.650414
v -0.150662 0.503955 0.655033
v -0.138352 0.514219 0.666077
v -0.134964 0.506726 0.650108
v -0.133102 0.519025 0.661496
v -0.144566 0.517309 0.663243
v -0.160401 0.427604 0.552715
v -0.179207 0.533984 0.465126
v 0.261101 0.743274 -0.003077
v 0.165360 0.558989 0.427674
v 0.171607 0.568531 0.439963
v 0.318833 0.710602 -0.121839
v 0.312079 0.679027 -0.143201
v 0.334965 0.679805 -0.181464
v 0.324973 0.686658 -0.121448
v 0.315632 0.684565 -0.164032
v 0.318294 0.706505 -0.112996
v 0.324093 0.700357 -0.101602
v 0.319335 0.674558 -0.124410
v 0.145423 0.466319 0.621407
v -0.089736 0.421843 0.593976
v -0.167138 0.600411 0.445762
v 0.133592 0.533164 0.420734
v 0.157717 0.584438 0.410612
v 0.155421 0.583582 0.416946
v 0.165913 0.599960 0.422270
v 0.176688 0.579356 0.421386
v 0.172199 0.592056 0.436981
v 0.169938 0.569244 0.439230
v 0.145224 0.583412 0.434055
v 0.138667 0.580750 0.438069
v 0.148066 0.574119 0.435177
v 0.133521 0.585453 0.437653
v 0.146949 0.572558 0.427831
v 0.149837 0.564876 0.425331
v 0.138390 0.562212 0.426768
v 0.142920 0.560173 0.421896
v 0.129970 0.566714 0.417949
v 0.129589 0.569485 0.418362
v 0.130983 0.569060 0.417849
v 0.133215 0.583295 0.435188
v 0.125066 0.581238 0.429198
v 0.123415 0.577501 0.429142
v 0.141598 0.587160 0.420362
v 0.129253 0.582661 0.424812
v 0.172632 0.452760 0.626343
v 0.126597 0.581049 0.429565
v -0.133778 0.505358 0.650685
v 0.247562 0.694559 -0.575113
v 0.214389 0.699665 -0.586609
v 0.219434 0.703018 -0.570042
v 0.206432 0.729604 -0.582365
v 0.196796 0.727496 -0.584289
v 0.189818 0.727240 -0.611415
v 0.184202 0.729139 -0.605891
v 0.171260 0.710988 -0.605735
v 0.178304 0.713471 -0.599707
v 0.170819 0.725506 -0.600228
v 0.197512 0.714203 -0.579740
v 0.176896 0.737245 -0.608250
v 0.193526 0.710644 -0.584028
v 0.201320 0.722587 -0.603133
v 0.216607 0.726490 -0.591155
v 0.214401 0.710037 -0.599404
v 0.230871 0.712624 -0.587851
v 0.246140 0.692949 -0.551596
v 0.246934 0.702976 -0.573410
v 0.254136 0.671148 -0.539614
v 0.245132 0.660522 -0.546663
v 0.257355 0.648427 -0.546605
v 0.259657 0.690238 -0.557352
v 0.181875 0.708635 -0.589393
v 0.235040 0.697629 -0.586870
v 0.211014 0.700527 -0.584521
v 0.193952 0.711173 -0.585517
v 0.171876 0.725963 -0.587894
v 0.174374 0.733939 -0.593590
v 0.175966 0.732720 -0.592956
v 0.197418 0.714462 -0.580518
v 0.245639 0.691645 -0.575841
v 0.246129 0.683673 -0.576529
v 0.238186 0.676717 -0.567461
v 0.269374 0.674400 -0.552107
v 0.277275 0.656204 -0.546606
v 0.264016 0.635480 -0.521023
v 0.280018 0.632391 -0.515189
v 0.284128 0.636881 -0.534543
v 0.255965 0.658922 -0.558950
v 0.269499 0.645589 -0.554917
v 0.231349 0.686935 -0.560086
v 0.241996 0.680727 -0.549475
v 0.233587 0.709384 -0.566267
v 0.263030 0.614040 -0.514988
v 0.275175 0.593432 -0.518243
v 0.299561 0.588211 -0.495669
v 0.279439 0.586368 -0.480208
v 0.286944 0.555973 -0.471185
v 0.306958 0.551077 -0.454742
v 0.272734 0.659869 -0.530935
v 0.257738 0.686836 -0.553671
v 0.267502 0.615599 -0.524822
v 0.255487 0.670935 -0.538803
v 0.263817 0.660259 -0.531340
v 0.251189 0.653656 -0.536199
v 0.271287 0.623709 -0.540080
v 0.268166 0.613653 -0.534597
v 0.286715 0.596401 -0.519285
v 0.286709 0.615811 -0.527373
v 0.292598 0.605097 -0.522489
v 0.286410 0.600147 -0.488922
v 0.292029 0.611568 -0.510980
v 0.287444 0.604826 -0.499764
v 0.279502 0.567694 -0.477061
v 0.261770 0.633015 -0.541918
v -0.354624 0.678137 -0.180331
v -0.521883 0.121506 0.503262
v -0.509412 0.120425 0.492403
v -0.498899 0.136964 0.493209
v -0.486412 0.137300 0.463821
v -0.536615 0.137731 0.414371
v -0.499695 0.122763 0.429498
v -0.477615 0.138977 0.421938
v -0.475394 0.120025 0.414281
v -0.466194 0.105557 0.321029
v -0.457773 0.114498 0.307016
v -0.449176 0.113841 0.323576
v -0.453388 0.124022 0.427686
v -0.492225 0.126736 0.323742
v -0.471749 0.139617 0.394960
v -0.448461 0.134684 0.457111
v -0.462706 0.163178 0.551430
v -0.514649 0.135950 0.509747
v -0.519336 0.143957 0.530444
v -0.540151 0.128731 0.524875
v -0.589801 0.125265 0.496778
v -0.577010 0.114485 0.462014
v -0.522013 0.121903 0.503747
v -0.547950 0.136537 0.486278
v -0.589023 0.144186 0.477086
v -0.597619 0.113656 0.478116
v -0.529459 0.133763 0.501636
v 0.133111 0.883194 -0.548660
v 0.154424 0.869199 -0.560542
v 0.113304 0.870818 -0.559512
v 0.098032 0.858485 -0.602697
v 0.149212 0.838326 -0.599743
v 0.190722 0.788274 -0.579769
v 0.231691 0.741154 -0.596664
v 0.291095 0.734883 -0.478890
v 0.320026 0.694256 -0.423801
v 0.312578 0.642453 -0.424226
v 0.243981 0.562280 -0.393180
v 0.141492 0.494581 -0.543467
v 0.145936 0.478649 -0.490362
v 0.113197 0.460705 -0.500916
v 0.056819 0.328583 -0.457073
v 0.007186 0.328141 -0.469062
v 0.045046 0.245402 -0.383121
v 0.062964 0.220752 -0.326510
v 0.063054 0.219117 -0.261248
v 0.057238 0.205648 -0.240929
v -0.006143 0.155507 -0.196722
v 0.032118 0.144356 -0.132101
v 0.158138 0.258918 -0.322871
v 0.137067 0.271956 -0.369583
v 0.185566 0.331131 -0.387072
v 0.210764 0.528516 -0.436780
v 0.299367 0.646183 -0.307344
v 0.282781 0.669216 -0.248145
v 0.299032 0.745977 -0.329178
v 0.316089 0.704117 -0.354175
v 0.270888 0.769480 -0.407370
v 0.246538 0.807301 -0.418978
v 0.257497 0.798197 -0.471204
v 0.217319 0.798885 -0.536729
v 0.196782 0.849511 -0.529784
v 0.189198 0.839394 -0.490271
v 0.211700 0.806234 -0.522556
v 0.201481 0.826801 -0.477708
v 0.225204 0.795417 -0.498738
v 0.234172 0.834434 -0.455579
v 0.236385 0.804875 -0.449370
v 0.266762 0.766596 -0.303541
v 0.260685 0.762533 -0.500210
v 0.175172 0.845352 -0.547122
v 0.173894 0.857443 -0.555009
v 0.213686 0.877438 -0.479192
v 0.221640 0.833028 -0.404777
v 0.217821 0.828969 -0.378237
v 0.207887 0.815614 -0.335888
v 0.240231 0.727172 -0.235021
v 0.297917 0.634790 -0.273652
v 0.281228 0.602743 -0.330878
v 0.354677 0.533209 -0.234914
v 0.270297 0.407333 -0.318099
v 0.304201 0.347470 -0.236211
v 0.364117 0.328721 -0.141724
v 0.347259 0.308852 -0.098215
v 0.402709 0.435107 -0.173158
v 0.407438 0.371624 -0.144913
v 0.451213 0.396165 -0.088963
v 0.378929 0.319630 -0.091173
v 0.435639 0.352477 -0.078972
v 0.358860 0.287345 -0.094774
v 0.352502 0.575930 -0.208898
v 0.330454 0.627480 -0.177060
v 0.281420 0.679668 -0.171699
v 0.168596 0.797052 -0.253893
v -0.008067 0.860103 -0.312720
v 0.031589 0.915042 -0.436688
v -0.008055 0.911695 -0.424899
v 0.373969 0.600314 -0.087548
v 0.425296 0.477436 -0.130339
v 0.322170 0.627630 -0.084643
v 0.202728 0.738089 -0.136269
v 0.517023 0.380235 0.025364
v 0.499698 0.358111 -0.033443
v 0.517242 0.324784 -0.006435
v 0.477429 0.252748 0.027878
v 0.439481 0.249417 0.047734
v 0.387486 0.172448 -0.117331
v 0.359969 0.207316 -0.137145
v 0.359109 0.288144 -0.094001
v 0.513903 0.300213 0.026946
v 0.350443 0.270369 -0.026572
v 0.111523 0.799887 -0.174695
v 0.053018 0.835463 -0.215452
v -0.007753 0.834427 -0.078759
v 0.269394 0.634841 -0.017933
v 0.299677 0.521806 0.044170
v 0.297754 0.435608 0.087248
v 0.438802 0.375091 0.126270
v 0.451191 0.323874 0.128611
v 0.490574 0.351412 0.118276
v 0.499154 0.324977 0.100153
v 0.403207 0.288531 0.095156
v 0.365375 0.271356 0.023213
v 0.310388 0.310347 0.010466
v 0.337236 0.296502 -0.054652
v 0.310037 0.310484 -0.043001
v 0.344926 0.311380 -0.099125
v 0.292610 0.288511 -0.062290
v 0.312960 0.294923 -0.116960
v 0.281798 0.276332 -0.128531
v 0.247613 0.255667 -0.132981
v 0.119322 0.758371 -0.003097
v 0.218491 0.705514 -0.061241
v 0.244822 0.645379 0.084158
v 0.285268 0.546617 0.060935
v 0.284426 0.439602 0.090200
v 0.334810 0.359409 0.115810
v 0.283065 0.342728 0.081241
v 0.291991 0.372171 0.099199
v 0.285211 0.558082 0.140548
v 0.193041 0.647228 0.224781
v 0.182383 0.708661 0.072022
v 0.246704 0.591910 0.217334
v 0.293764 0.484766 0.181287
v 0.291883 0.431864 0.143171
v 0.276626 0.375264 0.106168
v -0.008145 0.819305 -0.025405
v 0.266424 0.512261 0.230574
v 0.259356 0.337818 0.092660
v 0.287031 0.313876 0.032068
v 0.268152 0.319498 0.166379
v 0.287276 0.283633 0.188453
v 0.266252 0.269093 0.190078
v 0.367486 0.225209 0.236785
v 0.337595 0.196542 0.284754
v 0.368567 0.205760 0.334443
v 0.304735 0.196388 0.380358
v 0.304121 0.235187 0.414433
v 0.276629 0.289222 0.443445
v 0.261512 0.316793 0.465965
v 0.361760 0.266033 0.408179
v 0.383460 0.253223 0.379396
v 0.448146 0.237442 0.293706
v 0.453308 0.253347 0.247054
v 0.385105 0.263826 0.203788
v 0.285751 0.336186 0.185833
v 0.265020 0.417928 0.234731
v 0.230038 0.465348 0.267263
v 0.218728 0.569662 0.285127
v 0.162374 0.606126 0.331358
v 0.121168 0.645574 0.323369
v -0.007967 0.751830 0.243653
v 0.270227 0.396444 0.196217
v 0.115683 0.700043 0.220156
v 0.095133 0.739415 0.141873
v -0.007984 0.856351 -0.196226
v 0.034587 0.675236 0.354811
v 0.162772 0.548318 0.364986
v 0.235302 0.464161 0.288123
v 0.217229 0.486003 0.357274
v 0.298362 0.446190 0.286717
v 0.288209 0.428973 0.334874
v 0.320651 0.437676 0.327071
v 0.244020 0.498252 0.464498
v 0.260113 0.497646 0.502816
v 0.287185 0.451014 0.625491
v 0.346625 0.374389 0.566322
v 0.296850 0.389013 0.621051
v 0.261559 0.456676 0.698489
v 0.271816 0.407574 0.682642
v 0.282739 0.397870 0.729630
v 0.326696 0.361041 0.680258
v 0.280620 0.370617 0.642754
v 0.329377 0.322757 0.650441
v 0.299757 0.257831 0.628309
v 0.267345 0.475952 0.613967
v 0.301190 0.476735 0.539971
v 0.205722 0.486615 0.487793
v 0.240264 0.480061 0.414423
v 0.228465 0.453754 0.407411
v 0.251125 0.406446 0.749706
v 0.215714 0.380903 0.753512
v 0.184779 0.346491 0.709097
v 0.342938 0.160790 0.678830
v 0.262418 0.265180 0.640935
v 0.349168 0.174162 0.630356
v 0.368367 0.183677 0.611463
v 0.396326 0.132980 0.587896
v 0.369949 0.165382 0.706393
v 0.396694 0.181693 0.711732
v 0.413010 0.212029 0.697093
v 0.396560 0.257309 0.681949
v 0.457570 0.120577 0.581148
v 0.426361 0.188865 0.629880
v 0.461672 0.144381 0.584732
v 0.417917 0.175383 0.594958
v 0.369896 0.222825 0.623817
v 0.347169 0.207779 0.624426
v 0.523919 0.128731 0.524875
v 0.519876 0.116966 0.511710
v 0.558248 0.113074 0.464706
v 0.575251 0.134147 0.465846
v 0.578237 0.110705 0.474654
v 0.503105 0.143957 0.530444
v 0.498418 0.135950 0.509747
v 0.513228 0.133763 0.501636
v 0.482668 0.136964 0.493209
v 0.470182 0.137299 0.463818
v 0.432230 0.134684 0.457111
v 0.452712 0.139824 0.417034
v 0.431971 0.122233 0.443558
v 0.581544 0.122680 0.489640
v 0.562416 0.147303 0.486102
v 0.531719 0.136537 0.486278
v 0.505782 0.121903 0.503747
v 0.493108 0.119017 0.492155
v 0.125740 0.569898 0.406927
v 0.064952 0.602792 0.430138
v 0.168552 0.504683 0.380136
v 0.224423 0.475972 0.391365
v 0.191282 0.481869 0.631727
v 0.164427 0.476201 0.721401
v 0.220323 0.487920 0.703816
v 0.212460 0.468455 0.740208
v 0.182082 0.447463 0.753209
v 0.179806 0.390500 0.746456
v 0.435185 0.111465 0.563549
v 0.435417 0.117918 0.460370
v 0.394187 0.111992 0.421996
v 0.407270 0.118268 0.435824
v 0.408696 0.136435 0.452388
v 0.377134 0.114690 0.436314
v 0.412489 0.115239 0.493364
v 0.466290 0.109124 0.475050
v -0.007890 0.671423 0.382407
v 0.035405 0.557089 0.511689
v 0.172535 0.479967 0.468241
v 0.118754 0.465625 0.541086
v 0.131406 0.409863 0.563168
v 0.172744 0.400750 0.519589
v 0.194971 0.373310 0.511033
v 0.163291 0.505108 0.431786
v 0.197064 0.360051 0.544097
v 0.225399 0.338464 0.566528
v 0.253129 0.341098 0.604746
v 0.256907 0.330719 0.617533
v 0.175296 0.427461 0.503153
v 0.193895 0.448116 0.467633
v 0.161091 0.381256 0.648442
v 0.215979 0.304647 0.672726
v 0.329017 0.226773 0.627796
v 0.291192 0.268870 0.627480
v 0.213397 0.345629 0.614108
v 0.408455 0.130878 0.518122
v 0.417622 0.125471 0.446667
v 0.280929 0.287240 0.627834
v 0.265095 0.351673 0.615433
v 0.281453 0.373832 0.629888
v 0.252137 0.344349 0.607606
v 0.257508 0.336862 0.593470
v 0.226541 0.340159 0.566707
v 0.304544 0.298549 0.525628
v 0.386171 0.166235 0.595006
v 0.446474 0.163178 0.551430
v 0.145625 0.448517 0.722353
v 0.144613 0.417561 0.716556
v 0.410833 0.372732 0.458475
v 0.420784 0.407359 0.398493
v 0.340758 0.469364 0.394977
v 0.372504 0.429996 0.309330
v 0.386721 0.415123 0.251128
v 0.439388 0.392695 0.260790
v 0.475618 0.357085 0.262045
v 0.429211 0.358593 0.208071
v 0.470261 0.308915 0.229090
v 0.422587 0.310360 0.193653
v 0.462688 0.331443 0.378183
v 0.388573 0.313747 0.484358
v 0.408393 0.271431 0.411187
v 0.458567 0.288257 0.364372
v 0.484857 0.292977 0.282145
v 0.337503 0.302669 0.521873
v 0.185487 0.371639 0.508774
v 0.171446 0.373415 0.530223
v 0.197799 0.360833 0.544233
v 0.194250 0.370590 0.514368
v 0.412531 0.146996 0.543051
v 0.255165 0.204066 0.433089
v 0.240173 0.169871 0.368470
v 0.149482 0.149001 0.377506
v 0.076328 0.146365 0.374013
v 0.073139 0.149620 0.477462
v -0.008429 0.150110 0.451314
v -0.008116 0.122252 0.375848
v 0.071732 0.181493 0.532588
v 0.128381 0.285744 0.571886
v -0.008026 0.218077 0.574991
v 0.052667 0.248435 0.599855
v 0.205792 0.293727 0.500140
v 0.033658 0.120561 0.329309
v 0.206358 0.176735 0.293077
v -0.007756 0.279541 0.631198
v 0.046571 0.343124 0.636022
v 0.034692 0.462856 0.597562
v 0.104807 0.377184 0.602220
v 0.114863 0.144262 0.243122
v 0.174284 0.188550 0.273471
v 0.206347 0.215365 0.226369
v -0.008106 0.364588 0.645573
v 0.064432 0.452358 0.586723
v 0.135127 0.406920 0.561080
v -0.008148 0.464395 0.599911
v 0.416817 0.146342 0.479169
v 0.410293 0.129968 0.453708
v 0.417788 0.117004 0.428247
v 0.401798 0.152614 0.574604
v 0.416784 0.145315 0.491295
v 0.257329 0.337545 0.592900
v 0.149092 0.780543 -0.690815
v 0.242324 0.714319 -0.585679
v 0.125970 0.768563 -0.701070
v 0.002285 0.770573 -0.758145
v -0.057478 0.767622 -0.740883
v -0.049965 0.737563 -0.785003
v -0.120305 0.664219 -0.703430
v -0.061572 0.645669 -0.725701
v -0.178042 0.678566 -0.657960
v -0.164250 0.628828 -0.655229
v -0.283131 0.622747 -0.530652
v -0.298082 0.608351 -0.465647
v -0.260193 0.562266 -0.393209
v -0.314148 0.634790 -0.273652
v -0.299008 0.669224 -0.248135
v -0.297652 0.679668 -0.171699
v -0.218960 0.738089 -0.136269
v -0.338401 0.627630 -0.084643
v -0.285626 0.634841 -0.017933
v -0.354510 0.572931 -0.010029
v -0.315907 0.521796 0.044179
v -0.510182 0.411858 0.091690
v -0.506805 0.351412 0.118276
v -0.535718 0.375530 0.071829
v -0.533256 0.380224 0.025366
v -0.513482 0.433580 0.036420
v -0.467447 0.396153 -0.088955
v -0.423616 0.371660 -0.145008
v -0.380392 0.328741 -0.141705
v -0.329191 0.294923 -0.116960
v -0.285207 0.267742 -0.132358
v 0.120474 0.734561 -0.709619
v 0.033735 0.737563 -0.785002
v 0.104074 0.664219 -0.703430
v 0.032169 0.641256 -0.727669
v -0.008116 0.613633 -0.693985
v -0.083674 0.621482 -0.681136
v -0.166618 0.578136 -0.648139
v -0.159165 0.542797 -0.601486
v -0.202737 0.542607 -0.547736
v -0.154868 0.523696 -0.568890
v -0.346686 0.627480 -0.177060
v -0.441744 0.523767 -0.000767
v -0.444396 0.530285 -0.019245
v -0.008097 0.737978 -0.799339
v 0.072344 0.764119 -0.722888
v -0.395162 0.319630 -0.091174
v -0.374641 0.303719 -0.079445
v -0.488837 0.373063 -0.051402
v -0.515936 0.358107 -0.033436
v -0.533487 0.324819 -0.006357
v -0.530135 0.300212 0.026935
v -0.515383 0.324955 0.100144
v -0.467421 0.323873 0.128611
v -0.455033 0.375091 0.126270
v -0.351041 0.359409 0.115809
v -0.313985 0.435608 0.087248
v -0.299203 0.552985 0.021021
v -0.261054 0.645379 0.084158
v -0.198615 0.708661 0.072022
v -0.234723 0.705514 -0.061242
v -0.135561 0.758338 -0.002953
v -0.127755 0.799887 -0.174695
v -0.008129 0.860106 -0.312714
v -0.047821 0.915042 -0.436688
v -0.008141 0.911694 -0.424897
v -0.394186 0.494258 0.057771
v -0.363490 0.308852 -0.098215
v -0.069250 0.835463 -0.215452
v -0.008213 0.856358 -0.196237
v -0.008445 0.834443 -0.078785
v -0.008565 0.813514 0.048669
v -0.008051 0.819307 -0.025406
v -0.256501 0.727124 -0.235010
v -0.282990 0.766601 -0.303550
v -0.184800 0.797060 -0.253875
v -0.224118 0.815614 -0.335888
v -0.234052 0.828969 -0.378237
v -0.262769 0.807301 -0.418978
v -0.252617 0.804875 -0.449370
v -0.250404 0.834434 -0.455579
v -0.227931 0.806234 -0.522556
v -0.217712 0.826801 -0.477708
v -0.213013 0.849511 -0.529784
v -0.233551 0.798885 -0.536729
v -0.190126 0.857443 -0.555009
v -0.165444 0.838326 -0.599743
v -0.114263 0.858485 -0.602697
v -0.099051 0.855138 -0.693816
v -0.077576 0.879108 -0.700508
v -0.054606 0.891799 -0.611164
v -0.023971 0.904279 -0.660934
v 0.012066 0.897362 -0.607178
v 0.048310 0.889921 -0.620658
v 0.061345 0.879108 -0.700508
v 0.045578 0.869390 -0.727871
v 0.057067 0.859809 -0.707956
v 0.046388 0.845701 -0.710231
v 0.082819 0.855138 -0.693816
v 0.043867 0.849576 -0.738487
v -0.229917 0.877438 -0.479192
v -0.237871 0.833028 -0.404777
v -0.177498 0.837624 -0.348145
v -0.117829 0.886183 -0.417964
v -0.252375 0.888305 -0.432492
v -0.191404 0.845352 -0.547122
v -0.170986 0.871771 -0.563241
v -0.149307 0.883306 -0.548717
v -0.129056 0.873427 -0.560426
v -0.107606 0.864155 -0.549936
v -0.086242 0.864931 -0.559275
v -0.045592 0.872136 -0.555607
v -0.008141 0.873454 -0.556867
v -0.008064 0.912803 -0.505430
v -0.179623 0.911068 -0.421794
v -0.217917 0.905206 -0.421661
v -0.224766 0.905367 -0.515310
v -0.196386 0.924158 -0.491894
v -0.195755 0.930173 -0.461828
v -0.115477 0.892157 -0.485704
v 0.004300 0.857661 -0.751970
v -0.056618 0.854766 -0.737894
v -0.055278 0.819616 -0.780609
v -0.090161 0.832511 -0.725794
v -0.165323 0.780543 -0.690815
v -0.147924 0.765588 -0.694515
v -0.145727 0.751837 -0.673571
v -0.212769 0.688192 -0.629219
v -0.172525 0.808029 -0.655874
v -0.247923 0.741154 -0.596664
v -0.206953 0.788274 -0.579769
v -0.241435 0.795417 -0.498738
v -0.258556 0.714319 -0.585679
v -0.291747 0.708082 -0.531003
v -0.297457 0.602754 -0.330879
v -0.315598 0.646183 -0.307344
v -0.332321 0.704117 -0.354175
v -0.315276 0.745963 -0.329193
v -0.272198 0.677986 -0.555123
v -0.207197 0.714279 -0.605171
v 0.039054 0.819614 -0.780604
v -0.055869 0.792614 -0.767653
v -0.136705 0.734561 -0.709619
v -0.059510 0.869927 -0.727564
v -0.062620 0.845701 -0.710231
v -0.073298 0.859809 -0.707956
v -0.205429 0.839394 -0.490271
v -0.308223 0.372171 0.099199
v -0.299297 0.342728 0.081241
v -0.303263 0.313876 0.032068
v -0.265772 0.265267 0.087647
v -0.234726 0.215204 0.093331
v -0.131094 0.144262 0.243122
v -0.190515 0.188550 0.273471
v -0.092560 0.146365 0.374013
v -0.222587 0.176737 0.293074
v -0.165706 0.149000 0.377513
v -0.089376 0.149620 0.477458
v -0.007767 0.150107 0.451304
v -0.008170 0.218085 0.575001
v -0.087963 0.181493 0.532588
v -0.222578 0.215365 0.226369
v -0.269113 0.273174 0.165718
v -0.275587 0.337818 0.092660
v -0.308114 0.431864 0.143170
v -0.292857 0.375264 0.106168
v -0.256404 0.169871 0.368470
v -0.353826 0.196542 0.284754
v -0.384798 0.205760 0.334443
v -0.464378 0.237442 0.293706
v -0.474799 0.288257 0.364372
v -0.424617 0.271429 0.411194
v -0.478919 0.331443 0.378183
v -0.427064 0.372732 0.458475
v -0.437015 0.407359 0.398493
v -0.356990 0.469364 0.394977
v -0.260251 0.498252 0.464498
v -0.221953 0.486615 0.487793
v -0.256491 0.480064 0.414433
v -0.191527 0.427461 0.503153
v -0.188976 0.400750 0.519589
v -0.211202 0.373310 0.511033
v -0.186503 0.373486 0.529595
v -0.147638 0.409863 0.563168
v -0.210127 0.448116 0.467633
v -0.501088 0.292977 0.282146
v -0.388735 0.429996 0.309330
v -0.455619 0.392695 0.260790
v -0.469540 0.253347 0.247054
v -0.383717 0.225209 0.236785
v -0.486492 0.308915 0.229090
v -0.491849 0.357085 0.262045
v -0.336875 0.437679 0.327076
v -0.134986 0.465625 0.541086
v -0.402952 0.415123 0.251128
v -0.445443 0.358593 0.208071
v -0.438819 0.310360 0.193653
v -0.401336 0.263826 0.203788
v -0.300657 0.439572 0.090210
v -0.303507 0.283633 0.188453
v -0.301982 0.336186 0.185833
v -0.284381 0.319480 0.166376
v -0.282487 0.269093 0.190078
v -0.281251 0.417928 0.234731
v -0.314596 0.446189 0.286719
v -0.304388 0.428977 0.334919
v -0.244696 0.453758 0.407414
v -0.082507 0.452963 0.588034
v -0.008091 0.522677 0.566393
v -0.008587 0.465918 0.600335
v -0.317421 0.476735 0.539971
v -0.303417 0.451014 0.625491
v -0.362857 0.374389 0.566322
v -0.313081 0.389013 0.621051
v -0.297685 0.373832 0.629888
v -0.268368 0.344349 0.607606
v -0.281326 0.351673 0.615433
v -0.404805 0.313747 0.484358
v -0.316363 0.303246 0.536432
v -0.273739 0.336859 0.593472
v -0.353750 0.302666 0.521859
v -0.242767 0.340157 0.566704
v -0.214030 0.360833 0.544233
v -0.376442 0.274092 0.432264
v -0.276053 0.317713 0.466047
v -0.210481 0.370590 0.514368
v -0.200988 0.371432 0.508633
v -0.269973 0.313642 0.461320
v -0.222024 0.293727 0.500140
v -0.187678 0.373415 0.530223
v -0.121039 0.377184 0.602220
v -0.151358 0.406920 0.561080
v -0.080663 0.452358 0.586723
v -0.283576 0.475952 0.613967
v -0.276344 0.497646 0.502816
v -0.207513 0.481869 0.631727
v -0.161857 0.448517 0.722353
v -0.160844 0.417561 0.716556
v -0.196037 0.390500 0.746456
v -0.231946 0.380903 0.753512
v -0.267357 0.406446 0.749707
v -0.412792 0.257309 0.681949
v -0.442593 0.188865 0.629880
v -0.386128 0.222824 0.623817
v -0.402402 0.166235 0.595006
v -0.434149 0.175383 0.594958
v -0.429241 0.212029 0.697093
v -0.201011 0.346491 0.709097
v -0.177322 0.381256 0.648442
v -0.473802 0.120577 0.581148
v -0.477904 0.144381 0.584732
v -0.412925 0.181693 0.711732
v -0.386180 0.165382 0.706393
v -0.359169 0.160790 0.678830
v -0.232211 0.304647 0.672726
v -0.229628 0.345629 0.614108
v -0.213295 0.360051 0.544097
v -0.536108 0.116966 0.511710
v -0.269360 0.341098 0.604746
v -0.273139 0.330719 0.617533
v -0.273561 0.337545 0.592900
v -0.278607 0.265239 0.640929
v -0.451416 0.111465 0.563549
v -0.412557 0.132980 0.587896
v -0.365411 0.174156 0.630348
v -0.307423 0.268870 0.627480
v -0.482521 0.109124 0.475050
v -0.345245 0.226776 0.627796
v -0.428720 0.115239 0.493364
v -0.403148 0.108018 0.431577
v -0.392538 0.117743 0.434776
v -0.410979 0.117916 0.419375
v -0.423502 0.118303 0.435797
v -0.425223 0.135947 0.452254
v -0.424686 0.130878 0.518122
v -0.451648 0.117918 0.460370
v -0.286457 0.396462 0.196221
v -0.246213 0.465370 0.267351
v -0.251530 0.464167 0.288135
v -0.240654 0.475972 0.391365
v -0.309984 0.484749 0.181332
v -0.301505 0.546603 0.060979
v -0.301442 0.558082 0.140548
v -0.262930 0.591911 0.217348
v -0.209281 0.647196 0.224841
v -0.131914 0.700043 0.220156
v -0.137400 0.645571 0.323376
v -0.008230 0.751838 0.243652
v -0.050829 0.675243 0.354792
v -0.008305 0.671415 0.382420
v -0.178579 0.606130 0.331378
v -0.234982 0.569636 0.285103
v -0.282666 0.512236 0.230560
v -0.198314 0.447463 0.753209
v -0.298970 0.397870 0.729630
v -0.342928 0.361041 0.680258
v -0.345609 0.322757 0.650441
v -0.363400 0.207780 0.624426
v -0.228692 0.468455 0.740208
v -0.288047 0.407574 0.682642
v -0.296851 0.370617 0.642754
v -0.315988 0.257831 0.628309
v -0.297161 0.287240 0.627834
v -0.277791 0.456676 0.698489
v -0.236555 0.487920 0.703816
v -0.180659 0.476201 0.721401
v -0.111373 0.739408 0.141877
v -0.051628 0.557094 0.511690
v -0.188766 0.479967 0.468241
v -0.179522 0.505108 0.431786
v -0.184784 0.504683 0.380136
v -0.233460 0.486003 0.357274
v -0.141971 0.569895 0.406929
v -0.179004 0.548318 0.364986
v -0.081191 0.602812 0.430105
v -0.007879 0.602731 0.477455
v -0.008079 0.122253 0.375848
v -0.049892 0.120562 0.329309
v -0.419436 0.288533 0.095159
v -0.381606 0.271357 0.023213
v -0.455712 0.249417 0.047733
v -0.493640 0.252720 0.027845
v -0.488051 0.212596 -0.155656
v -0.458668 0.246874 -0.174453
v -0.426374 0.251650 -0.175933
v -0.436422 0.260274 -0.191422
v -0.397574 0.250757 -0.187959
v -0.369465 0.229612 -0.167999
v -0.451871 0.352477 -0.078972
v -0.385536 0.232217 -0.154579
v -0.477209 0.182219 -0.125401
v -0.497864 0.184057 -0.148802
v -0.464587 0.147276 -0.125722
v -0.408084 0.146208 -0.115261
v -0.407482 0.133733 -0.145476
v -0.372675 0.141031 -0.171025
v -0.381511 0.143345 -0.196009
v -0.368287 0.165175 -0.210916
v -0.327369 0.152122 -0.277960
v -0.383189 0.179403 -0.267376
v -0.323474 0.143628 -0.307400
v -0.340595 0.152722 -0.324897
v -0.328645 0.131443 -0.305761
v -0.335410 0.129676 -0.327534
v -0.332733 0.124511 -0.354093
v -0.345531 0.145887 -0.253056
v -0.412766 0.117592 -0.165816
v -0.398458 0.131817 -0.195984
v -0.464586 0.122137 -0.173606
v -0.475933 0.242974 -0.188670
v -0.434254 0.120823 -0.188398
v -0.490682 0.151226 -0.197786
v -0.494596 0.205912 -0.183269
v -0.478253 0.205166 -0.208305
v -0.490750 0.170184 -0.214435
v -0.464109 0.134973 -0.205668
v -0.326383 0.125988 -0.301814
v -0.326719 0.129958 -0.276106
v -0.281868 0.148002 -0.326583
v -0.298855 0.124642 -0.327645
v -0.303254 0.119747 -0.308783
v -0.267782 0.123681 -0.303660
v -0.356707 0.125746 -0.295737
v -0.267993 0.144989 -0.310903
v -0.267230 0.127082 -0.331467
v -0.376200 0.207316 -0.137145
v -0.372238 0.232991 -0.160649
v -0.357350 0.204218 -0.155584
v -0.371058 0.217879 -0.182910
v -0.364594 0.185741 -0.135125
v -0.362607 0.180885 -0.171186
v -0.354265 0.172795 -0.189118
v -0.377545 0.183061 -0.219491
v -0.379768 0.152391 -0.405251
v -0.411496 0.143987 -0.403315
v -0.365061 0.196703 -0.213293
v -0.441516 0.164410 -0.115122
v -0.403718 0.172448 -0.117331
v -0.366675 0.270369 -0.026572
v -0.326620 0.310347 0.010466
v -0.353468 0.296502 -0.054652
v -0.371841 0.304870 -0.082462
v -0.326269 0.310484 -0.043001
v -0.361157 0.311380 -0.099125
v -0.375341 0.288144 -0.094002
v -0.383087 0.232637 -0.156202
v 0.305483 0.445623 -0.298024
v 0.248076 0.355744 -0.287760
v -0.441235 0.477476 -0.130851
v -0.370904 0.533203 -0.234926
v -0.321590 0.445621 -0.298173
v -0.286427 0.407345 -0.318219
v -0.264325 0.355770 -0.287773
v -0.244084 0.278782 -0.211209
v -0.212235 0.295567 -0.325919
v -0.164994 0.255003 -0.319256
v -0.153298 0.271956 -0.369583
v -0.096622 0.332477 -0.451079
v -0.072421 0.412488 -0.489319
v 0.053997 0.414204 -0.491302
v -0.009048 0.440793 -0.514651
v 0.073081 0.449407 -0.508653
v 0.080921 0.475726 -0.586666
v 0.186481 0.542591 -0.547765
v 0.138633 0.523698 -0.568893
v 0.144835 0.542382 -0.597694
v 0.077758 0.535550 -0.611278
v 0.039529 0.540008 -0.678744
v -0.019970 0.565681 -0.699722
v -0.078842 0.553424 -0.684053
v 0.150387 0.578136 -0.648139
v 0.088133 0.579512 -0.683153
v 0.067443 0.621482 -0.681136
v -0.073909 0.252796 -0.388524
v -0.100034 0.224490 -0.318190
v -0.187521 0.273391 -0.253405
v -0.320433 0.347470 -0.236211
v -0.418940 0.435107 -0.173158
v -0.393391 0.598408 -0.085449
v -0.368733 0.575930 -0.208899
v -0.023106 0.224069 -0.349709
v -0.078158 0.219448 -0.255075
v -0.120112 0.182367 -0.194863
v -0.190230 0.206101 -0.133456
v -0.067112 0.149699 -0.132460
v 0.266899 0.622747 -0.530652
v 0.161234 0.639038 -0.646452
v 0.161811 0.678566 -0.657960
v 0.196537 0.688192 -0.629219
v 0.129496 0.751837 -0.673571
v 0.190966 0.714279 -0.605171
v 0.275515 0.708082 -0.531003
v 0.255966 0.677986 -0.555123
v 0.281850 0.608351 -0.465647
v 0.510441 0.136687 0.497260
v -0.384914 0.255095 0.390426
v -0.320352 0.235187 0.414433
v -0.320967 0.196388 0.380358
v -0.144612 0.285744 0.571886
v -0.050923 0.462856 0.597563
v -0.271397 0.204066 0.433089
v -0.068896 0.248435 0.599857
v -0.062792 0.343122 0.636026
v -0.008439 0.279540 0.631199
v 0.014983 0.460874 -0.593432
v -0.093495 0.470339 -0.584019
v -0.084783 0.488964 -0.604848
v -0.081483 0.534711 -0.616881
v -0.018309 0.532373 -0.665315
v 0.012495 0.534214 -0.625653
v 0.030473 0.489541 -0.614354
v -0.008048 0.464395 0.599912
v -0.008089 0.364591 0.645573
v -0.121071 0.458891 -0.505525
v -0.201797 0.331131 -0.387072
v 0.106230 0.181743 -0.190232
v 0.173999 0.206101 -0.133456
v 0.166889 0.270089 -0.253073
v 0.199392 0.298563 -0.321564
v 0.227852 0.278782 -0.211209
v 0.268976 0.267742 -0.132358
v -0.001656 0.814892 -0.797189
v 0.156293 0.808029 -0.655874
v 0.070011 0.864931 -0.559275
v 0.091405 0.866935 -0.550982
v -0.008127 0.869176 -0.555892
v 0.028774 0.871895 -0.555389
v -0.008081 0.872118 -0.556330
v -0.086242 0.864931 -0.559275
v -0.129536 0.870818 -0.559512
v -0.170656 0.869199 -0.560542
v -0.107637 0.866935 -0.550982
v -0.439745 0.230274 -0.216013
v -0.478924 0.192386 -0.228239
v -0.469788 0.164527 -0.223588
v -0.458068 0.150061 -0.244756
v -0.423238 0.125097 -0.285826
v -0.380379 0.121286 -0.282263
v -0.458707 0.172160 -0.233807
v -0.447689 0.185948 -0.235606
v -0.421135 0.195566 -0.242725
v -0.400104 0.196373 -0.236373
v -0.392031 0.205881 -0.238908
v -0.375587 0.183817 -0.219886
v -0.439811 0.212611 -0.242670
v -0.394216 0.227311 -0.211753
v -0.372340 0.210272 -0.191122
v -0.365939 0.191953 -0.217914
v -0.241631 0.338464 0.566528
v 0.236144 0.888305 -0.432492
v 0.201686 0.905206 -0.421661
v 0.179531 0.930175 -0.461836
v 0.180146 0.924159 -0.491889
v 0.133075 0.883306 -0.548717
v 0.163382 0.911070 -0.421799
v 0.161266 0.837624 -0.348145
v 0.101619 0.886173 -0.417942
v 0.112825 0.873427 -0.560426
v 0.099245 0.892159 -0.485698
v 0.091375 0.864155 -0.549936
v 0.070011 0.864931 -0.559275
v -0.008132 0.912800 -0.505429
v 0.029360 0.872136 -0.555607
v -0.008054 0.873454 -0.556867
v 0.252899 0.273203 0.165686
v 0.249540 0.265267 0.087647
v 0.218495 0.215204 0.093331
v 0.355609 0.304870 -0.082462
v 0.519486 0.375530 0.071829
v 0.493951 0.411858 0.091690
v 0.377960 0.494252 0.057775
v 0.338278 0.572931 -0.010029
v 0.425513 0.523767 -0.000767
v 0.490866 0.445743 0.038705
v 0.282971 0.553005 0.021002
v 0.170271 0.373486 0.529595
v 0.066276 0.452963 0.588034
v -0.008107 0.522661 0.566397
v -0.007608 0.465917 0.600334
v -0.008316 0.602729 0.477457
v 0.208540 0.905374 -0.515299
v -0.276916 0.762533 -0.500210
v -0.273729 0.798197 -0.471204
v -0.307326 0.734883 -0.478890
v -0.287119 0.769480 -0.407370
v -0.336258 0.694256 -0.423801
v -0.328809 0.642453 -0.424226
v -0.160792 0.479791 -0.492320
v -0.226994 0.528513 -0.436782
v -0.474087 0.116496 0.299370
v -0.457943 0.114841 0.308418
v -0.455852 0.128448 0.300365
v -0.449524 0.135927 0.330148
v -0.477115 0.142081 0.306862
v -0.487509 0.113049 0.311937
v -0.503670 0.122887 0.430922
v -0.523653 0.125698 0.400081
v -0.539504 0.111642 0.348531
v -0.549272 0.101888 0.364581
v -0.567905 0.111284 0.338997
v -0.580578 0.126789 0.360134
v -0.556690 0.139609 0.356243
v -0.524247 0.124540 0.403332
v -0.549850 0.126502 0.339712
v -0.565192 0.125350 0.337771
v -0.545746 0.126243 0.345533
v -0.528236 0.109569 0.422940
v -0.498634 0.109840 0.485948
v -0.482256 0.109750 0.474386
v -0.461829 0.112755 0.466465
v -0.575347 0.108663 0.363720
v -0.476258 0.111028 0.453113
v -0.447904 0.120340 0.443766
v -0.436366 0.118905 0.448610
v -0.440491 0.139425 -0.287839
v 0.487438 0.122887 0.430922
v 0.507422 0.125698 0.400081
v 0.512004 0.109569 0.422940
v 0.559115 0.108663 0.363720
v 0.533041 0.101888 0.364581
v 0.540458 0.139609 0.356243
v 0.548961 0.125350 0.337771
v 0.523273 0.111642 0.348531
v 0.551673 0.111284 0.338997
v 0.533619 0.126502 0.339712
v -0.509339 0.119017 0.492155
v -0.526673 0.136687 0.497260
v -0.007633 0.813503 0.048676
v -0.375091 0.287345 -0.094774
v -0.433048 0.146342 0.479169
v -0.426525 0.129968 0.453708
v -0.428762 0.146996 0.543051
v 0.359356 0.183817 -0.219886
v 0.383872 0.196373 -0.236373
v 0.375783 0.205882 -0.238900
v 0.404903 0.195566 -0.242725
v 0.431457 0.185948 -0.235606
v 0.442475 0.172160 -0.233807
v 0.462692 0.192386 -0.228239
v 0.474518 0.170184 -0.214435
v 0.474450 0.151226 -0.197786
v 0.448354 0.122137 -0.173606
v 0.426320 0.142427 -0.117415
v 0.391251 0.133733 -0.145476
v 0.382597 0.152333 -0.117908
v 0.348362 0.185741 -0.135125
v 0.478365 0.205912 -0.183269
v 0.479843 0.175657 -0.141801
v 0.425284 0.164410 -0.115122
v 0.462021 0.205166 -0.208305
v 0.461219 0.182394 -0.125575
v 0.459702 0.242974 -0.188670
v 0.471819 0.212598 -0.155659
v 0.442436 0.246874 -0.174453
v 0.420187 0.260274 -0.191423
v 0.423513 0.230275 -0.216013
v 0.381337 0.250754 -0.187957
v 0.377962 0.227291 -0.211768
v 0.349765 0.191837 -0.218003
v 0.356109 0.210272 -0.191122
v 0.353233 0.229612 -0.167999
v 0.410142 0.251650 -0.175933
v 0.472605 0.373063 -0.051402
v 0.369304 0.232217 -0.154579
v 0.423580 0.212611 -0.242670
v 0.453519 0.164452 -0.223724
v 0.453493 0.164426 -0.223707
v 0.341118 0.204218 -0.155584
v 0.356006 0.232991 -0.160649
v 0.346376 0.180885 -0.171186
v 0.338031 0.172803 -0.189126
v 0.352056 0.165175 -0.210916
v 0.361313 0.183061 -0.219491
v 0.366958 0.179403 -0.267376
v 0.363537 0.152391 -0.405251
v 0.402196 0.157802 -0.344876
v 0.413995 0.141992 -0.338041
v 0.411477 0.120896 -0.456972
v 0.398563 0.126841 -0.382978
v 0.391273 0.123454 -0.471003
v 0.384726 0.137365 -0.474956
v 0.394196 0.149078 -0.471863
v 0.406656 0.129079 -0.488173
v 0.409721 0.149917 -0.475308
v 0.387777 0.136375 -0.398730
v 0.441910 0.171973 -0.233832
v 0.435466 0.183235 -0.236773
v 0.397325 0.195510 -0.242520
v 0.423354 0.139632 -0.287694
v 0.440255 0.150234 -0.244381
v 0.403436 0.123843 -0.285497
v 0.372167 0.136178 -0.407794
v 0.343024 0.125686 -0.399948
v 0.364028 0.120419 -0.282299
v 0.360470 0.119831 -0.330405
v 0.316534 0.125347 -0.355396
v 0.319670 0.128502 -0.332147
v 0.312996 0.131383 -0.307410
v 0.325876 0.126953 -0.382248
v 0.257922 0.124740 -0.429071
v 0.396533 0.117594 -0.165808
v 0.356444 0.141031 -0.171025
v 0.329299 0.145887 -0.253056
v 0.382227 0.131817 -0.195984
v 0.310495 0.129955 -0.276105
v 0.287022 0.119747 -0.308783
v 0.251620 0.126825 -0.331594
v 0.282624 0.124643 -0.327645
v 0.265636 0.148002 -0.326583
v 0.251841 0.145039 -0.310906
v 0.311137 0.152122 -0.277960
v 0.307242 0.143628 -0.307400
v 0.324363 0.152722 -0.324897
v 0.330096 0.158147 -0.363847
v 0.342421 0.146092 -0.387951
v 0.296545 0.148553 -0.392907
v 0.319178 0.129676 -0.327534
v 0.316502 0.124511 -0.354093
v 0.312414 0.131443 -0.305761
v 0.310154 0.125987 -0.301813
v 0.418022 0.120823 -0.188398
v 0.365280 0.143345 -0.196009
v 0.251511 0.123491 -0.303821
v 0.341589 0.135159 -0.404288
v 0.347886 0.131419 -0.400953
v 0.306546 0.122367 -0.537439
v 0.326560 0.111870 -0.526939
v 0.318774 0.125698 -0.563747
v 0.341563 0.124185 -0.549994
v 0.339196 0.139490 -0.537366
v 0.369751 0.134494 -0.407787
v 0.360661 0.128141 -0.404913
v 0.311068 0.133369 -0.402638
v 0.265340 0.136600 -0.412331
v 0.285841 0.128786 -0.393103
v 0.242188 0.129016 -0.455785
v 0.262556 0.149582 -0.450815
v 0.254196 0.130283 -0.468441
v 0.268553 0.124722 -0.458060
v 0.261404 0.124218 -0.447630
v 0.286174 0.124956 -0.436847
v 0.340476 0.125746 -0.295737
v 0.366856 0.232637 -0.156202
v 0.441836 0.150061 -0.244756
v 0.447877 0.134973 -0.205668
v 0.407007 0.125097 -0.285826
v 0.340381 0.125865 -0.295784
v 0.286114 0.122011 -0.307918
v 0.293658 0.122164 -0.315229
v 0.372229 0.140972 -0.410869
v 0.385909 0.136268 -0.398916
v 0.453414 0.164351 -0.223865
v 0.424308 0.135477 -0.460166
v 0.395265 0.143987 -0.403315
v -0.302346 0.122011 -0.307918
v -0.309889 0.122164 -0.315229
v -0.329227 0.131383 -0.307410
v -0.376702 0.119831 -0.330405
v -0.356612 0.125865 -0.295784
v -0.380260 0.120419 -0.282299
v -0.335901 0.128502 -0.332147
v -0.332765 0.125347 -0.355396
v -0.342107 0.126953 -0.382248
v -0.359255 0.125686 -0.399948
v -0.404008 0.136375 -0.398730
v -0.414778 0.126839 -0.382968
v -0.427708 0.120896 -0.456972
v -0.440539 0.135477 -0.460166
v -0.425952 0.149917 -0.475308
v -0.410427 0.149078 -0.471863
v -0.422888 0.129079 -0.488173
v -0.400957 0.137365 -0.474956
v -0.407504 0.123454 -0.471003
v -0.410374 0.148549 -0.406007
v -0.430226 0.141990 -0.338045
v -0.419667 0.123843 -0.285497
v -0.324983 0.132357 -0.405432
v -0.285391 0.123084 -0.437185
v -0.284256 0.124751 -0.457171
v -0.277636 0.124218 -0.447630
v -0.274153 0.124740 -0.429071
v 0.564347 0.126789 0.360134
v 0.520383 0.137731 0.414371
v 0.483464 0.122763 0.429498
v 0.268025 0.124751 -0.457171
v 0.269160 0.123084 -0.437185
v 0.261404 0.124218 -0.447630
v 0.308752 0.132357 -0.405432
v 0.340361 0.135214 -0.404131
v 0.505652 0.121506 0.503262
v 0.493180 0.120425 0.492403
v 0.482402 0.109840 0.485948
v 0.466025 0.109750 0.474386
v 0.460027 0.111028 0.453113
v 0.445597 0.112755 0.466465
v 0.431672 0.120340 0.443766
v 0.420135 0.118905 0.448610
v 0.358409 0.303719 -0.079445
v -0.453443 0.122806 0.378299
v -0.448202 0.122233 0.443558
v -0.447864 0.121948 0.444189
v -0.476245 0.110349 0.453056
v 0.364147 0.121286 -0.282263
v 0.424260 0.139425 -0.287839
v -0.413557 0.195510 -0.242520
v -0.418428 0.157802 -0.344876
v -0.458141 0.171973 -0.233832
v -0.451697 0.183235 -0.236773
v -0.439585 0.139632 -0.287694
v -0.456487 0.150234 -0.244381
v -0.469645 0.164351 -0.223865
v 0.441712 0.114841 0.308418
v 0.439632 0.128455 0.300360
v 0.433292 0.135927 0.330148
v 0.460890 0.142081 0.306865
v 0.463299 0.128718 0.402013
v 0.471431 0.124923 0.423510
v 0.450243 0.115487 0.406032
v 0.431632 0.121948 0.444189
v 0.460003 0.110206 0.453061
v 0.437212 0.122806 0.378299
v 0.469105 0.110966 0.439701
v 0.508015 0.124540 0.403332
v 0.529515 0.126243 0.345533
v 0.312960 0.294923 -0.116960
v -0.485336 0.110966 0.439701
v -0.433853 0.125471 0.446667
v -0.433015 0.145315 0.491295
v -0.418030 0.152614 0.574604
v -0.384598 0.183677 0.611463
v 0.475991 0.126717 0.323740
v 0.437157 0.124022 0.427686
v 0.464331 0.107238 0.310320
v 0.432944 0.113841 0.323576
v 0.457855 0.116496 0.299370
v 0.441541 0.114498 0.307016
v -0.434019 0.117004 0.428247
v -0.346328 0.158147 -0.363847
v -0.358653 0.146092 -0.387951
v -0.312777 0.148553 -0.392907
v -0.281572 0.136600 -0.412331
v -0.327299 0.133369 -0.402638
v -0.302405 0.124956 -0.436847
v -0.269793 0.130326 -0.467821
v -0.284785 0.124722 -0.458060
v -0.277636 0.124218 -0.447630
v -0.258486 0.129244 -0.455842
v -0.275599 0.126414 -0.430223
v -0.302073 0.128786 -0.393103
v -0.278889 0.149356 -0.451048
v -0.285392 0.123542 -0.437205
v -0.357820 0.135159 -0.404288
v -0.359280 0.137239 -0.532795
v -0.386480 0.141469 -0.410270
v 0.370249 0.141469 -0.410270
v 0.321412 0.147684 -0.543437
v 0.313175 0.138084 -0.528214
v 0.324045 0.134406 -0.562752
v 0.343049 0.137239 -0.532795
v 0.394142 0.148549 -0.406007
v 0.154755 0.871771 -0.563241
v 0.348853 0.196700 -0.213296
v 0.354826 0.217879 -0.182910
v -0.329406 0.138084 -0.528214
v -0.322777 0.122370 -0.537437
v -0.364118 0.131419 -0.400953
v -0.342791 0.111870 -0.526939
v -0.329901 0.129846 -0.560792
v -0.355828 0.121851 -0.550892
v -0.376892 0.128141 -0.404913
v -0.352064 0.141179 -0.548802
v -0.363058 0.138377 -0.519806
v -0.385982 0.134494 -0.407787
v -0.387641 0.141662 -0.408341
v -0.402141 0.136268 -0.398916
v -0.403764 0.141053 -0.400006
v -0.337643 0.147684 -0.543437
v -0.340281 0.134373 -0.562736
v -0.045005 0.871895 -0.555389
v -0.469644 0.164357 -0.223853
v -0.356592 0.135214 -0.404131
v -0.308841 0.288511 -0.062290
v -0.298029 0.276332 -0.128531
v -0.227068 0.196872 -0.025788
v -0.074611 0.122538 0.033408
v -0.165887 0.155971 0.014549
v -0.104872 0.162816 -0.132900
v -0.008223 0.142431 -0.131685
v -0.008097 0.111685 0.068554
v -0.263844 0.255667 -0.132981
v -0.329191 0.294923 -0.116960
v -0.388398 0.136178 -0.407794
v 0.259367 0.126414 -0.430223
v 0.269161 0.123542 -0.437205
v 0.149656 0.155971 0.014549
v 0.058391 0.122541 0.033409
v 0.088641 0.162816 -0.132900
v -0.007973 0.142433 -0.131685
v -0.008099 0.111685 0.068550
v 0.210836 0.196872 -0.025788
v -0.149343 0.883194 -0.548660
v 0.387533 0.141053 -0.400006
v 0.229909 0.697812 0.198211
v 0.246293 0.664463 0.161848
v 0.257316 0.671662 0.158183
v 0.265046 0.663700 0.163530
v 0.232138 0.691294 0.110980
v 0.238984 0.709002 0.214616
v 0.257420 0.691801 0.239519
v 0.225909 0.734937 0.241803
v 0.226610 0.738290 0.255308
v 0.188443 0.774357 0.218759
v 0.160196 0.772927 0.187217
v 0.152878 0.769483 0.137338
v 0.172378 0.741203 0.105826
v 0.215400 0.687521 0.119144
v 0.183583 0.756751 0.232399
v 0.172443 0.761178 0.180152
v 0.214223 0.726131 0.259562
v 0.270678 0.682221 0.255273
v 0.299437 0.634548 0.198457
v 0.288829 0.636422 0.174172
v 0.278265 0.634890 0.132758
v 0.246527 0.686753 0.260233
v 0.279523 0.635998 0.223849
v 0.295700 0.620317 0.141416
v 0.242120 0.665159 0.062770
v 0.249977 0.683269 0.244297
v 0.283900 0.610890 0.153586
v 0.238089 0.672219 0.082962
v 0.279185 0.630621 0.179141
v 0.268541 0.637841 0.084098
v 0.259199 0.632715 0.108151
v 0.270471 0.617865 0.108530
v 0.229359 0.653262 0.063716
v 0.228042 0.659767 0.077787
v 0.239880 0.663502 0.154887
v 0.218941 0.690188 0.120444
v 0.227365 0.697399 0.203459
v 0.260364 0.649578 0.163049
v 0.238568 0.708299 0.196677
v 0.218907 0.706832 0.189648
v 0.195784 0.746094 0.162501
v 0.190006 0.764551 0.202104
v 0.170927 0.783833 0.171619
v 0.165542 0.739605 0.084974
v 0.202238 0.686071 0.056546
v 0.206438 0.692199 0.075195
v 0.224197 0.678225 0.107292
v 0.208270 0.734960 0.156035
v 0.218367 0.705463 0.111938
v 0.187348 0.740280 0.093514
v 0.215430 0.699623 0.073023
v 0.210534 0.703869 0.055289
v 0.240335 0.662957 0.061838
v 0.170860 0.763888 0.096184
v 0.175555 0.764476 0.139132
v 0.228203 0.657075 0.073464
v 0.217421 0.690509 0.121128
v 0.199018 0.725692 0.159938
v 0.230757 0.688852 0.110184
v 0.238490 0.672605 0.083061
v 0.225728 0.698235 0.118666
v 0.248916 0.665315 0.162230
v 0.233139 0.682864 0.188939
v 0.236745 0.675359 0.180301
v 0.237369 0.668203 0.149752
v 0.218722 0.689843 0.120460
v 0.226403 0.697410 0.118408
v 0.220537 0.681964 0.112992
v 0.227885 0.671742 0.096843
v 0.196823 0.742720 0.228997
v 0.208519 0.718085 0.191297
v 0.193454 0.725202 0.156897
v 0.214043 0.708280 0.183986
v 0.199173 0.724997 0.157544
v 0.230139 0.699345 0.197022
v 0.217507 0.691583 0.119200
v -0.316734 0.628177 0.183494
v -0.290108 0.667128 0.226566
v -0.259538 0.703310 0.215202
v -0.256799 0.709489 0.197058
v -0.266057 0.665955 0.159348
v -0.306717 0.649102 0.225434
v -0.284751 0.688366 0.251129
v -0.221513 0.752028 0.224750
v -0.226505 0.733618 0.176679
v -0.213921 0.740369 0.149774
v -0.213254 0.723283 0.079506
v -0.201189 0.740078 0.072439
v -0.234739 0.691809 0.054785
v -0.278063 0.643429 0.074887
v -0.253619 0.644596 0.068372
v -0.298248 0.609031 0.139064
v -0.299738 0.623213 0.184605
v -0.272079 0.635020 0.101659
v -0.277537 0.651141 0.171508
v -0.191190 0.765318 0.132447
v -0.199469 0.766950 0.185879
v -0.253303 0.725810 0.259345
v -0.271568 0.676866 0.257810
v -0.303682 0.640691 0.178838
v -0.273910 0.670985 0.156909
v -0.282174 0.665510 0.161915
v -0.288587 0.653309 0.171439
v -0.223561 0.733201 0.157022
v -0.217902 0.726563 0.159462
v -0.247260 0.702379 0.196161
v -0.270630 0.654704 0.085801
v -0.238462 0.696433 0.103726
v -0.241552 0.704210 0.119067
v -0.259428 0.677804 0.121217
v -0.280407 0.661896 0.161182
v -0.291161 0.653489 0.171882
v -0.293114 0.635597 0.125294
v -0.308982 0.622067 0.130825
v -0.315011 0.627429 0.183633
v -0.304367 0.640029 0.179164
v -0.184277 0.736146 0.080885
v -0.185673 0.768805 0.108765
v -0.169416 0.770023 0.139371
v -0.179903 0.762126 0.153147
v -0.178691 0.772317 0.193340
v -0.203673 0.750757 0.213670
v -0.209309 0.724347 0.159967
v -0.240563 0.706257 0.210986
v -0.242255 0.697437 0.200593
v -0.296101 0.634220 0.219051
v -0.294460 0.633331 0.180291
v -0.299102 0.619336 0.185874
v -0.248775 0.704770 0.246096
v -0.185005 0.784337 0.165276
v -0.200653 0.756238 0.233891
v -0.212198 0.768745 0.229977
v -0.230739 0.724600 0.258200
v -0.212321 0.693616 0.058824
v -0.223452 0.690965 0.075969
v -0.194784 0.728121 0.092019
v -0.202506 0.739000 0.158838
v -0.230276 0.689023 0.105532
v -0.265564 0.656762 0.145360
v -0.232062 0.687640 0.119726
v -0.264157 0.656528 0.165087
v -0.262558 0.663073 0.158495
v -0.235983 0.693773 0.121999
v -0.217959 0.726874 0.160572
v -0.256488 0.681442 0.139310
v -0.269573 0.670928 0.157001
v -0.237307 0.691796 0.120066
v -0.271351 0.655384 0.168231
v -0.261143 0.661147 0.159429
v -0.265051 0.666736 0.158876
v -0.247674 0.702030 0.196644
v -0.251705 0.693098 0.121640
v -0.281180 0.667451 0.162205
v -0.270739 0.669771 0.155843
v -0.232971 0.651822 0.191065
v -0.229368 0.658771 0.187415
v -0.223207 0.666002 0.192430
v -0.188841 0.705036 0.167333
v -0.179266 0.730459 0.225919
v -0.181384 0.737344 0.275795
v -0.195753 0.747405 0.277841
v -0.248523 0.695298 0.326573
v -0.247156 0.694057 0.311641
v -0.279009 0.647415 0.300035
v -0.272338 0.640310 0.223939
v -0.248641 0.651743 0.172724
v -0.207435 0.729446 0.275480
v -0.166063 0.741644 0.221208
v -0.213576 0.667835 0.140247
v -0.244839 0.637382 0.166478
v -0.170978 0.724211 0.170897
v -0.192305 0.687023 0.133537
v -0.181452 0.752032 0.226277
v -0.253911 0.674416 0.281563
v -0.241508 0.666394 0.183994
v -0.229257 0.658073 0.186891
v -0.181931 0.738971 0.177066
v -0.246630 0.620579 0.137638
v -0.225392 0.644143 0.124127
v -0.196267 0.710778 0.140113
v -0.190298 0.737275 0.227927
v -0.205959 0.716097 0.222107
v -0.252009 0.679903 0.263662
v -0.258588 0.633888 0.224237
v -0.244178 0.641940 0.204891
v 0.203943 0.700955 0.221164
v 0.214694 0.689585 0.205187
v 0.192112 0.692477 0.223611
v 0.211968 0.656447 0.185495
v 0.253990 0.619443 0.220802
v 0.273502 0.606060 0.261996
v 0.276153 0.603934 0.286908
v 0.254175 0.642219 0.322960
v 0.260266 0.661310 0.322769
v 0.227302 0.701047 0.323256
v 0.191681 0.729227 0.276975
v 0.226715 0.692477 0.305808
v 0.194566 0.712330 0.231085
v 0.191856 0.710744 0.210625
v 0.202623 0.700264 0.222243
v 0.236565 0.655511 0.200019
v 0.222025 0.665921 0.185814
v 0.192834 0.736246 0.297448
v 0.245627 0.651328 0.308222
v 0.241985 0.629393 0.227503
v 0.251588 0.641568 0.227243
v 0.233763 0.676944 0.262711
v 0.221179 0.691163 0.244455
v 0.200294 0.705637 0.320405
v 0.166373 0.742836 0.191731
v 0.174808 0.728013 0.198494
v 0.167629 0.753006 0.247520
v 0.232267 0.661846 0.275401
v 0.149701 0.734538 0.192893
v 0.156332 0.741833 0.255055
v 0.187023 0.717679 0.289116
v 0.222727 0.666591 0.266007
v 0.163830 0.723020 0.198370
v 0.200598 0.691023 0.249516
v 0.182644 0.704790 0.211464
v 0.194435 0.694197 0.224698
v 0.261182 0.598721 0.185093
v 0.202858 0.702827 0.222569
v -0.212716 0.679511 0.208216
v -0.206910 0.719216 0.309316
v -0.206804 0.714180 0.289165
v -0.224573 0.694619 0.322994
v -0.289906 0.641967 0.312389
v -0.302299 0.605004 0.235642
v -0.252387 0.663911 0.327680
v -0.310121 0.607747 0.274678
v -0.200832 0.706513 0.232463
v -0.213694 0.686464 0.238240
v -0.286127 0.617981 0.306845
v -0.210118 0.691872 0.223419
v -0.281125 0.610587 0.174644
v -0.296936 0.595976 0.172883
v -0.310374 0.591847 0.218900
v -0.299190 0.581464 0.231643
v -0.245776 0.670693 0.315443
v -0.246357 0.665180 0.279765
v -0.256820 0.635704 0.144352
v -0.225774 0.676773 0.254070
v -0.283086 0.617941 0.282143
v -0.240776 0.665968 0.263693
v -0.291371 0.595999 0.234210
v -0.259324 0.628769 0.130280
v -0.277718 0.589687 0.162691
v -0.272486 0.602965 0.178112
v -0.246570 0.624568 0.143898
v -0.261423 0.624895 0.227597
v -0.272965 0.617529 0.223649
v -0.244237 0.638505 0.168425
v -0.257453 0.634219 0.223930
v -0.251695 0.641043 0.241305
v -0.230929 0.649535 0.191201
v -0.217222 0.682542 0.140949
v -0.231592 0.663434 0.120382
v -0.260673 0.633019 0.134899
v -0.193747 0.721439 0.175090
v -0.227687 0.679377 0.179022
v -0.219939 0.702191 0.222255
v -0.248267 0.657400 0.175779
v -0.238433 0.665778 0.185586
v -0.252195 0.642736 0.159933
v -0.209731 0.692615 0.224724
v -0.223269 0.677916 0.250936
v -0.243457 0.665382 0.264956
v -0.252041 0.643562 0.242890
v -0.214081 0.673781 0.206027
v -0.229306 0.658901 0.187410
v 0.232918 0.676869 0.264634
v 0.233860 0.679175 0.272172
v 0.208588 0.700046 0.230484
v 0.253239 0.620400 0.137155
v 0.224816 0.629319 0.126558
v 0.187134 0.671836 0.126338
v 0.174070 0.703559 0.168349
v 0.205237 0.659010 0.140182
v 0.237140 0.618638 0.153244
v 0.259767 0.590698 0.161795
v 0.280968 0.595651 0.173987
v 0.296746 0.592414 0.234691
v 0.289244 0.601513 0.225114
v 0.276839 0.624965 0.283045
v 0.203997 0.679724 0.122759
v 0.201916 0.680564 0.143343
v 0.209372 0.692236 0.207291
v 0.192157 0.709862 0.211267
v 0.205929 0.703387 0.221705
v 0.174284 0.728538 0.198205
v 0.170280 0.728261 0.158290
v 0.166127 0.743203 0.191598
v 0.151383 0.734520 0.192987
v 0.161009 0.711023 0.153968
v 0.283381 0.581546 0.231806
v 0.214665 0.654507 0.167012
v 0.184867 0.702339 0.214236
v 0.221772 0.666817 0.185684
v 0.270004 0.643490 0.300412
v 0.289848 0.615791 0.286115
v 0.169657 0.718300 0.200975
v 0.235503 0.640269 0.141973
v 0.270084 0.607286 0.183387
v 0.262810 0.627577 0.222749
v 0.258581 0.639428 0.224583
v 0.252105 0.639250 0.225776
v 0.228429 0.662799 0.188943
v -0.228617 0.629475 0.247542
v -0.203340 0.663406 0.285929
v -0.214019 0.628515 0.371122
v -0.206103 0.639160 0.387901
v -0.243863 0.597785 0.385591
v -0.260983 0.557244 0.356464
v -0.286623 0.545199 0.257760
v -0.262938 0.583436 0.220623
v -0.220599 0.639355 0.205232
v -0.221610 0.623763 0.244753
v -0.213900 0.639138 0.229829
v -0.262987 0.561800 0.332957
v -0.256078 0.579850 0.289967
v -0.228699 0.629086 0.248017
v -0.276178 0.558290 0.281525
v -0.221936 0.599554 0.372995
v -0.221769 0.596999 0.387298
v -0.176843 0.677667 0.337878
v -0.180157 0.672205 0.368559
v -0.167544 0.709130 0.261531
v -0.185676 0.635114 0.380440
v -0.161755 0.669072 0.358334
v -0.162417 0.701009 0.323233
v -0.188188 0.687400 0.234221
v -0.235196 0.634661 0.247158
v -0.192430 0.671555 0.277999
v -0.221213 0.648220 0.225686
v -0.173432 0.662855 0.346702
v -0.149170 0.696057 0.303513
v -0.152348 0.695372 0.267639
v -0.191667 0.690512 0.211591
v -0.218962 0.664723 0.196058
v -0.178080 0.679563 0.235862
v -0.170516 0.686169 0.220494
v -0.205954 0.656619 0.187989
v -0.215973 0.635795 0.233948
v -0.208229 0.648225 0.209736
v -0.186843 0.659304 0.278279
v 0.205341 0.623165 0.246395
v 0.194703 0.633066 0.253610
v 0.176302 0.650920 0.285551
v 0.188182 0.661507 0.285647
v 0.211472 0.629947 0.329353
v 0.209810 0.622324 0.344891
v 0.249271 0.575657 0.345247
v 0.279808 0.551426 0.309050
v 0.279279 0.565548 0.238811
v 0.268524 0.546675 0.258464
v 0.249830 0.579497 0.201685
v 0.195936 0.648153 0.201746
v 0.198741 0.639971 0.227264
v 0.270738 0.568120 0.258804
v 0.216810 0.621608 0.182735
v 0.190889 0.648178 0.188355
v 0.223984 0.639657 0.184621
v 0.253968 0.602816 0.195497
v 0.248017 0.602831 0.212249
v 0.249750 0.586252 0.285166
v 0.199662 0.619332 0.324915
v 0.183271 0.629882 0.310454
v 0.206897 0.661355 0.191151
v 0.241610 0.601779 0.288052
v 0.211456 0.641301 0.232043
v 0.205676 0.650314 0.212468
v 0.233188 0.617298 0.259855
v 0.211962 0.603006 0.306970
v -0.210369 0.622731 0.338713
v -0.213940 0.617562 0.325654
v -0.243440 0.588551 0.286043
v -0.222114 0.625126 0.325781
v -0.190678 0.650147 0.284261
v -0.201135 0.656286 0.285690
v -0.222854 0.626181 0.245455
v -0.228691 0.629341 0.247819
v 0.207003 0.623274 0.244069
v 0.229649 0.592266 0.285724
v 0.214544 0.608504 0.257423
v 0.217349 0.634299 0.246609
v 0.210513 0.640186 0.232295
v 0.206019 0.653655 0.206680
v 0.175877 0.670929 0.286764
v 0.212928 0.616278 0.378444
v 0.266693 0.541566 0.306350
v 0.252030 0.575838 0.227127
v 0.207000 0.622743 0.245030
v 0.198766 0.626243 0.247931
v 0.243219 0.558536 0.357337
v 0.208504 0.593868 0.386275
v 0.232361 0.574304 0.352548
v 0.170025 0.635301 0.383110
v 0.193405 0.617458 0.371387
v 0.161574 0.652527 0.359565
v 0.167712 0.660273 0.288015
v 0.176948 0.649197 0.285643
v 0.186346 0.641368 0.266690
v 0.249737 0.576149 0.368282
v 0.145628 0.687308 0.285628
v 0.168851 0.671768 0.220658
v 0.196277 0.654334 0.185019
v 0.195931 0.646554 0.205265
v 0.140497 0.676799 0.346631
v 0.207405 0.619002 0.391389
v 0.171424 0.661654 0.377280
v 0.142740 0.695661 0.244087
v 0.132277 0.697026 0.300335
v 0.178891 0.651944 0.363754
v 0.146197 0.700054 0.329369
v 0.153673 0.707170 0.253524
v 0.169306 0.673239 0.201978
v 0.157819 0.683789 0.322286
v 0.162650 0.692306 0.257905
v 0.180334 0.685509 0.205843
v 0.199067 0.637848 0.231603
v 0.199394 0.627075 0.247559
v 0.180785 0.634040 0.308170
v 0.199749 0.616055 0.334830
v 0.257067 0.558674 0.303930
v 0.240269 0.579844 0.288662
v 0.228247 0.587148 0.283833
v 0.219569 0.601551 0.265669
v 0.230259 0.593213 0.289157
v 0.215284 0.618813 0.234985
v -0.261275 0.586114 0.197225
v -0.234688 0.623406 0.182045
v -0.219187 0.665503 0.195100
v -0.246446 0.633627 0.182813
v -0.287470 0.577866 0.218280
v -0.245902 0.626096 0.202997
v -0.221533 0.645768 0.228851
v -0.274385 0.589018 0.226028
v -0.243412 0.623685 0.245870
v -0.230832 0.628793 0.246604
v -0.243720 0.610554 0.269635
v -0.299876 0.554206 0.270815
v -0.281001 0.542989 0.313661
v -0.286181 0.558300 0.338794
v -0.259901 0.581020 0.354273
v -0.288003 0.564005 0.284019
v -0.265121 0.587471 0.289031
v -0.203384 0.652357 0.192455
v -0.243346 0.611049 0.268975
v -0.252964 0.599131 0.288890
v 0.207289 0.606263 0.313982
v 0.198982 0.620609 0.324779
v 0.216693 0.632025 0.246575
v -0.222902 0.626032 0.344157
v -0.227899 0.629709 0.330103
v -0.201356 0.656199 0.285388
v -0.222146 0.625170 0.325994
v -0.252780 0.599268 0.288561
v -0.208808 0.748627 0.082760
v -0.239205 0.723903 0.041606
v -0.254735 0.709949 0.051443
v -0.279759 0.679833 0.083635
v -0.296807 0.657976 0.069828
v -0.267695 0.677712 0.014051
v -0.255878 0.687438 -0.013082
v -0.226411 0.725195 -0.019205
v -0.191823 0.772050 0.002011
v -0.178787 0.759580 0.002887
v -0.164230 0.794685 0.074204
v -0.172312 0.796201 0.111082
v -0.178801 0.779387 0.057479
v -0.288066 0.658113 0.019831
v -0.217209 0.710126 -0.018974
v -0.290222 0.683570 0.141117
v -0.272444 0.696340 0.094781
v -0.249713 0.734894 0.122779
v -0.217892 0.757205 0.082462
v -0.209774 0.747681 0.083238
v -0.197019 0.767666 0.100110
v -0.206692 0.743365 0.067446
v -0.195199 0.747447 0.012806
v -0.242570 0.676911 -0.006973
v -0.305631 0.646415 0.063720
v -0.270471 0.652372 0.012719
v -0.310742 0.655697 0.119698
v -0.294758 0.686360 0.161586
v -0.247810 0.734017 0.140494
v -0.196610 0.783887 0.101121
v -0.230280 0.701699 -0.000712
v -0.293292 0.634744 0.065963
v -0.247934 0.740991 0.167365
v -0.272818 0.719610 0.182006
v -0.299529 0.647415 0.120212
v -0.230056 0.709064 0.028431
v -0.201893 0.754189 0.090155
v -0.209311 0.748526 0.083033
v -0.268885 0.660550 0.033209
v -0.211931 0.778870 0.144656
v -0.287349 0.653102 0.084942
v -0.285760 0.669138 0.159091
v -0.238935 0.758991 0.180682
v -0.276426 0.682198 0.153784
v -0.250903 0.719898 0.186899
v -0.199169 0.798374 0.144532
v -0.184200 0.806811 0.108233
v -0.219620 0.752976 0.164344
v -0.211713 0.764351 0.175563
v -0.183315 0.788849 0.140477
v -0.239558 0.726449 0.139055
v -0.175955 0.791118 0.109310
v -0.236626 0.722260 0.124632
v -0.269141 0.675840 0.081316
v -0.211312 0.738448 0.072740
v -0.224844 0.719282 0.048132
v -0.231051 0.711149 0.046692
v -0.258167 0.681907 0.085399
v -0.186988 0.786820 0.052437
v -0.214170 0.755837 0.059811
v -0.189125 0.802657 0.106346
v -0.175826 0.805480 0.062180
v -0.237607 0.717075 0.024593
v -0.215607 0.738341 0.000906
v -0.202707 0.775398 0.096104
v -0.217519 0.757996 0.081531
v -0.255538 0.690861 0.079059
v -0.249477 0.702819 0.101343
v -0.220030 0.737802 0.102373
v -0.240013 0.725725 0.121786
v -0.238681 0.702574 0.058712
v -0.226023 0.717806 0.046737
v -0.213813 0.735531 0.067512
v -0.215558 0.761225 0.082723
v -0.268234 0.696429 0.082948
v -0.258177 0.689912 0.083847
v 0.188302 0.750631 0.085259
v 0.192504 0.749982 0.083888
v 0.212299 0.714038 0.045604
v 0.223297 0.724185 0.042542
v 0.252765 0.695792 0.082214
v 0.275322 0.680250 0.137060
v 0.291274 0.648115 0.066248
v 0.263410 0.711323 0.178653
v 0.239880 0.724575 0.129711
v 0.251379 0.713198 0.153605
v 0.200077 0.727947 0.056666
v 0.234478 0.703813 0.101871
v 0.236957 0.692816 0.075730
v 0.202824 0.759261 0.080824
v 0.223063 0.742529 0.127516
v 0.223739 0.748948 0.164270
v 0.262706 0.711102 0.178274
v 0.250800 0.712506 0.154140
v 0.220763 0.719072 0.026219
v 0.191796 0.766546 0.077818
v 0.175092 0.792096 0.100180
v 0.160297 0.809053 0.078365
v 0.179546 0.800527 0.138473
v 0.201578 0.758925 0.179206
v 0.242268 0.708317 0.158259
v 0.177703 0.771332 0.024079
v 0.168663 0.786990 0.142951
v 0.181794 0.775757 0.139932
v 0.222405 0.725420 0.123375
v 0.212779 0.723249 -0.005835
v 0.208785 0.725548 -0.021486
v 0.147794 0.790608 0.049385
v 0.204656 0.739008 0.114357
v 0.152254 0.794793 0.102696
v 0.172649 0.777700 0.009570
v 0.270139 0.663040 0.048612
v 0.244924 0.684027 0.008606
v 0.173299 0.745571 -0.008197
v 0.291190 0.664686 0.137070
v 0.272867 0.664453 0.152482
v 0.281139 0.635198 0.082516
v 0.275932 0.654047 0.027707
v 0.256558 0.648256 0.017963
v 0.252069 0.675358 -0.004770
v 0.250231 0.661131 0.025959
v 0.211406 0.694930 -0.017010
v 0.271169 0.657667 0.091912
v 0.260258 0.682274 0.147456
v 0.205831 0.708724 -0.002804
v 0.208883 0.714531 0.029236
v 0.167468 0.765679 0.030079
v 0.183246 0.757797 0.081704
v 0.239473 0.697844 0.113183
v 0.247023 0.700516 0.178535
v 0.194190 0.780075 0.140766
v 0.216080 0.707775 0.052280
v 0.207875 0.719622 0.048311
v 0.192411 0.744062 0.074286
v 0.193016 0.748206 0.084786
v 0.202033 0.735826 0.101894
v 0.241399 0.690670 0.083024
v 0.235087 0.702592 0.100534
v 0.242016 0.708771 0.157493
v 0.221668 0.721813 0.127298
v 0.224198 0.726137 0.121700
v 0.216388 0.766221 0.179072
v 0.230618 0.721457 0.184850
v 0.248394 0.700533 0.180301
v 0.240576 0.723199 0.131420
v 0.233100 0.732844 0.120970
v 0.203166 0.737175 0.101374
v 0.222213 0.725435 0.122179
v 0.224711 0.726346 0.120960
v -0.239461 0.726378 0.122413
v -0.197124 0.767739 0.100087
v -0.204074 0.751196 0.087564
v -0.215842 0.741293 0.096686
v -0.209365 0.748096 0.083306
v -0.249010 0.704740 0.103948
v 0.210317 0.768885 0.018611
v 0.223302 0.755122 -0.000868
v 0.230651 0.733142 -0.017220
v 0.251521 0.702253 0.024989
v 0.248665 0.697534 0.028935
v 0.250139 0.720120 0.000721
v 0.260056 0.709405 0.023642
v 0.200417 0.761486 0.022820
v 0.192201 0.772697 0.021847
v 0.218089 0.724349 -0.037281
v 0.244166 0.676237 -0.063755
v 0.277890 0.649157 -0.012979
v 0.298458 0.657254 0.004044
v 0.303145 0.671399 0.057956
v 0.285166 0.685163 0.049184
v 0.289965 0.648643 0.029695
v 0.208494 0.727837 -0.061609
v 0.217300 0.724050 -0.016667
v 0.272648 0.657760 -0.005919
v 0.251211 0.678193 -0.041189
v 0.285157 0.660668 0.060922
v 0.279177 0.670895 0.032333
v 0.266696 0.688803 0.043402
v 0.260869 0.708890 0.024325
v 0.253024 0.726955 0.041091
v 0.251575 0.701390 0.027119
v 0.231187 0.734042 0.063597
v 0.231317 0.741106 0.076438
v 0.227470 0.755341 0.108372
v 0.178639 0.798591 0.049133
v 0.157315 0.805916 -0.001635
v 0.171185 0.771196 -0.057070
v 0.191834 0.767397 -0.070770
v 0.224160 0.726368 -0.080577
v 0.221550 0.730829 -0.064734
v 0.259803 0.704968 0.005976
v 0.249921 0.722054 -0.001801
v 0.173241 0.781587 -0.026386
v 0.262746 0.684983 -0.042215
v 0.260561 0.707734 0.023351
v 0.269325 0.674885 -0.053965
v 0.206348 0.720930 -0.077317
v 0.289948 0.670363 0.017535
v 0.221201 0.761640 0.034888
v 0.240436 0.743075 0.059389
v 0.262440 0.692949 0.039722
v 0.214811 0.771032 0.120467
v 0.173019 0.806371 0.071889
v 0.173433 0.823087 0.030052
v 0.175746 0.803464 -0.027082
v 0.182419 0.792751 -0.020415
v 0.185895 0.805789 0.040042
v 0.202209 0.780057 0.021759
v 0.240283 0.744413 0.058842
v 0.254507 0.726211 0.039931
v 0.249559 0.729306 0.124826
v 0.267723 0.698439 0.091572
v 0.206575 0.802202 0.099850
v 0.254961 0.750903 0.124889
v 0.286078 0.660144 0.061351
v 0.274700 0.693843 0.108435
v 0.207781 0.791936 0.082863
v 0.238585 0.759925 0.104715
v 0.239047 0.752011 0.075789
v 0.292411 0.694690 0.094319
v 0.275425 0.711067 0.093027
v 0.304130 0.671277 0.058215
v 0.284330 0.684545 0.049232
v 0.268743 0.702554 0.031494
v 0.261054 0.707622 0.024217
v 0.225921 0.734118 -0.033212
v 0.208564 0.768376 0.020169
v 0.223242 0.753884 -0.004900
v 0.232227 0.737722 -0.016420
v 0.219192 0.763210 0.031933
v -0.290345 0.693812 0.034579
v -0.267252 0.735259 0.069736
v -0.307347 0.676949 0.045119
v -0.288170 0.714458 0.094997
v -0.254843 0.763449 0.107609
v -0.238191 0.787318 0.113216
v -0.208949 0.814129 0.077089
v -0.204475 0.797339 0.096622
v -0.189610 0.822458 0.031563
v -0.175869 0.811575 0.030472
v -0.177737 0.789351 -0.036152
v -0.191383 0.799675 0.039883
v -0.189195 0.786843 -0.014995
v -0.233366 0.725624 -0.032325
v -0.242528 0.743784 -0.009523
v -0.250740 0.729254 -0.013255
v -0.316180 0.678533 0.079465
v -0.283888 0.734153 0.120851
v -0.246479 0.753404 0.125968
v -0.207130 0.778039 0.028061
v -0.214803 0.761241 0.023607
v -0.211261 0.787173 0.084594
v -0.288324 0.698428 0.112092
v -0.318218 0.671019 0.047673
v -0.261654 0.732951 0.110642
v -0.246701 0.735429 0.063923
v -0.228691 0.769930 0.019069
v -0.265165 0.740504 0.053799
v -0.255744 0.751311 0.055523
v -0.210692 0.802594 0.064322
v -0.220580 0.733361 -0.060706
v -0.265704 0.700785 0.021815
v -0.235685 0.724044 -0.016244
v -0.274609 0.708261 0.020800
v -0.190637 0.805951 -0.027027
v -0.224372 0.776661 0.034768
v -0.210287 0.737847 -0.074976
v -0.267668 0.676706 -0.042904
v -0.271361 0.695975 0.028436
v -0.213372 0.760914 -0.073769
v -0.253369 0.683147 -0.067521
v -0.224789 0.778178 0.020877
v -0.229832 0.768817 0.024076
v -0.242171 0.762167 0.041586
v -0.241846 0.723805 -0.080527
v -0.283608 0.684911 0.039040
v -0.300834 0.663230 0.049957
v -0.291826 0.650608 -0.021707
v -0.210473 0.769786 -0.048453
v -0.271782 0.688027 -0.066868
v -0.260811 0.702620 -0.060874
v -0.229285 0.754696 -0.016684
v -0.307495 0.655627 0.053383
v -0.301948 0.663175 -0.029285
v -0.316387 0.656631 0.017741
v -0.300280 0.668895 -0.006576
v -0.249580 0.729303 -0.026703
v -0.315647 0.672628 0.047257
v -0.245269 0.735709 -0.016046
v -0.291646 0.692612 0.035521
v -0.275499 0.707881 0.019777
v -0.267631 0.718894 0.007826
v -0.303084 0.657840 0.052386
v -0.290050 0.685881 0.077977
v -0.249440 0.740908 0.077633
v -0.254633 0.750117 0.056568
v -0.244563 0.762134 0.040537
v -0.270274 0.694261 0.029426
v -0.275317 0.706933 0.022053
v -0.271291 0.724371 0.038952
v -0.263259 0.739774 0.055151
v -0.229945 0.765500 0.012585
v -0.266210 0.700310 0.022920
v -0.283374 0.686821 0.038092
v -0.279655 0.708127 0.019565
v -0.275365 0.705232 0.023498
v -0.568027 0.023089 -0.503437
v -0.579664 0.023580 -0.476350
v -0.587249 0.032540 -0.481222
v -0.557588 0.024088 -0.358079
v -0.582499 0.025121 -0.303017
v -0.448553 0.023632 -0.291637
v -0.364944 0.031704 -0.305869
v -0.349155 0.015227 -0.305723
v -0.302539 0.027209 -0.384279
v -0.324522 -0.004843 -0.342772
v -0.294384 -0.002275 -0.416517
v -0.304577 -0.004911 -0.536245
v -0.343163 0.002006 -0.533883
v -0.421894 0.005136 -0.589300
v -0.289479 0.031882 -0.452008
v -0.289941 0.020069 -0.512111
v -0.334289 0.000321 -0.599521
v -0.390529 -0.003965 -0.635221
v -0.479205 0.026075 -0.370986
v -0.540953 0.032608 -0.378102
v -0.330130 0.033732 -0.592611
v -0.311035 0.033470 -0.511700
v -0.343242 0.025746 -0.397810
v -0.342180 0.026503 -0.537883
v -0.394140 0.025746 -0.421990
v -0.429345 0.033294 -0.420661
v -0.386637 0.036517 -0.641522
v -0.414834 0.025242 -0.597963
v -0.432601 0.031994 -0.499635
v -0.484915 0.028949 -0.402420
v -0.320483 -0.005013 -0.388838
v -0.340907 0.003561 -0.403293
v -0.407809 -0.001837 -0.315319
v -0.520333 -0.005980 -0.380135
v -0.544113 -0.003572 -0.398986
v -0.555528 0.027545 -0.421462
v -0.470571 0.020775 -0.243545
v -0.487140 0.032352 -0.259396
v -0.573439 0.034252 -0.264145
v -0.659976 0.028609 -0.377034
v -0.601588 0.027598 -0.507807
v -0.423870 -0.002616 -0.258449
v -0.696021 0.030246 -0.355731
v -0.643450 0.024152 -0.292285
v -0.541752 -0.006400 -0.250647
v -0.433844 -0.008805 -0.282336
v -0.587838 0.001964 -0.260171
v -0.537926 0.000508 -0.284260
v -0.672559 -0.002754 -0.326349
v -0.714774 0.032601 -0.409954
v -0.724553 0.023516 -0.479565
v -0.700633 0.032058 -0.556669
v -0.682847 0.025507 -0.487642
v -0.626983 0.032092 -0.613469
v -0.586211 0.027016 -0.628161
v -0.510397 0.027865 -0.567155
v -0.502287 0.035825 -0.533698
v -0.541721 0.034740 -0.518501
v -0.710223 -0.004421 -0.394850
v -0.409902 0.025181 -0.603622
v -0.445421 0.029630 -0.564817
v -0.576935 0.033883 -0.663913
v -0.719576 -0.004232 -0.487403
v -0.452065 0.035356 -0.660019
v -0.640393 0.025342 -0.635820
v -0.695873 0.001923 -0.572549
v -0.687555 -0.005040 -0.390159
v -0.620193 0.002812 -0.329912
v -0.638329 -0.004074 -0.636116
v -0.510233 0.027871 -0.681947
v -0.568191 0.007359 -0.672944
v -0.680648 0.003574 -0.442371
v -0.545351 0.001429 -0.351814
v -0.664807 -0.001592 -0.562595
v -0.622607 0.002761 -0.497821
v -0.393280 0.035732 -0.631275
v -0.396845 0.002810 -0.429537
v -0.418617 -0.005008 -0.435487
v -0.532428 0.024566 -0.388923
v -0.463796 -0.003318 -0.548722
v -0.433610 0.000833 -0.433015
v -0.487013 0.028011 -0.402810
v -0.479192 0.000951 -0.541499
v -0.478689 0.012609 -0.538447
v -0.431567 0.025034 -0.445805
v -0.446858 0.026151 -0.420823
v -0.442308 0.032506 -0.474502
v -0.454240 0.032499 -0.508883
v -0.480684 0.028521 -0.538930
v -0.441494 0.007469 -0.565035
v -0.436808 0.012647 -0.672861
v -0.383416 0.019203 -0.645579
v -0.490372 -0.005035 -0.672356
v -0.581987 -0.003084 -0.484228
v -0.556707 -0.004850 -0.517222
v -0.566075 0.023348 -0.500720
v -0.481231 0.013255 -0.537131
v -0.501978 0.032545 -0.533233
v -0.391323 -0.004307 -0.634082
v -0.451662 0.001861 -0.638358
v -0.579445 0.002041 -0.627421
v -0.479369 0.001623 -0.541598
v -0.442705 0.007237 -0.563629
v -0.416561 0.005517 -0.596844
v -0.492552 0.003703 -0.578480
v -0.566967 0.028715 -0.503606
v -0.580722 0.023094 -0.483993
v -0.443579 0.026378 -0.424663
v -0.430942 0.025274 -0.449289
v -0.446094 0.028773 -0.564173
v -0.449406 0.035339 -0.497521
v -0.480716 0.028472 -0.539192
v -0.479883 0.026815 -0.540331
v -0.464705 0.030094 -0.524372
v -0.480684 0.028521 -0.538930
v -0.543664 0.033726 -0.516005
v -0.545737 0.024634 -0.398407
v -0.526062 0.024016 -0.386929
v -0.139565 0.048301 0.492041
v -0.145441 0.037366 0.506488
v -0.165322 0.044294 0.512525
v -0.221207 0.045617 0.370102
v -0.175007 0.044903 0.246731
v -0.275211 0.041687 0.334444
v -0.293722 0.038563 0.311359
v -0.090535 0.037955 0.212714
v -0.203445 0.041252 0.224033
v -0.131554 0.053373 0.198766
v -0.045962 0.046902 0.208536
v -0.000939 0.078673 0.228605
v 0.062462 0.072227 0.280677
v 0.108618 0.075573 0.376646
v 0.074082 0.071510 0.404857
v 0.017203 0.068172 0.551164
v 0.003877 0.068302 0.472432
v -0.094013 0.076622 0.490714
v -0.173781 0.068743 0.516611
v -0.139053 0.069412 0.494554
v 0.063285 0.042489 0.280341
v 0.102480 0.076190 0.467898
v 0.053063 0.071335 0.566611
v -0.062370 0.048203 0.302497
v -0.161636 0.037951 0.361020
v -0.201923 0.038653 0.389610
v 0.015567 0.045094 0.281851
v 0.098169 0.038964 0.355369
v 0.108090 0.051608 0.459506
v -0.096570 0.067535 0.601102
v 0.097300 0.037522 0.431937
v -0.205517 0.067946 0.546951
v -0.020382 0.071906 0.618284
v 0.080445 0.036317 0.522247
v -0.072540 0.041666 0.337389
v -0.064396 0.055257 0.366150
v -0.101092 0.054805 0.343458
v -0.237388 0.078148 0.582151
v -0.009018 0.046234 0.409421
v 0.063406 0.048018 0.440979
v 0.024889 0.037777 0.586799
v -0.180151 0.072565 0.621005
v -0.122531 0.051304 0.641208
v -0.057081 0.037154 0.628732
v 0.027146 0.044443 0.530460
v -0.026642 0.039024 0.444409
v -0.243484 0.042453 0.588111
v -0.193266 0.038234 0.616635
v -0.042892 0.040067 0.592028
v -0.155016 0.039189 0.599687
v -0.215607 0.046296 0.553444
v -0.059202 0.043177 0.510924
v -0.098716 0.037929 0.494122
v -0.030259 0.056860 0.440210
v -0.178629 0.048430 0.409106
v -0.165059 0.048256 0.377096
v -0.145570 0.037054 0.507030
v -0.139972 0.040368 0.493551
v -0.137824 0.055544 0.496028
v -0.024606 0.072695 0.379683
v -0.060089 0.080184 0.360951
v -0.053800 0.054193 0.391158
v -0.081376 0.056564 0.345629
v 0.025309 0.070164 0.302208
v -0.064508 0.076512 0.208048
v -0.278587 0.046584 0.435642
v -0.189509 0.045353 0.526802
v -0.110633 0.076676 0.219899
v -0.294091 0.038323 0.487311
v -0.325210 0.038568 0.411807
v -0.279281 0.052137 0.280055
v -0.238097 0.076757 0.245421
v -0.187546 0.075735 0.217445
v -0.215994 0.046035 0.553700
v -0.321436 0.069973 0.360609
v -0.085592 0.069152 0.243334
v -0.239969 0.035839 0.583391
v -0.293614 0.041437 0.533162
v -0.081597 0.072294 0.307321
v -0.323063 0.072252 0.463439
v -0.309036 0.076462 0.368171
v -0.282273 0.075421 0.331233
v -0.238271 0.068745 0.295137
v -0.288715 0.072919 0.538026
v -0.086911 0.074125 0.341258
v -0.278318 0.071807 0.485647
v -0.221116 0.068175 0.377422
v -0.183796 0.075121 0.389208
v -0.138997 0.077715 0.352282
v -0.180486 0.048679 0.406669
v -0.140106 0.069748 0.491818
v -0.184666 0.072605 0.455887
v -0.139764 0.048663 0.492045
v -0.172226 0.067682 0.515300
v -0.142712 0.075697 0.497607
v -0.209452 0.068277 0.550891
v -0.243082 0.071422 0.588849
v -0.169084 0.048693 0.379276
v -0.125036 0.049728 0.357986
v -0.184070 0.042388 0.522357
v -0.033106 0.072215 0.447908
v -0.034537 0.057078 0.448231
v -0.138429 0.055702 0.496909
v 0.491893 0.027238 0.022624
v 0.459106 0.035386 -0.006734
v 0.421523 0.002176 -0.026053
v 0.418595 0.031713 -0.027853
v 0.384598 0.029320 -0.023353
v 0.384917 0.001446 -0.026508
v 0.374967 0.003325 -0.067043
v 0.337069 0.001003 -0.006652
v 0.261164 -0.000718 -0.058087
v 0.238050 0.002118 0.044133
v 0.203226 -0.004556 0.099971
v 0.234605 -0.001436 0.168672
v 0.281251 0.027797 0.217253
v 0.339823 0.033179 0.232205
v 0.378547 0.025813 0.217062
v 0.499133 0.032383 0.226937
v 0.530683 0.023643 0.182361
v 0.511822 0.026573 0.061383
v 0.496840 0.032819 0.057018
v 0.493575 0.021862 0.023597
v 0.511384 0.026888 -0.001262
v 0.301965 0.002431 0.083783
v 0.310178 -0.003810 0.231565
v 0.364295 0.019008 0.257781
v 0.585310 0.024816 0.102292
v 0.581434 0.028041 0.188021
v 0.444098 0.030649 0.257976
v 0.341539 -0.004679 0.221206
v 0.274489 0.002505 0.151515
v 0.347132 -0.004269 0.025282
v 0.425774 -0.003203 0.262208
v 0.535278 0.016667 0.228795
v 0.623481 0.031856 0.064547
v 0.555001 0.025818 -0.034430
v 0.441505 0.001127 0.222269
v 0.530183 -0.007518 0.224907
v 0.618712 0.020161 0.127665
v 0.524707 -0.002614 0.195674
v 0.630516 0.022026 0.003552
v 0.600936 -0.006054 0.155295
v 0.631897 -0.000799 0.071813
v 0.599956 0.035129 -0.058378
v 0.623924 -0.007021 0.004482
v 0.600671 -0.006968 -0.058374
v 0.590726 0.000340 0.078975
v 0.490254 0.000190 0.115377
v 0.564097 0.005136 -0.035697
v 0.518582 0.001117 0.057481
v 0.448245 -0.004400 0.115050
v 0.425934 -0.003291 0.124859
v 0.376461 -0.004535 0.110721
v 0.337975 0.001655 0.065897
v 0.380642 0.034430 0.100203
v 0.336907 0.027459 0.063862
v 0.359400 0.033582 0.005396
v 0.504746 -0.006611 0.022585
v 0.428804 0.025998 0.121580
v 0.484162 0.001910 0.047539
v 0.492137 0.001012 0.022556
v 0.522232 0.003150 -0.000798
v 0.222129 0.031577 0.134600
v 0.263889 0.025656 0.139236
v 0.221640 0.032637 0.052310
v 0.267137 0.027979 -0.062397
v 0.316035 0.026713 0.025372
v 0.391911 0.030135 -0.070000
v 0.542096 0.026048 -0.025939
v 0.203509 -0.000999 -0.011692
v 0.198361 0.030436 0.011684
v 0.461467 0.004453 -0.039064
v 0.504669 -0.005980 0.022362
v 0.488235 -0.001187 0.023069
v 0.263382 -0.003302 -0.108861
v 0.232274 0.029365 -0.074775
v 0.278807 0.033010 -0.121804
v 0.327301 -0.001103 -0.154243
v 0.384152 0.002235 -0.134239
v 0.488587 0.001687 -0.120217
v 0.520002 0.002316 0.001350
v 0.423190 0.002919 -0.173800
v 0.508321 -0.005495 -0.139773
v 0.562848 0.003692 -0.034689
v 0.366711 0.029124 -0.169543
v 0.400161 0.035556 -0.154186
v 0.445856 0.028478 -0.173024
v 0.520691 0.009254 -0.150313
v 0.575361 -0.003642 -0.100122
v 0.602756 -0.003544 -0.059525
v 0.498209 0.034588 -0.151147
v 0.568509 0.027043 -0.111810
v 0.508298 0.026790 -0.109835
v 0.367457 0.026242 -0.127825
v 0.599153 0.035221 -0.058169
v 0.449432 0.023985 0.163429
v 0.453131 0.032531 0.100657
v 0.478305 0.035641 0.069421
v 0.363423 0.027442 0.118470
v 0.378839 0.032634 0.113412
v 0.426787 0.027077 0.121148
v 0.341772 0.034116 0.042789
v 0.381889 0.031196 -0.019317
v 0.358596 0.037100 0.009202
v 0.339811 0.027212 0.065663
v 0.511115 0.026396 -0.001030
v 0.417294 0.035691 -0.037551
v 0.408685 0.030181 -0.030387
v 0.500378 0.033561 0.018654
v 0.455442 0.034503 -0.011492
v 0.477560 0.030983 0.005899
v 0.491846 0.027255 0.022761
v 0.492285 0.027167 0.022766
v 0.482939 0.032971 0.056160
v 0.461397 0.028915 0.097078
v 0.387011 0.001060 0.147184
v 0.380381 0.031893 0.102898
v 0.357083 0.030875 0.085087
v 0.490141 0.030354 0.043678
v 0.280893 0.030818 -0.420806
v 0.310065 0.034529 -0.393998
v 0.367742 -0.004448 -0.368671
v 0.389519 -0.003859 -0.372084
v 0.381150 0.002426 -0.332888
v 0.416265 0.004101 -0.279240
v 0.524057 0.001757 -0.385213
v 0.509168 -0.006273 -0.320396
v 0.558133 -0.004755 -0.474523
v 0.567919 0.006859 -0.503256
v 0.523975 0.020131 -0.585948
v 0.455143 0.005364 -0.641947
v 0.464472 0.035425 -0.621497
v 0.387991 0.032376 -0.658912
v 0.291340 0.030754 -0.649666
v 0.302216 0.031798 -0.627937
v 0.199207 0.027250 -0.551699
v 0.271131 0.027997 -0.488942
v 0.241132 0.023668 -0.375464
v 0.279362 0.023390 -0.419741
v 0.173803 0.024798 -0.438477
v 0.190818 0.034687 -0.568123
v 0.364246 -0.001068 -0.665361
v 0.502386 -0.005691 -0.591452
v 0.495243 0.003042 -0.554421
v 0.451568 0.004758 -0.417611
v 0.356323 0.029765 -0.372795
v 0.160068 0.033802 -0.408260
v 0.227955 0.023621 -0.626271
v 0.353814 0.001887 -0.624430
v 0.291859 -0.005783 -0.647916
v 0.177537 0.019793 -0.577323
v 0.181378 -0.001946 -0.582140
v 0.137317 0.014355 -0.489299
v 0.136306 0.029570 -0.465583
v 0.213272 0.023904 -0.345281
v 0.142191 -0.006224 -0.480538
v 0.152255 0.025987 -0.362022
v 0.228735 0.004080 -0.568158
v 0.180979 0.001636 -0.489997
v 0.143277 -0.004057 -0.391469
v 0.183383 0.029807 -0.318734
v 0.166976 -0.005350 -0.418494
v 0.184643 -0.010124 -0.317950
v 0.217891 0.002416 -0.342339
v 0.271939 -0.001022 -0.473248
v 0.255412 0.001100 -0.379920
v 0.383567 0.026513 -0.375884
v 0.404938 0.029979 -0.407700
v 0.432557 -0.001467 -0.471727
v 0.440696 0.002427 -0.505565
v 0.384565 -0.006538 -0.246116
v 0.310808 0.007852 -0.229021
v 0.239983 -0.005629 -0.259264
v 0.220023 0.025817 -0.270337
v 0.185358 0.031947 -0.320311
v 0.537627 -0.003709 -0.325046
v 0.571465 0.013794 -0.412832
v 0.556551 0.032709 -0.517860
v 0.389245 0.026753 -0.623039
v 0.323872 0.033499 -0.537561
v 0.302027 0.032027 -0.493775
v 0.288630 0.023084 -0.449133
v 0.260476 0.030896 -0.411271
v 0.509373 0.026347 -0.541226
v 0.565823 0.036856 -0.437137
v 0.550027 0.032653 -0.350812
v 0.384223 -0.005887 -0.228191
v 0.475532 0.027582 -0.484758
v 0.526179 0.027160 -0.396159
v 0.477917 0.032571 -0.268492
v 0.483531 0.011623 -0.266846
v 0.482309 0.034376 -0.298285
v 0.394830 0.018624 -0.228537
v 0.480421 0.027645 -0.316226
v 0.348337 0.025717 -0.263074
v 0.322739 0.029721 -0.234071
v 0.381737 0.025664 -0.337973
v 0.251355 0.024646 -0.296733
v 0.219713 0.023642 -0.351399
v 0.187748 -0.010316 -0.320124
v 0.268611 -0.001987 -0.290758
v 0.225776 0.001422 -0.349415
v 0.255885 0.002215 -0.380635
v 0.271079 -0.007491 -0.410385
v 0.278169 0.003273 -0.416207
v 0.314636 0.002313 -0.553590
v 0.272494 -0.005402 -0.411775
v 0.430667 0.025893 -0.464023
v 0.336341 -0.003788 -0.527684
v 0.336118 0.016077 -0.519020
v 0.378843 0.022954 -0.501029
v 0.305569 0.020089 -0.486436
v 0.280971 -0.003008 -0.442026
v 0.281250 0.006182 -0.419171
v 0.277636 0.022542 -0.420133
v 0.333677 0.016991 -0.516580
v 0.374789 0.022137 -0.504410
v 0.391564 0.034671 -0.505027
v 0.319706 0.024971 -0.558409
v 0.424842 0.026060 -0.473238
v 0.424879 0.028131 -0.447174
v 0.397048 0.031845 -0.397340
v 0.446710 0.037141 -0.465129
v 0.375291 0.027202 -0.372488
v 0.367126 0.033108 -0.356539
v 0.244582 0.024552 -0.380854
v 0.356796 0.029772 -0.372752
v 0.320242 0.034489 -0.385882
v 0.292769 0.031996 -0.401966
v 0.273021 0.032426 -0.416034
v 0.278470 0.030419 -0.419452
v 0.259986 0.028391 -0.410343
v -0.111923 0.000898 -0.682493
v -0.110660 0.007921 -0.682081
v -0.134286 -0.002978 -0.649520
v -0.160087 0.001518 -0.605497
v -0.095086 0.022482 -0.698879
v -0.159199 0.030784 -0.615045
v -0.144526 0.026997 -0.589613
v -0.136639 0.034004 -0.564968
v -0.052304 0.033284 -0.537979
v 0.053862 0.027587 -0.502515
v 0.087711 0.026676 -0.563894
v 0.115933 0.034501 -0.530796
v 0.113569 0.034639 -0.691143
v 0.139663 0.030059 -0.598007
v 0.139677 0.018534 -0.667252
v 0.090514 0.026827 -0.759013
v 0.117945 -0.002334 -0.712347
v 0.052617 -0.002181 -0.792830
v -0.012751 -0.000338 -0.832496
v -0.157686 -0.000328 -0.782256
v -0.037580 0.000134 -0.797804
v -0.133062 0.002182 -0.743065
v -0.084870 0.026085 -0.515057
v -0.206396 0.025261 -0.484534
v -0.295491 0.006580 -0.579908
v -0.297879 0.026409 -0.638399
v -0.288637 -0.005316 -0.674396
v -0.225281 -0.002205 -0.782565
v -0.157709 0.002819 -0.782294
v -0.101246 0.024423 -0.440070
v 0.135899 -0.000910 -0.593960
v 0.106514 -0.003567 -0.687127
v 0.066903 0.003145 -0.723346
v -0.115380 0.001757 -0.719445
v 0.049645 0.036066 -0.458440
v 0.032735 0.003719 -0.660450
v 0.113650 -0.003216 -0.517181
v 0.082816 0.006425 -0.467823
v -0.037277 0.030048 -0.409680
v 0.009567 0.010561 -0.418546
v 0.077871 -0.000279 -0.525905
v 0.095104 0.003984 -0.598596
v -0.046233 -0.004642 -0.686345
v -0.090908 0.009017 -0.700277
v -0.059656 0.000806 -0.402820
v -0.007321 -0.006451 -0.425332
v 0.003262 -0.001670 -0.597306
v -0.005144 0.008039 -0.637332
v -0.014810 0.003767 -0.604336
v -0.122654 0.018168 -0.404215
v -0.214615 0.002457 -0.444754
v -0.211863 0.029564 -0.448770
v -0.133626 -0.008001 -0.414373
v -0.042858 0.002840 -0.446945
v -0.034312 0.003848 -0.513216
v -0.277077 0.006712 -0.522660
v -0.244715 0.000988 -0.557133
v -0.248526 0.001941 -0.680664
v -0.135991 0.002999 -0.747265
v -0.254021 -0.008982 -0.501945
v -0.176816 -0.002080 -0.466771
v -0.144280 -0.000092 -0.554502
v -0.068973 -0.005779 -0.523898
v -0.068490 0.001301 -0.546669
v -0.166090 -0.001023 -0.637115
v -0.116850 -0.001140 -0.721381
v -0.150635 -0.004709 -0.581297
v -0.040076 -0.002185 -0.568459
v -0.157498 -0.000451 -0.602726
v -0.115172 -0.001314 -0.569594
v -0.087340 -0.000204 -0.551922
v -0.132641 -0.004560 -0.654153
v -0.111574 -0.001361 -0.681794
v -0.057372 0.003043 -0.677057
v -0.129327 -0.000146 -0.835114
v -0.175467 -0.002597 -0.816792
v 0.025931 0.033559 -0.811551
v 0.089416 0.027554 -0.680837
v -0.010329 0.027988 -0.552908
v -0.061485 0.025165 -0.544574
v -0.091266 -0.000970 -0.555144
v 0.003035 0.033507 -0.634752
v -0.067043 0.002900 -0.545323
v -0.082786 0.027952 -0.837980
v -0.171161 0.033984 -0.807211
v -0.009095 0.026447 -0.788813
v 0.039621 0.028475 -0.657090
v -0.066095 0.025951 -0.719308
v -0.036040 0.035093 -0.684611
v -0.001905 0.008497 -0.635814
v -0.028498 0.000052 -0.583442
v -0.154191 0.025400 -0.775000
v -0.117225 0.026327 -0.722206
v -0.093323 0.025978 -0.701942
v -0.034578 0.004976 -0.665311
v -0.092072 0.007738 -0.698287
v -0.194082 0.024291 -0.595950
v -0.149460 0.027508 -0.679012
v -0.095516 0.033403 -0.706179
v -0.093112 0.008570 -0.697001
v -0.249758 0.031414 -0.754857
v -0.174957 -0.004125 -0.815694
v -0.174806 0.029856 -0.814490
v -0.235624 0.029460 -0.721892
v -0.255882 0.025546 -0.661757
v -0.279004 0.034514 -0.564020
v -0.281083 0.020392 -0.709299
v -0.116976 0.026417 -0.721922
v -0.110641 0.007922 -0.682067
v -0.093112 0.008570 -0.697001
v -0.090980 -0.002402 -0.702657
v -0.155254 0.026270 -0.776776
v 0.030095 0.726308 -1.016827
v -0.015383 0.733496 -1.002322
v -0.063648 0.709406 -0.971169
v -0.067706 0.731950 -0.972779
v -0.065374 0.717417 -0.934183
v -0.042589 0.743675 -0.826398
v -0.120418 0.747349 -0.816781
v -0.044158 0.753514 -0.741840
v -0.004737 0.758271 -0.760260
v -0.063405 0.766394 -0.731019
v 0.030035 0.765896 -0.723146
v 0.112492 0.754088 -0.748554
v 0.068604 0.790462 -0.741413
v 0.182244 0.774517 -0.813163
v 0.215793 0.759650 -0.894835
v 0.163252 0.775829 -0.820272
v 0.171850 0.729456 -1.008664
v 0.180240 0.744554 -0.935763
v 0.059846 0.725858 -1.030151
v 0.019859 0.721011 -1.042764
v 0.031067 0.722219 -1.018084
v 0.061808 0.740345 -0.995695
v 0.057724 0.738579 -0.986863
v 0.177287 0.739499 -0.807306
v 0.078844 0.706234 -1.099274
v 0.122750 0.746813 -0.799572
v 0.220863 0.723565 -0.908530
v 0.220434 0.736368 -0.971902
v 0.110400 0.713295 -1.108042
v 0.014636 0.707482 -1.085718
v 0.198438 0.720248 -0.901005
v 0.171996 0.717156 -1.080645
v 0.205744 0.695419 -1.016532
v 0.017846 0.704949 -1.144463
v 0.137278 0.674957 -1.108183
v 0.088187 0.704040 -1.138616
v 0.159133 0.697794 -1.023842
v 0.069355 0.667364 -1.140570
v 0.094295 0.680391 -1.094882
v 0.019114 0.667401 -1.148676
v 0.018312 0.677506 -1.108287
v 0.173278 0.728931 -0.903898
v -0.036689 0.726700 -0.864129
v -0.007394 0.731807 -0.861083
v 0.018102 0.762279 -0.876265
v 0.075407 0.754511 -0.906681
v 0.075044 0.724529 -0.905506
v 0.073639 0.751440 -0.944012
v 0.103396 0.729134 -0.886018
v 0.082730 0.715348 -0.920296
v 0.085185 0.710145 -0.982547
v 0.069187 0.703951 -0.979206
v 0.032629 0.702142 -1.014740
v 0.048324 0.726485 -0.869749
v -0.202888 0.727128 -0.869044
v -0.148506 0.750736 -0.780308
v -0.204534 0.761586 -0.883116
v -0.214630 0.740499 -0.955513
v -0.196542 0.709171 -1.035063
v -0.183467 0.729740 -1.031923
v -0.088750 0.707598 -1.104106
v -0.136572 0.715504 -1.052125
v -0.064626 0.724338 -1.023268
v 0.014810 0.709537 -1.082410
v 0.019084 0.721160 -1.045475
v 0.030247 0.725913 -1.018390
v -0.051850 0.794487 -0.734362
v 0.119210 0.770057 -0.808177
v 0.111272 0.752881 -0.892084
v 0.023962 0.782126 -0.765002
v -0.164674 0.776637 -0.805921
v -0.029198 0.767838 -0.825115
v -0.124653 0.780644 -0.800872
v -0.089289 0.773751 -0.799683
v -0.176896 0.754238 -0.901224
v -0.083536 0.751095 -0.911657
v -0.065677 0.738467 -0.969335
v -0.014459 0.768881 -0.856410
v -0.034267 0.758103 -0.874770
v -0.060916 0.754051 -0.924197
v -0.009668 0.762083 -0.868691
v 0.020938 0.762648 -0.878554
v -0.015322 0.735770 -1.002863
v 0.020737 0.691501 -1.062557
v 0.029611 0.703439 -1.013269
v -0.081793 0.702824 -0.971735
v 0.024134 0.693093 -1.047187
v -0.104278 0.711043 -0.971954
v -0.175307 0.723617 -0.911981
v -0.209803 0.706540 -0.961565
v -0.127291 0.710033 -1.109991
v -0.047137 0.702414 -1.146462
v 0.018287 0.702677 -1.151202
v -0.129377 0.676764 -1.107525
v -0.180189 0.686389 -1.048585
v -0.053479 0.674674 -1.146901
v -0.129073 0.679446 -1.077771
v -0.143159 0.695980 -1.034794
v 0.018648 0.662703 -1.141180
v -0.056022 0.680518 -1.102292
v 0.019020 0.687642 -1.081392
v 0.033479 0.696000 -1.015273
v -0.007539 0.762171 -0.870218
v -0.031736 0.759045 -0.874407
v -0.056145 0.755461 -0.916191
v 0.079383 0.751319 -0.936984
v 0.079004 0.753233 -0.914477
v 0.056137 0.759469 -0.895703
v 0.058964 0.741202 -0.982968
v 0.030148 0.726759 -1.016344
v 0.312535 0.070673 -0.749226
v 0.267302 0.074377 -0.733374
v 0.219306 0.044083 -0.708531
v 0.215198 0.066270 -0.704901
v 0.217700 0.043676 -0.670876
v 0.240007 0.044640 -0.561103
v 0.208601 0.043870 -0.508305
v 0.248289 0.037135 -0.461790
v 0.313440 0.043191 -0.455359
v 0.394534 0.037361 -0.482723
v 0.350647 0.071125 -0.467724
v 0.463406 0.070896 -0.539773
v 0.464178 0.076577 -0.583780
v 0.482733 0.078442 -0.705534
v 0.444935 0.071084 -0.752348
v 0.342222 0.073244 -0.762432
v 0.302415 0.071371 -0.775161
v 0.313573 0.067007 -0.751072
v 0.344084 0.079579 -0.725370
v 0.339985 0.075798 -0.717535
v 0.331709 0.042097 -0.496879
v 0.459134 0.036446 -0.543110
v 0.500219 0.069353 -0.623128
v 0.360648 0.069760 -0.833594
v 0.502394 0.043723 -0.644669
v 0.496990 0.072851 -0.732772
v 0.370541 0.077747 -0.872547
v 0.300404 0.077379 -0.878065
v 0.297185 0.067954 -0.819928
v 0.406222 0.043240 -0.537773
v 0.466533 0.037687 -0.593245
v 0.437615 0.075399 -0.829606
v 0.487397 0.036479 -0.701185
v 0.489209 0.051717 -0.757927
v 0.448792 0.042323 -0.819396
v 0.409009 0.040439 -0.826765
v 0.355970 0.041581 -0.881139
v 0.414154 0.046073 -0.810233
v 0.301643 0.043219 -0.890089
v 0.300845 0.043895 -0.848499
v 0.455102 0.047875 -0.639016
v 0.288531 0.037151 -0.590155
v 0.242602 0.037426 -0.605237
v 0.271961 0.049243 -0.601398
v 0.293145 0.075023 -0.604408
v 0.357610 0.073277 -0.635769
v 0.381079 0.043533 -0.618900
v 0.356631 0.044781 -0.640023
v 0.355957 0.078695 -0.672534
v 0.364976 0.038413 -0.658015
v 0.363878 0.048067 -0.729678
v 0.351649 0.040523 -0.717110
v 0.315124 0.046730 -0.752375
v 0.106391 0.036250 -0.559914
v 0.078721 0.044329 -0.602145
v 0.078818 0.075384 -0.614585
v 0.069039 0.070638 -0.686276
v 0.087055 0.058065 -0.770595
v 0.097515 0.075325 -0.766327
v 0.237476 0.070826 -0.845199
v 0.297356 0.069208 -0.816304
v 0.301643 0.072167 -0.777781
v 0.315657 0.077046 -0.749492
v 0.309465 0.067808 -0.751148
v 0.151004 0.044660 -0.501225
v 0.227799 0.067509 -0.457105
v 0.342878 0.067382 -0.497943
v 0.453045 0.068792 -0.596175
v 0.393064 0.068465 -0.621866
v 0.229772 0.077705 -0.477007
v 0.118674 0.072159 -0.533401
v 0.253340 0.067777 -0.553696
v 0.171688 0.068942 -0.534575
v 0.110434 0.072880 -0.600160
v 0.188084 0.069685 -0.674558
v 0.144556 0.067987 -0.781731
v 0.268483 0.075951 -0.583925
v 0.248767 0.069512 -0.603909
v 0.222067 0.076793 -0.652639
v 0.273004 0.072113 -0.597325
v 0.303272 0.074856 -0.606730
v 0.225233 0.071055 -0.756338
v 0.267691 0.076710 -0.733381
v 0.303244 0.046941 -0.801234
v 0.312096 0.047741 -0.750553
v 0.201171 0.037822 -0.710526
v 0.306679 0.045288 -0.785693
v 0.178932 0.045827 -0.708994
v 0.116074 0.046679 -0.628012
v 0.092909 0.038795 -0.642597
v 0.076824 0.039409 -0.724399
v 0.145901 0.078722 -0.821707
v 0.197188 0.076644 -0.867991
v 0.300017 0.077981 -0.870149
v 0.153189 0.058421 -0.848503
v 0.301286 0.064736 -0.893700
v 0.210537 0.041113 -0.878198
v 0.130206 0.037064 -0.812314
v 0.140393 0.045357 -0.773863
v 0.301162 0.036910 -0.880391
v 0.226643 0.045548 -0.841991
v 0.301552 0.047721 -0.820095
v 0.315939 0.040957 -0.754331
v 0.251022 0.070493 -0.603632
v 0.226526 0.076269 -0.645191
v 0.215231 0.067986 -0.702244
v 0.361618 0.077014 -0.665754
v 0.361236 0.073803 -0.643710
v 0.338506 0.075628 -0.624073
v 0.341164 0.077575 -0.713065
v 0.312588 0.071035 -0.748461
v 0.558848 0.071952 -0.298955
v 0.534786 0.075970 -0.316631
v 0.518736 0.078061 -0.342055
v 0.584990 0.068969 -0.311474
v 0.484128 0.072513 -0.369266
v 0.566040 0.070203 -0.432934
v 0.383849 0.070677 -0.413217
v 0.310686 0.078631 -0.355624
v 0.269238 0.070493 -0.280177
v 0.280990 0.067823 -0.201044
v 0.275532 0.040532 -0.227579
v 0.306320 0.044636 -0.143056
v 0.313428 0.034533 -0.160119
v 0.412644 0.034086 -0.087081
v 0.512843 0.045148 -0.091291
v 0.520999 0.045624 -0.150998
v 0.654165 0.046171 -0.202409
v 0.698355 0.038891 -0.308482
v 0.660423 0.045723 -0.299456
v 0.405440 0.076748 -0.468503
v 0.298895 0.072224 -0.375479
v 0.365975 0.043710 -0.140951
v 0.451898 0.043212 -0.187487
v 0.525718 0.037554 -0.169810
v 0.283655 0.036723 -0.311441
v 0.298397 0.041985 -0.371019
v 0.357827 0.071278 -0.442966
v 0.478959 0.076218 -0.460796
v 0.651536 0.067703 -0.301521
v 0.611546 0.068426 -0.302202
v 0.569462 0.076109 -0.467455
v 0.512883 0.043931 -0.189910
v 0.536671 0.039761 -0.212935
v 0.565515 0.043554 -0.299044
v 0.558355 0.070084 -0.299403
v 0.557601 0.071734 -0.265697
v 0.310741 0.046313 -0.269456
v 0.358188 0.043982 -0.441370
v 0.475083 0.071712 -0.488027
v 0.639409 0.076283 -0.393947
v 0.409075 0.036332 -0.236127
v 0.416780 0.041742 -0.259779
v 0.424174 0.070067 -0.231416
v 0.415907 0.070106 -0.252583
v 0.434864 0.074145 -0.302936
v 0.449179 0.071641 -0.327108
v 0.474054 0.070609 -0.341684
v 0.381908 0.047359 -0.416701
v 0.423246 0.038801 -0.470816
v 0.475109 0.037057 -0.475394
v 0.565623 0.044447 -0.476302
v 0.650467 0.066407 -0.417943
v 0.684967 0.073953 -0.351347
v 0.377691 0.046340 -0.240990
v 0.447787 0.041200 -0.354092
v 0.464703 0.045642 -0.344274
v 0.501671 0.044848 -0.362884
v 0.577608 0.037439 -0.302819
v 0.561201 0.045150 -0.298763
v 0.704447 0.064037 -0.310802
v 0.681980 0.077222 -0.306561
v 0.703415 0.042761 -0.309850
v 0.650400 0.036525 -0.398730
v 0.517530 0.046082 -0.443852
v 0.435832 0.048698 -0.380377
v 0.628309 0.045802 -0.381397
v 0.657306 0.045820 -0.298781
v 0.605830 0.044206 -0.291286
v 0.515771 0.067427 -0.192874
v 0.539350 0.071593 -0.228034
v 0.462583 0.076692 -0.212711
v 0.286593 0.078357 -0.243894
v 0.367639 0.044423 -0.085228
v 0.509938 0.037357 -0.052513
v 0.555280 0.037241 -0.081821
v 0.446940 0.042798 -0.053698
v 0.339443 0.072268 -0.113993
v 0.314269 0.069990 -0.315793
v 0.422674 0.073328 -0.340176
v 0.474278 0.071294 -0.340885
v 0.440607 0.064832 -0.052061
v 0.666317 0.040130 -0.188737
v 0.359306 0.067380 -0.142347
v 0.619277 0.039048 -0.092710
v 0.577260 0.073132 -0.067187
v 0.465470 0.074837 -0.066812
v 0.430240 0.080012 -0.314482
v 0.437198 0.073682 -0.307677
v 0.493284 0.068357 -0.085627
v 0.665832 0.072350 -0.138785
v 0.694565 0.041532 -0.190628
v 0.381391 0.068465 -0.221077
v 0.410615 0.076284 -0.230132
v 0.696974 0.075155 -0.220784
v 0.634336 0.070389 -0.156226
v 0.427288 0.068735 -0.225557
v 0.576576 0.038656 -0.302541
v 0.597931 0.044576 -0.292901
v 0.613043 0.046427 -0.291734
v 0.413798 0.069557 -0.255061
v 0.580978 0.070632 -0.245899
v 0.611519 0.067810 -0.302196
v 0.519504 0.076157 -0.177850
v 0.559450 0.070117 -0.299751
v 0.561161 0.071058 -0.279871
v 0.571245 0.077264 -0.305792
v 0.547394 0.074375 -0.246214
v 0.530449 0.067562 -0.151800
v 0.517702 0.068398 -0.193326
v 0.653942 0.067581 -0.301690
v 0.685415 0.076970 -0.307164
v 0.702834 0.071042 -0.310477
v 0.706794 0.041366 -0.259661
v 0.516119 0.072877 -0.326706
v 0.584701 0.069986 -0.311509
v 0.562500 0.069984 -0.303292
v 0.471381 0.076857 -0.204880
v 0.114801 0.003997 0.397434
v 0.056729 -0.005028 0.406560
v 0.115084 0.026916 0.398836
v 0.123163 0.025080 0.431615
v -0.029843 0.024790 0.426978
v -0.102180 0.026140 0.423152
v -0.106350 0.033086 0.440206
v -0.160431 0.033412 0.353985
v -0.128842 0.029104 0.336218
v -0.112274 0.033012 0.206579
v -0.143407 0.021892 0.249164
v -0.110282 -0.003585 0.200908
v -0.017632 0.011786 0.131298
v -0.073145 -0.005529 0.179488
v 0.061037 -0.003720 0.125993
v 0.043996 -0.001992 0.152538
v 0.153606 0.004428 0.194079
v 0.100668 -0.001749 0.263231
v 0.145754 -0.000898 0.329025
v 0.125698 -0.006809 0.358388
v 0.116658 0.008905 0.400230
v 0.126302 0.000974 0.439837
v 0.198341 0.001622 0.443114
v 0.215663 -0.007630 0.214826
v -0.026489 0.034486 0.144251
v -0.058251 0.032323 0.189989
v -0.079443 0.025321 0.232207
v 0.244496 -0.003341 0.325267
v 0.163163 -0.002949 0.156646
v -0.025416 0.033257 0.371520
v -0.002200 0.028038 0.393177
v 0.022543 0.032041 0.407557
v 0.103048 0.034855 0.139387
v 0.098168 0.020658 0.125127
v 0.177332 0.020868 0.156492
v 0.244818 0.002213 0.227089
v 0.269410 -0.006082 0.327196
v 0.164652 -0.006641 0.523609
v 0.145835 0.002491 0.488454
v 0.224574 0.031060 0.208618
v 0.258840 -0.007548 0.416471
v 0.065607 0.027463 0.162475
v -0.007596 0.036792 0.273967
v 0.002865 0.000902 0.398611
v -0.004751 0.029777 0.287590
v 0.131455 0.026008 0.256410
v 0.227038 0.023875 0.271324
v 0.223556 0.030871 0.232956
v 0.219141 0.024384 0.419935
v 0.274407 0.027724 0.315175
v 0.227490 0.030051 0.475585
v 0.163061 0.035046 0.523919
v 0.206645 0.001180 0.498931
v -0.008923 -0.005538 0.346867
v -0.002717 0.005240 0.286627
v 0.153898 0.025457 0.377206
v 0.121773 0.034098 0.295555
v 0.121988 -0.007366 0.355255
v 0.115596 0.004258 0.398315
v 0.133780 0.022758 0.472034
v 0.125073 0.032862 0.409799
v -0.016572 0.026771 0.513106
v -0.061151 0.030632 0.521933
v 0.032271 0.030508 0.557986
v 0.086861 -0.001894 0.561244
v 0.165947 -0.003704 0.525890
v -0.163882 0.001233 0.325874
v 0.036792 0.004153 0.253415
v 0.122969 -0.010101 0.314661
v -0.088200 0.002995 0.234598
v 0.104086 0.000342 0.282165
v 0.068642 -0.003859 0.275108
v -0.125507 0.000601 0.358856
v -0.150484 -0.000351 0.417089
v -0.120711 0.022324 0.474653
v -0.036916 0.004430 0.263229
v -0.096555 -0.006469 0.475332
v -0.044982 -0.002945 0.536366
v 0.050596 -0.005313 0.538163
v 0.027636 0.003372 0.520671
v 0.125570 0.000669 0.436338
v -0.032320 0.001198 0.414802
v 0.034568 -0.005630 0.406953
v -0.013698 -0.002442 0.286742
v 0.038404 -0.001880 0.275927
v 0.072558 -0.001649 0.273605
v 0.100984 0.000296 0.280778
v 0.103631 0.032491 0.277036
v 0.122743 -0.005858 0.320470
v 0.262721 0.016889 0.419823
v 0.124793 0.026114 0.444251
v 0.117287 0.025110 0.397787
v 0.148287 0.025147 0.499228
v 0.128089 0.024368 0.458132
v 0.106748 0.033579 0.548476
v 0.166267 0.026918 0.528757
v 0.059416 0.029481 0.474950
v 0.124739 0.032545 0.409573
v -0.001485 0.005057 0.288349
v -0.012873 -0.007860 0.338896
v -0.002848 -0.000652 0.391327
v 0.144996 0.002578 0.487115
v 0.081898 0.000195 0.407320
v 0.117441 -0.002107 0.394266
v 0.034135 -0.004613 0.276134
v -0.027906 0.030209 0.264002
v -0.173562 0.068799 -0.437331
v -0.132370 0.075693 -0.393728
v -0.174616 0.064505 -0.434610
v -0.086964 0.071657 -0.373548
v -0.062610 0.073572 -0.387859
v -0.077970 0.043635 -0.374746
v -0.020288 0.041129 -0.445657
v -0.025540 0.044637 -0.478757
v -0.031128 0.044407 -0.518063
v -0.028177 0.045125 -0.613486
v -0.124989 0.036241 -0.655675
v -0.135803 0.050460 -0.668231
v -0.196677 0.035982 -0.632812
v -0.017160 0.070231 -0.461746
v -0.108479 0.074769 -0.379154
v -0.156731 0.045420 -0.575650
v -0.176389 0.046544 -0.601353
v 0.052374 0.045968 -0.549151
v 0.098468 0.038106 -0.519834
v 0.126751 0.046092 -0.450952
v 0.105811 0.049221 -0.356137
v 0.090353 0.076523 -0.347407
v 0.011703 0.078270 -0.283846
v -0.095930 0.067481 -0.267248
v -0.050919 0.070446 -0.353653
v -0.135762 0.071355 -0.376386
v -0.220694 0.067169 -0.425441
v -0.141626 0.078800 -0.400224
v -0.261764 0.070569 -0.525340
v -0.151739 0.067902 -0.558325
v -0.155716 0.074389 -0.257912
v 0.037655 0.068937 -0.274773
v -0.046089 0.071513 -0.237846
v -0.108759 0.069405 -0.232082
v 0.028160 0.040137 -0.271214
v 0.085301 0.037889 -0.354052
v 0.078038 0.047393 -0.433299
v -0.041972 0.044507 -0.237680
v 0.027649 0.048117 -0.472038
v -0.018940 0.039884 -0.273070
v -0.181320 0.072527 -0.252455
v -0.256225 0.068370 -0.367368
v -0.263053 0.070381 -0.311355
v -0.138749 0.041619 -0.236591
v 0.032763 0.045896 -0.331381
v -0.015789 0.046908 -0.404631
v -0.215896 0.038172 -0.269730
v -0.310276 0.074016 -0.415190
v -0.287893 0.054854 -0.342468
v -0.143114 0.034068 -0.257363
v -0.298608 0.036869 -0.373867
v -0.313179 0.065475 -0.476713
v -0.239981 0.077776 -0.597975
v -0.291914 0.068411 -0.545073
v -0.220860 0.040795 -0.322090
v -0.071501 0.046323 -0.272310
v -0.075162 0.045973 -0.328080
v -0.076728 0.037060 -0.355246
v -0.258259 0.041754 -0.598724
v -0.305811 0.040507 -0.500930
v -0.289243 0.036992 -0.428966
v -0.163136 0.043413 -0.386756
v -0.263898 0.045410 -0.405812
v -0.201918 0.065905 -0.640259
v -0.262652 0.045597 -0.513464
v -0.195239 0.036331 -0.630546
v -0.137357 0.039348 -0.398362
v -0.209357 0.043636 -0.449774
v -0.169939 0.037275 -0.473360
v -0.129120 0.044190 -0.547050
v -0.108416 0.038136 -0.536631
v 0.060443 0.070586 -0.357962
v 0.107367 0.080310 -0.400607
v 0.072131 0.069434 -0.499484
v -0.073363 0.070430 -0.546724
v -0.008038 0.070300 -0.606340
v -0.021790 0.079762 -0.485938
v -0.114649 0.070009 -0.530798
v -0.110809 0.059736 -0.531766
v 0.114012 0.076823 -0.508951
v 0.024201 0.076964 -0.608163
v -0.132428 0.074405 -0.540002
v -0.150099 0.068353 -0.556575
v 0.014358 0.075096 -0.638301
v 0.098332 0.059705 -0.556833
v -0.107627 0.075741 -0.643177
v 0.055308 0.044993 -0.608923
v -0.006560 0.037948 -0.648526
v -0.113519 0.075284 -0.665696
v -0.183748 0.070358 -0.606013
v -0.060486 0.045367 -0.667187
v -0.201860 0.068027 -0.639800
v -0.023680 0.073443 -0.447324
v -0.031461 0.069375 -0.484649
v -0.083949 0.073292 -0.374042
v -0.051322 0.078496 -0.398817
v 0.025753 0.071476 -0.467530
v -0.166607 0.047117 -0.587676
v -0.133789 0.043400 -0.551258
v -0.108479 0.038685 -0.536362
v -0.128800 0.042716 -0.509381
v -0.149459 0.068170 -0.480471
v -0.173743 0.045097 -0.436161
v -0.134620 0.070886 -0.541433
v -0.152992 0.076857 -0.489692
v -0.145765 0.069438 -0.478370
v -0.173885 0.065088 -0.436134
v -0.108479 0.074769 -0.379154
v -0.112332 0.058869 -0.527378
v -0.108745 0.047894 -0.526847
v -0.112332 0.058869 -0.527378
v -0.118215 0.064575 -0.530494
v -0.189873 0.076028 -0.616613
v -0.045502 0.079036 -0.413907
v -0.053823 0.068404 -0.499749
v -0.107921 0.044448 -0.526105
v -0.112047 0.058591 -0.529018
v -0.467448 0.103905 0.546478
v -0.468577 0.110805 0.546044
v -0.416101 0.118997 0.462605
v -0.420686 0.113422 0.443857
v -0.398960 0.113292 0.488233
v -0.431318 0.113703 0.395618
v -0.327316 0.112364 0.420802
v -0.328751 0.113372 0.532979
v -0.355711 0.121984 0.626151
v -0.296511 0.118131 0.384238
v -0.306056 0.114573 0.581345
v -0.422641 0.113603 0.678174
v -0.487731 0.086399 0.688563
v -0.533780 0.107533 0.686493
v -0.629928 0.085580 0.640208
v -0.654281 0.080943 0.591274
v -0.563422 0.088503 0.639543
v -0.660695 0.089601 0.533113
v -0.593757 0.086851 0.480654
v -0.537203 0.082141 0.404731
v -0.513424 0.089256 0.388085
v -0.468949 0.082069 0.670130
v -0.404019 0.082882 0.660919
v -0.361088 0.084720 0.641097
v -0.306655 0.090081 0.582156
v -0.276237 0.113754 0.492663
v -0.404966 0.115019 0.305703
v -0.496883 0.110850 0.349810
v -0.449229 0.119527 0.409473
v -0.507681 0.113213 0.391941
v -0.404186 0.089596 0.621262
v -0.285592 0.082386 0.520710
v -0.488072 0.111055 0.305138
v -0.301017 0.082222 0.489757
v -0.286192 0.081289 0.412808
v -0.414540 0.117426 0.268762
v -0.326519 0.087670 0.531545
v -0.307315 0.094860 0.352279
v -0.349765 0.103337 0.303760
v -0.484271 0.118063 0.258335
v -0.328756 0.079808 0.350496
v -0.457169 0.090562 0.587040
v -0.536016 0.091100 0.549560
v -0.438840 0.082615 0.509988
v -0.471538 0.089097 0.548677
v -0.569005 0.081363 0.512796
v -0.567313 0.088169 0.496934
v -0.511911 0.099865 0.392757
v -0.557237 0.106166 0.459611
v -0.568712 0.106568 0.489061
v -0.547870 0.106792 0.509546
v -0.512169 0.114437 0.530525
v -0.422887 0.097304 0.455730
v -0.678805 0.090368 0.589743
v -0.711517 0.084156 0.500568
v -0.713257 0.079034 0.458933
v -0.691850 0.103076 0.369319
v -0.707371 0.115514 0.437225
v -0.633162 0.115402 0.302986
v -0.484584 0.119066 0.261825
v -0.487824 0.110733 0.302980
v -0.429101 0.121070 0.649257
v -0.433546 0.112694 0.638947
v -0.611912 0.115530 0.654487
v -0.562087 0.121768 0.661375
v -0.699963 0.114325 0.549011
v -0.581875 0.113365 0.627195
v -0.681030 0.121618 0.550575
v -0.450522 0.113790 0.591246
v -0.469111 0.122708 0.561284
v -0.569447 0.113933 0.536041
v -0.672430 0.110167 0.461722
v -0.526652 0.121830 0.536001
v -0.649780 0.111997 0.369005
v -0.497014 0.111296 0.350314
v -0.538949 0.111183 0.359275
v -0.585820 0.113453 0.451722
v -0.512685 0.115971 0.528838
v -0.667214 0.083037 0.399842
v -0.629524 0.084507 0.360827
v -0.547226 0.088367 0.361645
v -0.584512 0.078117 0.293909
v -0.549840 0.088668 0.303436
v -0.646311 0.081692 0.311185
v -0.536327 0.085995 0.256051
v -0.487527 0.086509 0.294001
v -0.561057 0.115693 0.263058
v -0.483902 0.085535 0.252265
v -0.418230 0.086666 0.440546
v -0.422778 0.097030 0.457663
v -0.452050 0.095168 0.422207
v -0.400964 0.080839 0.442873
v -0.414221 0.084191 0.266201
v -0.484276 0.077935 0.257238
v -0.375152 0.089935 0.339933
v -0.487968 0.088259 0.297814
v -0.377731 0.088923 0.430691
v -0.498179 0.087829 0.352994
v -0.513330 0.080869 0.384827
v -0.510799 0.089353 0.390081
v -0.497861 0.088082 0.352026
v -0.513256 0.100299 0.391156
v -0.533404 0.118373 0.402405
v -0.506983 0.118780 0.385927
v -0.555383 0.105950 0.454756
v -0.574106 0.117216 0.489736
v -0.552168 0.106526 0.514397
v -0.566979 0.106526 0.492195
v -0.511135 0.099867 0.393657
v -0.451675 0.095200 0.423266
v -0.468652 0.103899 0.545737
v -0.468227 0.110385 0.546336
v -0.548128 0.113316 0.510100
v -0.511069 0.099735 0.394357
v 0.491467 0.083309 0.391538
v 0.510036 0.085615 0.399323
v 0.501024 0.116015 0.387789
v 0.541795 0.111191 0.378426
v 0.587984 0.112435 0.512798
v 0.656546 0.111570 0.486443
v 0.572753 0.114093 0.622249
v 0.559052 0.122410 0.655706
v 0.490709 0.120547 0.684040
v 0.438345 0.113946 0.642784
v 0.428786 0.116694 0.684320
v 0.286643 0.113066 0.575015
v 0.271694 0.087518 0.550651
v 0.291019 0.080140 0.556432
v 0.266595 0.082057 0.430871
v 0.304226 0.087599 0.426086
v 0.380009 0.090149 0.321306
v 0.486478 0.085916 0.369168
v 0.418947 0.083648 0.430786
v 0.462167 0.079598 0.403812
v 0.662828 0.122156 0.563492
v 0.370158 0.083201 0.655552
v 0.404056 0.081854 0.652142
v 0.321304 0.088832 0.548300
v 0.363098 0.088731 0.427536
v 0.577730 0.108672 0.666202
v 0.648911 0.110787 0.610024
v 0.615693 0.110987 0.350655
v 0.484951 0.110283 0.331052
v 0.680642 0.118581 0.409645
v 0.514890 0.084818 0.684441
v 0.409945 0.090102 0.631928
v 0.423393 0.087232 0.562211
v 0.393246 0.080797 0.465955
v 0.699848 0.103482 0.481606
v 0.685681 0.086199 0.539157
v 0.633442 0.083733 0.619646
v 0.536060 0.087435 0.644407
v 0.683388 0.077056 0.450754
v 0.682017 0.095128 0.380814
v 0.622288 0.109078 0.304503
v 0.478861 0.114000 0.285763
v 0.630877 0.079521 0.316082
v 0.646979 0.082681 0.565937
v 0.634947 0.091202 0.544792
v 0.447127 0.091581 0.585275
v 0.539042 0.118244 0.260336
v 0.476536 0.111080 0.251170
v 0.645601 0.084676 0.401355
v 0.593251 0.077835 0.308958
v 0.561393 0.083625 0.268245
v 0.591128 0.088735 0.515443
v 0.564386 0.079055 0.493850
v 0.540108 0.088305 0.373321
v 0.573732 0.088337 0.330275
v 0.475695 0.081945 0.253349
v 0.475029 0.086658 0.289180
v 0.476543 0.089246 0.319714
v 0.449619 0.089084 0.539344
v 0.495678 0.083749 0.546273
v 0.260675 0.119665 0.488182
v 0.341225 0.115702 0.639181
v 0.356201 0.115528 0.605617
v 0.472571 0.123554 0.546549
v 0.541367 0.118969 0.510297
v 0.559391 0.118618 0.483090
v 0.548938 0.085658 0.470770
v 0.526379 0.082632 0.421656
v 0.323115 0.112583 0.384000
v 0.398876 0.114705 0.304111
v 0.480939 0.110930 0.306926
v 0.490753 0.111364 0.354117
v 0.302978 0.112661 0.488666
v 0.448661 0.114961 0.580696
v 0.395978 0.114422 0.519898
v 0.376199 0.112630 0.425354
v 0.444438 0.120143 0.540754
v 0.402313 0.118682 0.440963
v 0.501039 0.117109 0.385615
v 0.495118 0.108905 0.391940
v 0.403024 0.089875 0.443817
v 0.417484 0.084944 0.487266
v 0.407754 0.117700 0.469580
v 0.459456 0.091243 0.543013
v 0.496721 0.085063 0.529537
v 0.543676 0.089369 0.503837
v 0.494424 0.096478 0.394041
v 0.451444 0.079779 0.414188
v 0.491467 0.083309 0.391538
v 0.486314 0.087391 0.369597
v 0.519601 0.081415 0.392512
v 0.538739 0.082745 0.444433
v 0.550485 0.086943 0.477219
v 0.541857 0.088306 0.503322
v 0.491263 0.083442 0.391452
v 0.496801 0.102448 0.390908
v 0.419392 0.086328 0.495683
v 0.496298 0.080038 0.531088
v 0.406696 0.086532 0.468458
v 0.403692 0.089864 0.444100
v 0.515586 0.089283 0.398205
v 0.491056 0.080720 0.392880
v 0.270410 0.116518 0.396113
v 0.382439 0.116876 0.274600
v 0.414336 0.081978 0.260938
v 0.475315 0.077515 0.257094
v 0.341321 0.082840 0.301239
v 0.332754 0.082055 0.345825
v 0.289059 0.093656 0.355435
v 0.475953 0.088193 0.315619
v 0.476777 0.116177 0.253256
v -0.475758 0.066253 -0.342354
v -0.458075 0.068312 -0.312077
v -0.474834 0.077927 -0.348466
v -0.422271 0.076289 -0.252293
v -0.396765 0.069104 -0.242379
v -0.322005 0.072505 -0.270402
v -0.397791 0.066812 -0.117761
v -0.372034 0.074352 -0.105849
v -0.539056 0.074547 -0.075866
v -0.543043 0.072730 -0.056474
v -0.575209 0.046983 -0.058127
v -0.622380 0.074520 -0.089018
v -0.656065 0.041739 -0.110649
v -0.601799 0.036511 -0.091702
v -0.617028 0.045960 -0.131000
v -0.675376 0.046044 -0.231969
v -0.669755 0.042485 -0.354432
v -0.579191 0.045073 -0.427704
v -0.482224 0.044888 -0.377175
v -0.473790 0.039735 -0.350402
v -0.544903 0.067781 -0.317411
v -0.509707 0.069474 -0.334282
v -0.477642 0.066284 -0.340797
v -0.624001 0.045441 -0.301417
v -0.448943 0.068447 -0.058709
v -0.314454 0.076929 -0.184090
v -0.344378 0.069585 -0.345165
v -0.419901 0.073211 -0.341204
v -0.484356 0.070941 -0.389455
v -0.465822 0.035347 -0.054635
v -0.430904 0.069916 -0.431266
v -0.487719 0.071961 -0.443737
v -0.387850 0.041903 -0.084324
v -0.329564 0.060161 -0.134737
v -0.311803 0.074345 -0.371796
v -0.388324 0.078532 -0.426435
v -0.331157 0.035736 -0.140873
v -0.294151 0.047038 -0.210063
v -0.287989 0.073893 -0.252870
v -0.447567 0.040987 -0.094538
v -0.527434 0.043904 -0.164560
v -0.547142 0.037395 -0.188869
v -0.580251 0.046466 -0.296269
v -0.575167 0.061763 -0.294124
v -0.316153 0.038002 -0.201094
v -0.288345 0.048437 -0.307921
v -0.332042 0.042196 -0.397169
v -0.354354 0.075354 -0.427743
v -0.426035 0.074147 -0.470923
v -0.331422 0.047662 -0.239907
v -0.300733 0.036810 -0.296846
v -0.486386 0.075364 -0.481928
v -0.384601 0.046617 -0.410441
v -0.406130 0.039269 -0.444282
v -0.424045 0.047609 -0.473728
v -0.487260 0.038219 -0.477125
v -0.487878 0.047333 -0.402097
v -0.590690 0.068542 -0.113363
v -0.575124 0.069240 -0.195709
v -0.619339 0.068202 -0.292608
v -0.663527 0.070678 -0.353472
v -0.579187 0.071771 -0.437005
v -0.487705 0.072081 -0.445590
v -0.684458 0.062144 -0.141023
v -0.705728 0.040141 -0.185899
v -0.721676 0.040473 -0.256691
v -0.692984 0.076257 -0.201218
v -0.714524 0.074885 -0.208396
v -0.488430 0.047699 -0.411138
v -0.478177 0.048906 -0.344427
v -0.681033 0.071062 -0.209179
v -0.720402 0.069540 -0.296788
v -0.700051 0.040589 -0.367931
v -0.636560 0.052291 -0.447917
v -0.584671 0.037104 -0.458964
v -0.680304 0.074977 -0.395615
v -0.487215 0.036509 -0.476009
v -0.559197 0.045674 -0.481157
v -0.552696 0.074830 -0.479417
v -0.486338 0.074015 -0.482797
v -0.545934 0.071103 -0.352101
v -0.483842 0.070813 -0.385956
v -0.587843 0.075323 -0.294773
v -0.570938 0.062830 -0.303913
v -0.571695 0.062242 -0.267812
v -0.538362 0.076098 -0.188203
v -0.486057 0.068758 -0.170748
v -0.455738 0.077793 -0.212893
v -0.592647 0.037741 -0.302461
v -0.431814 0.065905 -0.237038
v -0.436228 0.067207 -0.265142
v -0.511023 0.065762 -0.195909
v -0.537143 0.065173 -0.198068
v -0.537640 0.043550 -0.194394
v -0.490949 0.037337 -0.195746
v -0.394858 0.045062 -0.222695
v -0.533844 0.065192 -0.190521
v -0.452385 0.046082 -0.225373
v -0.429183 0.039793 -0.243232
v -0.442793 0.039810 -0.310209
v -0.427167 0.047137 -0.315129
v -0.431070 0.065800 -0.238403
v -0.474380 0.047777 -0.347118
v -0.518000 0.079177 -0.342814
v -0.530631 0.070559 -0.322882
v -0.454565 0.068264 -0.306680
v -0.477540 0.066250 -0.340832
v -0.475068 0.078993 -0.348449
v -0.477694 0.067107 -0.341726
v 0.577056 0.061592 0.250243
v 0.566112 0.065606 0.216512
v 0.539878 0.068328 0.174585
v 0.526687 0.079285 0.145497
v 0.452024 0.078765 0.169392
v 0.511833 0.074044 0.118160
v 0.319362 0.070004 0.206293
v 0.388969 0.068659 0.206421
v 0.367961 0.067104 0.354806
v 0.376173 0.074001 0.382474
v 0.326328 0.071692 0.360698
v 0.409662 0.045709 0.427150
v 0.443047 0.071022 0.440545
v 0.565689 0.044359 0.437722
v 0.687969 0.039350 0.336744
v 0.577748 0.045541 0.389000
v 0.649977 0.043533 0.311808
v 0.612217 0.045954 0.276154
v 0.516345 0.073927 0.442480
v 0.644671 0.046303 0.396182
v 0.621690 0.074470 0.413925
v 0.417394 0.075963 0.216917
v 0.451173 0.071473 0.187536
v 0.503015 0.067702 0.155451
v 0.521247 0.070454 0.408442
v 0.602476 0.070847 0.380486
v 0.458483 0.069193 0.339282
v 0.461832 0.076366 0.301515
v 0.559612 0.070985 0.307785
v 0.500437 0.072706 0.302373
v 0.544142 0.076340 0.283057
v 0.458787 0.075177 0.279147
v 0.428410 0.068602 0.228527
v 0.687887 0.073115 0.337473
v 0.660249 0.071732 0.321801
v 0.347598 0.035991 0.382353
v 0.293705 0.042057 0.297373
v 0.283835 0.036422 0.215711
v 0.422192 0.038757 0.048100
v 0.391766 0.045698 0.085933
v 0.523084 0.048681 0.107393
v 0.511665 0.045633 0.151685
v 0.469712 0.039460 0.163332
v 0.427908 0.068701 0.205341
v 0.451833 0.046024 0.152869
v 0.372464 0.046117 0.206389
v 0.311693 0.038091 0.173045
v 0.355775 0.039508 0.340019
v 0.328409 0.043440 0.267746
v 0.513345 0.037043 0.440386
v 0.464454 0.045723 0.336023
v 0.465507 0.045679 0.403718
v 0.463248 0.037858 0.290728
v 0.418044 0.039498 0.209008
v 0.285318 0.070372 0.245999
v 0.306580 0.075302 0.132235
v 0.411502 0.070303 0.069961
v 0.583988 0.069061 0.071072
v 0.654529 0.071879 0.131105
v 0.712943 0.069995 0.281841
v 0.718235 0.068803 0.186079
v 0.690364 0.042953 0.338278
v 0.285867 0.042818 0.177182
v 0.357208 0.040183 0.069316
v 0.539394 0.044981 0.044437
v 0.572218 0.044551 0.168933
v 0.541569 0.039260 0.164266
v 0.578289 0.038935 0.229579
v 0.577830 0.045269 0.249415
v 0.578909 0.061436 0.250204
v 0.346192 0.065043 0.072007
v 0.413582 0.043063 0.026949
v 0.536585 0.043721 0.012377
v 0.612418 0.045600 0.275869
v 0.599886 0.042626 0.255124
v 0.652901 0.045641 0.128704
v 0.641889 0.037566 0.077543
v 0.421697 0.077631 0.033167
v 0.475391 0.075395 0.010863
v 0.597138 0.049436 0.028801
v 0.642383 0.046844 0.306358
v 0.582710 0.076475 0.027302
v 0.659788 0.049395 0.075393
v 0.713227 0.038623 0.262525
v 0.691624 0.039663 0.238728
v 0.689439 0.069683 0.113343
v 0.717097 0.043948 0.185791
v 0.684512 0.077137 0.115807
v 0.553955 0.067854 0.198350
v 0.522706 0.067079 0.154074
v 0.477387 0.071048 0.170862
v 0.577328 0.069111 0.251256
v 0.611064 0.069198 0.286302
v 0.585321 0.075903 0.253455
v 0.683696 0.075036 0.335158
v 0.659405 0.071889 0.321310
v 0.682075 0.069569 0.259936
v 0.582226 0.071502 0.186069
v 0.610465 0.068500 0.285820
v 0.585304 0.075324 0.253342
v 0.489201 0.068037 0.304650
v 0.538661 0.080647 0.280545
v 0.486533 0.038340 0.311706
v 0.450115 0.071913 0.267565
v 0.432598 0.071477 0.232614
v 0.599856 0.043307 0.254951
v 0.578382 0.046332 0.251189
v 0.586930 0.037213 0.252532
v 0.577431 0.068247 0.251796
v -0.477560 0.063236 0.292812
v -0.431905 0.077059 0.226993
v -0.406970 0.069397 0.215656
v -0.428054 0.066291 0.381522
v -0.462404 0.067789 0.337982
v -0.470139 0.076841 0.296415
v -0.350485 0.073466 0.330209
v -0.339449 0.066989 0.251030
v -0.303834 0.065328 0.285834
v -0.312154 0.076623 0.194034
v -0.298339 0.039142 0.216076
v -0.329207 0.075594 0.115107
v -0.343446 0.047264 0.092787
v -0.394845 0.067105 0.044896
v -0.420633 0.040794 0.034300
v -0.501625 0.043071 0.012891
v -0.448361 0.043071 0.053466
v -0.586442 0.045435 0.059088
v -0.540234 0.048928 0.110282
v -0.587689 0.045047 0.169805
v -0.545151 0.041204 0.123912
v -0.537214 0.042268 0.150271
v -0.568647 0.039187 0.179920
v -0.592035 0.042485 0.232151
v -0.590569 0.063647 0.243480
v -0.553995 0.065343 0.278709
v -0.593168 0.037946 0.258255
v -0.633287 0.045619 0.255711
v -0.683519 0.045517 0.157764
v -0.614365 0.041439 0.034911
v -0.470432 0.076883 0.016546
v -0.565151 0.074263 0.013900
v -0.637342 0.046555 0.359596
v -0.697611 0.042638 0.276723
v -0.543998 0.044337 0.321021
v -0.515033 0.045493 0.408239
v -0.514807 0.037810 0.419342
v -0.408685 0.037399 0.415272
v -0.473863 0.044908 0.442696
v -0.693698 0.037114 0.131698
v -0.645925 0.075114 0.050075
v -0.406540 0.070599 0.081162
v -0.711553 0.046815 0.119695
v -0.471257 0.073574 0.157177
v -0.573980 0.077221 0.042024
v -0.731551 0.037864 0.241313
v -0.684903 0.037357 0.355801
v -0.714132 0.076195 0.140624
v -0.563119 0.069912 0.053932
v -0.736453 0.063786 0.203332
v -0.729251 0.047856 0.292743
v -0.672700 0.071573 0.133349
v -0.622780 0.039234 0.419269
v -0.679340 0.063163 0.378519
v -0.722625 0.074047 0.296324
v -0.546452 0.080363 0.140503
v -0.491266 0.076600 0.164330
v -0.450259 0.074770 0.196824
v -0.548761 0.071646 0.111902
v -0.702726 0.072391 0.236574
v -0.553768 0.040380 0.443984
v -0.648278 0.075346 0.399233
v -0.624803 0.068465 0.235942
v -0.658634 0.071864 0.348658
v -0.591317 0.076583 0.216241
v -0.552654 0.070017 0.444213
v -0.325623 0.037046 0.146051
v -0.352903 0.037552 0.373970
v -0.334880 0.035748 0.295021
v -0.363376 0.041221 0.313928
v -0.430051 0.043204 0.379219
v -0.467147 0.045514 0.331521
v -0.493345 0.043606 0.166232
v -0.532298 0.073922 0.150610
v -0.488246 0.079501 0.169126
v -0.448166 0.070833 0.192657
v -0.450874 0.046598 0.159901
v -0.435736 0.037344 0.209039
v -0.425627 0.042904 0.255806
v -0.351727 0.047842 0.164978
v -0.472544 0.074488 0.437810
v -0.585116 0.070827 0.294972
v -0.593175 0.076181 0.261320
v -0.529912 0.075498 0.301323
v -0.466181 0.067413 0.334580
v -0.499651 0.061310 0.305160
v -0.437133 0.066778 0.368317
v -0.526200 0.069169 0.407727
v -0.411862 0.075445 0.407893
v -0.407635 0.041394 0.416930
v -0.499504 0.068039 0.304849
v -0.429314 0.040361 0.380238
v -0.490041 0.036888 0.322862
v -0.467010 0.045337 0.331670
v -0.496276 0.040678 0.306829
v -0.449667 0.075952 0.230081
v -0.493903 0.039622 0.311079
v -0.349932 0.072969 0.364437
v -0.415753 0.076426 0.401160
v -0.555442 0.074103 0.170368
v -0.585316 0.064424 0.256795
v -0.552376 0.075438 0.166139
v -0.533018 0.074034 0.151043
v -0.583883 0.066206 0.218898
v -0.539425 0.064086 0.287749
v -0.447722 0.071027 0.226547
v -0.463545 0.069560 0.260827
v -0.482352 0.064493 0.290023
v -0.480428 0.071529 0.291092
v -0.499241 0.065975 0.305631
v -0.496759 0.049440 0.305109
v -0.498633 0.060358 0.304623
v -0.489834 0.041011 0.321881
v -0.318491 0.101623 -0.367216
v -0.320909 0.115542 -0.370405
v -0.368934 0.114396 -0.315718
v -0.522458 0.113420 -0.279931
v -0.587944 0.119575 -0.296085
v -0.591323 0.120103 -0.382551
v -0.613485 0.115589 -0.370452
v -0.610915 0.120061 -0.427613
v -0.597289 0.103958 -0.497265
v -0.558168 0.113742 -0.551906
v -0.580268 0.078650 -0.505399
v -0.542969 0.078763 -0.562271
v -0.453726 0.079613 -0.613865
v -0.372959 0.077082 -0.602519
v -0.462391 0.083140 -0.580666
v -0.301757 0.089096 -0.553884
v -0.268543 0.079877 -0.558331
v -0.339816 0.088291 -0.510047
v -0.304476 0.088049 -0.419384
v -0.315142 0.079879 -0.360470
v -0.320372 0.084799 -0.376621
v -0.357769 0.087057 -0.619332
v -0.569492 0.114114 -0.355243
v -0.522236 0.116912 -0.551262
v -0.497591 0.113821 -0.599634
v -0.424639 0.097813 -0.623543
v -0.290544 0.087438 -0.596092
v -0.224998 0.082062 -0.535757
v -0.201910 0.080995 -0.416929
v -0.221279 0.089900 -0.416050
v -0.291391 0.089332 -0.328758
v -0.343640 0.114583 -0.615521
v -0.181058 0.085509 -0.440997
v -0.429517 0.110820 -0.582712
v -0.259364 0.112918 -0.572877
v -0.182209 0.082882 -0.368223
v -0.258539 0.086529 -0.296022
v -0.546724 0.111436 -0.505017
v -0.286710 0.119799 -0.570486
v -0.200824 0.115958 -0.502426
v -0.192480 0.100074 -0.321890
v -0.182641 0.118521 -0.406039
v -0.240876 0.121134 -0.276339
v -0.214663 0.113973 -0.418701
v -0.321574 0.114418 -0.457078
v -0.357256 0.111363 -0.519550
v -0.277835 0.111799 -0.536135
v -0.490621 0.118066 -0.204459
v -0.392418 0.087473 -0.184735
v -0.451709 0.082371 -0.200760
v -0.341404 0.088139 -0.233464
v -0.277141 0.089820 -0.313811
v -0.614854 0.083117 -0.423578
v -0.359775 0.085641 -0.479170
v -0.324830 0.109680 -0.375101
v -0.355244 0.081220 -0.498510
v -0.597838 0.083310 -0.325105
v -0.438727 0.086042 -0.487999
v -0.514041 0.088253 -0.529255
v -0.568507 0.091097 -0.442829
v -0.576360 0.084911 -0.339770
v -0.537467 0.086726 -0.236948
v -0.482179 0.090701 -0.365683
v -0.487422 0.087717 -0.239902
v -0.485790 0.081727 -0.438660
v -0.439720 0.088944 -0.297820
v -0.458978 0.115580 -0.310424
v -0.461194 0.122872 -0.381252
v -0.417945 0.123102 -0.320916
v -0.434433 0.119686 -0.337372
v -0.408396 0.116954 -0.335396
v -0.334546 0.111745 -0.413424
v -0.360818 0.104927 -0.473928
v -0.331884 0.120420 -0.437402
v -0.322719 0.109136 -0.374338
v -0.360967 0.110919 -0.475385
v -0.407428 0.118362 -0.469790
v -0.502312 0.112220 -0.457141
v -0.334558 0.113254 -0.405810
v -0.450256 0.119854 -0.452913
v -0.478173 0.119590 -0.444196
v -0.471909 0.119270 -0.417042
v -0.467929 0.087615 -0.439951
v -0.360743 0.104900 -0.473932
v -0.433081 0.086298 -0.321443
v -0.426150 0.092359 -0.329801
v -0.453510 0.122773 -0.372191
v -0.470883 0.120226 -0.414088
v -0.446080 0.118232 -0.452994
v -0.411194 0.115447 -0.470072
v -0.428496 0.116272 -0.333183
v -0.469691 0.116041 -0.433674
v -0.323071 0.090960 -0.374427
v -0.313099 0.082921 -0.356463
v -0.373597 0.112587 -0.348343
v -0.323529 0.103071 -0.373416
v -0.320218 0.084125 -0.376362
v -0.293679 0.111918 -0.329042
v -0.227276 0.114743 -0.266697
v -0.268782 0.110536 -0.299776
v -0.227899 0.085334 -0.268274
v -0.439964 0.113862 -0.228746
v -0.359047 0.119649 -0.191825
v -0.278592 0.117744 -0.225511
v -0.232720 0.123651 -0.270025
v -0.327729 0.116039 -0.230961
v -0.273777 0.111388 -0.304712
v -0.296758 0.111542 -0.333273
v -0.314612 0.119468 -0.366943
v -0.469345 0.115904 -0.435146
v -0.283473 0.085254 -0.217186
v -0.229443 0.084431 -0.269607
v -0.361025 0.110702 -0.475401
v -0.403999 0.021840 0.088790
v -0.397501 0.029019 0.036658
v -0.399852 0.004263 0.087742
v -0.403385 -0.006004 -0.021942
v -0.355015 -0.000142 0.001514
v -0.427111 0.003872 -0.066132
v -0.333382 0.002595 0.105529
v -0.291465 -0.006546 0.125700
v -0.408834 0.022338 -0.023335
v -0.462642 0.025670 -0.030549
v -0.445968 -0.002709 -0.034846
v -0.532347 0.005566 -0.060983
v -0.628804 0.001417 -0.041929
v -0.609001 -0.000893 -0.129383
v -0.667522 -0.001147 -0.041026
v -0.656067 -0.006266 0.112707
v -0.680771 0.002152 0.056041
v -0.616836 -0.004106 0.182130
v -0.632385 0.024201 0.169477
v -0.661917 0.032319 0.114506
v -0.551915 0.032391 0.223699
v -0.530638 0.026848 0.196997
v -0.418862 0.033436 0.226858
v -0.384867 0.026120 0.196359
v -0.360118 0.024745 0.096391
v -0.426165 0.032792 0.103384
v -0.403667 0.020321 0.091318
v -0.444591 0.027100 0.092493
v -0.314340 0.022768 0.113714
v -0.677399 0.030668 0.002063
v -0.521795 0.001829 -0.137940
v -0.666897 0.034484 0.063550
v -0.648315 0.026885 -0.083564
v -0.430617 -0.004362 -0.159198
v -0.344200 0.002519 -0.106663
v -0.611181 0.024795 0.124883
v -0.642160 0.028645 0.025778
v -0.607866 0.035330 -0.106726
v -0.573197 0.034635 -0.155521
v -0.486153 -0.001638 -0.188324
v -0.601986 0.026000 -0.079051
v -0.486781 0.032528 -0.183668
v -0.276653 -0.002459 0.027830
v -0.382473 0.021832 -0.174025
v -0.360314 -0.003175 -0.159253
v -0.274927 -0.007343 -0.077882
v -0.470609 0.026255 -0.149732
v -0.391841 0.035190 -0.155183
v -0.306426 0.026785 -0.124168
v -0.260191 0.021712 -0.059468
v -0.248011 -0.005664 0.067910
v -0.277989 0.031441 -0.054959
v -0.345862 0.026483 -0.103356
v -0.241672 0.022962 0.013360
v -0.268320 0.003090 0.138408
v -0.285141 0.023855 0.022399
v -0.280084 0.032287 0.131437
v -0.251709 0.024241 0.093996
v -0.380299 0.025691 -0.051259
v -0.469140 0.032427 -0.047543
v -0.515203 0.021026 -0.021308
v -0.524907 0.025432 0.038266
v -0.516889 0.002089 -0.024637
v -0.525523 -0.003989 -0.031425
v -0.556597 0.001314 0.020358
v -0.518665 -0.006070 0.101582
v -0.544195 0.002280 0.116194
v -0.494539 0.003219 0.207512
v -0.483941 -0.003601 0.228774
v -0.337210 -0.006304 0.184651
v -0.350399 0.002862 0.172471
v -0.268740 -0.004353 0.138347
v -0.627616 0.002029 0.095151
v -0.535062 0.022399 0.241724
v -0.396670 0.023917 0.244883
v -0.313299 0.030893 0.189861
v -0.518072 -0.002919 0.239011
v -0.429083 -0.003427 0.245891
v -0.273463 0.031947 0.135045
v -0.346510 -0.004562 0.214154
v -0.374489 0.002479 0.095217
v -0.396290 -0.005367 0.093760
v -0.358372 0.001625 0.098425
v -0.400241 0.000577 0.091145
v -0.436480 -0.005931 0.099832
v -0.445243 0.024934 0.095053
v -0.491303 0.024762 0.093806
v -0.444157 0.000485 0.125353
v -0.516777 0.003501 0.089976
v -0.519648 0.023480 0.077373
v -0.313678 0.002039 0.114274
v -0.404324 0.021923 0.087864
v -0.495617 0.028155 0.116779
v -0.546753 0.026013 0.109381
v -0.532472 0.034784 0.038640
v -0.523826 0.025303 0.034690
v -0.553493 0.028066 -0.046576
v -0.315259 0.023151 0.113307
v -0.355162 0.023992 0.098046
v -0.398946 0.032234 -0.029565
v -0.408946 0.022350 -0.023290
v -0.402025 0.033979 0.021289
v -0.390171 0.032770 0.092300
v -0.398055 0.024775 0.068456
v -0.402392 0.020369 0.089634
v -0.437032 0.025688 -0.027745
v -0.483713 0.024719 -0.027749
v -0.513872 0.021624 -0.020315
v -0.504051 0.023848 0.091219
v -0.521697 0.024687 0.066531
v 0.521399 0.021389 0.414912
v 0.539075 0.021574 0.428583
v 0.526060 0.036280 0.408470
v 0.545381 0.031087 0.455960
v 0.568135 0.032702 0.498019
v 0.512134 0.029422 0.371205
v 0.670694 0.027622 0.446600
v 0.599621 0.023022 0.630724
v 0.619002 0.031471 0.656007
v 0.540111 0.030414 0.681187
v 0.512214 0.027135 0.706356
v 0.495664 -0.005518 0.705807
v 0.372800 -0.002261 0.672695
v 0.334235 -0.006432 0.630500
v 0.359857 0.001674 0.607615
v 0.315889 0.003773 0.508103
v 0.282468 -0.006413 0.499669
v 0.381528 0.002657 0.444313
v 0.413901 -0.004704 0.469453
v 0.434007 -0.000548 0.445385
v 0.486401 -0.004295 0.411064
v 0.518206 0.021496 0.414380
v 0.518182 0.005807 0.414898
v 0.432368 0.001600 0.652525
v 0.542143 -0.004008 0.667040
v 0.565609 0.009280 0.696360
v 0.628312 0.010267 0.663172
v 0.680449 0.029493 0.591522
v 0.687338 0.034926 0.474745
v 0.710764 0.027226 0.494664
v 0.564742 0.026148 0.328170
v 0.509258 0.026089 0.339673
v 0.619141 0.034636 0.343077
v 0.694061 -0.001486 0.569226
v 0.621166 -0.009568 0.655805
v 0.421197 -0.000218 0.545663
v 0.644056 0.002749 0.569593
v 0.688308 0.030432 0.395038
v 0.568627 0.000953 0.563068
v 0.669939 0.002467 0.504376
v 0.697898 -0.004213 0.422946
v 0.643141 0.034624 0.339318
v 0.508852 0.033364 0.301626
v 0.640993 0.007975 0.329435
v 0.568554 0.031534 0.286351
v 0.641414 0.000739 0.382943
v 0.572824 -0.000997 0.286704
v 0.510836 0.025357 0.272647
v 0.588801 0.004033 0.476989
v 0.510337 -0.004226 0.277980
v 0.479802 0.001581 0.591704
v 0.458453 -0.005394 0.566727
v 0.418117 0.014974 0.459187
v 0.489524 -0.000391 0.559241
v 0.554409 -0.005128 0.533164
v 0.565477 -0.005543 0.500649
v 0.584867 0.000864 0.329884
v 0.508040 0.005103 0.333372
v 0.515863 0.004491 0.382910
v 0.523574 -0.002602 0.405790
v 0.561232 0.022412 0.520042
v 0.520122 0.021938 0.543605
v 0.463477 0.016308 0.563414
v 0.533095 0.022065 0.433489
v 0.520070 0.005987 0.414019
v 0.518358 0.021526 0.414014
v 0.519818 0.028038 0.418223
v 0.497586 0.034130 0.415835
v 0.419087 0.033153 0.439397
v 0.512688 0.028423 0.375392
v 0.382523 0.024995 0.451420
v 0.402325 0.027742 0.517747
v 0.317684 0.028510 0.550608
v 0.370357 0.033744 0.660597
v 0.308786 0.031623 0.601661
v 0.426855 0.026733 0.697569
v 0.416052 0.026652 0.460714
v 0.422899 0.032259 0.507160
v 0.414411 0.024470 0.645991
v 0.445136 0.024303 0.602463
v 0.418898 0.015119 0.458917
v 0.593974 0.025725 0.541128
v 0.508742 0.025523 0.332064
v 0.323504 0.026309 0.428515
v 0.300571 0.005501 0.602246
v 0.356692 0.002165 0.373337
v 0.277742 0.028629 0.534847
v 0.276938 -0.004578 0.447862
v 0.388080 -0.005212 0.304986
v 0.507664 0.004688 0.330160
v 0.510669 -0.003470 0.275544
v 0.299877 0.003563 0.374973
v 0.274038 0.028225 0.459531
v 0.350215 0.025295 0.318024
v 0.325016 0.033554 0.362054
v 0.443949 0.029604 0.276634
v 0.448135 0.005114 0.273984
v 0.417690 0.027157 0.324029
v 0.510093 0.033982 0.280926
v 0.525970 0.035642 0.408733
v 0.515543 0.002191 0.381133
v 0.518820 0.021067 0.417621
v 0.550053 0.031229 0.465875
v 0.431118 0.018383 0.510884
v 0.463997 0.031939 0.570077
v 0.431543 0.018318 0.506462
v 0.476951 0.016165 0.567756
v 0.551975 0.032757 0.538257
v 0.545669 0.020989 0.534600
v 0.558080 0.027570 0.489012
v 0.523532 -0.002371 0.405906
v 0.534456 0.028936 0.434448
v -0.459425 0.018917 0.450340
v -0.459322 0.012935 0.450218
v -0.463682 -0.004298 0.483499
v -0.442200 0.002287 0.578061
v -0.424110 0.001950 0.547843
v -0.431201 -0.004254 0.559965
v -0.423209 0.015920 0.548191
v -0.419720 0.015502 0.545381
v -0.437234 0.017546 0.519326
v -0.446692 0.034603 0.522668
v -0.466403 0.034817 0.448499
v -0.434996 0.030060 0.398407
v -0.447157 0.027241 0.309280
v -0.323616 0.025294 0.397076
v -0.294845 0.024871 0.326840
v -0.199310 0.030430 0.421734
v -0.181374 0.027620 0.410134
v -0.201171 0.032686 0.537581
v -0.170461 0.020916 0.525968
v -0.197502 -0.004100 0.582054
v -0.240734 -0.000743 0.644039
v -0.308141 -0.006697 0.671486
v -0.339091 0.003080 0.651912
v -0.453876 0.003025 0.594761
v -0.426044 -0.004638 0.552411
v -0.226525 0.030422 0.333680
v -0.166551 0.014264 0.463179
v -0.179348 -0.009889 0.488118
v -0.224161 0.001982 0.554054
v -0.290290 0.000425 0.531538
v -0.377232 -0.006414 0.559016
v -0.184920 -0.001833 0.400598
v -0.208231 -0.008304 0.394843
v -0.433514 0.033499 0.290098
v -0.240592 -0.006314 0.318903
v -0.340738 -0.001897 0.267697
v -0.445437 -0.003177 0.271996
v -0.456333 0.028741 0.271282
v -0.376481 0.033084 0.266036
v -0.538038 0.034541 0.322578
v -0.549908 0.027567 0.401330
v -0.560095 0.027024 0.547673
v -0.441559 0.025705 0.573470
v -0.454748 0.024980 0.587223
v -0.312953 0.022402 0.272394
v -0.491679 0.028765 0.466419
v -0.459495 0.019180 0.450003
v -0.362226 0.031222 0.402967
v -0.212696 0.023507 0.514794
v -0.333627 0.032991 0.428774
v -0.219340 0.029638 0.622623
v -0.309184 0.028355 0.652818
v -0.328137 0.011289 0.693017
v -0.405371 0.019986 0.699675
v -0.502419 0.027754 0.665619
v -0.502379 -0.000890 0.668029
v -0.390584 -0.005091 0.692369
v -0.481753 -0.000410 0.636476
v -0.459605 0.013197 0.449290
v -0.403070 0.015327 0.420452
v -0.357363 0.013823 0.410127
v -0.329558 0.021100 0.460912
v -0.313109 0.034283 0.483613
v -0.571144 0.035576 0.579468
v -0.602750 0.031105 0.500583
v -0.587080 0.030925 0.390547
v -0.550567 0.000023 0.336382
v -0.324900 -0.004792 0.294182
v -0.458724 -0.000279 0.310701
v -0.354037 0.004080 0.306623
v -0.339228 0.003260 0.370652
v -0.305268 -0.000401 0.441273
v -0.337721 -0.005614 0.402438
v -0.305152 -0.005627 0.482229
v -0.310556 0.000607 0.511221
v -0.400303 0.001364 0.550731
v -0.364053 0.018944 0.538491
v -0.420685 0.014956 0.547049
v -0.603526 -0.003684 0.450156
v -0.529206 0.001984 0.366864
v -0.576711 -0.003078 0.455312
v -0.600672 0.005461 0.530641
v -0.499309 0.033744 0.659382
v -0.446249 0.005421 0.397181
v -0.552303 0.002151 0.550696
v -0.561683 -0.002839 0.613818
v -0.501630 0.000783 0.666326
v -0.365218 -0.002860 0.405934
v -0.341816 -0.002339 0.425739
v -0.312855 0.018358 0.510766
v -0.488568 0.001840 0.474300
v -0.480586 -0.000740 0.634325
v -0.452036 -0.001958 0.433138
v -0.358783 0.014273 0.410712
v -0.324974 0.021410 0.466590
v -0.248798 0.000324 0.373444
v -0.311778 0.018974 0.505360
v -0.312079 0.031105 0.518319
v -0.272763 0.024624 0.517223
v -0.345375 0.028033 0.566749
v -0.488875 0.030581 0.641814
v -0.346652 0.032494 0.691488
v -0.346681 0.018966 0.530736
v -0.420536 0.015423 0.552004
v -0.375274 0.033031 0.554243
v -0.419215 0.025836 0.558262
v -0.449639 0.025734 0.580064
v -0.420939 0.032357 0.562046
v -0.419738 0.113818 0.119677
v -0.417516 0.092666 0.119619
v -0.444619 0.115488 0.067347
v -0.466536 0.083317 0.014083
v -0.480697 0.087248 0.060125
v -0.557369 0.090055 0.033011
v -0.478185 0.087194 -0.113673
v -0.565791 0.083267 -0.022506
v -0.428223 0.082837 -0.166696
v -0.283713 0.086071 -0.148723
v -0.329676 0.100435 -0.170716
v -0.288555 0.122591 -0.144404
v -0.216079 0.119028 -0.090953
v -0.208049 0.115361 0.018568
v -0.275504 0.112042 0.078737
v -0.370671 0.112904 0.140148
v -0.358478 0.120059 0.119643
v -0.348354 0.119497 0.097610
v -0.381107 0.087693 -0.134057
v -0.175433 0.114062 -0.014260
v -0.171642 0.116672 0.083189
v -0.254998 0.109443 0.164242
v -0.419787 0.119795 0.113837
v -0.389804 0.119580 0.116250
v -0.194472 0.083951 -0.052289
v -0.403590 0.110595 0.223272
v -0.246242 0.117834 0.186352
v -0.196310 0.110301 0.156452
v -0.169333 0.084639 0.036701
v -0.267808 0.088567 -0.093946
v -0.350169 0.090924 -0.075863
v -0.444960 0.118231 0.003559
v -0.462118 0.114262 0.022308
v -0.445101 0.110761 0.145492
v -0.425231 0.113092 0.140379
v -0.315160 0.118696 0.238838
v -0.260820 0.108867 0.223380
v -0.188084 0.081438 0.064529
v -0.209200 0.090431 0.043008
v -0.505585 0.118108 0.195244
v -0.220604 0.079153 0.184094
v -0.371026 0.113321 0.259496
v -0.466840 0.116693 0.245320
v -0.467832 0.110950 0.158735
v -0.322883 0.086255 0.254866
v -0.290892 0.089797 0.026779
v -0.355699 0.082379 -0.036472
v -0.522909 0.111320 0.214828
v -0.429074 0.095225 0.259710
v -0.239226 0.082535 0.155573
v -0.299832 0.080235 0.075693
v -0.363922 0.086795 -0.032386
v -0.332793 0.084619 0.218503
v -0.422023 0.118839 -0.010335
v -0.362139 0.111762 -0.026866
v -0.326999 0.117102 0.019995
v -0.312527 0.084789 0.066578
v -0.402182 0.076971 0.250083
v -0.521277 0.081832 0.211721
v -0.498016 0.089101 0.183353
v -0.319828 0.086360 0.112107
v -0.333422 0.089159 0.086471
v -0.424413 0.081908 0.125859
v -0.467374 0.088739 0.155637
v -0.576908 0.080537 -0.057878
v -0.497628 0.085114 -0.141863
v -0.416742 0.112939 -0.174230
v -0.293470 0.112831 -0.107091
v -0.313008 0.109374 0.070603
v -0.351778 0.117767 0.098936
v -0.396985 0.085346 0.118459
v -0.418453 0.083576 0.121902
v -0.414866 0.087322 0.149710
v -0.469398 0.089108 0.157103
v -0.384940 0.117857 0.114813
v -0.415580 0.099063 0.118128
v -0.552748 0.085697 0.124158
v -0.501678 0.084509 0.187246
v -0.570732 0.081471 0.154414
v -0.545794 0.103728 -0.109309
v -0.490247 0.121459 -0.138940
v -0.366006 0.120992 -0.151759
v -0.318239 0.118757 0.015575
v -0.588548 0.101004 -0.045695
v -0.551540 0.118728 -0.094037
v -0.317561 0.114597 0.071005
v -0.601997 0.115214 0.024784
v -0.347947 0.118932 -0.057601
v -0.473051 0.113604 -0.116581
v -0.590473 0.117848 0.125300
v -0.571603 0.102640 0.166105
v -0.576992 0.119312 0.009237
v -0.561902 0.111630 0.031998
v -0.417458 0.119068 -0.012588
v -0.363560 0.112940 -0.026432
v -0.330762 0.122866 0.020184
v -0.476012 0.119612 0.011268
v -0.494763 0.112369 0.004691
v -0.422019 0.120773 0.124910
v -0.463627 0.113931 0.022729
v -0.447656 0.116899 0.000451
v -0.432348 0.114837 0.096918
v -0.442867 0.109501 0.144564
v -0.425231 0.113092 0.140379
v -0.463910 0.110821 0.156094
v -0.540112 0.113643 0.135103
v -0.604104 0.083467 0.041920
v -0.500497 0.116743 0.189548
v -0.524295 0.107024 0.216246
v -0.418183 0.114082 0.118655
v -0.418183 0.114082 0.118655
v 0.427742 0.120388 -0.346044
v 0.411070 0.116566 -0.332169
v 0.405622 0.122254 -0.324017
v 0.408325 0.114505 -0.291133
v 0.494645 0.112290 -0.303047
v 0.444699 0.112336 -0.241851
v 0.425107 0.121835 -0.201102
v 0.328516 0.120266 -0.214677
v 0.277720 0.112772 -0.255519
v 0.277292 0.117825 -0.211973
v 0.213342 0.120541 -0.301663
v 0.209230 0.111301 -0.269428
v 0.195771 0.083528 -0.288007
v 0.161456 0.087090 -0.395786
v 0.217025 0.087514 -0.473498
v 0.281917 0.080878 -0.593208
v 0.302075 0.089110 -0.563681
v 0.466230 0.085192 -0.567010
v 0.420281 0.076757 -0.607551
v 0.540429 0.084379 -0.555245
v 0.471657 0.090948 -0.604710
v 0.584173 0.118244 -0.481890
v 0.572704 0.118302 -0.375464
v 0.518229 0.113934 -0.283993
v 0.478908 0.116600 -0.314552
v 0.171248 0.120801 -0.418443
v 0.171640 0.112364 -0.346212
v 0.180105 0.084751 -0.492384
v 0.193497 0.117275 -0.513042
v 0.226407 0.089061 -0.560232
v 0.204020 0.112106 -0.396828
v 0.274246 0.112058 -0.598095
v 0.268700 0.111635 -0.363592
v 0.272142 0.112244 -0.549301
v 0.378811 0.091485 -0.627562
v 0.293077 0.113194 -0.445590
v 0.337262 0.118820 -0.602489
v 0.395382 0.110592 -0.625549
v 0.513358 0.116592 -0.573976
v 0.345942 0.118549 -0.483872
v 0.437021 0.111364 -0.578111
v 0.361495 0.112227 -0.510979
v 0.515964 0.110911 -0.523117
v 0.489751 0.112492 -0.444541
v 0.452968 0.120085 -0.414619
v 0.437890 0.121330 -0.339946
v 0.452558 0.108718 -0.437004
v 0.423980 0.119955 -0.465980
v 0.427531 0.119486 -0.345644
v 0.442099 0.122042 -0.376453
v 0.589457 0.083643 -0.462182
v 0.561279 0.086004 -0.363903
v 0.505767 0.090432 -0.292590
v 0.547701 0.090275 -0.450699
v 0.504858 0.078151 -0.555866
v 0.485125 0.088009 -0.466646
v 0.584117 0.116800 -0.326239
v 0.602703 0.089965 -0.402574
v 0.580585 0.083181 -0.326918
v 0.538852 0.082936 -0.266088
v 0.544225 0.117755 -0.262343
v 0.468873 0.119389 -0.205062
v 0.369227 0.100459 -0.184433
v 0.384095 0.080812 -0.198548
v 0.289138 0.083075 -0.210724
v 0.255787 0.087215 -0.273918
v 0.185713 0.080531 -0.382815
v 0.213190 0.089787 -0.359891
v 0.270390 0.088608 -0.362190
v 0.333275 0.083193 -0.482692
v 0.344373 0.085420 -0.475376
v 0.374726 0.081882 -0.476524
v 0.407929 0.086300 -0.495337
v 0.311066 0.115176 -0.394498
v 0.310874 0.111415 -0.370729
v 0.455962 0.086017 -0.436808
v 0.347164 0.108634 -0.476660
v 0.325256 0.116907 -0.430192
v 0.471629 0.088775 -0.391944
v 0.426541 0.085031 -0.343268
v 0.461337 0.091916 -0.321553
v 0.398307 0.114337 -0.466040
v 0.342324 0.088772 -0.226099
v 0.461220 0.092316 -0.321660
v 0.430475 0.090036 -0.300503
v 0.424542 0.087788 -0.344430
v 0.473935 0.089482 -0.206598
v 0.545325 0.119245 -0.261391
v 0.473995 0.084166 -0.231529
v 0.540137 0.084089 -0.264972
v 0.508860 0.090294 -0.290383
v 0.318086 0.119612 -0.352009
v 0.310050 0.109411 -0.367413
v 0.311773 0.117486 -0.397012
v 0.325283 0.119136 -0.434932
v 0.353509 0.107328 -0.485815
v 0.410254 0.113825 -0.460752
v 0.362517 0.121765 -0.343409
v 0.357989 0.087110 -0.317750
v 0.405832 0.086986 -0.328651
v 0.409516 0.116364 -0.331179
v 0.354154 0.119422 -0.348447
v 0.307025 0.084499 -0.369468
v 0.425296 0.120470 -0.347436
v 0.451616 0.118939 -0.411331
v 0.457978 0.109227 -0.435848
v 0.425790 0.120286 -0.347351
v 0.441510 0.120801 -0.376790
v 0.441972 0.111980 0.012440
v 0.393585 0.117902 -0.017570
v 0.337824 0.090714 -0.032108
v 0.339498 0.114156 -0.027875
v 0.284948 0.083198 0.045889
v 0.286011 0.088964 0.019535
v 0.247891 0.085660 0.176691
v 0.230772 0.080026 0.211183
v 0.351397 0.079042 0.259805
v 0.306035 0.108083 0.255309
v 0.437692 0.105328 0.253940
v 0.371206 0.114733 0.258737
v 0.417265 0.119714 0.243939
v 0.516780 0.110960 0.208160
v 0.500422 0.114835 0.177198
v 0.537335 0.115967 0.111114
v 0.529858 0.110993 0.027054
v 0.163559 0.080166 0.056506
v 0.165695 0.086592 0.117762
v 0.479574 0.111925 0.026602
v 0.362598 0.110138 0.219875
v 0.225175 0.118944 0.195547
v 0.186466 0.105191 0.166032
v 0.224440 0.086275 -0.079199
v 0.320279 0.091318 -0.074830
v 0.376066 0.082117 -0.034473
v 0.427378 0.087942 -0.039239
v 0.509907 0.088067 -0.071543
v 0.584548 0.081905 0.019774
v 0.242031 0.109703 0.162459
v 0.148291 0.104432 0.041654
v 0.162792 0.118310 0.093639
v 0.169676 0.108723 -0.045529
v 0.177675 0.084464 -0.051775
v 0.330216 0.089573 -0.132928
v 0.172068 0.121421 -0.020888
v 0.245853 0.086511 -0.131736
v 0.227416 0.113666 -0.122809
v 0.357456 0.085215 -0.173528
v 0.392194 0.082943 -0.147176
v 0.227758 0.122387 -0.111271
v 0.305022 0.115353 -0.165572
v 0.431213 0.100764 -0.168893
v 0.443475 0.081863 -0.156465
v 0.221688 0.114368 -0.052102
v 0.317013 0.113096 -0.127021
v 0.407695 0.122153 -0.160097
v 0.545199 0.080679 -0.075661
v 0.480470 0.117843 -0.142330
v 0.499964 0.089403 -0.134764
v 0.458831 0.113032 -0.115515
v 0.545412 0.117247 -0.086902
v 0.579739 0.097406 -0.025511
v 0.524382 0.117445 -0.068432
v 0.439306 0.114244 -0.039029
v 0.387680 0.120568 -0.031579
v 0.315941 0.114246 -0.073625
v 0.271264 0.113382 0.045556
v 0.196055 0.113369 0.067844
v 0.551924 0.087748 0.166627
v 0.584128 0.085880 0.093247
v 0.425115 0.079568 0.247273
v 0.307986 0.078845 0.223434
v 0.293898 0.088044 0.074482
v 0.297697 0.112605 0.074419
v 0.310197 0.116555 0.021603
v 0.205742 0.091693 0.074516
v 0.337277 0.084849 0.118736
v 0.392630 0.088202 0.222032
v 0.461444 0.082775 0.209438
v 0.501783 0.080642 0.210977
v 0.413964 0.088814 0.163346
v 0.540913 0.087300 0.105701
v 0.374706 0.081136 0.115788
v 0.350192 0.111530 0.104421
v 0.404913 0.084551 0.116281
v 0.540014 0.087013 0.022786
v 0.577907 0.118231 0.109326
v 0.575608 0.120755 0.021706
v 0.402234 0.105964 0.115572
v 0.425899 0.106732 0.069163
v 0.471001 0.083349 0.015023
v 0.489770 0.090161 0.021379
v 0.443370 0.084940 0.009473
v 0.449810 0.084463 0.006065
v 0.491795 0.088972 0.021612
v 0.534973 0.090128 0.023159
v 0.451280 0.082015 0.004962
v 0.442250 0.088614 0.011785
v 0.445670 0.103940 0.013992
v 0.460621 0.118738 0.022562
v 0.403721 0.118715 0.123916
v 0.408085 0.107392 0.110304
v 0.445873 0.104057 0.013891
v 0.408486 0.110764 0.160896
v 0.331417 0.112855 0.145326
v 0.287829 0.120447 0.060079
v 0.339194 0.116429 -0.026147
v 0.312692 0.116836 0.018738
v 0.328299 0.120748 0.105365
v 0.293108 0.110974 0.066732
v 0.319763 0.112673 0.088234
v 0.357090 0.112372 0.104697
v 0.441807 0.118606 0.050286
v 0.366716 0.115622 -0.025827
v 0.396484 0.118977 -0.014449
v 0.442114 0.110927 0.012399
v 0.481924 0.111769 0.026684
v 0.533416 0.111181 0.026873
v 0.578066 0.120004 0.021362
v 0.587619 0.087837 0.019421
v 0.460439 0.118040 0.022494
v 0.319885 0.069161 0.555469
v 0.346655 0.074471 0.601342
v 0.325190 0.080169 0.540412
v 0.365298 0.072581 0.657568
v 0.370849 0.072266 0.553486
v 0.473309 0.071973 0.605250
v 0.384287 0.068677 0.684210
v 0.450166 0.073668 0.752507
v 0.498894 0.073494 0.702855
v 0.414967 0.070633 0.811757
v 0.312665 0.066228 0.848507
v 0.385508 0.037356 0.823195
v 0.274982 0.036953 0.846589
v 0.188874 0.037696 0.814516
v 0.215181 0.044591 0.793344
v 0.238216 0.043826 0.727159
v 0.246263 0.037770 0.709338
v 0.209114 0.039377 0.596806
v 0.219093 0.043452 0.597805
v 0.288004 0.069365 0.562295
v 0.422349 0.066801 0.750433
v 0.307792 0.074614 0.828420
v 0.195835 0.074014 0.824540
v 0.108703 0.039089 0.678662
v 0.111664 0.046697 0.651777
v 0.188957 0.045895 0.584519
v 0.317993 0.040423 0.547179
v 0.318877 0.069049 0.556218
v 0.111050 0.040026 0.744604
v 0.215305 0.045590 0.471856
v 0.294369 0.038676 0.414689
v 0.314306 0.066760 0.803811
v 0.122016 0.069313 0.768069
v 0.076271 0.041437 0.614495
v 0.112809 0.037095 0.531401
v 0.081155 0.071507 0.681292
v 0.126813 0.075991 0.745114
v 0.160194 0.069725 0.756493
v 0.276922 0.068089 0.735090
v 0.115122 0.071647 0.574651
v 0.086173 0.070242 0.574422
v 0.109269 0.047521 0.511114
v 0.210454 0.071021 0.672834
v 0.143960 0.075805 0.476495
v 0.160444 0.041468 0.456490
v 0.235609 0.074976 0.419377
v 0.217632 0.045420 0.424299
v 0.200654 0.071473 0.471372
v 0.295750 0.077436 0.428842
v 0.250356 0.071233 0.547436
v 0.187657 0.068560 0.622891
v 0.337492 0.069560 0.679852
v 0.346972 0.076656 0.688457
v 0.306868 0.072195 0.501254
v 0.298414 0.069345 0.454671
v 0.421491 0.071949 0.500099
v 0.438292 0.077736 0.466807
v 0.492701 0.075127 0.539666
v 0.510896 0.073672 0.621059
v 0.506567 0.045032 0.689307
v 0.467877 0.038826 0.766800
v 0.355430 0.040013 0.804536
v 0.415802 0.042186 0.764969
v 0.486582 0.038370 0.668408
v 0.469070 0.047349 0.661813
v 0.429640 0.045603 0.507088
v 0.357574 0.049192 0.532297
v 0.411578 0.046503 0.675576
v 0.370357 0.039055 0.649425
v 0.342936 0.040560 0.559205
v 0.302989 0.048174 0.514368
v 0.506955 0.041283 0.578011
v 0.469592 0.046055 0.493286
v 0.356467 0.075052 0.422927
v 0.463463 0.038555 0.529333
v 0.367191 0.038695 0.436179
v 0.295771 0.078973 0.423674
v 0.364184 0.052824 0.419386
v 0.294108 0.039374 0.416099
v 0.294908 0.046989 0.461396
v 0.338020 0.037725 0.680266
v 0.277548 0.046430 0.702972
v 0.253909 0.043289 0.692132
v 0.261238 0.068487 0.700088
v 0.239277 0.071688 0.663657
v 0.223346 0.063475 0.600561
v 0.345932 0.042744 0.704172
v 0.295000 0.046725 0.462435
v 0.303326 0.044889 0.514494
v 0.314345 0.072848 0.689292
v 0.367802 0.070064 0.650266
v 0.340695 0.071132 0.582501
v 0.320526 0.050589 0.552584
v 0.319539 0.068890 0.556900
v 0.308532 0.069667 0.508308
v 0.324962 0.079409 0.540789
v 0.293836 0.070160 0.562718
v 0.224671 0.063725 0.594062
v 0.216769 0.075184 0.593470
v 0.228849 0.067523 0.636227
v 0.252765 0.072275 0.685748
v 0.287425 0.072164 0.700372
v 0.275469 0.076529 0.715651
v 0.319225 0.070092 0.557281
v -0.033687 0.025275 -0.065976
v -0.035331 0.019516 -0.073906
v -0.040077 -0.003413 -0.070682
v 0.042213 -0.001824 -0.110428
v 0.059276 -0.004494 -0.145376
v 0.078425 -0.005877 -0.116269
v 0.041354 0.004665 -0.256950
v 0.142633 0.001979 -0.232606
v 0.094178 0.001538 -0.298253
v 0.012008 -0.003438 -0.363019
v -0.089514 -0.002922 -0.355930
v -0.154348 0.005696 -0.322358
v -0.194088 -0.004458 -0.278211
v -0.227049 0.024962 -0.222959
v -0.213186 0.033893 -0.203801
v -0.156579 0.026230 -0.039373
v -0.029243 0.024640 -0.035034
v -0.041103 0.033185 -0.064612
v -0.035476 0.027273 -0.073307
v -0.063297 0.024345 -0.091219
v -0.003673 0.001887 -0.328620
v -0.114148 0.001026 -0.300640
v -0.235161 -0.000549 -0.167615
v -0.231520 0.028378 -0.104057
v -0.198997 0.031837 -0.036918
v -0.089740 0.033609 0.035290
v -0.052694 0.000164 -0.229896
v -0.184587 0.000967 -0.221543
v -0.207053 0.005096 -0.036690
v -0.024458 0.024368 0.015963
v -0.218842 -0.007113 -0.110851
v -0.160906 -0.004333 0.014590
v -0.106728 0.025282 0.050701
v -0.028983 0.023082 0.065766
v -0.182967 0.003271 -0.089989
v -0.128941 0.001377 -0.173461
v 0.012361 0.002607 -0.226979
v -0.115605 0.000412 0.003173
v -0.105368 -0.006393 -0.163862
v -0.048865 0.001338 -0.044504
v -0.031959 0.002205 0.002078
v -0.037185 0.002051 -0.025284
v -0.031946 -0.009936 0.061098
v 0.055403 0.026878 -0.121531
v 0.018806 0.037263 -0.092558
v 0.045935 0.031594 -0.164383
v -0.036087 0.032379 -0.213642
v -0.093497 0.001588 -0.177837
v -0.121258 0.034277 -0.341087
v 0.036069 0.028530 -0.323132
v 0.066490 0.030147 -0.207571
v 0.059269 0.033451 -0.168699
v 0.046836 0.030613 -0.165081
v -0.045311 0.022229 -0.368843
v 0.100788 0.002150 -0.121915
v 0.022442 -0.000000 -0.073039
v -0.037185 0.002051 -0.025284
v -0.032039 0.002785 0.001860
v 0.046467 0.031898 -0.358222
v 0.058594 0.006758 -0.358794
v 0.157034 -0.001978 -0.283214
v 0.176848 -0.004706 -0.159017
v 0.149454 0.003615 -0.106218
v 0.139493 0.023075 -0.305504
v 0.119078 0.037099 -0.304999
v 0.195850 -0.002152 -0.193693
v 0.063174 -0.001787 0.014440
v 0.176486 0.031135 -0.251564
v 0.190426 -0.000575 -0.086379
v 0.157234 -0.005264 -0.024343
v 0.087420 -0.008348 0.019246
v 0.062731 -0.006681 0.052497
v 0.197002 0.023048 -0.103539
v 0.197946 0.033983 -0.162170
v 0.155387 0.027975 -0.212042
v 0.165931 0.027728 -0.032701
v 0.118915 0.015298 0.022832
v -0.031802 -0.009887 0.058932
v 0.139422 0.025631 -0.058643
v 0.113715 0.031858 0.013131
v 0.045324 0.026348 0.058205
v 0.064486 0.027242 -0.096091
v -0.025152 0.024803 0.025056
v -0.029033 0.024769 0.066562
v -0.027583 0.025783 -0.029303
v -0.104061 0.026598 -0.308056
v -0.017374 0.030974 -0.242547
v -0.125659 0.025214 -0.197148
v -0.089120 0.032766 -0.149066
v -0.090505 0.030423 -0.180966
v -0.064363 0.037201 -0.198784
v -0.106090 0.027698 -0.124440
v -0.142087 0.033495 -0.295238
v -0.194064 0.025322 -0.184614
v -0.053197 0.010142 -0.089276
v -0.039825 0.007306 -0.074416
v -0.035537 0.027069 -0.072894
v -0.094462 0.027720 -0.175357
v -0.070545 0.032053 -0.194881
v 0.013602 0.028503 -0.221926
v 0.006028 0.033390 -0.081447
v 0.040762 0.033089 -0.105127
v 0.055772 0.027380 -0.140966
v -0.041912 -0.004387 -0.065672
v -0.084625 0.031817 -0.136911
v -0.071556 0.032036 -0.110195
v -0.035058 0.025713 -0.073018
v -0.040818 0.031623 -0.065196
v -0.048892 0.001108 -0.044643
v -0.016569 0.031371 -0.219185
v 0.016210 0.029790 -0.220559
vn -0.2393 0.6522 -0.7192
vn -0.2711 -0.7829 -0.5600
vn 0.1665 -0.3358 -0.9271
vn 0.0173 -0.9928 -0.1187
vn -0.3296 -0.7068 0.6259
vn 0.0808 -0.9966 0.0176
vn -0.0252 -0.9984 0.0499
vn -0.0222 -0.9982 -0.0549
vn 0.0580 -0.8423 0.5359
vn 0.0818 -0.9965 0.0180
vn -0.5378 -0.5423 -0.6455
vn 0.0087 -0.9957 -0.0917
vn -0.0420 0.9987 -0.0297
vn -0.0972 0.9937 0.0562
vn -0.1802 0.9831 0.0333
vn -0.0317 0.9994 0.0103
vn -0.0147 0.9966 -0.0813
vn -0.3133 0.8979 -0.3092
vn 0.0634 -0.9980 -0.0075
vn 0.2292 0.9733 -0.0112
vn 0.1052 0.9931 0.0514
vn 0.0945 0.9947 0.0414
vn -0.0411 0.9987 -0.0296
vn 0.0359 0.9992 -0.0160
vn 0.1505 0.9878 0.0390
vn 0.3371 -0.7272 -0.5979
vn -0.0727 -0.9962 0.0490
vn -0.0243 -0.9937 0.1094
vn -0.1593 -0.9831 -0.0907
vn -0.0090 -0.9994 -0.0332
vn 0.0309 0.9966 0.0758
vn -0.4042 0.9104 -0.0883
vn -0.6884 0.5841 -0.4301
vn -0.3084 0.7067 -0.6368
vn -0.0650 0.4041 -0.9124
vn 0.3018 0.7128 -0.6331
vn 0.1504 -0.6694 -0.7275
vn 0.5845 0.5527 -0.5941
vn 0.7538 -0.3504 -0.5559
vn 0.6930 -0.6735 -0.2573
vn -0.0257 -0.9991 -0.0345
vn -0.1819 -0.9822 -0.0464
vn 0.5738 -0.7290 0.3733
vn -0.8248 -0.1897 0.5326
vn -0.0361 -0.9993 0.0075
vn -0.0315 0.9940 0.1050
vn 0.7647 -0.6379 -0.0907
vn 0.4330 -0.8808 0.1918
vn -0.1006 -0.9644 -0.2444
vn 0.5816 0.7787 -0.2354
vn -0.1089 0.9916 0.0702
vn 0.7234 0.6884 0.0529
vn 0.9192 0.1581 0.3607
vn 0.6703 -0.3136 0.6726
vn 0.2560 -0.7565 0.6019
vn -0.8441 0.5126 0.1573
vn -0.7952 -0.3849 0.4685
vn -0.4806 0.7890 0.3827
vn 0.3544 0.4111 0.8399
vn -0.0304 -0.7648 0.6436
vn 0.1719 0.9788 0.1114
vn -0.1421 0.9895 -0.0263
vn 0.2665 0.9637 -0.0134
vn -0.1359 0.9880 -0.0729
vn 0.3965 0.8474 0.3532
vn 0.0797 0.6463 0.7589
vn -0.3638 0.1220 0.9235
vn -0.3119 0.7305 -0.6075
vn -0.8495 0.3965 -0.3481
vn 0.0070 0.9977 -0.0672
vn -0.4784 0.6057 0.6358
vn -0.5061 -0.6025 0.6171
vn -0.4434 -0.8906 0.1011
vn 0.0441 -0.9913 -0.1237
vn -0.0631 0.8931 0.4454
vn 0.0392 0.9991 0.0147
vn 0.0240 0.9996 -0.0170
vn 0.0091 0.9999 0.0126
vn 0.2898 0.2833 0.9142
vn -0.0659 0.9964 0.0531
vn 0.3585 0.9122 -0.1983
vn 0.0089 0.9969 -0.0786
vn 0.0057 -0.9966 0.0825
vn 0.0436 -0.9972 0.0611
vn -0.2413 -0.6974 -0.6749
vn -0.5602 -0.7914 -0.2447
vn -0.9748 0.1654 -0.1500
vn -0.7038 -0.7061 0.0776
vn 0.1420 -0.9877 -0.0648
vn -0.3478 -0.8376 0.4212
vn -0.1449 -0.9877 0.0593
vn 0.0630 -0.9945 -0.0836
vn 0.6409 0.2870 -0.7119
vn 0.3608 -0.3859 -0.8491
vn 0.1580 0.7303 -0.6646
vn 0.0970 -0.9910 0.0920
vn -0.2539 -0.6960 -0.6717
vn -0.6122 -0.4425 -0.6553
vn -0.6096 -0.6073 -0.5094
vn -0.8423 -0.5375 -0.0407
vn -0.4839 -0.1274 0.8658
vn -0.9133 -0.0700 0.4013
vn -0.7903 -0.1069 -0.6034
vn 0.0571 0.9922 0.1109
vn -0.0221 0.9985 0.0509
vn -0.0022 -0.9891 -0.1473
vn -0.0624 -0.9923 -0.1067
vn 0.0155 -0.9997 -0.0163
vn 0.5580 -0.6926 -0.4572
vn 0.7698 -0.6169 -0.1636
vn 0.4905 0.7964 0.3539
vn 0.7595 -0.6131 0.2172
vn 0.6319 0.6636 0.4005
vn 0.0445 0.9984 -0.0338
vn 0.0802 0.9963 -0.0310
vn 0.0799 0.9922 -0.0955
vn -0.0262 0.9902 0.1374
vn -0.0611 0.9953 0.0746
vn -0.6933 0.7018 0.1636
vn -0.0635 -0.9914 0.1140
vn 0.0476 -0.7512 -0.6584
vn -0.8424 0.3601 0.4008
vn -0.7140 -0.4741 0.5152
vn -0.4000 0.7174 0.5704
vn 0.2678 0.8956 0.3551
vn -0.0401 0.9990 -0.0217
vn 0.1157 0.9762 0.1836
vn -0.0703 0.9966 -0.0431
vn 0.0383 0.9945 0.0978
vn -0.8256 -0.5620 -0.0508
vn -0.6245 -0.6919 0.3623
vn -0.8264 0.5211 0.2135
vn -0.0631 -0.9980 0.0026
vn -0.1068 -0.9906 -0.0852
vn -0.0660 -0.9956 -0.0664
vn -0.0444 -0.9974 0.0566
vn -0.0834 -0.9960 -0.0318
vn -0.0947 -0.9934 -0.0647
vn 0.3106 -0.2003 -0.9292
vn -0.0518 -0.6476 -0.7602
vn -0.0188 0.8393 -0.5434
vn 0.6527 -0.6120 0.4467
vn 0.8850 -0.1253 0.4485
vn -0.2379 -0.1385 0.9614
vn 0.6867 -0.6591 -0.3066
vn 0.7459 0.6660 0.0073
vn 0.7636 -0.6236 -0.1674
vn 0.6656 0.6927 -0.2776
vn 0.8477 0.3736 -0.3767
vn 0.9114 0.0322 -0.4103
vn 0.0731 0.9961 0.0492
vn -0.0091 0.9911 0.1328
vn -0.0515 0.9795 -0.1948
vn -0.3486 0.6123 0.7097
vn -0.1249 -0.6780 0.7244
vn 0.1220 0.4323 0.8934
vn -0.2545 -0.9663 -0.0376
vn -0.2819 -0.9249 0.2553
vn -0.0092 -0.9986 -0.0523
vn 0.6320 -0.5642 0.5313
vn -0.0354 -0.9991 -0.0241
vn 0.8303 -0.5232 0.1919
vn 0.4241 0.5972 0.6808
vn 0.2590 -0.7233 0.6401
vn -0.0815 0.9632 -0.2563
vn -0.0302 0.9986 -0.0426
vn 0.6423 -0.7269 -0.2431
vn 0.4158 0.7239 -0.5505
vn 0.6867 -0.4842 -0.5423
vn -0.8180 -0.2614 -0.5124
vn -0.2900 -0.9480 -0.1311
vn -0.0457 -0.9961 -0.0752
vn 0.0389 -0.9992 0.0022
vn -0.0103 -0.9999 -0.0017
vn -0.0246 -0.9929 0.1164
vn 0.0568 -0.9967 -0.0582
vn -0.0881 0.9782 -0.1883
vn -0.4631 0.6556 0.5964
vn -0.5515 0.8019 0.2298
vn -0.9476 0.2744 0.1634
vn -0.2878 0.4203 0.8605
vn -0.3530 0.8338 0.4244
vn -0.4873 -0.6396 0.5946
vn -0.1951 0.8920 -0.4078
vn -0.0339 0.9986 0.0402
vn -0.0620 -0.9910 -0.1189
vn -0.0300 -0.9985 -0.0450
vn 0.3699 -0.7789 0.5065
vn 0.0031 0.9802 -0.1979
vn -0.0711 -0.6906 0.7197
vn -0.0364 0.7001 0.7131
vn 0.1420 -0.9881 -0.0596
vn 0.0444 -0.9990 0.0041
vn -0.2427 -0.9633 -0.1144
vn -0.5971 -0.7291 -0.3345
vn -0.3785 -0.7193 -0.5825
vn 0.9401 0.1520 -0.3053
vn 0.0153 0.8784 -0.4777
vn 0.3780 0.6956 -0.6110
vn 0.2319 0.0626 -0.9707
vn -0.0599 0.9970 0.0482
vn -0.3077 0.8548 0.4179
vn 0.7405 0.1551 0.6539
vn 0.1518 0.8964 0.4164
vn 0.1186 -0.8683 -0.4816
vn -0.3899 -0.1276 -0.9120
vn -0.1923 -0.8617 -0.4696
vn -0.8624 0.1336 -0.4883
vn 0.0822 0.9949 0.0579
vn -0.0123 0.9986 0.0513
vn 0.3404 -0.2401 0.9091
vn -0.0994 -0.9903 0.0966
vn -0.0055 -1.0000 -0.0020
vn 0.0609 0.9519 0.3002
vn 0.6945 0.6829 0.2264
vn -0.5706 0.5025 -0.6495
vn -0.1486 0.9826 -0.1110
vn 0.0686 0.9336 -0.3518
vn 0.1536 -0.9050 0.3968
vn 0.9197 0.0773 0.3849
vn 0.8130 0.3914 -0.4311
vn 0.0631 0.9916 -0.1132
vn 0.2185 0.7510 -0.6231
vn 0.7577 0.4291 -0.4917
vn -0.4132 0.9057 -0.0946
vn -0.2736 0.9301 -0.2449
vn -0.8670 0.2830 -0.4102
vn -0.7942 -0.5303 0.2968
vn -0.9907 0.1253 -0.0525
vn -0.4173 -0.9087 -0.0065
vn 0.0717 -0.9935 -0.0883
vn 0.7868 -0.3103 0.5335
vn -0.0801 0.0917 0.9926
vn -0.2207 -0.5412 0.8114
vn 0.3816 -0.2416 0.8922
vn 0.4257 0.3102 0.8500
vn 0.3905 0.5133 0.7642
vn 0.0991 -0.1508 0.9836
vn 0.7008 0.4013 0.5898
vn 0.7256 0.6780 0.1179
vn 0.8086 0.5321 0.2513
vn 0.2223 0.8923 0.3928
vn 0.5041 0.8608 0.0695
vn 0.5441 0.8247 0.1543
vn 0.2548 0.9490 0.1859
vn 0.2453 0.8893 0.3860
vn -0.4393 0.8941 0.0877
vn -0.1625 0.6900 0.7054
vn -0.0569 -0.9971 0.0509
vn -0.0245 -0.9924 -0.1202
vn -0.7334 -0.6244 -0.2687
vn -0.0020 -0.9999 0.0108
vn -0.8658 -0.5000 0.0217
vn -0.3999 0.5108 -0.7610
vn -0.6495 -0.4069 -0.6423
vn -0.6119 0.7067 -0.3552
vn -0.0050 0.8968 0.4424
vn -0.2350 -0.8153 -0.5293
vn 0.8350 0.4228 0.3522
vn 0.6420 -0.6723 0.3687
vn 0.9910 0.0175 -0.1328
vn 0.0437 -0.9763 0.2118
vn -0.0880 -0.9939 -0.0660
vn 0.9696 0.0164 0.2442
vn 0.9054 0.0765 0.4176
vn 0.3018 -0.9259 0.2272
vn -0.8187 -0.5439 -0.1841
vn 0.1721 0.8549 -0.4895
vn -0.6672 0.7291 -0.1523
vn -0.6425 -0.7193 0.2643
vn -0.9381 0.2338 -0.2556
vn -0.0571 0.9742 -0.2185
vn 0.5527 0.8325 -0.0383
vn -0.9920 -0.0884 0.0901
vn 0.9031 0.4263 -0.0523
vn 0.9807 0.1879 0.0544
vn 0.4837 -0.5782 0.6571
vn 0.7001 -0.7110 0.0656
vn -0.6350 -0.6724 0.3804
vn -0.0946 -0.3901 -0.9159
vn 0.4183 -0.2675 -0.8680
vn 0.1039 -0.9262 -0.3623
vn -0.0431 0.9989 -0.0203
vn -0.2052 0.9765 0.0654
vn 0.0923 0.9955 -0.0199
vn -0.6299 -0.7705 0.0974
vn -0.0559 0.9983 0.0165
vn -0.0627 0.9974 -0.0368
vn 0.1617 0.9859 -0.0419
vn 0.8860 -0.3935 0.2452
vn 0.4556 -0.8458 0.2776
vn 0.8674 -0.4787 0.1358
vn 0.7990 -0.5126 -0.3145
vn 0.8695 -0.4165 -0.2656
vn 0.1656 -0.8702 -0.4640
vn -0.7985 0.0850 -0.5959
vn -0.6754 0.7372 -0.0192
vn -0.4156 0.8205 -0.3926
vn 0.1620 0.9268 0.3388
vn -0.1017 0.8004 0.5908
vn 0.6334 0.6182 0.4654
vn 0.8898 -0.2203 -0.3997
vn 0.8723 0.4755 0.1136
vn 0.9668 0.0830 -0.2418
vn -0.1695 0.9830 0.0706
vn -0.5844 0.8069 -0.0863
vn 0.6009 0.5897 0.5396
vn 0.4728 0.7405 0.4775
vn 0.9700 0.2070 0.1273
vn 0.0293 -0.9093 0.4150
vn 0.0410 -0.9979 0.0499
vn 0.3729 -0.5683 0.7335
vn 0.4890 0.8672 0.0938
vn -0.0052 0.9999 -0.0099
vn -0.4373 0.5975 0.6721
vn 0.0367 0.8887 0.4570
vn -0.2079 0.9336 0.2917
vn 0.7486 0.6272 0.2149
vn 0.7322 0.6148 0.2931
vn 0.6022 0.6341 0.4850
vn 0.4597 -0.8347 0.3033
vn 0.6557 -0.7283 -0.1990
vn 0.6191 -0.7300 0.2895
vn -0.0966 -0.9951 -0.0191
vn 0.8698 0.3602 0.3371
vn 0.7284 0.3307 0.6001
vn -0.6636 0.7132 0.2257
vn 0.6861 0.1019 0.7203
vn -0.0805 0.9941 0.0727
vn 0.0080 0.9639 0.2660
vn -0.0728 -0.5506 0.8316
vn -0.0995 -0.3319 0.9380
vn 0.0022 -0.3569 0.9341
vn 0.3149 -0.2257 0.9219
vn -0.1588 0.1213 0.9798
vn -0.6615 0.5273 0.5333
vn 0.4810 -0.7217 0.4978
vn -0.0775 0.0397 0.9962
vn 0.1024 0.8455 0.5240
vn 0.6748 0.1682 0.7186
vn -0.9469 0.0427 -0.3186
vn 0.8467 0.3592 0.3925
vn 0.2990 -0.7560 0.5823
vn 0.4863 -0.1021 0.8678
vn -0.1566 -0.8639 0.4787
vn -0.3747 -0.0411 0.9262
vn -0.9649 0.2197 -0.1441
vn -0.9409 0.3282 -0.0839
vn -0.6494 0.7572 -0.0698
vn -0.5306 0.8369 0.1344
vn 0.1675 -0.4697 0.8668
vn -0.2677 -0.7434 0.6130
vn -0.5516 -0.6721 -0.4941
vn -0.3620 0.7209 0.5910
vn 0.4645 -0.6849 0.5613
vn -0.1007 -0.0719 0.9923
vn -0.4382 -0.1528 0.8858
vn -0.3112 0.3938 0.8649
vn -0.5086 0.8078 0.2980
vn -0.8647 0.4760 -0.1604
vn -0.0557 -0.9294 -0.3649
vn 0.4656 0.6039 0.6469
vn -0.8520 0.0720 -0.5186
vn -0.0316 0.9994 -0.0163
vn -0.2370 0.9401 -0.2452
vn -0.7497 -0.5429 -0.3785
vn -0.4601 -0.6985 -0.5481
vn 0.0453 -0.9928 0.1107
vn 0.0398 -0.9990 0.0186
vn -0.8065 -0.4195 -0.4166
vn 0.4100 0.7443 -0.5272
vn -0.0491 0.9486 0.3128
vn 0.8413 0.0694 -0.5361
vn 0.7999 -0.3677 -0.4744
vn 0.8697 0.4934 0.0133
vn 0.3375 -0.8488 -0.4070
vn -0.6076 -0.6369 -0.4746
vn -0.1050 -0.8652 -0.4903
vn -0.9641 -0.2591 0.0578
vn -0.5038 -0.8276 -0.2476
vn -0.9739 0.0616 0.2186
vn -0.7402 -0.0649 -0.6692
vn -0.6291 0.6449 -0.4339
vn 0.2363 -0.1702 -0.9567
vn 0.3848 -0.0157 -0.9229
vn -0.2841 -0.0375 -0.9581
vn -0.0009 -0.8788 -0.4771
vn -0.1114 -0.8598 -0.4983
vn -0.4322 -0.8753 0.2169
vn -0.7527 0.3797 0.5378
vn 0.2546 -0.8474 -0.4659
vn 0.0043 -0.9987 0.0502
vn 0.0287 -0.9994 -0.0182
vn 0.0404 -0.9976 -0.0560
vn -0.9515 -0.2784 0.1307
vn -0.8153 0.4229 0.3955
vn -0.6626 0.3952 0.6363
vn 0.5524 -0.4494 -0.7020
vn -0.3285 -0.5851 -0.7414
vn -0.7407 -0.6629 -0.1090
vn -0.7901 -0.3349 -0.5134
vn -0.9609 0.0679 0.2683
vn 0.1254 0.9725 0.1960
vn -0.6279 0.6294 0.4579
vn 0.7903 -0.6126 -0.0163
vn 0.8110 0.5398 -0.2256
vn 0.7902 0.5844 0.1845
vn 0.1503 0.9470 0.2840
vn -0.1027 0.9298 -0.3534
vn -0.0440 0.5016 -0.8640
vn -0.0208 0.9994 -0.0273
vn -0.0978 0.9945 -0.0382
vn -0.1225 0.9862 0.1114
vn -0.9586 0.2498 -0.1367
vn -0.5543 0.8242 0.1157
vn -0.1220 0.9900 -0.0708
vn 0.0722 0.9952 -0.0653
vn -0.0347 0.9988 0.0344
vn 0.0533 0.9980 -0.0348
vn -0.0637 0.9971 0.0420
vn -0.3368 0.6233 0.7057
vn 0.1765 0.8588 0.4809
vn -0.3168 -0.9449 0.0828
vn -0.1490 -0.9035 -0.4018
vn 0.0676 -0.9940 0.0865
vn -0.3761 0.9112 0.1682
vn 0.2718 -0.4589 0.8459
vn 0.5318 0.3760 0.7588
vn -0.4505 0.2222 0.8647
vn -0.7398 0.6262 0.2461
vn -0.0422 -0.9052 0.4229
vn 0.5460 -0.7053 0.4522
vn 0.5477 -0.4065 0.7313
vn 0.9583 0.2849 -0.0237
vn 0.5676 -0.8204 -0.0686
vn 0.5496 -0.6163 -0.5640
vn 0.0585 -0.9762 -0.2090
vn 0.1251 -0.7101 -0.6929
vn -0.5210 -0.6607 -0.5404
vn -0.8058 0.1025 0.5833
vn -0.5255 -0.8019 0.2841
vn -0.2477 0.8160 -0.5223
vn -0.3517 -0.6497 -0.6740
vn -0.7061 0.0110 -0.7081
vn 0.0038 0.9965 -0.0836
vn -0.1026 0.4573 -0.8834
vn 0.3047 0.8167 -0.4901
vn -0.1502 -0.7653 -0.6259
vn 0.2043 -0.0370 -0.9782
vn 0.0538 -0.9974 0.0484
vn -0.0678 -0.9820 0.1764
vn 0.0839 -0.9953 -0.0475
vn 0.4782 -0.8775 -0.0372
vn 0.8186 0.5195 -0.2449
vn 0.9507 0.2790 -0.1357
vn 0.8615 0.5077 0.0044
vn 0.5037 0.8249 0.2565
vn 0.1121 0.8207 0.5602
vn 0.3317 0.8544 0.4000
vn -0.3766 0.9021 -0.2105
vn -0.2918 0.8559 0.4270
vn 0.4133 -0.0855 -0.9066
vn 0.2581 0.6221 -0.7392
vn -0.1406 -0.0604 -0.9882
vn 0.3926 -0.9180 0.0566
vn 0.0174 -0.9997 -0.0155
vn 0.7536 -0.2981 -0.5859
vn 0.9597 0.2535 -0.1211
vn 0.3171 0.7965 -0.5148
vn 0.0787 0.5051 -0.8595
vn 0.8183 -0.2415 -0.5216
vn -0.4553 0.1155 -0.8828
vn -0.5135 0.7957 -0.3212
vn 0.3354 0.9318 0.1389
vn 0.7406 0.0781 -0.6674
vn -0.3752 0.8193 0.4335
vn -0.6058 0.3473 0.7158
vn -0.8215 -0.5702 0.0092
vn -0.5228 0.4411 0.7295
vn 0.1007 0.8361 0.5392
vn -0.8901 0.1973 0.4109
vn -0.9632 -0.2683 0.0124
vn 0.2770 -0.9181 -0.2834
vn 0.8593 -0.3815 -0.3406
vn 0.8699 0.4841 0.0946
vn -0.2798 0.8532 0.4403
vn -0.6212 0.7348 0.2722
vn -0.8938 0.3084 0.3256
vn -0.9959 0.0307 -0.0846
vn -0.7067 -0.7075 0.0030
vn 0.3183 -0.8646 -0.3887
vn 0.1373 -0.9674 0.2130
vn -0.0400 -0.8150 -0.5780
vn 0.2887 0.9198 0.2658
vn 0.9232 0.2114 -0.3208
vn -0.8889 0.1112 0.4445
vn 0.2904 0.9543 0.0707
vn 0.0435 0.9969 0.0663
vn -0.8879 -0.4595 -0.0239
vn -0.2182 -0.8512 -0.4774
vn -0.1017 -0.9156 -0.3890
vn 0.8542 -0.1430 -0.4998
vn -0.7022 -0.6787 -0.2153
vn -0.9751 0.2209 0.0170
vn -0.2494 -0.9191 -0.3052
vn 0.0923 -0.9872 -0.1297
vn 0.9390 0.2419 -0.2444
vn 0.5717 0.8151 -0.0934
vn -0.3451 0.9071 0.2411
vn 0.3449 0.6430 -0.6838
vn -0.5457 0.8137 0.2005
vn -0.7195 0.2763 0.6371
vn -0.5686 -0.7468 0.3451
vn -0.7052 -0.0296 0.7084
vn 0.1542 -0.9845 -0.0838
vn 0.0163 -0.9989 0.0429
vn 0.1643 -0.9853 0.0477
vn 0.9219 -0.3670 -0.1241
vn 0.9333 0.3394 0.1173
vn -0.6007 0.7580 0.2542
vn 0.9416 0.3082 -0.1359
vn 0.3967 -0.8005 -0.4492
vn 0.3875 0.8959 0.2172
vn -0.5156 0.7913 0.3287
vn -0.9056 -0.4238 0.0165
vn -0.8925 -0.4287 -0.1402
vn -0.1213 -0.9584 -0.2585
vn -0.7667 0.5430 -0.3425
vn -0.7521 -0.6465 -0.1279
vn -0.7088 0.7045 0.0373
vn -0.0806 0.9781 0.1917
vn -0.9741 -0.1911 0.1206
vn 0.1356 -0.8691 -0.4757
vn -0.0523 -0.4884 -0.8711
vn 0.1314 -0.9666 0.2199
vn 0.3352 -0.7463 -0.5750
vn -0.7909 0.3331 0.5133
vn 0.9502 0.0230 -0.3108
vn 0.4288 0.8760 -0.2209
vn 0.6937 0.6851 -0.2224
vn -0.9192 0.2462 0.3074
vn -0.9201 0.3346 0.2035
vn 0.0374 -0.9989 0.0282
vn 0.0032 -0.9969 0.0792
vn -0.0296 -0.9979 -0.0582
vn 0.6288 0.5882 0.5086
vn -0.0066 -0.8076 -0.5897
vn -0.8459 -0.4388 -0.3032
vn -0.0419 0.9942 -0.0988
vn 0.0728 0.9969 -0.0311
vn -0.2942 0.9540 -0.0578
vn 0.8411 0.5327 -0.0935
vn 0.7235 0.6345 -0.2721
vn 0.9173 0.3469 0.1953
vn 0.5026 -0.7639 -0.4048
vn -0.5128 -0.0762 0.8551
vn -0.5629 -0.6728 -0.4801
vn -0.1806 -0.7030 -0.6879
vn -0.9899 0.1243 0.0686
vn 0.7891 -0.6123 -0.0489
vn 0.9412 -0.1568 -0.2993
vn -0.0867 0.9779 0.1901
vn -0.7829 0.6217 -0.0228
vn -0.3421 -0.9359 0.0835
vn -0.7641 -0.5611 0.3184
vn 0.5621 -0.6660 -0.4904
vn 0.4285 -0.8826 -0.1934
vn 0.9590 0.1170 -0.2581
vn 0.7774 0.3381 -0.5305
vn -0.8781 0.2877 0.3824
vn -0.0397 0.8974 0.4395
vn -0.9297 -0.3110 0.1974
vn 0.3125 0.9415 0.1264
vn 0.2897 -0.8933 -0.3438
vn -0.5672 -0.8028 -0.1838
vn -0.7941 -0.2680 -0.5455
vn 0.8447 0.5229 -0.1144
vn 0.0890 -0.9960 0.0116
vn 0.9659 -0.1284 -0.2249
vn 0.5639 -0.5679 -0.5996
vn 0.1730 -0.9757 -0.1344
vn 0.9075 0.3340 -0.2547
vn 0.7327 -0.5509 -0.3995
vn 0.2993 0.8473 -0.4387
vn 0.7318 0.3679 -0.5738
vn -0.1371 0.9858 -0.0965
vn -0.9029 0.4223 0.0802
vn 0.1098 -0.9213 0.3730
vn 0.1807 -0.9568 0.2278
vn 0.5535 0.6772 -0.4847
vn -0.0192 0.9983 0.0543
vn -0.0800 0.9349 0.3458
vn -0.8961 -0.4379 0.0725
vn -0.8823 0.4138 0.2245
vn 0.6212 0.7836 0.0142
vn 0.8679 0.4554 0.1985
vn 0.2513 0.9064 0.3397
vn 0.0417 -0.9986 -0.0334
vn 0.4796 -0.8760 0.0507
vn -0.1100 -0.9938 -0.0185
vn -0.0079 0.9992 -0.0395
vn -0.0083 0.9993 0.0369
vn 0.7585 -0.5526 -0.3455
vn -0.2379 -0.9504 0.2006
vn 0.0079 -0.9972 -0.0738
vn 0.0052 -0.9428 0.3334
vn -0.0215 -0.9185 0.3948
vn -0.0157 -0.9755 0.2196
vn -0.0909 0.9958 -0.0102
vn -0.1050 0.9905 0.0883
vn 0.2805 0.9566 -0.0792
vn -0.3146 0.9447 0.0926
vn -0.2591 0.9636 -0.0660
vn 0.0908 0.9958 0.0149
vn -0.5530 0.7934 0.2545
vn -0.1279 0.9864 -0.1030
vn 0.2552 0.8790 0.4028
vn 0.7345 0.5634 -0.3784
vn 0.0455 0.9984 -0.0334
vn 0.9057 0.4210 0.0507
vn 0.4605 -0.8223 -0.3343
vn 0.5863 0.0449 -0.8089
vn -0.0163 -0.2103 -0.9775
vn -0.6090 0.4884 -0.6249
vn -0.0356 0.1268 -0.9913
vn -0.2502 0.9681 -0.0118
vn -0.1593 0.0458 -0.9862
vn -0.3551 0.8194 0.4500
vn -0.2500 0.4793 0.8413
vn 0.0810 0.6159 0.7836
vn 0.3091 -0.8704 0.3832
vn -0.1139 -0.9935 -0.0021
vn 0.7503 -0.6217 0.2248
vn -0.3854 -0.9056 -0.1770
vn -0.5705 0.7991 0.1899
vn -0.7791 0.3653 0.5095
vn -0.8653 0.0845 0.4940
vn 0.0273 -0.7249 -0.6883
vn -0.1639 -0.4099 -0.8973
vn -0.1841 0.6719 -0.7174
vn 0.6312 -0.3853 -0.6731
vn 0.3133 -0.6639 -0.6790
vn 0.2754 0.6418 -0.7157
vn -0.0743 0.9676 0.2414
vn 0.8079 -0.5833 -0.0836
vn -0.8518 -0.5239 -0.0054
vn 0.0605 0.9229 0.3803
vn -0.5127 -0.8546 -0.0830
vn 0.0033 0.9990 0.0441
vn 0.0558 0.9823 -0.1788
vn 0.0672 0.9970 0.0378
vn 0.4073 -0.8998 -0.1563
vn 0.2479 -0.7738 -0.5829
vn -0.6400 0.7682 -0.0136
vn 0.0900 -0.8337 -0.5449
vn -0.1928 0.9788 -0.0685
vn 0.3080 0.8990 0.3113
vn 0.3191 0.9406 -0.1159
vn 0.8072 0.4447 -0.3881
vn 0.8527 0.1487 0.5008
vn -0.0672 -0.9976 -0.0181
vn -0.0349 -0.9918 -0.1228
vn 0.1376 -0.9716 0.1923
vn 0.2485 0.9619 -0.1138
vn 0.7075 -0.7028 0.0741
vn 0.7523 -0.3965 0.5261
vn 0.0188 -0.9987 0.0472
vn -0.9690 -0.0451 -0.2430
vn -0.5457 -0.7987 0.2535
vn 0.1436 -0.9880 -0.0568
vn 0.1141 -0.9677 -0.2247
vn -0.8875 -0.4481 0.1077
vn -0.7947 0.5999 -0.0922
vn -0.7076 -0.6553 -0.2644
vn -0.9537 -0.2838 0.0998
vn -0.4736 0.7289 -0.4944
vn -0.7974 0.6012 -0.0519
vn 0.1061 0.9943 -0.0042
vn -0.4229 0.9062 0.0033
vn 0.0673 0.9972 -0.0330
vn -0.4126 -0.4219 0.8073
vn 0.4917 0.8702 -0.0327
vn 0.5672 0.8217 -0.0560
vn -0.4997 -0.6533 -0.5688
vn -0.7436 0.4896 -0.4554
vn -0.0063 0.9996 -0.0277
vn -0.1918 0.9808 -0.0342
vn -0.0212 -0.9996 0.0177
vn 0.5514 -0.7645 -0.3338
vn -0.2170 -0.9020 0.3733
vn 0.4528 0.8147 0.3624
vn -0.0517 0.9837 -0.1722
vn 0.4967 0.6673 0.5550
vn 0.6187 0.7549 -0.2176
vn 0.8147 0.5729 0.0897
vn 0.4600 -0.8873 -0.0337
vn -0.4887 0.8261 0.2806
vn 0.7975 0.4093 0.4433
vn 0.1302 0.8761 0.4642
vn 0.9958 0.0851 -0.0343
vn -0.9118 0.4105 0.0150
vn -0.5910 0.6326 0.5005
vn -0.9183 0.1006 -0.3829
vn -0.6053 -0.5609 -0.5648
vn 0.1523 -0.5466 -0.8234
vn 0.8618 -0.4598 -0.2142
vn 0.7972 -0.0424 0.6023
vn 0.9564 -0.2894 0.0393
vn 0.8066 -0.0454 0.5894
vn 0.4450 0.4399 0.7800
vn -0.6276 0.7034 0.3337
vn 0.2035 -0.9709 -0.1264
vn 0.8623 0.2278 0.4522
vn -0.4216 0.7273 0.5416
vn -0.8483 0.3687 0.3800
vn -0.5934 0.0473 0.8035
vn -0.7337 0.5544 0.3929
vn -0.9480 -0.0096 -0.3182
vn -0.3287 -0.2850 -0.9004
vn 0.5887 -0.6762 -0.4429
vn -0.1007 -0.9948 0.0132
vn 0.6947 0.4071 0.5930
vn -0.5010 -0.2296 -0.8345
vn 0.9655 0.1366 0.2217
vn -0.1937 -0.9334 -0.3020
vn 0.4072 -0.9034 -0.1344
vn -0.9091 -0.2525 -0.3313
vn 0.7060 -0.6825 -0.1890
vn 0.9153 -0.3805 -0.1319
vn -0.0628 0.6695 0.7402
vn 0.7694 0.3481 0.5356
vn 0.0950 0.7732 0.6270
vn -0.9703 0.2402 0.0301
vn -0.0038 -0.9950 -0.1000
vn -0.0864 -0.9904 -0.1083
vn 0.4293 -0.6627 0.6136
vn -0.8281 0.5059 -0.2416
vn -0.6618 -0.6798 -0.3161
vn 0.2978 -0.7446 -0.5974
vn -0.0001 0.9951 0.0987
vn -0.0947 0.9306 0.3535
vn -0.0809 0.9961 -0.0348
vn -0.4774 0.8775 0.0456
vn 0.2555 0.9635 0.0803
vn -0.3848 0.8921 0.2367
vn -0.9536 -0.0494 -0.2969
vn -0.0260 -0.9600 -0.2789
vn 0.2979 0.9307 0.2121
vn 0.7745 0.6163 0.1424
vn -0.4803 0.8536 0.2016
vn -0.0864 -0.9963 -0.0021
vn -0.9520 0.0427 -0.3030
vn 0.5691 0.7807 0.2581
vn 0.9038 0.4143 0.1074
vn 0.1746 -0.9432 0.2827
vn -0.9031 -0.4287 -0.0241
vn -0.1293 0.9870 0.0953
vn -0.6471 -0.7160 0.2620
vn -0.5170 -0.6017 0.6089
vn -0.6327 0.6510 0.4194
vn -0.9414 -0.2473 -0.2292
vn -0.6554 0.3720 0.6573
vn 0.3988 -0.7008 -0.5914
vn 0.8947 -0.3353 0.2952
vn 0.8424 -0.0863 0.5319
vn -0.1061 0.7447 0.6590
vn -0.6903 0.5367 -0.4852
vn -0.8379 0.5319 0.1225
vn -0.4373 -0.3741 -0.8178
vn 0.0970 0.4735 0.8754
vn 0.3670 -0.6042 -0.7073
vn -0.3979 -0.5848 -0.7069
vn 0.3910 0.8938 -0.2197
vn 0.8277 0.4364 0.3528
vn 0.0316 0.9994 0.0135
vn -0.8901 -0.3994 -0.2197
vn -0.9832 0.0410 -0.1777
vn 0.8477 -0.4487 -0.2829
vn 0.6031 -0.6960 -0.3897
vn -0.8042 0.0524 -0.5921
vn 0.9092 0.2523 0.3311
vn -0.7682 0.5432 0.3389
vn 0.1626 0.6476 0.7444
vn 0.9497 0.1520 0.2738
vn -0.0460 -0.9989 -0.0106
vn -0.0828 -0.9966 -0.0048
vn 0.7645 -0.6314 0.1294
vn 0.1465 0.7074 0.6914
vn 0.3758 -0.6526 0.6579
vn 0.4033 0.6898 0.6013
vn -0.7315 -0.2281 -0.6426
vn -0.1008 0.9617 0.2549
vn 0.6883 -0.6038 -0.4022
vn 0.0789 0.9968 -0.0157
vn -0.0433 0.9733 -0.2253
vn -0.1068 0.9930 -0.0497
vn -0.5029 -0.0791 0.8607
vn -0.3920 0.5308 0.7514
vn 0.2750 0.7114 0.6467
vn 0.5466 0.2586 0.7965
vn 0.7479 -0.0615 0.6610
vn 0.5574 -0.6881 0.4646
vn 0.9267 0.1145 0.3580
vn 0.7289 0.5731 0.3745
vn -0.3121 -0.1800 -0.9329
vn -0.3156 -0.3771 -0.8707
vn 0.4914 -0.8709 -0.0058
vn 0.6133 -0.4067 -0.6771
vn -0.3592 0.5507 -0.7534
vn -0.2974 0.8584 -0.4179
vn -0.5006 0.5476 -0.6704
vn -0.1606 -0.4109 -0.8974
vn -0.1320 0.6499 -0.7484
vn -0.0084 0.9630 0.2692
vn 0.0607 0.9933 0.0988
vn 0.2065 -0.7832 -0.5865
vn -0.2377 -0.7208 -0.6511
vn 0.1699 -0.4664 -0.8681
vn 0.0416 -0.9898 -0.1361
vn -0.7584 0.6220 0.1949
vn -0.0109 -0.5153 -0.8569
vn 0.6017 -0.4900 -0.6308
vn -0.0826 0.8047 0.5879
vn 0.5351 -0.6202 0.5736
vn -0.1494 0.8600 0.4879
vn 0.4330 -0.1569 0.8876
vn -0.4259 -0.8691 -0.2514
vn 0.1227 -0.9800 0.1568
vn 0.3701 -0.9286 0.0258
vn -0.0918 -0.9948 0.0431
vn 0.1711 0.5812 0.7956
vn 0.0517 -0.9985 -0.0185
vn 0.0007 -0.9995 0.0322
vn 0.0099 -0.9976 -0.0678
vn -0.7644 -0.6431 -0.0464
vn -0.1491 0.7638 0.6279
vn 0.1771 0.6798 -0.7117
vn -0.0740 0.1541 -0.9853
vn -0.3691 0.5906 -0.7176
vn -0.6430 0.6663 -0.3777
vn -0.0024 0.9976 0.0699
vn -0.3226 0.9250 0.2007
vn 0.0542 0.9953 -0.0802
vn 0.0273 0.9995 0.0127
vn -0.7393 -0.1186 -0.6629
vn -0.4948 0.2660 -0.8273
vn -0.1205 -0.5529 -0.8245
vn -0.3746 -0.0092 -0.9271
vn -0.5940 -0.6475 -0.4774
vn -0.0049 0.9992 0.0385
vn -0.1036 0.9939 0.0383
vn 0.0592 0.9944 -0.0875
vn 0.2178 0.9755 0.0303
vn -0.0736 0.9949 -0.0689
vn 0.6666 0.6493 -0.3661
vn -0.0551 -0.9984 -0.0091
vn 0.0273 -0.9996 -0.0005
vn 0.5672 -0.6397 0.5187
vn -0.1404 0.5868 0.7975
vn -0.1211 -0.6339 0.7639
vn 0.1980 -0.4537 0.8689
vn 0.0957 0.9754 0.1985
vn -0.3272 0.6746 0.6617
vn -0.3637 0.7562 0.5439
vn 0.1883 0.7429 0.6424
vn 0.0589 0.9961 -0.0658
vn -0.5753 0.5459 0.6091
vn 0.8443 -0.5301 -0.0786
vn 0.1578 0.9134 -0.3751
vn 0.0568 0.9977 -0.0372
vn -0.0561 0.9968 0.0577
vn -0.1810 0.5172 -0.8365
vn 0.0363 0.9933 0.1097
vn 0.1833 0.6777 -0.7121
vn 0.1288 -0.9590 -0.2524
vn -0.4227 -0.8481 0.3194
vn 0.1536 -0.9867 -0.0525
vn -0.0285 0.9964 -0.0799
vn 0.0231 0.9517 0.3060
vn 0.0671 0.9966 0.0486
vn -0.5715 0.0981 -0.8147
vn 0.0095 0.9068 -0.4214
vn -0.0050 0.9151 -0.4033
vn 0.0240 0.6715 -0.7406
vn 0.9222 -0.1614 -0.3515
vn 0.7805 -0.0252 -0.6247
vn -0.3817 -0.6162 0.6890
vn 0.0033 -0.9826 -0.1858
vn 0.4313 -0.8672 -0.2488
vn 0.2341 -0.4255 -0.8741
vn 0.2732 -0.7095 -0.6496
vn 0.5263 0.4105 -0.7447
vn -0.0896 0.9865 0.1368
vn 0.6903 0.6409 -0.3358
vn 0.0950 -0.6313 0.7697
vn -0.0233 -0.9996 0.0129
vn 0.2763 -0.9596 0.0525
vn -0.0701 -0.9887 0.1326
vn 0.2339 -0.9534 -0.1908
vn 0.9448 -0.2488 0.2131
vn -0.0870 0.9951 -0.0470
vn 0.5728 0.6816 0.4554
vn 0.5454 0.8353 -0.0692
vn -0.0671 -0.4148 0.9074
vn 0.3227 -0.0193 0.9463
vn 0.2404 -0.6245 0.7431
vn 0.0433 -0.3221 0.9457
vn 0.3811 -0.4257 0.8207
vn -0.0366 -0.9980 0.0506
vn 0.0246 -0.6693 -0.7426
vn 0.0425 -0.9969 0.0660
vn -0.0844 0.9964 0.0020
vn -0.1955 0.9666 -0.1655
vn -0.4126 0.5945 -0.6902
vn -0.6927 0.6981 -0.1812
vn 0.0410 -0.9815 -0.1869
vn 0.0632 -0.9954 0.0721
vn -0.0018 -0.9973 0.0741
vn -0.8014 0.3830 0.4594
vn -0.8177 0.3817 0.4309
vn -0.0270 0.9984 0.0498
vn 0.0976 -0.2354 -0.9670
vn -0.5287 0.0322 -0.8482
vn -0.4834 -0.3348 -0.8089
vn 0.1821 -0.9614 -0.2064
vn -0.1071 -0.9939 0.0244
vn -0.4552 -0.8753 0.1633
vn 0.5883 0.7532 0.2943
vn 0.8027 0.5578 0.2112
vn 0.7806 -0.6072 -0.1481
vn 0.8214 0.5613 -0.1009
vn 0.3528 0.8958 -0.2702
vn 0.4295 -0.3981 -0.8106
vn 0.6921 -0.2533 -0.6759
vn 0.3232 -0.4617 0.8261
vn 0.2976 -0.8073 0.5096
vn -0.0032 -0.7131 0.7010
vn -0.3599 -0.9132 0.1910
vn -0.1064 -0.6860 0.7198
vn -0.3782 -0.5365 0.7544
vn -0.7215 -0.6876 0.0814
vn -0.0216 -0.3128 0.9496
vn 0.0878 -0.2474 0.9649
vn 0.3932 -0.5776 0.7154
vn 0.0707 -0.5504 0.8319
vn -0.3499 -0.3201 0.8804
vn 0.1623 -0.3673 0.9158
vn 0.2023 -0.5825 0.7873
vn -0.1266 -0.9257 0.3564
vn -0.1825 -0.5931 0.7842
vn -0.1575 -0.9407 0.3006
vn 0.2446 0.7247 -0.6442
vn -0.1040 0.5734 -0.8126
vn 0.1143 -0.6101 -0.7840
vn -0.0386 -0.9985 -0.0385
vn -0.4852 -0.7409 -0.4644
vn 0.0072 -1.0000 -0.0014
vn 0.0505 0.9985 0.0228
vn -0.7403 0.6697 0.0582
vn -0.6293 0.6221 0.4658
vn -0.4935 -0.6914 0.5276
vn 0.0190 -0.7845 0.6198
vn -0.3966 -0.4232 0.8146
vn -0.4002 -0.8142 -0.4207
vn 0.5166 -0.7395 0.4316
vn -0.1512 -0.9546 -0.2568
vn -0.0690 -0.9972 -0.0279
vn -0.0226 0.9997 0.0106
vn -0.2141 0.5475 0.8090
vn 0.0554 0.6939 0.7180
vn 0.5834 -0.5163 0.6270
vn 0.2625 -0.5024 0.8238
vn -0.0640 -0.9979 0.0111
vn -0.8241 -0.4845 0.2936
vn -0.7093 -0.7045 -0.0233
vn 0.0294 0.9853 0.1682
vn 0.0646 0.9961 -0.0604
vn -0.7500 0.4821 -0.4528
vn -0.0970 -0.5244 0.8460
vn 0.5023 0.8427 -0.1936
vn -0.5621 0.7145 -0.4165
vn -0.9980 -0.0592 -0.0221
vn 0.9407 -0.2434 0.2364
vn -0.7332 0.6499 0.2001
vn -0.8372 0.5286 -0.1406
vn -0.7129 -0.7008 0.0269
vn 0.4442 -0.5067 -0.7388
vn 0.4097 -0.1295 -0.9030
vn -0.0948 -0.9763 -0.1947
vn 0.0653 0.9976 -0.0234
vn 0.0627 0.9970 0.0459
vn -0.8853 0.3091 0.3474
vn -0.5891 -0.1664 -0.7907
vn -0.2017 -0.4222 -0.8838
vn -0.1412 -0.9500 -0.2786
vn -0.7196 -0.6180 -0.3167
vn 0.0453 -0.9976 0.0522
vn -0.0036 -0.1338 0.9910
vn 0.2275 -0.0597 0.9719
vn -0.1860 0.3775 0.9072
vn -0.0281 -0.9918 -0.1244
vn -0.5860 -0.7005 0.4074
vn -0.0617 -0.9981 0.0023
vn -0.0186 -0.9943 0.1049
vn 0.0407 -0.1110 0.9930
vn 0.2625 0.6620 0.7020
vn -0.3871 0.6868 0.6152
vn -0.7732 0.3177 0.5489
vn 0.0414 0.9964 0.0736
vn 0.0828 0.9959 0.0353
vn -0.0407 0.9992 0.0061
vn -0.1959 -0.9797 -0.0419
vn -0.4795 -0.7988 0.3634
vn 0.2894 -0.9571 -0.0151
vn 0.5334 -0.7568 0.3779
vn 0.1070 -0.9937 -0.0343
vn 0.8761 -0.4116 0.2511
vn 0.5805 -0.4317 0.6904
vn -0.5917 -0.4025 0.6985
vn 0.9338 -0.2920 -0.2069
vn 0.7362 0.6753 0.0453
vn 0.7650 0.2492 0.5939
vn 0.4952 0.8427 0.2114
vn -0.9948 -0.0367 -0.0952
vn -0.6226 0.7092 -0.3307
vn 0.5248 0.7497 -0.4032
vn 0.9466 -0.0589 -0.3170
vn 0.8027 0.4511 -0.3901
vn -0.2421 0.7701 -0.5902
vn -0.9631 -0.2478 0.1053
vn -0.1788 0.9141 -0.3640
vn 0.7958 0.5618 -0.2259
vn 0.3087 0.8387 0.4487
vn -0.1847 0.8437 -0.5040
vn -0.8165 0.4346 -0.3801
vn -0.9018 -0.3909 0.1843
vn -0.9691 0.1547 -0.1919
vn -0.5194 -0.7722 0.3660
vn 0.7117 0.3806 0.5904
vn 0.0464 0.9951 0.0871
vn 0.0807 0.9962 -0.0321
vn -0.0863 0.9900 -0.1119
vn 0.9131 -0.3031 0.2726
vn 0.3382 -0.8338 0.4363
vn 0.9657 -0.1915 -0.1752
vn 0.9641 -0.1781 -0.1969
vn 0.8852 0.4093 -0.2209
vn -0.5432 0.5950 0.5924
vn -0.6864 0.5435 0.4832
vn -0.8460 -0.4507 0.2848
vn 0.0199 0.9991 0.0374
vn -0.1195 0.6643 -0.7379
vn 0.0352 0.9987 0.0367
vn 0.0370 -0.9962 0.0788
vn -0.0074 -0.9988 0.0485
vn 0.1023 -0.9646 0.2431
vn -0.0565 0.9982 0.0210
vn -0.0460 0.9987 -0.0224
vn 0.0860 0.9959 -0.0282
vn -0.0807 -0.9329 -0.3510
vn 0.4783 0.2127 0.8521
vn 0.0120 0.7398 0.6727
vn 0.1195 -0.6541 0.7469
vn 0.7069 0.4020 0.5820
vn 0.4508 -0.7305 0.5130
vn 0.4400 -0.8960 -0.0604
vn -0.3223 -0.9388 -0.1214
vn -0.0362 -0.9978 -0.0554
vn 0.4959 -0.8538 0.1587
vn -0.6746 -0.3591 0.6449
vn -0.7752 0.2907 -0.5609
vn 0.0411 -0.8028 0.5948
vn -0.0954 -0.9889 0.1139
vn -0.5914 0.7085 -0.3851
vn -0.0431 -0.9987 -0.0270
vn 0.1439 -0.9865 -0.0777
vn -0.9178 -0.3559 -0.1759
vn 0.0121 -0.9388 0.3443
vn -0.7146 -0.6215 0.3210
vn 0.3365 -0.8133 0.4747
vn -0.3659 0.3625 -0.8572
vn -0.4271 0.7175 -0.5502
vn -0.9936 0.1029 -0.0475
vn 0.5678 -0.7377 0.3652
vn -0.1250 0.8662 -0.4839
vn 0.3982 0.7544 -0.5217
vn 0.9464 0.2675 0.1809
vn -0.9661 -0.1459 0.2128
vn 0.3185 0.8749 -0.3648
vn 0.8124 -0.5259 0.2518
vn 0.6891 -0.7019 0.1801
vn -0.8017 -0.3573 0.4792
vn -0.6720 -0.7398 0.0320
vn 0.5170 0.8417 -0.1555
vn 0.4744 0.8608 0.1844
vn 0.9766 0.2050 0.0646
vn 0.8753 0.2538 -0.4117
vn -0.5811 -0.5942 0.5561
vn 0.1462 -0.8073 0.5717
vn 0.8612 -0.4567 0.2231
vn 0.4495 0.7141 -0.5367
vn -0.0585 -0.9982 0.0119
vn 0.5201 -0.6830 -0.5128
vn 0.5720 -0.6510 0.4990
vn 0.8261 -0.4779 0.2986
vn 0.1157 -0.7725 0.6244
vn -0.6179 -0.7786 0.1094
vn 0.5998 -0.5105 -0.6161
vn 0.5038 0.8327 -0.2297
vn -0.2419 0.7205 -0.6499
vn 0.4246 0.0588 0.9035
vn 0.4642 0.2346 0.8541
vn 0.2697 0.9319 0.2426
vn -0.0419 -0.9966 0.0710
vn -0.0131 -0.9970 0.0757
vn -0.0270 -0.9913 -0.1291
vn -0.9553 0.0484 0.2918
vn 0.8220 -0.4148 0.3903
vn 0.9117 0.0205 0.4103
vn 0.9215 -0.3486 0.1712
vn 0.7906 -0.2018 -0.5781
vn 0.2207 -0.9456 -0.2392
vn 0.2852 -0.5673 -0.7726
vn 0.8488 0.5264 0.0491
vn 0.7148 0.5801 0.3907
vn 0.7267 -0.5128 0.4570
vn 0.2479 0.5597 -0.7908
vn 0.5941 0.6893 -0.4147
vn -0.9602 0.2774 -0.0313
vn -0.8703 -0.4924 0.0133
vn 0.8065 -0.5886 0.0555
vn -0.0681 0.9689 0.2379
vn 0.2612 0.4723 0.8418
vn -0.0345 0.9873 -0.1552
vn 0.4514 0.1592 0.8780
vn 0.0471 0.4579 -0.8878
vn 0.0847 -0.9961 -0.0252
vn 0.0636 -0.9947 -0.0807
vn -0.1727 -0.9547 0.2423
vn -0.5968 -0.0411 0.8014
vn -0.7547 -0.3895 0.5279
vn -0.4770 -0.6288 0.6140
vn -0.4426 0.5484 0.7095
vn 0.0197 -0.5435 0.8392
vn -0.1940 0.2455 0.9498
vn -0.1337 -0.7080 -0.6934
vn -0.9570 0.2322 -0.1739
vn -0.8622 -0.5004 -0.0794
vn -0.1086 -0.9923 0.0601
vn -0.8210 0.4796 0.3099
vn -0.7014 0.7034 -0.1154
vn -0.7353 -0.6772 -0.0271
vn 0.0057 0.8076 -0.5898
vn 0.0767 0.9957 0.0522
vn 0.0525 0.9894 0.1353
vn -0.2609 0.8291 0.4945
vn -0.4944 0.1801 0.8504
vn -0.7968 -0.0986 0.5961
vn -0.3095 -0.3123 -0.8982
vn 0.5571 0.4789 -0.6784
vn -0.8619 -0.1335 0.4892
vn -0.1191 0.9917 -0.0490
vn 0.0152 0.9979 0.0626
vn 0.3107 0.9297 0.1978
vn -0.5102 -0.0588 0.8580
vn -0.0237 -0.2821 0.9591
vn -0.2282 -0.2344 0.9450
vn 0.0932 -0.7592 -0.6441
vn 0.7444 -0.6507 -0.1499
vn 0.3766 0.8167 0.4373
vn -0.0729 0.9429 -0.3249
vn 0.2931 -0.9471 0.1304
vn 0.9319 0.0110 0.3627
vn 0.5499 -0.7796 -0.2997
vn -0.5513 -0.6178 -0.5607
vn -0.1272 -0.5464 -0.8278
vn 0.0118 -0.9967 -0.0804
vn 0.6418 0.7360 -0.2154
vn 0.2256 0.7089 -0.6683
vn -0.0575 0.9968 0.0554
vn -0.1809 0.9421 -0.2823
vn -0.8368 -0.0839 -0.5411
vn -0.4801 0.7800 -0.4014
vn -0.9503 0.1626 0.2657
vn -0.8894 -0.3860 0.2448
vn -0.6926 0.7104 -0.1251
vn -0.0513 0.8301 -0.5553
vn 0.9255 0.1396 -0.3520
vn 0.8030 -0.5950 -0.0340
vn -0.3031 -0.8360 0.4575
vn -0.7112 -0.5208 0.4721
vn -0.8133 0.5679 0.1268
vn -0.3394 0.9224 -0.1843
vn -0.3926 0.7962 -0.4604
vn -0.3686 -0.7905 0.4891
vn 0.0093 -0.9999 -0.0142
vn -0.0919 -0.9915 -0.0926
vn -0.1113 -0.9785 0.1739
vn -0.4416 -0.8777 -0.1859
vn -0.2385 -0.7157 -0.6564
vn -0.6771 -0.0787 -0.7317
vn 0.8979 -0.4179 -0.1385
vn -0.7321 0.6634 0.1547
vn 0.1544 -0.3361 -0.9291
vn -0.0326 -0.9458 -0.3230
vn -0.2254 -0.2301 -0.9467
vn -0.6052 0.7167 -0.3465
vn 0.0483 -0.9969 0.0623
vn -0.0419 -0.9991 -0.0027
vn 0.2400 -0.9701 0.0370
vn -0.6154 -0.7528 0.2335
vn 0.0509 0.0797 -0.9955
vn 0.9431 -0.1072 -0.3147
vn 0.1808 0.9480 -0.2620
vn 0.2970 -0.9441 -0.1428
vn -0.0275 0.9993 0.0248
vn -0.0240 0.9985 0.0498
vn -0.0992 0.9579 0.2693
vn -0.0380 0.7280 -0.6845
vn -0.4470 0.5946 -0.6684
vn -0.0347 0.9990 0.0268
vn -0.6340 -0.5574 -0.5361
vn -0.3573 0.8645 -0.3534
vn -0.3910 0.3455 -0.8531
vn -0.6763 -0.7011 0.2261
vn 0.0853 -0.9959 -0.0306
vn 0.0570 -0.9964 -0.0623
vn -0.0917 0.9954 0.0292
vn -0.1075 -0.8399 0.5319
vn -0.8580 -0.0252 0.5131
vn -0.5573 0.6578 0.5068
vn -0.7476 0.6560 0.1034
vn -0.4492 -0.6416 0.6218
vn 0.2409 -0.8629 -0.4442
vn 0.3853 -0.8993 -0.2070
vn -0.9315 0.3458 -0.1127
vn -0.0599 -0.9713 -0.2300
vn 0.2058 -0.9732 0.1027
vn 0.4135 -0.6798 0.6057
vn 0.8685 -0.2924 0.4003
vn 0.9056 -0.4237 0.0206
vn -0.3690 -0.9133 -0.1721
vn -0.9334 0.3322 -0.1355
vn -0.8683 -0.1345 -0.4775
vn 0.6018 -0.6388 0.4794
vn -0.6684 -0.6971 -0.2594
vn -0.6032 -0.7634 -0.2310
vn -0.6336 0.5502 -0.5439
vn 0.5031 0.8635 -0.0367
vn 0.8793 -0.0456 0.4741
vn -0.0377 -0.9691 0.2438
vn -0.1720 0.9831 -0.0629
vn 0.6907 0.6188 0.3742
vn 0.5109 0.8567 -0.0711
vn 0.6802 -0.5707 0.4600
vn 0.7971 0.0632 0.6005
vn -0.0193 0.9998 0.0043
vn 0.3582 0.9209 0.1537
vn 0.0493 0.9988 -0.0057
vn -0.5001 0.5744 -0.6480
vn -0.8061 0.3011 -0.5095
vn -0.8555 -0.3853 -0.3460
vn -0.2053 -0.9760 0.0732
vn -0.2944 0.8312 -0.4716
vn -0.3124 0.9202 -0.2358
vn 0.1508 -0.9878 -0.0401
vn -0.0467 -0.9987 0.0190
vn 0.3164 -0.9470 0.0549
vn 0.7831 0.6040 0.1481
vn -0.8737 -0.3286 -0.3588
vn -0.0761 -0.9799 0.1846
vn 0.7671 -0.2838 0.5754
vn 0.8490 -0.2093 0.4851
vn 0.5829 0.8011 -0.1356
vn -0.9474 -0.1233 -0.2955
vn -0.2867 0.8377 -0.4648
vn -0.8073 -0.2843 -0.5171
vn -0.2736 0.9173 -0.2893
vn 0.7093 0.6385 0.2987
vn 0.9271 -0.2230 0.3013
vn 0.9931 0.0440 -0.1090
vn 0.3541 0.8158 -0.4572
vn -0.3625 0.7922 -0.4909
vn -0.7231 0.4995 -0.4772
vn -0.9750 -0.2122 0.0654
vn -0.2691 -0.8251 0.4967
vn 0.9420 0.0543 0.3311
vn 0.2821 -0.7385 0.6125
vn 0.2587 0.9366 -0.2363
vn 0.5602 0.8280 -0.0254
vn -0.7626 0.3818 -0.5222
vn -0.3965 -0.9063 0.1463
vn 0.8579 -0.2054 0.4709
vn 0.4994 -0.7602 0.4156
vn -0.0183 -0.8236 0.5669
vn 0.5842 0.6984 -0.4134
vn -0.9573 0.2601 -0.1262
vn 0.1027 -0.9475 0.3029
vn 0.7649 0.5007 -0.4053
vn -0.8403 -0.5359 -0.0824
vn 0.3276 -0.8739 0.3590
vn -0.9500 -0.2657 0.1638
vn -0.5783 -0.6925 0.4313
vn 0.9898 -0.0633 0.1273
vn 0.1862 0.8740 -0.4489
vn -0.9867 -0.0127 -0.1622
vn 0.7583 -0.3778 0.5313
vn -0.3136 0.8044 -0.5046
vn -0.9603 0.1641 -0.2257
vn -0.5776 -0.7278 0.3697
vn 0.2034 0.6697 -0.7142
vn -0.2988 0.8076 -0.5085
vn -0.6307 0.6183 -0.4689
vn -0.6197 -0.6997 0.3555
vn 0.7423 -0.4666 0.4810
vn -0.9585 -0.2060 -0.1970
vn 0.8903 -0.2545 0.3776
vn -0.0775 0.8711 -0.4850
vn -0.0298 -0.9995 0.0143
vn 0.1425 -0.9076 -0.3950
vn -0.0007 -0.9998 -0.0210
vn 0.8565 0.2650 0.4429
vn 0.5749 0.7567 0.3113
vn -0.8902 0.4551 0.0230
vn 0.0599 0.9658 0.2524
vn 0.0482 0.9970 -0.0606
vn -0.3234 -0.7496 0.5775
vn -0.2581 0.6604 -0.7052
vn 0.9372 0.3386 -0.0839
vn 0.9854 0.0067 -0.1702
vn 0.6427 0.6888 0.3353
vn 0.0767 0.9895 0.1227
vn 0.1209 0.9926 0.0142
vn -0.5269 0.7043 -0.4758
vn 0.7815 -0.6097 0.1324
vn -0.8703 0.2853 -0.4014
vn -0.5792 -0.7302 0.3623
vn 0.7186 -0.4706 0.5120
vn 0.1354 -0.5436 0.8284
vn -0.3672 -0.5603 0.7424
vn -0.0294 -0.9974 -0.0655
vn 0.1606 0.6852 -0.7104
vn -0.7730 0.5071 -0.3812
vn -0.8419 0.5154 0.1599
vn 0.9997 0.0221 -0.0078
vn -0.0171 -0.9975 -0.0686
vn -0.4809 0.0367 0.8760
vn 0.6665 -0.0322 0.7448
vn 0.2942 -0.7777 0.5555
vn -0.6142 -0.7242 0.3135
vn -0.8759 0.4716 -0.1016
vn 0.5422 0.7257 -0.4236
vn 0.9851 -0.0904 -0.1460
vn 0.5586 -0.8040 0.2037
vn -0.7172 -0.5516 0.4260
vn -0.7539 0.6545 -0.0571
vn -0.2769 0.9383 -0.2071
vn 0.8693 0.3043 -0.3895
vn 0.8067 -0.5623 -0.1819
vn -0.5272 -0.8497 -0.0083
vn 0.0242 -0.9868 -0.1600
vn 0.1867 0.7983 0.5726
vn 0.0332 0.9959 -0.0840
vn 0.0184 0.9971 -0.0740
vn 0.3690 -0.4890 0.7904
vn 0.6609 -0.7460 -0.0818
vn 0.9963 0.0858 -0.0098
vn -0.0777 0.9177 -0.3897
vn -0.9690 0.2106 0.1293
vn -0.7006 -0.4303 0.5692
vn 0.1642 -0.9669 -0.1955
vn 0.6639 -0.7478 -0.0116
vn -0.0823 -0.9965 0.0147
vn -0.9853 -0.0815 0.1504
vn -0.8847 -0.4497 0.1226
vn 0.7118 0.6299 -0.3106
vn -0.7690 0.6393 0.0044
vn -0.9129 -0.2664 0.3093
vn 0.3709 -0.9280 0.0362
vn 0.0249 -0.9988 -0.0428
vn -0.0341 -0.9988 -0.0344
vn -0.0350 -0.9943 -0.1009
vn 0.2570 -0.9664 -0.0063
vn -0.4698 0.8632 0.1848
vn -0.7505 0.6416 -0.1584
vn 0.9316 -0.3221 -0.1684
vn 0.2825 -0.7538 -0.5933
vn 0.8146 -0.3823 -0.4362
vn -0.3949 -0.8920 0.2200
vn -0.2656 0.7469 -0.6096
vn 0.3854 0.7355 0.5573
vn 0.6013 0.6717 0.4327
vn -0.0773 0.9959 -0.0460
vn 0.7290 -0.6496 -0.2158
vn 0.4294 0.9003 -0.0707
vn 0.1782 0.2217 -0.9587
vn 0.5173 0.3228 -0.7926
vn 0.2413 -0.9226 0.3010
vn 0.6101 -0.7638 0.2109
vn -0.0210 -0.9990 -0.0404
vn 0.3542 0.9318 0.0791
vn -0.8968 -0.4422 0.0118
vn 0.2998 -0.8452 -0.4425
vn 0.0561 -0.5326 0.8445
vn -0.1121 -0.9873 -0.1124
vn 0.9932 -0.0058 -0.1165
vn 0.0367 -0.9942 0.1006
vn 0.0172 -0.9208 -0.3896
vn -0.0821 -0.9868 0.1398
vn -0.5491 0.7089 0.4426
vn 0.9351 0.3186 0.1555
vn 0.0590 0.8508 0.5221
vn -0.5244 -0.7858 -0.3280
vn -0.5924 -0.7982 0.1090
vn -0.9603 -0.0353 0.2769
vn 0.4724 0.8150 0.3357
vn 0.4325 -0.5917 -0.6803
vn -0.1124 -0.8378 -0.5343
vn -0.8895 -0.4544 -0.0484
vn -0.6295 0.2187 0.7456
vn -0.8538 0.2094 0.4766
vn 0.6831 0.5156 0.5172
vn 0.7302 0.3569 0.5826
vn 0.9398 0.0447 -0.3389
vn 0.6756 -0.2164 -0.7048
vn 0.1386 -0.2759 -0.9511
vn -0.8943 0.4401 -0.0813
vn -0.5450 -0.8273 -0.1365
vn -0.7925 -0.5938 0.1392
vn -0.0337 0.9994 0.0092
vn -0.7241 0.5287 -0.4428
vn -0.2798 0.6682 -0.6894
vn 0.1115 0.9870 0.1160
vn 0.7003 -0.6033 -0.3815
vn -0.9908 -0.1200 -0.0620
vn -0.0398 0.8491 0.5267
vn 0.0107 0.9999 -0.0011
vn -0.9928 0.1005 0.0659
vn 0.3873 -0.8553 0.3443
vn -0.2270 -0.7555 -0.6146
vn -0.5135 -0.5938 -0.6194
vn -0.3865 0.5644 0.7295
vn -0.0733 0.9696 0.2336
vn 0.9649 -0.0682 -0.2535
vn -0.2397 -0.9258 -0.2923
vn 0.5212 -0.1013 -0.8474
vn -0.5493 0.5271 -0.6484
vn 0.0806 0.9856 0.1485
vn -0.8033 -0.4946 -0.3318
vn -0.4169 0.8401 -0.3470
vn -0.0091 0.9916 0.1289
vn 0.1247 0.9902 0.0624
vn 0.1173 0.9923 0.0410
vn 0.9827 -0.0778 -0.1681
vn -0.0485 -0.9985 -0.0243
vn -0.1099 -0.9481 0.2984
vn 0.0181 -0.9937 -0.1102
vn 0.4150 -0.8615 -0.2926
vn -0.1473 -0.9810 0.1262
vn 0.6485 0.7427 0.1667
vn 0.8336 0.5516 -0.0288
vn 0.0574 0.9981 -0.0243
vn 0.9853 -0.0797 0.1511
vn 0.5674 -0.8234 0.0075
vn 0.7290 -0.6418 -0.2381
vn -0.0248 -0.9981 -0.0567
vn 0.4880 -0.6156 0.6188
vn 0.0818 -0.6085 0.7894
vn 0.0305 -0.8435 -0.5363
vn 0.2060 -0.9614 -0.1825
vn 0.8572 0.4374 -0.2719
vn -0.5225 -0.7075 -0.4759
vn 0.0390 0.9873 0.1539
vn -0.9017 0.4199 -0.1030
vn -0.1747 0.9648 -0.1968
vn 0.9436 -0.1793 0.2782
vn 0.8124 0.4853 0.3233
vn -0.1395 -0.9894 -0.0405
vn -0.2232 0.9743 0.0308
vn 0.0839 0.9950 -0.0549
vn 0.2917 0.9539 0.0703
vn -0.0584 0.9970 0.0512
vn -0.0604 0.9887 -0.1372
vn -0.3122 0.9328 0.1799
vn 0.7100 0.7015 -0.0619
vn 0.7723 -0.4440 0.4543
vn -0.9053 0.2560 -0.3391
vn 0.7669 -0.5792 0.2764
vn -0.0801 -0.9946 -0.0661
vn -0.4489 -0.8722 -0.1943
vn 0.0099 0.9714 -0.2374
vn -0.2043 0.9626 -0.1779
vn 0.0027 0.9978 0.0664
vn 0.0122 0.9995 -0.0281
vn 0.6984 0.3068 0.6466
vn 0.3368 -0.9036 0.2648
vn -0.1526 -0.9870 -0.0504
vn -0.0557 -0.9946 0.0881
vn -0.6859 -0.1185 -0.7180
vn 0.3468 -0.9331 0.0951
vn -0.2019 0.9455 -0.2555
vn -0.4068 -0.7566 0.5119
vn 0.0651 0.8721 -0.4850
vn 0.3014 0.6734 -0.6750
vn -0.7351 -0.4446 0.5118
vn 0.1761 -0.8739 0.4531
vn -0.8192 -0.5649 0.0995
vn 0.6537 0.5623 0.5065
vn 0.3790 -0.6183 0.6885
vn 0.5368 -0.7524 0.3818
vn -0.9749 0.1974 -0.1026
vn -0.9580 0.2480 0.1443
vn 0.0663 -0.8073 0.5864
vn -0.0302 -0.9934 -0.1103
vn -0.0295 -0.9968 -0.0745
vn -0.2168 -0.9751 -0.0467
vn 0.0991 -0.9919 -0.0799
vn -0.3726 -0.8892 0.2656
vn 0.6123 0.7266 0.3118
vn 0.2840 -0.9042 -0.3191
vn 0.9656 -0.2318 -0.1174
vn 0.9599 -0.1717 0.2217
vn 0.6976 0.6667 0.2623
vn -0.1046 0.9439 0.3133
vn -0.9965 0.0625 -0.0551
vn -0.5649 -0.7564 -0.3298
vn -0.5764 -0.6855 -0.4448
vn 0.0865 -0.8753 -0.4758
vn -0.5034 -0.8156 -0.2853
vn -0.9998 0.0009 -0.0193
vn 0.0074 0.9615 0.2748
vn 0.2620 -0.7611 -0.5933
vn -0.9220 0.3468 -0.1722
vn 0.3551 0.7801 0.5151
vn -0.9443 0.2017 0.2600
vn 0.7474 0.6624 -0.0501
vn -0.8856 0.0069 -0.4644
vn -0.4057 -0.8429 -0.3534
vn -0.7235 -0.6777 -0.1316
vn -0.2475 -0.5804 -0.7758
vn -0.2298 0.7722 -0.5924
vn -0.0815 0.2757 -0.9578
vn -0.9858 -0.1180 -0.1194
vn -0.2105 0.8397 0.5006
vn 0.4641 -0.8211 -0.3323
vn -0.6805 -0.5258 -0.5103
vn -0.8363 0.4315 0.3383
vn 0.9580 0.1585 0.2389
vn -0.9997 -0.0230 -0.0094
vn 0.7575 -0.5836 -0.2925
vn -0.3116 0.8262 0.4693
vn 0.6157 0.5989 0.5121
vn 0.9747 -0.2216 -0.0298
vn 0.2704 -0.8826 -0.3845
vn 0.0698 -0.9975 0.0132
vn -0.4973 -0.1591 -0.8529
vn -0.4877 0.8641 0.1246
vn -0.9410 0.1351 -0.3104
vn -0.9520 0.2382 -0.1925
vn 0.7967 -0.5999 0.0731
vn -0.1488 -0.7365 -0.6598
vn 0.7798 -0.4926 0.3864
vn 0.7568 0.2003 0.6222
vn -0.5783 -0.5103 -0.6365
vn -0.1374 -0.8363 -0.5307
vn 0.9270 -0.3742 0.0265
vn 0.8956 -0.3197 0.3093
vn 0.5662 0.5875 0.5782
vn -0.1657 0.9337 0.3173
vn -0.9694 -0.0724 -0.2346
vn -0.0436 0.9989 -0.0166
vn 0.0125 0.9902 0.1390
vn 0.1029 0.9880 0.1152
vn -0.4909 0.8097 0.3215
vn -0.3233 -0.8637 -0.3867
vn -0.6449 -0.7620 -0.0592
vn 0.0880 0.9961 0.0098
vn -0.0062 0.9999 -0.0097
vn 0.8481 0.4748 0.2351
vn 0.2915 -0.8985 -0.3283
vn 0.9733 -0.1578 0.1665
vn -0.4385 0.8973 0.0500
vn 0.2261 -0.6261 -0.7462
vn 0.5896 -0.6066 -0.5332
vn -0.0418 -0.9934 0.1070
vn -0.0088 -0.9984 0.0553
vn -0.7926 0.6054 0.0727
vn 0.3440 -0.9375 -0.0518
vn 0.5314 0.4626 0.7097
vn 0.8205 -0.5662 0.0784
vn 0.7991 0.3378 0.4974
vn 0.5674 0.6216 -0.5401
vn 0.0012 0.9974 -0.0723
vn 0.0034 0.9986 0.0531
vn -0.1671 -0.9656 -0.1991
vn 0.2685 0.7347 -0.6230
vn -0.4668 -0.8788 -0.0989
vn 0.4811 -0.7976 -0.3640
vn -0.2580 -0.9390 -0.2275
vn -0.9693 0.2434 0.0352
vn -0.9718 -0.2231 -0.0760
vn -0.2649 0.9593 -0.0983
vn 0.0458 0.9985 0.0293
vn -0.0230 -0.9694 0.2443
vn 0.9857 -0.1687 -0.0042
vn -0.4799 0.8600 0.1736
vn -0.1770 0.0213 -0.9840
vn 0.0151 -0.3038 -0.9526
vn 0.5072 -0.1014 -0.8559
vn 0.1816 -0.9610 -0.2088
vn 0.6229 0.7071 0.3347
vn -0.8056 0.5786 -0.1274
vn 0.6786 0.6425 0.3560
vn 0.4089 -0.4551 0.7910
vn 0.5160 -0.6600 0.5460
vn 0.0098 0.9530 -0.3029
vn 0.0218 0.9695 -0.2441
vn -0.1784 0.8099 0.5587
vn 0.5440 -0.8375 0.0522
vn -0.1844 -0.9682 0.1693
vn 0.1218 -0.9812 0.1494
vn -0.4366 -0.8385 0.3260
vn 0.5968 -0.7998 0.0649
vn 0.3820 -0.9241 -0.0095
vn -0.5896 -0.5245 -0.6142
vn 0.9427 -0.3333 0.0121
vn 0.7074 0.6951 0.1278
vn 0.9054 0.3607 0.2240
vn -0.1266 0.9139 0.3858
vn -0.4716 0.8817 -0.0144
vn -0.9492 0.2177 0.2273
vn -0.0117 0.9770 -0.2130
vn -0.8951 -0.4169 -0.1580
vn 0.0815 -0.9710 0.2246
vn -0.1409 -0.9328 -0.3318
vn -0.0211 -0.9590 0.2826
vn 0.3853 -0.7420 0.5486
vn -0.0616 -0.9860 0.1550
vn 0.6074 -0.7546 -0.2483
vn -0.1589 -0.9849 0.0687
vn -0.9144 -0.3888 -0.1126
vn -0.2447 0.9670 -0.0707
vn 0.0771 0.9750 -0.2086
vn -0.3374 0.8530 -0.3982
vn -0.6853 0.7265 0.0511
vn -0.0405 0.9734 -0.2255
vn 0.0431 0.9904 -0.1315
vn 0.1865 0.9814 -0.0447
vn 0.1836 -0.7918 -0.5825
vn 0.4717 -0.7528 -0.4592
vn -0.0235 -0.9592 0.2816
vn 0.8123 -0.5422 0.2147
vn 0.7074 0.7059 0.0348
vn 0.6185 0.5179 -0.5909
vn -0.1158 0.9757 -0.1858
vn 0.1151 -0.9933 -0.0101
vn 0.6123 -0.2949 -0.7336
vn -0.1714 -0.2153 -0.9614
vn -0.1021 -0.9947 0.0107
vn 0.0009 -0.9994 -0.0350
vn -0.0391 -0.9991 -0.0176
vn -0.0105 -0.9998 0.0139
vn 0.0594 -0.9982 -0.0040
vn 0.0080 -0.9996 0.0253
vn -0.5477 -0.4363 0.7139
vn -0.0606 -0.9981 0.0133
vn 0.7373 -0.6689 0.0946
vn 0.6618 -0.6670 0.3422
vn 0.6068 0.7487 0.2669
vn 0.6397 -0.6311 -0.4388
vn 0.5564 -0.5072 -0.6582
vn 0.7386 -0.6383 -0.2168
vn 0.3872 0.1039 0.9161
vn -0.5976 0.0122 0.8017
vn -0.4975 0.8611 0.1047
vn 0.0421 -0.9970 0.0642
vn -0.0711 -0.9947 -0.0745
vn -0.0272 -0.9836 -0.1782
vn 0.1487 -0.9216 0.3586
vn -0.9335 -0.3029 0.1920
vn -0.8463 0.5294 -0.0588
vn -0.6279 -0.7600 -0.1679
vn 0.9369 -0.2970 0.1845
vn -0.0398 0.9876 0.1517
vn 0.2994 0.9470 -0.1166
vn 0.3416 0.7219 -0.6018
vn -0.0734 -0.9947 0.0724
vn 0.1164 -0.9828 -0.1435
vn 0.1849 -0.9804 -0.0681
vn -0.2401 -0.5072 0.8277
vn -0.3431 -0.6786 0.6494
vn -0.3325 -0.7988 0.5014
vn 0.6984 0.4594 -0.5487
vn 0.5977 0.7619 0.2496
vn -0.1171 0.9926 -0.0317
vn 0.3013 0.8677 0.3953
vn -0.7824 -0.6083 0.1331
vn 0.8172 0.5680 0.0979
vn 0.9737 0.1332 -0.1846
vn 0.2106 -0.5602 -0.8011
vn 0.4549 -0.6796 -0.5755
vn -0.0335 -0.7739 0.6324
vn 0.1517 0.3059 0.9399
vn -0.0271 -0.6859 0.7272
vn 0.0254 -0.5097 0.8600
vn 0.1760 -0.7236 0.6674
vn -0.0905 -0.6197 0.7796
vn -0.0566 -0.5666 0.8220
vn -0.0969 0.9823 0.1606
vn 0.4747 0.8797 0.0284
vn -0.0689 0.9975 0.0156
vn 0.6275 -0.7709 0.1092
vn -0.0605 0.9737 0.2196
vn -0.0513 0.9927 0.1093
vn -0.1004 0.9766 0.1902
vn 0.3835 -0.9231 -0.0302
vn -0.0700 0.9934 -0.0911
vn 0.6475 0.6975 0.3069
vn -0.1250 0.9920 -0.0173
vn 0.5463 0.8373 0.0214
vn 0.8969 -0.3562 -0.2622
vn 0.6568 0.7006 -0.2788
vn 0.3516 -0.8850 -0.3053
vn 0.7585 0.2141 -0.6155
vn 0.2112 0.4162 0.8844
vn 0.5731 -0.2816 0.7696
vn 0.3880 0.7287 0.5643
vn -0.7600 0.6478 -0.0525
vn -0.7913 0.4901 0.3656
vn -0.0142 0.9998 0.0137
vn -0.5215 -0.7628 0.3823
vn -0.5373 0.7302 0.4221
vn -0.3771 0.5321 0.7581
vn -0.8317 -0.2410 0.5001
vn 0.5789 0.7451 -0.3313
vn -0.2157 0.6440 -0.7340
vn -0.2339 0.9691 -0.0782
vn 0.0243 0.9980 0.0590
vn -0.5033 0.3529 -0.7887
vn -0.7628 0.3774 -0.5251
vn -0.6131 0.3540 -0.7062
vn -0.0383 -0.9959 0.0820
vn 0.2440 -0.7423 -0.6240
vn 0.0709 -0.9923 -0.1014
vn 0.1518 0.9741 0.1676
vn -0.0308 0.7758 0.6302
vn -0.0160 -0.9998 -0.0121
vn 0.0912 -0.6682 0.7384
vn -0.0004 -0.9961 -0.0885
vn 0.9670 -0.2063 0.1492
vn 0.3620 -0.9322 0.0064
vn 0.7179 -0.4942 0.4903
vn 0.4227 -0.3291 -0.8444
vn 0.0068 -0.5665 -0.8240
vn 0.0846 0.6885 -0.7203
vn 0.2656 0.8679 -0.4197
vn -0.6394 0.6841 0.3511
vn 0.0555 0.9975 -0.0432
vn -0.5987 -0.6404 -0.4810
vn 0.3599 0.9282 0.0945
vn -0.9032 0.1189 0.4125
vn -0.9552 -0.0175 0.2953
vn -0.2910 -0.7903 -0.5392
vn 0.5624 -0.6607 -0.4972
vn -0.4515 -0.8920 0.0229
vn 0.5942 -0.5277 -0.6070
vn 0.1248 -0.8096 -0.5735
vn 0.8832 0.3836 -0.2697
vn 0.9070 0.4079 0.1044
vn 0.8655 0.4666 0.1823
vn 0.1749 0.9795 0.0995
vn -0.1892 0.9713 0.1441
vn -0.4804 0.7397 0.4711
vn 0.9285 -0.1236 -0.3500
vn 0.0667 0.9959 0.0619
vn -0.0014 0.9986 -0.0537
vn -0.4379 0.7085 -0.5535
vn -0.0844 0.9872 0.1350
vn 0.2730 0.8534 0.4440
vn -0.0114 0.9992 -0.0393
vn -0.4006 0.7576 0.5154
vn -0.8799 -0.3601 0.3101
vn -0.1432 0.7444 0.6522
vn 0.1611 0.9519 0.2608
vn 0.0257 0.9713 -0.2363
vn 0.5894 0.6120 0.5273
vn 0.5843 -0.7146 0.3847
vn 0.8813 0.3459 0.3219
vn 0.9770 0.0019 -0.2133
vn -0.0165 0.6975 0.7164
vn -0.0725 -0.9955 0.0603
vn -0.0696 -0.9826 0.1723
vn 0.1032 -0.9466 -0.3056
vn 0.5588 0.8266 0.0666
vn -0.5353 0.5212 0.6647
vn -0.5886 0.7675 0.2539
vn -0.6574 -0.6087 0.4443
vn -0.2263 0.2923 0.9292
vn -0.3514 -0.7136 0.6061
vn 0.5075 0.2663 0.8195
vn 0.2910 -0.8023 0.5211
vn 0.1192 0.9388 0.3231
vn -0.7222 -0.0659 0.6886
vn 0.0270 -0.9951 -0.0950
vn 0.0893 -0.9887 -0.1207
vn -0.9336 -0.3515 0.0688
vn 0.2766 -0.8761 -0.3949
vn 0.0461 -0.9982 0.0377
vn -0.5039 -0.7013 -0.5042
vn -0.0133 -0.9891 0.1468
vn 0.1053 0.9944 0.0090
vn -0.0988 0.9949 -0.0180
vn -0.0901 0.9952 0.0369
vn 0.2475 0.8410 -0.4810
vn 0.1404 0.5104 -0.8484
vn 0.9751 0.2169 0.0457
vn 0.0184 0.9995 0.0250
vn -0.5939 0.6827 -0.4257
vn 0.9130 0.3639 -0.1842
vn 0.6286 -0.7109 -0.3154
vn 0.5167 0.8085 -0.2817
vn 0.9701 -0.0562 -0.2362
vn 0.3359 -0.9134 0.2299
vn 0.3425 -0.8505 0.3992
vn -0.0613 0.9868 0.1501
vn -0.3845 0.9209 0.0639
vn -0.1081 0.9867 0.1211
vn -0.4470 0.6656 -0.5976
vn 0.1645 0.9827 0.0853
vn 0.0093 0.9973 0.0725
vn -0.6869 -0.5938 0.4191
vn -0.7980 0.5645 0.2110
vn -0.7321 -0.6806 -0.0296
vn -0.6713 0.6455 0.3642
vn -0.3331 -0.7021 0.6294
vn -0.0156 -0.9958 -0.0898
vn -0.0185 -0.9966 -0.0798
vn 0.3466 -0.9379 0.0162
vn 0.6472 -0.7176 -0.2571
vn 0.9392 -0.2913 0.1819
vn 0.4936 -0.7941 0.3546
vn 0.5611 0.6248 0.5429
vn -0.0296 0.9989 -0.0368
vn 0.0782 0.8919 -0.4454
vn 0.5063 0.7979 0.3272
vn 0.1367 0.7440 -0.6541
vn -0.0516 0.7060 0.7063
vn 0.9068 0.3220 -0.2720
vn 0.2160 -0.0836 0.9728
vn 0.3330 0.6529 0.6803
vn -0.3222 0.7845 0.5299
vn -0.0071 -0.9999 -0.0115
vn -0.0492 -0.9957 0.0779
vn 0.0935 -0.9953 -0.0268
vn 0.1016 -0.9948 -0.0088
vn 0.1606 -0.0318 0.9865
vn 0.7963 -0.2580 0.5472
vn 0.1017 0.9941 -0.0369
vn -0.0724 0.9973 0.0127
vn -0.1061 0.9906 0.0858
vn -0.8752 0.4078 -0.2602
vn -0.5712 -0.7619 -0.3054
vn -0.1449 0.9438 0.2970
vn -0.0099 0.9981 -0.0603
vn -0.9202 -0.0599 0.3868
vn -0.2539 0.6455 0.7203
vn -0.0443 -0.0782 0.9960
vn 0.5171 0.4198 0.7459
vn 0.0160 0.9998 0.0104
vn 0.7771 -0.5971 0.1988
vn 0.8685 0.0147 0.4955
vn -0.2682 -0.5213 -0.8101
vn 0.2210 0.3007 -0.9278
vn 0.3351 0.3718 -0.8657
vn 0.5607 0.6561 -0.5051
vn 0.3945 -0.8816 0.2592
vn -0.9509 -0.1779 -0.2531
vn -0.8377 -0.4120 0.3584
vn 0.5273 -0.8005 -0.2850
vn -0.7826 -0.4281 -0.4519
vn 0.0363 -0.9133 -0.4057
vn -0.8483 0.1045 -0.5191
vn -0.8139 0.5775 0.0640
vn 0.1627 0.8615 0.4810
vn 0.7041 0.4614 0.5398
vn -0.1830 -0.9823 -0.0397
vn -0.1025 -0.9854 -0.1359
vn -0.8773 -0.0988 -0.4696
vn 0.9309 -0.2214 0.2906
vn 0.2759 -0.9215 -0.2732
vn 0.8502 0.3342 0.4068
vn 0.1693 0.8619 0.4780
vn 0.2582 0.8624 -0.4355
vn 0.0578 0.5258 -0.8486
vn -0.0490 0.0465 -0.9977
vn -0.0332 0.9992 0.0229
vn 0.2031 0.9720 -0.1182
vn 0.6394 0.5590 -0.5279
vn -0.1308 0.8858 0.4453
vn -0.2926 0.9386 0.1829
vn 0.8241 0.2561 0.5053
vn -0.4709 0.8532 0.2241
vn -0.3901 0.8970 0.2078
vn -0.8146 -0.0817 -0.5743
vn 0.3790 0.7402 -0.5554
vn -0.2093 0.9717 0.1092
vn -0.0056 0.9999 -0.0084
vn -0.6851 -0.7223 -0.0946
vn 0.1160 -0.9913 0.0619
vn 0.0914 -0.9955 -0.0264
vn 0.6919 -0.7182 0.0736
vn -0.8496 -0.2737 -0.4509
vn 0.9544 -0.2971 0.0296
vn 0.8205 0.3429 0.4574
vn 0.4385 -0.8550 -0.2770
vn 0.1346 0.9787 0.1553
vn 0.1074 0.9942 0.0053
vn 0.2557 0.4834 0.8372
vn -0.1150 -0.6781 0.7259
vn -0.3566 -0.3995 0.8445
vn -0.5741 -0.6723 0.4672
vn 0.2858 -0.7940 -0.5366
vn -0.3021 -0.7157 -0.6297
vn 0.0252 -0.9888 -0.1471
vn 0.0060 -0.9999 -0.0153
vn 0.6771 -0.7202 -0.1510
vn 0.1109 0.9887 -0.1012
vn -0.0311 0.9945 0.0997
vn 0.0033 0.9996 -0.0287
vn -0.9235 -0.1626 -0.3474
vn 0.1469 0.3119 0.9387
vn 0.0426 0.9743 0.2212
vn -0.1455 0.8268 0.5434
vn -0.6729 0.6388 0.3731
vn -0.2427 -0.9231 -0.2983
vn -0.0428 -0.9976 -0.0540
vn 0.3840 -0.4788 0.7895
vn -0.6400 0.7682 -0.0160
vn -0.5432 -0.5135 -0.6643
vn -0.8366 0.2931 0.4629
vn 0.4342 -0.0227 -0.9005
vn 0.1618 0.9235 -0.3477
vn -0.4541 -0.1022 -0.8851
vn -0.5567 0.0552 -0.8289
vn -0.6593 -0.5699 -0.4905
vn 0.4777 -0.2064 -0.8539
vn 0.0901 -0.9779 -0.1887
vn -0.0254 -0.9994 0.0249
vn 0.5386 -0.2546 0.8031
vn 0.5904 -0.7727 -0.2331
vn 0.3382 -0.7759 -0.5326
vn 0.6215 -0.5512 -0.5567
vn -0.1169 -0.9907 0.0691
vn -0.0851 -0.9931 0.0802
vn 0.7701 0.5573 0.3105
vn 0.6304 -0.6593 0.4098
vn 0.7684 -0.6255 0.1352
vn -0.0699 0.9740 -0.2157
vn 0.2830 0.8659 0.4124
vn 0.9704 -0.0314 0.2395
vn 0.8402 0.3597 -0.4058
vn 0.4246 -0.8400 -0.3377
vn -0.5172 -0.0675 0.8532
vn 0.2100 0.8584 0.4681
vn -0.8664 0.2024 0.4566
vn -0.0357 0.9990 -0.0262
vn -0.9645 0.2383 -0.1138
vn -0.7060 -0.6721 0.2231
vn 0.7383 -0.6571 0.1521
vn -0.6775 -0.4992 -0.5402
vn 0.1241 0.5377 -0.8340
vn 0.4817 0.2945 -0.8254
vn 0.2090 -0.7032 -0.6796
vn -0.7782 -0.6119 0.1413
vn -0.7804 -0.5921 0.2009
vn 0.3733 0.6620 0.6499
vn -0.5438 0.8290 0.1306
vn 0.7419 -0.1418 -0.6554
vn 0.7547 0.6345 -0.1668
vn 0.7223 0.6641 -0.1929
vn 0.7181 0.6637 -0.2093
vn 0.8213 0.5345 -0.1993
vn 0.8142 0.4911 -0.3096
vn -0.7929 -0.6033 -0.0859
vn -0.1322 -0.1844 -0.9739
vn -0.6326 0.3055 -0.7117
vn 0.6279 0.4667 0.6229
vn -0.3297 -0.4775 0.8144
vn 0.7964 0.5617 -0.2239
vn -0.8134 -0.5180 0.2646
vn -0.8936 -0.4167 0.1667
vn -0.0566 -0.6117 0.7890
vn 0.7685 -0.6324 0.0973
vn 0.1393 -0.9663 -0.2166
vn -0.8813 -0.4578 -0.1173
vn -0.8548 -0.0692 -0.5144
vn 0.8143 -0.5636 0.1387
vn 0.0258 -0.5949 0.8034
vn 0.1744 -0.8953 0.4099
vn 0.7837 -0.5893 0.1963
vn 0.6671 -0.7139 0.2127
vn 0.6860 -0.7123 0.1486
vn 0.0828 0.7588 0.6461
vn 0.7439 0.1260 0.6563
vn -0.1664 0.9756 0.1429
vn -0.3467 0.7069 0.6165
vn -0.0250 0.9996 -0.0100
vn 0.9800 0.1524 0.1283
vn 0.9306 0.0562 -0.3617
vn -0.8028 0.5346 -0.2640
vn 0.7510 -0.6199 0.2274
vn 0.9454 0.0337 -0.3240
vn 0.7405 -0.6570 -0.1415
vn 0.6158 0.3320 -0.7145
vn -0.0490 -0.5380 -0.8415
vn -0.7628 0.5962 -0.2502
vn -0.6681 0.7336 -0.1241
vn -0.8110 0.5770 -0.0969
vn -0.0553 0.9160 -0.3973
vn 0.7449 -0.6023 0.2870
vn 0.7232 -0.4012 -0.5622
vn -0.3153 -0.7701 0.5546
vn -0.9717 0.0982 0.2147
vn 0.0264 0.9608 -0.2760
vn -0.8639 0.4345 0.2549
vn 0.7849 0.3946 -0.4777
vn 0.5273 0.7322 -0.4310
vn 0.8763 0.2992 -0.3776
vn 0.4950 -0.8616 0.1124
vn -0.0941 -0.9493 0.3000
vn 0.5490 -0.8347 0.0435
vn -0.9016 0.1387 0.4096
vn -0.8473 -0.2697 0.4575
vn 0.1139 0.9733 -0.1994
vn -0.4658 0.8191 0.3348
vn 0.7205 0.5464 -0.4269
vn -0.8183 -0.2688 0.5081
vn 0.4140 -0.2172 0.8840
vn -0.6978 0.3198 0.6410
vn 0.8258 0.0962 0.5558
vn -0.0338 -0.7547 0.6552
vn 0.9499 -0.1438 0.2776
vn 0.8922 0.4416 -0.0950
vn 0.7099 0.6812 -0.1792
vn 0.7414 0.6682 -0.0618
vn -0.9556 -0.0888 -0.2809
vn 0.0319 -0.9900 0.1374
vn -0.3875 -0.6940 0.6068
vn -0.2815 0.8326 -0.4770
vn -0.5540 0.8235 0.1221
vn 0.9595 -0.1736 -0.2218
vn 0.0363 -0.8953 0.4440
vn -0.7670 0.4836 0.4217
vn -0.8458 -0.5174 0.1300
vn 0.3172 -0.8872 0.3352
vn 0.1464 0.9368 0.3177
vn -0.8552 -0.0166 0.5180
vn -0.5894 -0.0450 0.8066
vn -0.4100 -0.7327 0.5431
vn -0.3946 -0.4006 0.8269
vn -0.7069 -0.6393 0.3027
vn -0.7045 -0.6729 0.2258
vn -0.4649 -0.6080 -0.6436
vn 0.7560 0.1976 -0.6241
vn 0.0338 0.8530 -0.5209
vn 0.8765 0.1181 -0.4667
vn 0.9683 -0.1205 -0.2189
vn 0.1984 -0.9593 0.2008
vn -0.6174 -0.7623 0.1941
vn 0.1206 -0.8150 0.5667
vn -0.8325 -0.5279 0.1683
vn 0.6298 -0.0039 -0.7768
vn 0.3081 0.3724 -0.8754
vn 0.7140 0.6668 -0.2137
vn 0.7011 0.7044 -0.1104
vn 0.5286 0.8313 -0.1719
vn 0.7660 0.6212 -0.1655
vn 0.7519 0.6545 -0.0796
vn 0.7827 0.6103 -0.1223
vn 0.7737 0.6225 0.1175
vn 0.4592 -0.8380 0.2948
vn -0.9193 0.3807 -0.0999
vn -0.6531 0.6954 -0.2998
vn 0.1509 0.7017 -0.6963
vn 0.8342 0.1464 -0.5317
vn 0.3397 -0.2102 -0.9167
vn 0.7705 -0.6364 0.0373
vn -0.6906 0.6931 -0.2063
vn -0.7406 0.6263 -0.2435
vn -0.7872 0.5821 -0.2036
vn 0.1066 -0.9790 0.1735
vn -0.2207 -0.8414 -0.4933
vn -0.0278 -0.9989 0.0368
vn -0.7182 -0.5904 -0.3682
vn -0.5508 -0.5735 -0.6064
vn -0.9440 0.3295 -0.0195
vn 0.3762 -0.9221 0.0908
vn -0.6786 -0.6971 0.2313
vn 0.7997 0.5840 0.1395
vn 0.5058 0.4403 -0.7418
vn 0.5361 0.8441 0.0119
vn 0.3201 -0.4871 0.8126
vn 0.8847 -0.1221 -0.4498
vn 0.5423 -0.7376 -0.4022
vn 0.5380 -0.3990 -0.7425
vn -0.5802 0.0560 -0.8125
vn -0.7865 -0.3495 0.5092
vn -0.4151 0.4936 -0.7643
vn -0.7416 0.6613 -0.1125
vn 0.1218 -0.7433 0.6578
vn 0.0810 -0.9961 -0.0355
vn 0.8654 -0.4851 0.1252
vn 0.8552 -0.1933 -0.4809
vn 0.9506 -0.1181 -0.2872
vn 0.9547 -0.0035 -0.2975
vn 0.3471 -0.6505 -0.6755
vn -0.5589 -0.4476 -0.6981
vn -0.8200 0.0670 -0.5684
vn -0.0706 0.0007 -0.9975
vn -0.7417 0.5949 -0.3098
vn -0.2547 -0.9666 -0.0276
vn 0.0483 -0.9474 -0.3163
vn -0.9767 -0.1303 0.1706
vn -0.7412 0.6562 -0.1414
vn -0.9595 -0.1276 -0.2512
vn 0.7492 -0.6510 0.1219
vn 0.9125 0.1102 0.3938
vn 0.6292 0.0075 0.7772
vn -0.8803 0.1523 0.4494
vn -0.7262 0.3263 0.6051
vn 0.3543 -0.8084 -0.4701
vn 0.9414 -0.2334 -0.2435
vn 0.7409 -0.6667 -0.0810
vn 0.8298 -0.4891 -0.2687
vn 0.7370 -0.6586 0.1518
vn 0.7658 -0.6203 0.1698
vn -0.8241 0.5160 -0.2337
vn -0.7225 0.6705 0.1685
vn -0.7513 0.6215 -0.2220
vn 0.9453 -0.0777 -0.3168
vn 0.6691 0.7289 0.1446
vn 0.9573 -0.1344 0.2558
vn 0.6971 0.7167 0.0211
vn 0.7487 0.6266 0.2162
vn 0.7605 0.6466 0.0593
vn -0.1826 -0.9008 0.3939
vn -0.1366 -0.9889 0.0580
vn 0.7054 0.7086 -0.0171
vn 0.1651 0.0688 -0.9839
vn 0.8963 0.4341 0.0905
vn 0.9994 -0.0061 0.0340
vn 0.4960 0.0623 0.8661
vn 0.0887 -0.8335 0.5453
vn -0.4237 -0.4430 -0.7901
vn 0.7714 0.2663 -0.5779
vn -0.1041 -0.7528 -0.6500
vn 0.6248 0.1085 0.7732
vn -0.8708 -0.3658 0.3284
vn -0.3517 -0.8783 -0.3239
vn -0.7286 -0.6771 -0.1030
vn -0.9705 0.2363 -0.0482
vn -0.9123 -0.0613 0.4050
vn -0.0204 0.9147 0.4037
vn 0.1162 0.9861 -0.1189
vn -0.8192 -0.5065 -0.2689
vn -0.9972 0.0741 -0.0028
vn -0.7733 0.5617 0.2940
vn -0.9597 -0.1607 0.2307
vn -0.7079 0.0679 0.7030
vn -0.6160 0.6840 0.3907
vn -0.4813 0.8481 0.2214
vn -0.5072 0.7780 0.3708
vn -0.7107 0.3374 0.6173
vn -0.0374 0.9901 -0.1354
vn -0.0039 0.9200 0.3918
vn 0.9682 0.2415 0.0656
vn -0.0783 -0.5149 0.8537
vn -0.3926 -0.4782 0.7856
vn 0.2279 -0.7322 0.6418
vn 0.2620 -0.7079 0.6559
vn 0.7639 -0.5082 0.3978
vn -0.7392 0.0303 0.6728
vn 0.7933 -0.5960 -0.1244
vn 0.7528 -0.6461 -0.1260
vn 0.6885 -0.7217 -0.0714
vn -0.3211 0.4880 0.8116
vn -0.6849 0.7287 0.0040
vn -0.6450 0.1452 0.7503
vn -0.8939 -0.1062 0.4355
vn -0.7143 0.6920 0.1046
vn -0.1636 0.7139 0.6809
vn -0.7928 0.6058 0.0668
vn -0.7366 0.6762 0.0130
vn 0.8625 0.0515 -0.5034
vn 0.7384 -0.6601 -0.1379
vn 0.4938 0.0325 -0.8690
vn -0.7076 0.6944 0.1312
vn -0.7214 0.6716 0.1691
vn -0.6977 0.4858 0.5265
vn -0.7167 0.6632 0.2154
vn -0.5858 0.4486 -0.6749
vn -0.7310 0.6614 0.1679
vn 0.7488 -0.6560 -0.0945
vn -0.3694 -0.7449 -0.5556
vn 0.7290 -0.6663 -0.1569
vn -0.7818 0.5918 0.1962
vn -0.3548 0.9154 0.1901
vn -0.6760 -0.7363 0.0294
vn -0.6068 -0.0740 0.7914
vn -0.9372 0.1201 0.3274
vn -0.7905 -0.5845 0.1830
vn -0.3328 -0.5525 -0.7642
vn -0.1812 -0.9152 -0.3599
vn 0.8973 -0.1866 -0.4000
vn 0.6793 0.0577 -0.7316
vn 0.2498 0.9396 -0.2338
vn -0.3172 -0.9183 0.2370
vn -0.1538 0.6217 -0.7680
vn 0.9469 -0.2609 0.1882
vn -0.8802 0.1379 -0.4542
vn -0.8939 -0.1219 -0.4313
vn 0.3859 0.4962 -0.7777
vn -0.7379 -0.3362 -0.5853
vn 0.8255 0.5584 -0.0824
vn 0.7540 -0.6470 -0.1131
vn 0.7250 0.6792 -0.1143
vn 0.8139 0.5793 -0.0451
vn 0.8912 0.4050 -0.2044
vn 0.8251 0.5422 -0.1589
vn 0.7802 0.5917 -0.2029
vn 0.0927 0.8903 0.4458
vn 0.5338 0.5412 0.6497
vn 0.7314 -0.1577 0.6635
vn -0.7425 -0.5596 0.3681
vn 0.0256 -0.1225 0.9921
vn -0.7338 -0.6599 0.1614
vn -0.8349 -0.4796 0.2701
vn 0.9331 -0.0268 0.3587
vn 0.7114 0.6395 -0.2914
vn 0.6643 0.3759 0.6461
vn 0.7782 0.6153 -0.1258
vn 0.7429 0.6398 -0.1967
vn -0.0913 -0.1939 -0.9768
vn 0.4387 -0.5915 -0.6766
vn 0.7950 -0.0204 -0.6063
vn -0.4105 -0.8838 -0.2246
vn 0.7968 -0.5677 0.2070
vn 0.7253 -0.6689 0.1627
vn 0.7028 -0.6886 0.1786
vn -0.1406 -0.6917 0.7084
vn -0.7880 0.6118 -0.0692
vn -0.1186 0.7003 -0.7039
vn -0.3912 0.3397 -0.8553
vn -0.7024 0.6094 -0.3679
vn -0.9395 0.2870 -0.1872
vn -0.3813 -0.6149 -0.6903
vn 0.7618 -0.6271 0.1624
vn -0.3069 -0.8403 -0.4468
vn 0.7662 -0.6379 0.0768
vn 0.6289 -0.2318 0.7421
vn -0.8030 0.2840 0.5240
vn 0.0631 -0.7363 0.6737
vn 0.3116 -0.4180 0.8533
vn -0.6660 -0.7401 0.0935
vn -0.4762 -0.4753 0.7398
vn 0.1791 -0.6931 0.6982
vn 0.7007 -0.6964 0.1552
vn 0.9865 0.1501 0.0651
vn 0.9023 0.1256 0.4123
vn 0.7215 -0.6600 0.2095
vn -0.2412 0.6768 -0.6956
vn -0.4711 0.4468 -0.7606
vn 0.9534 0.1800 -0.2421
vn 0.8140 0.3594 0.4562
vn 0.8680 0.1120 0.4838
vn -0.7533 -0.6300 0.1887
vn -0.8741 -0.4703 0.1214
vn -0.8011 -0.5968 0.0462
vn -0.7147 -0.6686 0.2054
vn -0.9284 0.1557 0.3374
vn -0.9651 0.2517 -0.0727
vn 0.3353 0.4521 -0.8265
vn -0.8545 -0.1286 -0.5032
vn -0.0116 0.8466 -0.5322
vn 0.7649 0.6305 -0.1318
vn 0.7755 0.6092 -0.1659
vn -0.4715 0.8446 0.2536
vn -0.6580 -0.7523 -0.0335
vn 0.0794 -0.9260 -0.3690
vn -0.2292 -0.1157 -0.9665
vn -0.5436 0.4440 -0.7123
vn 0.0298 -0.3281 0.9442
vn 0.2073 0.2671 -0.9411
vn -0.8502 0.4352 0.2962
vn -0.4610 -0.8332 0.3053
vn 0.7493 0.6286 -0.2082
vn 0.7136 0.6696 -0.2058
vn -0.0235 -0.9492 -0.3139
vn -0.2797 -0.7942 -0.5395
vn 0.7038 -0.1492 -0.6946
vn -0.6484 -0.4548 -0.6105
vn -0.7013 -0.6792 -0.2165
vn -0.7513 -0.6014 0.2718
vn 0.7222 0.1605 0.6728
vn -0.0718 -0.7954 0.6018
vn 0.9773 -0.1520 0.1474
vn -0.1138 -0.9837 0.1395
vn -0.3817 0.8429 0.3793
vn 0.9515 -0.1890 -0.2427
vn 0.7122 0.1731 -0.6803
vn -0.7063 -0.6908 0.1547
vn -0.6726 -0.7307 0.1170
vn -0.7727 -0.6048 0.1929
vn -0.7456 0.0191 0.6662
vn -0.7324 -0.6736 0.0994
vn 0.7827 0.5629 0.2654
vn -0.5543 -0.1665 0.8155
vn -0.4075 -0.4241 0.8088
vn 0.2784 -0.5802 -0.7654
vn -0.2905 0.9103 0.2951
vn 0.7746 -0.6009 0.1971
vn 0.7776 -0.6256 0.0635
vn 0.7224 -0.6571 0.2151
vn 0.4245 -0.8359 0.3480
vn 0.8250 -0.5628 0.0504
vn 0.1298 -0.8488 0.5126
vn 0.7431 -0.6398 0.1960
vn 0.7320 -0.6596 0.1705
vn 0.7595 -0.6372 0.1308
vn -0.6014 0.6408 -0.4771
vn -0.4965 0.5463 0.6746
vn -0.2462 0.8815 0.4029
vn -0.7742 0.5866 -0.2375
vn 0.3510 -0.2674 0.8974
vn -0.3404 0.8641 0.3707
vn -0.8205 0.5567 -0.1295
vn -0.0156 0.8873 -0.4609
vn -0.2041 0.6366 -0.7437
vn 0.2036 0.1577 0.9663
vn 0.7068 -0.3775 -0.5982
vn 0.7524 -0.5907 0.2914
vn -0.2817 -0.2971 0.9124
vn 0.1866 -0.5021 0.8444
vn 0.6007 -0.1868 0.7774
vn 0.7889 -0.5793 0.2050
vn 0.6848 -0.6889 0.2376
vn 0.7323 -0.2725 0.6241
vn 0.9786 0.1983 -0.0557
vn 0.8938 -0.1007 -0.4370
vn 0.7793 0.1239 -0.6143
vn 0.4408 -0.3817 -0.8124
vn -0.6089 -0.6626 0.4361
vn -0.6317 -0.2145 0.7450
vn -0.2785 0.7018 0.6557
vn 0.1136 0.8405 0.5298
vn 0.3098 0.3087 -0.8993
vn 0.6277 0.7736 -0.0865
vn -0.1569 0.0205 0.9874
vn -0.2404 0.7782 -0.5802
vn 0.5509 0.6273 -0.5504
vn 0.6117 -0.0058 -0.7911
vn 0.6802 0.6253 -0.3826
vn -0.2718 0.8635 0.4249
vn -0.5965 0.1419 0.7900
vn -0.9730 0.0228 0.2298
vn -0.5085 -0.7754 -0.3743
vn 0.7908 0.5755 -0.2085
vn 0.4607 -0.7130 0.5286
vn 0.7780 0.2870 0.5589
vn 0.4758 -0.0840 -0.8755
vn -0.1871 -0.9790 0.0805
vn 0.5364 0.8173 -0.2103
vn 0.7618 0.4915 -0.4220
vn 0.2117 -0.3998 -0.8918
vn -0.0206 0.6169 0.7868
vn -0.8690 -0.4515 0.2026
vn -0.7135 0.2438 0.6569
vn -0.5950 -0.6550 -0.4658
vn -0.9444 -0.1000 -0.3132
vn 0.5294 0.7134 0.4591
vn 0.5134 -0.0268 -0.8577
vn -0.5395 -0.3134 0.7815
vn -0.7509 -0.5828 0.3107
vn -0.5454 -0.8096 0.2171
vn -0.3154 -0.8210 -0.4758
vn -0.2188 -0.9158 0.3368
vn -0.4480 -0.8222 0.3511
vn -0.7011 0.1959 0.6856
vn 0.8140 0.4479 0.3699
vn 0.7707 0.6098 0.1849
vn 0.5528 0.8074 0.2062
vn -0.7009 0.2506 0.6678
vn 0.2108 0.4542 -0.8656
vn 0.2574 -0.0701 -0.9638
vn -0.1428 0.2018 -0.9690
vn -0.4061 0.9097 -0.0862
vn -0.3755 0.9219 0.0957
vn -0.9963 -0.0572 -0.0639
vn -0.5878 -0.8049 -0.0814
vn -0.7365 0.6599 0.1484
vn -0.4364 0.8368 -0.3306
vn -0.3908 -0.9087 0.1470
vn -0.8932 -0.4437 -0.0730
vn -0.8608 0.5007 0.0907
vn -0.4500 -0.4418 0.7761
vn 0.8451 0.2710 -0.4608
vn 0.9063 0.1306 -0.4019
vn 0.9778 0.0382 -0.2059
vn 0.7826 0.6064 -0.1406
vn 0.7824 -0.0956 -0.6154
vn 0.9620 0.2616 -0.0779
vn 0.8844 -0.4648 -0.0426
vn 0.8326 -0.1710 -0.5268
vn -0.7698 -0.1286 0.6252
vn -0.9760 -0.1026 0.1922
vn -0.3528 -0.7947 0.4940
vn -0.4336 0.8738 -0.2201
vn -0.4895 0.8681 -0.0823
vn -0.1747 0.9789 -0.1062
vn -0.4112 -0.8458 -0.3400
vn 0.8833 0.2464 -0.3988
vn -0.8406 0.3667 0.3986
vn 0.2099 0.6015 0.7708
vn 0.2053 -0.6142 0.7620
vn 0.1619 -0.5092 0.8453
vn -0.4382 -0.3577 0.8246
vn 0.9418 0.2840 -0.1801
vn -0.2399 -0.4525 -0.8589
vn 0.8379 0.5282 -0.1377
vn 0.8212 -0.0598 -0.5675
vn 0.8288 -0.1565 -0.5372
vn 0.7376 -0.4831 -0.4717
vn 0.1139 0.7043 0.7007
vn -0.4653 -0.1881 0.8650
vn -0.8122 -0.2355 0.5338
vn 0.2300 -0.5493 -0.8033
vn 0.0532 0.2868 0.9565
vn 0.5766 0.5081 0.6398
vn 0.1563 0.6255 0.7644
vn -0.0368 -0.1774 0.9835
vn 0.1108 0.3455 0.9319
vn 0.8610 0.1582 0.4833
vn 0.9460 0.2900 0.1448
vn 0.7890 0.5390 0.2949
vn 0.7577 0.6276 0.1787
vn -0.2757 -0.1337 0.9519
vn -0.9232 -0.0360 0.3825
vn -0.2533 -0.6552 -0.7117
vn -0.4816 0.5678 0.6676
vn -0.9725 -0.1563 0.1728
vn -0.7144 -0.5797 0.3920
vn 0.5587 0.4663 0.6858
vn 0.8264 0.5290 -0.1927
vn -0.2103 0.5003 0.8399
vn -0.8611 -0.3995 -0.3145
vn 0.3113 0.6003 0.7367
vn 0.5584 0.8063 0.1953
vn 0.4708 0.8681 0.1574
vn 0.6102 0.7634 0.2121
vn -0.3007 -0.1322 0.9445
vn -0.8785 -0.3138 -0.3603
vn -0.5255 -0.6176 -0.5852
vn 0.5360 -0.6385 -0.5523
vn 0.4577 -0.2371 -0.8569
vn 0.8835 -0.2090 -0.4191
vn 0.7397 0.6170 0.2687
vn 0.9522 0.2481 -0.1783
vn 0.7830 0.5957 -0.1790
vn 0.8803 0.4686 0.0745
vn 0.6796 0.7315 0.0555
vn 0.9925 -0.0919 0.0811
vn 0.7652 -0.1778 -0.6187
vn 0.9140 0.3089 0.2630
vn 0.1357 -0.1987 -0.9706
vn 0.5465 -0.7526 -0.3673
vn 0.9170 -0.1442 -0.3719
vn 0.8999 -0.4172 0.1273
vn 0.9915 -0.1281 0.0207
vn 0.6838 -0.7144 0.1486
vn 0.7305 -0.6797 0.0666
vn 0.6040 -0.7961 -0.0383
vn 0.4059 0.2636 -0.8751
vn 0.1869 -0.2479 -0.9506
vn 0.6616 0.6980 0.2740
vn 0.6259 0.6031 0.4945
vn -0.1378 0.9603 0.2424
vn 0.3750 0.9251 -0.0588
vn 0.7136 0.6557 0.2467
vn 0.2007 -0.9559 -0.2146
vn 0.1522 -0.7922 -0.5910
vn 0.4370 -0.7038 -0.5601
vn 0.5424 -0.7839 -0.3022
vn 0.5439 -0.8179 -0.1877
vn 0.7484 -0.6239 -0.2250
vn -0.7051 -0.5898 0.3936
vn 0.0936 -0.9391 -0.3307
vn 0.3741 -0.8077 -0.4558
vn 0.6683 -0.6551 -0.3525
vn 0.4424 -0.6531 -0.6146
vn 0.3200 -0.2033 -0.9254
vn 0.4988 -0.1256 -0.8575
vn 0.5713 -0.4354 -0.6957
vn 0.8945 0.1000 -0.4358
vn 0.8146 -0.3764 -0.4414
vn 0.7602 -0.0968 -0.6424
vn 0.9399 -0.3237 -0.1085
vn 0.9852 0.1082 0.1329
vn 0.9827 0.1143 -0.1459
vn 0.8127 0.5374 0.2251
vn 0.7284 0.5778 -0.3682
vn 0.7443 0.5541 -0.3728
vn 0.7912 0.5256 -0.3126
vn 0.7533 0.6477 -0.1139
vn 0.3375 0.9356 -0.1033
vn 0.6794 0.7007 -0.2177
vn 0.7236 0.6898 0.0259
vn 0.7826 0.6213 0.0402
vn 0.8599 0.4058 -0.3096
vn 0.9423 -0.1852 -0.2789
vn 0.9205 0.3552 -0.1627
vn 0.5524 -0.6024 -0.5762
vn 0.2099 -0.5266 -0.8238
vn 0.3431 -0.0911 -0.9349
vn 0.2647 0.8415 -0.4710
vn 0.4098 0.4575 -0.7892
vn 0.3930 0.7566 -0.5226
vn 0.8690 0.4422 -0.2220
vn 0.9754 -0.2205 -0.0053
vn 0.7992 -0.0801 -0.5957
vn 0.1969 -0.8086 -0.5544
vn 0.0803 -0.9245 -0.3727
vn 0.3189 -0.9098 -0.2655
vn 0.1419 -0.9894 -0.0296
vn 0.2741 -0.9529 0.1299
vn 0.2209 -0.9433 -0.2478
vn 0.3992 -0.8774 0.2662
vn 0.9250 0.0850 0.3703
vn 0.3302 0.9313 -0.1537
vn 0.5738 0.7660 -0.2898
vn 0.2511 0.9349 -0.2510
vn -0.2591 0.7955 0.5477
vn 0.5622 -0.2870 0.7756
vn 0.4377 -0.3362 0.8339
vn -0.2404 -0.8510 0.4670
vn 0.5749 0.7951 0.1931
vn 0.7637 0.5357 0.3602
vn 0.2173 0.9390 0.2665
vn -0.9081 0.4078 -0.0953
vn -0.8958 0.3622 0.2576
vn 0.1002 0.9924 -0.0720
vn 0.9706 0.2243 -0.0874
vn 0.3339 -0.9327 0.1364
vn 0.0470 -0.9968 -0.0646
vn 0.1158 0.9816 -0.1518
vn 0.0303 0.9814 -0.1898
vn 0.1382 0.9901 -0.0264
vn 0.2903 0.9569 0.0102
vn -0.4540 0.6124 -0.6471
vn -0.4611 0.3558 -0.8129
vn -0.1889 -0.5509 -0.8129
vn 0.5024 0.4871 -0.7143
vn 0.1171 0.4988 -0.8588
vn -0.1829 0.8567 -0.4823
vn -0.9641 0.2603 -0.0524
vn -0.4898 0.8681 -0.0809
vn -0.0359 0.9919 -0.1218
vn -0.1036 0.9944 0.0190
vn -0.2292 0.7682 -0.5978
vn -0.4131 0.8489 -0.3296
vn -0.2623 0.9647 0.0245
vn -0.9381 -0.2190 -0.2682
vn -0.7459 -0.5405 -0.3893
vn 0.0380 -0.9913 -0.1257
vn 0.4938 -0.6764 -0.5465
vn 0.5487 -0.8280 0.1155
vn 0.4082 -0.7693 0.4915
vn 0.6119 -0.7895 0.0464
vn 0.8047 -0.4419 0.3964
vn -0.9778 0.2005 -0.0612
vn 0.1963 0.9029 -0.3825
vn -0.1386 0.9900 -0.0261
vn -0.3915 0.9082 0.1481
vn -0.5289 -0.2194 0.8199
vn -0.7636 0.3228 0.5592
vn -0.6914 -0.0523 0.7205
vn -0.1177 -0.9767 0.1796
vn -0.8234 -0.5503 -0.1382
vn 0.0434 -0.4163 -0.9082
vn -0.2455 -0.0172 -0.9692
vn 0.4185 0.6104 -0.6725
vn -0.5080 0.8032 -0.3110
vn 0.4713 0.2854 -0.8345
vn 0.4613 0.8355 0.2987
vn 0.6239 0.6877 0.3712
vn 0.9034 0.4277 0.0290
vn 0.8996 -0.2004 -0.3880
vn 0.7340 0.4708 -0.4895
vn -0.1233 0.7635 -0.6340
vn 0.2953 0.7423 -0.6015
vn -0.1357 0.9422 -0.3064
vn 0.3001 0.9386 -0.1702
vn 0.5832 0.6546 -0.4810
vn 0.6896 0.6135 -0.3848
vn 0.7998 0.3463 -0.4904
vn 0.8572 0.4505 -0.2494
vn 0.9746 -0.1846 0.1269
vn 0.7759 -0.5974 -0.2027
vn 0.8528 -0.3801 -0.3582
vn 0.5792 -0.6916 -0.4315
vn 0.8101 -0.2196 -0.5436
vn 0.6565 -0.5565 -0.5092
vn 0.6245 -0.4856 -0.6118
vn 0.4023 -0.6600 -0.6345
vn 0.2803 -0.5271 -0.8022
vn 0.0210 -0.5040 -0.8635
vn 0.5418 0.6998 -0.4655
vn 0.9696 0.0378 -0.2419
vn 0.6925 0.3884 -0.6080
vn 0.9201 0.3378 -0.1984
vn 0.6737 0.7317 -0.1038
vn 0.9648 0.2281 0.1307
vn 0.7723 0.3134 -0.5526
vn 0.8499 -0.0728 -0.5219
vn -0.3536 0.6893 -0.6323
vn -0.2184 0.0448 -0.9748
vn -0.4844 -0.7482 -0.4534
vn 0.2098 -0.3765 -0.9024
vn 0.4989 -0.7850 -0.3673
vn 0.8580 -0.1178 0.4999
vn 0.6278 -0.7545 -0.1915
vn 0.7014 0.4675 -0.5380
vn 0.0086 0.8327 -0.5536
vn -0.1171 0.4988 -0.8588
vn -0.6501 0.7397 -0.1740
vn -0.9047 0.2617 0.3363
vn 0.9417 0.2954 0.1610
vn 0.6786 0.5873 0.4411
vn 0.4785 0.8081 0.3436
vn 0.7062 0.6407 0.3013
vn 0.8431 0.1362 -0.5202
vn 0.7281 -0.4886 -0.4807
vn 0.5804 -0.3801 -0.7202
vn 0.7568 0.6311 0.1702
vn 0.7191 -0.5376 0.4403
vn 0.0404 -0.9964 -0.0742
vn -0.6130 -0.1322 -0.7789
vn 0.2703 -0.9021 -0.3365
vn 0.2689 0.8498 0.4534
vn 0.8886 0.2492 -0.3850
vn 0.3463 0.2077 -0.9149
vn -0.8114 0.3661 -0.4556
vn -0.9079 -0.2345 -0.3476
vn -0.9631 0.0355 -0.2667
vn -0.6908 0.3768 -0.6171
vn 0.1047 -0.9142 -0.3915
vn 0.1795 -0.9627 0.2024
vn 0.4405 -0.8962 0.0520
vn 0.6956 0.7093 0.1139
vn 0.5305 0.7533 0.3888
vn 0.8127 0.5707 0.1180
vn 0.9576 0.2372 -0.1633
vn 0.8000 0.3663 -0.4752
vn 0.7340 0.2027 -0.6482
vn 0.9819 -0.0045 -0.1892
vn 0.9219 -0.3555 0.1541
vn 0.9755 0.1320 -0.1762
vn -0.8100 -0.5732 0.1241
vn -0.8958 0.1529 0.4173
vn -0.4505 -0.3439 0.8239
vn -0.8143 0.1914 0.5480
vn -0.4764 -0.7074 0.5221
vn 0.0932 -0.7080 0.7001
vn 0.0880 -0.1769 0.9803
vn 0.0703 -0.8366 0.5433
vn -0.2091 -0.7108 0.6716
vn -0.5472 -0.7611 0.3484
vn -0.8144 -0.4968 -0.3000
vn -0.7478 0.3384 -0.5712
vn -0.2884 -0.4210 0.8600
vn -0.1624 -0.7579 0.6318
vn -0.5297 -0.4279 0.7323
vn -0.9754 -0.1879 0.1152
vn -0.9246 0.3042 -0.2292
vn -0.8668 0.4852 0.1151
vn 0.7105 -0.7035 -0.0155
vn 0.4297 -0.9013 0.0547
vn 0.7673 -0.1431 0.6251
vn 0.4274 0.8592 0.2812
vn 0.3173 0.9343 0.1624
vn -0.1067 0.9404 -0.3228
vn 0.0799 0.9001 -0.4283
vn 0.4069 0.9100 -0.0799
vn -0.0118 0.5672 0.8235
vn 0.1324 -0.3819 0.9147
vn 0.5733 0.0053 0.8193
vn 0.7050 -0.4324 0.5621
vn -0.4171 -0.9028 0.1052
vn 0.1954 -0.9744 0.1112
vn 0.2481 -0.9594 -0.1343
vn 0.4588 -0.8884 -0.0130
vn 0.5121 -0.8234 -0.2446
vn 0.8634 0.1123 -0.4918
vn 0.5736 -0.8121 -0.1075
vn 0.5715 0.7934 0.2098
vn 0.9967 0.0632 -0.0500
vn 0.7558 0.4695 0.4565
vn 0.1870 -0.9789 0.0829
vn 0.2601 -0.9654 0.0193
vn 0.9599 -0.1892 -0.2068
vn 0.0763 -0.7099 0.7002
vn -0.6829 0.5630 -0.4655
vn -0.1087 0.9640 -0.2425
vn 0.1559 0.9869 -0.0419
vn -0.9768 0.0333 -0.2115
vn -0.9482 0.1095 -0.2983
vn -0.8437 0.2717 -0.4629
vn -0.6766 0.2400 -0.6961
vn -0.7160 0.4846 -0.5026
vn -0.1673 0.7217 -0.6717
vn 0.6252 0.7055 0.3338
vn 0.7971 0.4810 0.3649
vn 0.9631 0.0107 0.2688
vn 0.6683 -0.3446 0.6593
vn -0.0531 -0.9912 -0.1211
vn -0.4898 -0.8647 0.1111
vn -0.5562 -0.7546 -0.3481
vn 0.4345 0.8657 0.2486
vn -0.8335 -0.1605 -0.5287
vn -0.9650 0.2346 -0.1174
vn 0.8574 0.0816 0.5082
vn 0.9101 -0.3807 0.1637
vn 0.6247 -0.6907 0.3642
vn 0.3439 -0.6402 -0.6870
vn 0.4329 -0.7611 0.4830
vn 0.5149 -0.3927 0.7620
vn 0.6614 0.0576 0.7478
vn -0.0200 -0.9386 0.3444
vn -0.0917 -0.7178 0.6902
vn 0.6152 -0.6442 -0.4545
vn 0.9899 0.0478 0.1335
vn 0.4164 0.8834 -0.2152
vn 0.8937 0.3258 0.3084
vn 0.7761 0.3516 0.5236
vn 0.6167 0.5591 0.5541
vn 0.4605 0.8210 0.3374
vn 0.4797 0.7458 0.4623
vn 0.4130 0.8122 0.4121
vn -0.4611 -0.5684 0.6814
vn 0.3268 -0.8103 0.4864
vn -0.6649 0.7118 -0.2265
vn -0.9736 0.2220 -0.0538
vn -0.5095 0.8474 -0.1496
vn 0.4159 0.8877 0.1975
vn -0.9642 -0.0458 0.2611
vn -0.7698 -0.4145 0.4855
vn 0.2151 0.9416 0.2590
vn 0.3789 0.9194 0.1050
vn 0.4700 -0.3489 0.8108
vn -0.1891 -0.5796 0.7926
vn 0.2988 -0.5802 0.7577
vn 0.4060 0.8988 0.1655
vn -0.1083 0.3502 0.9304
vn 0.2714 -0.1452 0.9514
vn 0.0261 -0.1725 0.9847
vn -0.9673 0.1890 -0.1693
vn -0.8890 0.2396 -0.3901
vn -0.7929 -0.1764 -0.5832
vn -0.1566 0.6258 0.7641
vn -0.5898 0.5217 0.6164
vn -0.0803 0.2801 0.9566
vn -0.9708 -0.2379 -0.0315
vn 0.3368 0.7943 0.5056
vn 0.7787 0.2670 0.5678
vn 0.6875 0.6912 0.2229
vn 0.2634 0.9446 -0.1956
vn -0.1414 0.6423 -0.7533
vn -0.4284 0.7623 -0.4852
vn -0.1171 0.9803 -0.1591
vn 0.7735 -0.1282 0.6207
vn 0.7590 -0.2308 0.6089
vn 0.8579 -0.4528 0.2428
vn 0.8796 0.4710 -0.0676
vn 0.7542 0.4263 0.4994
vn 0.7612 0.6298 -0.1548
vn 0.8700 0.3190 -0.3760
vn 0.5208 0.3940 -0.7573
vn 0.1707 0.9841 0.0496
vn 0.2271 0.6616 0.7147
vn 0.3571 0.2174 0.9084
vn -0.0828 -0.1801 0.9802
vn -0.0840 -0.7063 0.7029
vn -0.7667 -0.6289 -0.1290
vn -0.5971 -0.5398 -0.5934
vn -0.7263 -0.4528 -0.5172
vn -0.9199 -0.3638 0.1466
vn -0.9530 0.1455 0.2658
vn -0.7443 -0.6282 -0.2268
vn 0.4564 -0.3472 0.8192
vn 0.2092 -0.7144 0.6678
vn -0.0484 -0.7074 0.7052
vn -0.9659 0.0145 0.2584
vn -0.9376 0.3147 0.1479
vn -0.9956 0.0794 -0.0501
vn 0.8330 0.1526 0.5319
vn 0.8444 0.5162 0.1433
vn -0.6156 0.7055 0.3512
vn -0.5740 0.7961 0.1916
vn -0.7658 0.6202 0.1698
vn -0.4665 0.8095 0.3564
vn -0.4386 0.8538 0.2803
vn 0.1022 0.3565 -0.9287
vn 0.1598 0.1612 -0.9739
vn -0.6895 0.7216 0.0626
vn -0.6979 0.6504 0.2999
vn 0.1181 -0.9747 0.1898
vn 0.1975 0.8435 -0.4996
vn -0.2791 0.0463 -0.9591
vn 0.7483 0.3372 -0.5713
vn 0.8085 -0.4946 -0.3190
vn 0.9023 0.1175 0.4147
vn 0.5570 -0.1944 0.8074
vn 0.3438 0.9233 0.1713
vn -0.2092 0.8903 -0.4046
vn 0.5558 -0.7531 0.3520
vn 0.4007 -0.9139 0.0657
vn 0.2141 -0.0783 -0.9737
vn 0.1704 -0.9838 -0.0563
vn -0.0859 -0.9777 0.1916
vn -0.6097 -0.7878 -0.0873
vn -0.7300 -0.6796 0.0725
vn -0.5983 -0.8004 -0.0373
vn -0.3297 -0.9202 -0.2111
vn -0.4526 -0.8894 -0.0641
vn 0.6272 0.5753 0.5250
vn 0.4437 0.7044 0.5541
vn -0.8950 0.3238 0.3068
vn -0.4075 0.8812 -0.2398
vn -0.6851 0.6994 0.2036
vn -0.8638 0.0734 0.4985
vn -0.7799 0.2607 0.5690
vn -0.7647 0.3141 0.5626
vn 0.1122 0.9894 -0.0923
vn -0.4411 0.8968 -0.0328
vn -0.5576 0.7761 0.2946
vn -0.2854 0.2729 0.9187
vn 0.0329 -0.9995 0.0002
vn -0.3717 -0.9167 0.1467
vn -0.0846 -0.9885 -0.1257
vn -0.0786 -0.2621 -0.9618
vn 0.6052 0.4572 -0.6517
vn -0.9530 -0.1654 -0.2537
vn -0.1951 0.8838 -0.4253
vn -0.4128 0.4343 -0.8006
vn -0.8508 -0.3780 -0.3651
vn -0.6468 -0.5540 -0.5242
vn -0.6650 -0.2900 -0.6882
vn -0.7990 0.3525 -0.4871
vn -0.6884 0.0336 -0.7245
vn -0.8988 0.0675 -0.4331
vn -0.8571 0.4514 -0.2482
vn -0.7971 0.5050 -0.3312
vn -0.9855 0.1106 0.1284
vn -0.9824 0.1145 -0.1475
vn -0.8124 0.5397 0.2207
vn -0.6840 0.7049 -0.1877
vn -0.7438 0.5526 -0.3760
vn 0.0043 0.8118 0.5839
vn 0.3915 0.6779 0.6222
vn 0.5709 0.5343 0.6233
vn 0.6726 0.3846 0.6322
vn -0.3219 0.0464 0.9456
vn -0.6798 -0.6908 0.2461
vn -0.7270 -0.6779 -0.1093
vn -0.4405 -0.8962 0.0520
vn -0.5568 -0.7900 -0.2567
vn -0.1052 -0.9133 -0.3935
vn 0.9470 0.0509 -0.3172
vn -0.4062 0.4569 -0.7914
vn -0.8839 0.4196 -0.2064
vn -0.5695 0.7737 -0.2775
vn -0.6170 -0.6437 -0.4528
vn -0.2139 -0.5185 -0.8279
vn -0.1974 -0.8091 -0.5535
vn -0.8776 -0.4681 -0.1037
vn -0.3174 -0.9116 -0.2612
vn -0.0686 -0.9256 -0.3722
vn -0.2202 -0.0532 -0.9740
vn -0.5790 0.1039 -0.8087
vn -0.1879 -0.2066 -0.9602
vn -0.2230 -0.9427 -0.2480
vn -0.6480 0.3870 0.6560
vn -0.5662 0.5378 0.6247
vn 0.3183 0.0493 0.9467
vn -0.3975 0.5890 0.7036
vn -0.6806 -0.3751 0.6294
vn 0.2711 -0.8352 0.4785
vn -0.6928 -0.4273 0.5809
vn -0.4354 -0.7614 0.4803
vn -0.3551 -0.7672 0.5341
vn -0.1612 0.9861 0.0412
vn -0.2249 0.9323 0.2833
vn 0.4451 0.8953 -0.0188
vn -0.3576 0.2206 0.9074
vn -0.9828 0.1484 -0.1098
vn 0.1994 0.3133 -0.9285
vn -0.7195 0.4452 0.5330
vn -0.9081 0.3908 -0.1505
vn -0.7657 0.6212 -0.1670
vn -0.8722 0.3312 -0.3600
vn -0.5184 0.3938 -0.7591
vn 0.5936 -0.5361 -0.6002
vn 0.2198 -0.0519 -0.9742
vn 0.1850 -0.2086 -0.9603
vn 0.8251 -0.5214 -0.2176
vn 0.2112 -0.9758 -0.0575
vn 0.4506 -0.8783 -0.1596
vn -0.0197 -0.8859 0.4635
vn -0.1399 -0.9473 0.2883
vn -0.4637 -0.8800 0.1026
vn -0.0221 -0.9979 -0.0617
vn -0.9387 0.3445 -0.0095
vn 0.0202 0.8739 -0.4858
vn -0.1997 0.6790 -0.7065
vn 0.5839 0.0457 -0.8106
vn 0.5468 -0.8085 0.2175
vn 0.7226 -0.4565 -0.5191
vn -0.8340 -0.5086 -0.2140
vn -0.4517 -0.8778 -0.1592
vn 0.4877 -0.3522 -0.7988
vn -0.4877 -0.3522 -0.7988
vn -0.3381 0.9259 -0.1686
vn 0.1168 0.9801 -0.1608
vn -0.9412 -0.1953 0.2758
vn -0.9289 0.0891 0.3595
vn -0.8536 0.2630 0.4497
vn -0.7605 0.6210 0.1898
vn -0.1354 -0.3635 0.9217
vn -0.3024 -0.5226 0.7972
vn -0.0023 -0.7671 0.6415
vn -0.3759 0.6608 0.6496
vn -0.0200 0.7859 0.6180
vn -0.3976 0.6836 0.6120
vn -0.4723 0.6933 0.5443
vn -0.2633 0.6374 -0.7242
vn -0.7802 0.2650 -0.5666
vn -0.7227 0.4652 -0.5112
vn 0.3877 -0.7372 0.5534
vn 0.8543 0.2639 0.4477
vn -0.3102 0.7329 -0.6055
vn 0.1233 0.7635 -0.6340
vn 0.1319 0.9427 -0.3064
vn -0.5472 0.6650 -0.5083
vn 0.5728 0.5840 -0.5752
vn 0.0432 0.8409 -0.5395
vn -0.5204 0.6038 -0.6038
vn 0.6912 -0.4437 0.5705
vn -0.3197 -0.4548 -0.8312
vn 0.1432 -0.4167 -0.8977
vn 0.0559 -0.8323 -0.5515
vn -0.7580 -0.1146 -0.6421
vn -0.4343 0.6343 -0.6396
vn 0.1433 -0.9894 -0.0225
vn 0.1753 -0.9355 -0.3067
vn 0.3918 -0.9147 -0.0990
vn -0.5001 0.8169 0.2874
vn -0.2452 0.8473 0.4711
vn -0.7158 0.5599 0.4173
vn -0.0853 -0.3434 -0.9353
vn 0.3266 -0.6955 -0.6400
vn 0.1774 -0.9782 -0.1081
vn -0.6934 0.3844 -0.6094
vn -0.6200 -0.7804 -0.0811
vn -0.6481 -0.7478 0.1441
vn 0.2180 -0.0901 0.9718
vn -0.3212 0.9253 -0.2015
vn 0.5475 0.8309 -0.0993
vn 0.4603 -0.6562 0.5979
vn 0.0849 -0.9355 0.3431
vn 0.1717 -0.9803 0.0971
vn 0.0364 -0.9559 0.2913
vn 0.1776 -0.7669 0.6167
vn 0.5666 -0.2645 0.7804
vn 0.2809 -0.5391 0.7940
vn 0.0063 -0.7613 0.6484
vn 0.1013 -0.9555 0.2772
vn 0.2240 -0.9671 0.1204
vn 0.1289 -0.4527 0.8823
vn 0.3394 -0.0278 0.9402
vn 0.5559 0.1651 0.8147
vn 0.2390 0.3763 0.8951
vn 0.7468 0.1157 0.6549
vn 0.0423 -0.9980 -0.0460
vn 0.4633 -0.8842 0.0587
vn 0.0588 0.1550 0.9862
vn 0.4743 0.4342 0.7659
vn 0.6710 0.3050 0.6758
vn -0.0209 0.5039 0.8635
vn 0.0827 0.9566 -0.2793
vn -0.5953 0.3729 -0.7117
vn 0.1193 0.7265 -0.6767
vn -0.8533 0.2295 -0.4682
vn 0.0226 0.9132 -0.4069
vn -0.6491 0.7540 -0.1006
vn -0.1761 -0.9626 0.2057
vn 0.6833 -0.1983 -0.7027
vn 0.6537 -0.1120 -0.7484
vn 0.7009 0.0356 -0.7124
vn 0.4047 -0.5980 -0.6918
vn 0.1512 0.0902 -0.9844
vn -0.4165 0.1859 -0.8899
vn -0.4895 0.0271 -0.8716
vn -0.2504 -0.6543 -0.7136
vn -0.5799 -0.5111 -0.6344
vn -0.3264 -0.3775 -0.8666
vn -0.6233 -0.2002 -0.7560
vn -0.4585 -0.1124 -0.8816
vn -0.7902 0.1485 -0.5946
vn -0.5487 -0.4370 -0.7127
vn -0.8257 -0.3594 -0.4348
vn -0.6392 -0.6745 -0.3694
vn -0.7768 -0.5969 -0.2009
vn -0.5288 0.7630 0.3717
vn -0.5513 0.8094 0.2024
vn -0.7381 0.4935 0.4601
vn -0.2505 0.7574 0.6030
vn 0.0252 0.5514 0.8339
vn -0.8447 0.5342 0.0329
vn -0.5638 -0.7404 -0.3659
vn -0.5274 -0.8043 -0.2736
vn -0.5230 -0.8519 -0.0252
vn 0.0070 -0.3826 -0.9239
vn -0.0425 -0.2823 -0.9584
vn -0.4041 -0.7864 -0.4673
vn -0.4331 -0.5654 -0.7019
vn -0.8526 0.1536 -0.4995
vn -0.9504 -0.1861 -0.2491
vn -0.8602 0.4036 -0.3118
vn -0.7818 0.5956 -0.1845
vn -0.5037 0.7414 0.4434
vn -0.7224 0.6734 0.1573
vn -0.0305 0.1329 -0.9907
vn 0.2132 -0.6728 -0.7084
vn 0.4340 0.1830 -0.8821
vn 0.5494 0.0739 -0.8323
vn 0.2331 -0.9396 -0.2507
vn -0.7525 -0.4572 -0.4741
vn -0.0496 -0.2188 -0.9745
vn 0.3841 -0.3151 -0.8678
vn 0.8114 0.3660 -0.4556
vn -0.9817 -0.0100 -0.1904
vn -0.7047 -0.4351 0.5604
vn -0.5591 0.0113 0.8290
vn -0.1496 -0.3829 0.9116
vn -0.8621 0.1227 0.4916
vn -0.7873 0.5404 0.2967
vn -0.6106 0.7636 0.2099
vn -0.4711 0.8679 0.1577
vn -0.4815 0.8106 0.3331
vn -0.2846 -0.9388 -0.1939
vn -0.4503 0.8276 0.3350
vn -0.4176 0.8864 0.1995
vn -0.4069 0.8951 0.1823
vn -0.4175 0.8709 0.2594
vn -0.1540 0.9761 0.1535
vn -0.2146 0.9426 0.2560
vn 0.0122 0.9784 0.2062
vn -0.3385 0.9252 0.1715
vn -0.3758 0.9217 0.0960
vn 0.9719 -0.2334 -0.0307
vn -0.6192 0.6939 0.3676
vn -0.7911 0.6116 0.0067
vn -0.9631 0.2545 0.0878
vn -0.7383 0.6718 0.0597
vn -0.6544 0.7427 -0.1420
vn -0.9463 0.2777 -0.1653
vn -0.3573 0.9242 -0.1350
vn -0.7616 0.6343 -0.1326
vn -0.7484 0.4669 -0.4711
vn -0.9054 0.4241 0.0174
vn -0.5609 0.6400 -0.5251
vn -0.3682 0.9165 -0.1565
vn -0.5258 0.7471 -0.4066
vn -0.2838 0.9019 0.3257
vn -0.0725 0.9886 -0.1320
vn 0.1790 0.9200 0.3485
vn 0.3849 0.8949 0.2257
vn 0.5461 0.5707 -0.6133
vn -0.0178 0.9305 0.3659
vn -0.9415 0.3079 0.1369
vn 0.4066 0.8762 -0.2586
vn 0.0816 0.9822 -0.1693
vn 0.1213 0.9172 -0.3796
vn -0.0985 0.9899 -0.1016
vn -0.1306 0.8701 -0.4753
vn -0.1537 0.9270 -0.3421
vn 0.0308 0.7657 -0.6425
vn 0.1257 0.8414 0.5256
vn -0.3615 0.7539 0.5485
vn -0.0628 0.9961 0.0621
vn 0.0021 0.9536 -0.3012
vn 0.0742 0.8393 -0.5386
vn -0.4108 0.2303 -0.8822
vn -0.5546 0.6740 -0.4880
vn -0.3221 -0.5551 -0.7669
vn -0.5633 -0.3234 -0.7603
vn -0.3998 -0.6244 -0.6710
vn -0.6893 0.6229 -0.3700
vn -0.7570 -0.1123 -0.6437
vn -0.9393 -0.3223 -0.1175
vn -0.6810 -0.0934 -0.7263
vn 0.5219 0.1541 -0.8390
vn -0.6865 0.2740 -0.6735
vn 0.0525 0.0247 -0.9983
vn -0.7637 0.3003 -0.5715
vn -0.7325 0.5656 -0.3789
vn -0.6281 -0.6894 0.3609
vn -0.9130 -0.3578 0.1960
vn -0.8991 -0.4212 0.1190
vn -0.4549 -0.8881 0.0664
vn -0.1679 -0.9816 0.0910
vn -0.1322 -0.9906 -0.0340
vn -0.0852 -0.9353 0.3434
vn -0.1786 -0.7659 0.6177
vn -0.0386 -0.9504 0.3087
vn -0.6669 -0.7447 0.0264
vn -0.8535 -0.4910 -0.1746
vn -0.9915 -0.1266 0.0303
vn -0.6951 -0.3532 0.6262
vn -0.2525 -0.9582 0.1344
vn -0.6170 -0.7860 0.0385
vn -0.8086 -0.4371 0.3939
vn 0.6479 0.7419 -0.1727
vn 0.4293 0.7638 -0.4820
vn 0.6798 -0.6908 0.2461
vn -0.6817 0.1663 0.7125
vn 0.2591 0.7963 0.5466
vn 0.1459 0.9627 0.2277
vn -0.9764 -0.2154 -0.0180
vn -0.3863 -0.8813 0.2723
vn 0.1727 0.6019 -0.7797
vn -0.2021 0.9473 -0.2486
vn -0.8016 -0.0815 -0.5922
vn -0.0732 0.9937 -0.0845
vn -0.2610 0.8460 -0.4649
vn -0.3425 -0.0924 -0.9350
vn -0.3411 -0.6370 -0.6912
vn -0.9221 -0.1564 -0.3540
vn -0.1993 -0.2445 -0.9489
vn -0.3916 0.7597 -0.5191
vn -0.4200 0.2326 -0.8772
vn -0.2388 0.9562 -0.1690
vn -0.1757 0.9799 -0.0949
vn -0.2223 0.4637 0.8576
vn -0.6253 0.6020 0.4966
vn -0.5476 0.8090 0.2137
vn -0.7761 -0.1260 0.6179
vn -0.8132 0.4501 0.3689
vn -0.7457 -0.2789 0.6051
vn -0.8477 -0.5009 0.1747
vn 0.1105 -0.9447 0.3087
vn 0.0793 -0.8943 0.4403
vn 0.4636 -0.8813 0.0911
vn 0.6212 -0.7797 -0.0788
vn 0.0544 -0.9412 0.3335
vn 0.6405 -0.7510 0.1607
vn -0.5640 0.1627 0.8096
vn -0.4743 0.4342 0.7659
vn -0.6692 0.3084 0.6761
vn -0.7828 0.1075 0.6130
vn -0.6789 0.0301 0.7336
vn -0.5887 0.7807 0.2096
vn -0.8587 0.4884 0.1555
vn -0.7932 0.5702 -0.2140
vn -0.1015 0.3661 -0.9250
vn -0.2019 0.8453 -0.4947
vn 0.1183 0.6119 -0.7820
vn 0.7459 -0.5893 0.3104
vn 0.9392 -0.1903 0.2857
vn 0.5360 -0.3128 0.7841
vn 0.8720 -0.4754 -0.1171
vn 0.9003 0.2734 0.3386
vn 0.7570 -0.6403 -0.1302
vn 0.5225 -0.8051 -0.2807
vn 0.7337 -0.6663 -0.1329
vn -0.9472 0.0511 -0.3166
vn 0.0878 -0.9817 0.1690
vn 0.7438 -0.6259 -0.2346
vn 0.3702 -0.9244 0.0920
vn 0.9670 0.2111 -0.1426
vn -0.1048 0.0794 -0.9913
vn 0.2081 0.9769 -0.0478
vn 0.9836 0.1474 -0.1038
vn -0.0408 -0.9991 0.0100
vn -0.9851 0.0280 0.1694
vn -0.6778 0.6481 0.3471
vn -0.4221 0.9057 -0.0397
vn 0.5320 0.7871 0.3122
vn -0.8049 0.4669 0.3662
vn -0.4892 0.7467 0.4506
vn -0.3684 0.7839 0.4998
vn -0.0042 0.8118 0.5839
vn -0.6176 0.5759 0.5356
vn 0.2771 0.2757 0.9204
vn 0.2793 0.0481 -0.9590
vn -0.2203 0.6579 0.7202
vn -0.1584 0.1599 -0.9743
vn -0.7868 0.5354 0.3070
vn -0.6530 0.7511 -0.0971
vn -0.7552 0.6159 0.2244
vn -0.6250 0.5831 0.5190
vn -0.2143 -0.9706 0.1096
vn -0.0991 -0.9557 0.2773
vn -0.0410 -0.9981 -0.0460
vn 0.2094 0.9721 -0.1059
vn -0.0478 0.9701 -0.2381
vn -0.5550 -0.7324 0.3945
vn -0.8093 0.3900 -0.4392
vn -0.7822 0.1718 -0.5989
vn 0.4482 0.8727 -0.1936
vn -0.3039 0.2190 -0.9272
vn 0.5946 0.7913 -0.1425
vn 0.7484 0.6631 0.0119
vn 0.7419 -0.5995 0.3003
vn 0.9956 -0.0894 -0.0265
vn 0.9923 -0.0525 -0.1126
vn 0.4348 0.8867 0.1572
vn 0.1050 0.6460 -0.7561
vn 0.7399 0.6717 0.0369
vn 0.1907 -0.1829 -0.9645
vn 0.9898 0.1419 0.0092
vn 0.1577 -0.9618 0.2237
vn -0.8853 -0.4621 -0.0516
vn -0.0438 -0.9942 0.0984
vn 0.2168 -0.8658 0.4511
vn 0.1011 0.7741 -0.6249
vn -0.2133 -0.3780 -0.9009
vn -0.1938 -0.9810 -0.0090
vn 0.8024 -0.1571 0.5758
vn 0.6612 0.5940 0.4583
vn 0.7832 0.5197 0.3414
vn 0.9648 0.2060 0.1635
vn 0.8771 0.4030 -0.2613
vn 0.9754 -0.1225 0.1835
vn 0.7198 0.1204 -0.6836
vn 0.8703 0.2112 -0.4449
vn -0.0713 -0.8323 0.5498
vn 0.8095 -0.5741 0.1231
vn 0.7849 -0.4021 -0.4715
vn -0.1852 -0.9719 0.1450
vn -0.2481 -0.9594 -0.1343
vn 0.6253 -0.6288 -0.4621
vn -0.7043 0.7004 0.1159
vn -0.8245 -0.0687 -0.5617
vn -0.7635 -0.1812 -0.6199
vn -0.5085 -0.8474 -0.1530
vn -0.7295 -0.6407 -0.2394
vn -0.4453 -0.7117 -0.5433
vn -0.6449 -0.4633 -0.6078
vn -0.1070 -0.4187 -0.9018
vn -0.0276 -0.8302 -0.5568
vn 0.1197 -0.4245 -0.8975
vn 0.2770 -0.7544 -0.5951
vn 0.4184 -0.6708 -0.6124
vn 0.2708 -0.7713 -0.5760
vn -0.0468 -0.9432 -0.3289
vn 0.1760 -0.7684 -0.6153
vn -0.2971 -0.5267 -0.7964
vn -0.2938 -0.5089 -0.8091
vn -0.1868 -0.7736 -0.6055
vn -0.2685 -0.9471 -0.1758
vn -0.5404 -0.7811 -0.3129
vn -0.6295 -0.6173 -0.4718
vn -0.4919 -0.7338 -0.4686
vn -0.5601 -0.6168 -0.5530
vn -0.7323 -0.4877 -0.4753
vn 0.1242 0.9896 0.0730
vn 0.0506 0.9983 -0.0293
vn -0.6719 -0.6742 0.3066
vn -0.6031 0.7481 0.2768
vn 0.0317 -0.9945 0.0995
vn -0.0088 -0.9963 -0.0850
vn -0.2203 -0.9113 0.3479
vn 0.0064 -0.9999 -0.0135
vn -0.4199 -0.9075 -0.0072
vn -0.0582 -0.9971 0.0495
vn 0.0104 -0.9947 -0.1026
vn -0.4613 0.3582 -0.8117
vn -0.5321 0.8466 0.0141
vn -0.2453 0.8353 -0.4921
vn -0.1818 -0.7084 0.6820
vn 0.3199 -0.2858 -0.9033
vn -0.0629 -0.9980 0.0107
vn -0.0059 -0.9993 0.0366
vn -0.1422 -0.9431 -0.3006
vn 0.2713 -0.9404 0.2052
vn -0.5015 -0.6182 -0.6052
vn -0.0802 0.4728 -0.8775
vn 0.6748 0.6168 -0.4052
vn 0.7139 -0.5745 -0.4004
vn 0.8341 -0.0437 -0.5499
vn -0.0403 -0.9449 -0.3247
vn -0.2100 -0.9045 -0.3712
vn -0.3615 -0.8337 -0.4174
vn 0.5326 0.8258 -0.1852
vn 0.9485 0.0131 0.3165
vn 0.8881 -0.2875 0.3586
vn -0.5083 -0.8234 -0.2522
vn 0.1853 -0.7795 -0.5984
vn 0.0060 -0.8857 -0.4642
vn 0.1635 -0.9617 -0.2202
vn -0.2221 -0.9486 -0.2253
vn 0.0507 -0.9972 -0.0557
vn -0.0003 -0.9951 -0.0985
vn 0.2962 -0.4466 -0.8443
vn 0.0770 0.9937 0.0820
vn -0.7438 -0.6661 -0.0553
vn -0.1549 0.9726 -0.1734
vn 0.5659 -0.4655 -0.6805
vn 0.6419 -0.2614 -0.7208
vn -0.9019 -0.1372 0.4095
vn -0.4920 -0.1421 0.8589
vn 0.3819 0.1733 0.9078
vn 0.7785 0.1878 -0.5989
vn 0.5096 0.0888 0.8558
vn 0.6732 0.2842 -0.6826
vn 0.6083 -0.1959 -0.7691
vn -0.2238 0.9724 0.0653
vn 0.6048 -0.7279 -0.3230
vn 0.2699 -0.6524 0.7082
vn 0.1662 0.6369 0.7529
vn -0.0392 0.5947 0.8030
vn 0.0880 -0.8496 0.5200
vn -0.1704 0.9793 -0.1089
vn -0.6484 -0.2034 -0.7336
vn -0.5838 0.0457 -0.8106
vn -0.4369 -0.7718 0.4620
vn -0.4560 -0.6596 0.5975
vn -0.5697 -0.2524 0.7821
vn -0.2383 0.3776 0.8948
vn -0.3348 -0.0148 0.9422
vn -0.0547 0.1551 0.9864
vn -0.3655 -0.7865 -0.4978
vn 0.0277 -0.8290 -0.5585
vn -0.2343 -0.7857 -0.5725
vn 0.0208 0.5039 0.8635
vn -0.0299 0.9995 0.0048
vn -0.4096 -0.6980 -0.5873
vn -0.0565 0.9983 0.0173
vn 0.6128 0.0291 0.7897
vn 0.6920 0.7208 -0.0386
vn 0.9101 0.3643 0.1976
vn 0.3739 -0.8405 -0.3921
vn 0.4944 -0.7223 -0.4836
vn 0.5297 -0.8027 -0.2740
vn 0.4933 -0.8368 -0.2377
vn 0.6986 0.6465 -0.3066
vn 0.2111 0.9431 -0.2567
vn 0.0263 0.9478 -0.3177
vn -0.0999 0.9503 -0.2948
vn 0.0908 -0.9959 0.0039
vn 0.5060 0.8624 -0.0126
vn -0.0075 0.2867 -0.9580
vn -0.0896 0.3408 -0.9359
vn 0.6796 0.3449 -0.6474
vn -0.0506 0.9550 -0.2924
vn 0.1037 0.9499 -0.2948
vn -0.6650 -0.4359 -0.6064
vn 0.0251 -0.9997 -0.0076
vn -0.0914 -0.9958 -0.0001
vn -0.9098 -0.2302 -0.3453
vn -0.3153 -0.9444 -0.0934
vn 0.0233 -0.9997 -0.0058
vn -0.0731 -0.8929 -0.4442
vn -0.8888 -0.0658 -0.4535
vn -0.3526 -0.0874 -0.9317
vn -0.2815 -0.1204 -0.9520
vn 0.3935 0.1985 -0.8976
vn 0.7588 0.1806 -0.6258
vn 0.3270 0.1217 -0.9371
vn 0.7010 0.1768 -0.6909
vn 0.1428 0.2018 -0.9690
vn -0.2009 0.4561 -0.8669
vn 0.4555 0.7082 -0.5393
vn 0.8487 0.4579 -0.2647
vn -0.3820 0.3924 0.8367
vn 0.0058 0.6295 0.7770
vn 0.0731 -0.9972 -0.0142
vn 0.2320 -0.9626 -0.1398
vn 0.0692 0.9961 0.0545
vn 0.3569 0.7554 0.5495
vn 0.2600 0.6418 -0.7214
vn -0.0099 0.9508 -0.3095
vn -0.0510 0.8382 -0.5429
vn -0.1254 0.8381 0.5308
vn -0.4449 0.8513 -0.2780
vn 0.1502 0.9765 0.1548
vn 0.0265 0.9209 0.3890
vn 0.1689 -0.9853 0.0248
vn -0.0675 0.9795 -0.1900
vn -0.1110 0.9167 -0.3839
vn 0.1358 0.9425 -0.3055
vn 0.0046 0.9505 0.3107
vn 0.0985 0.9899 -0.1016
vn 0.1750 0.8559 -0.4866
vn -0.0253 0.7693 -0.6384
vn 0.6691 -0.7425 0.0314
vn 0.8445 -0.5066 -0.1739
vn 0.4586 -0.8861 -0.0671
vn -0.7702 -0.4955 -0.4016
vn 0.5608 -0.7320 0.3870
vn 0.9584 0.1285 0.2549
vn 0.2557 0.7614 0.5958
vn 0.5318 0.7551 0.3834
vn 0.6817 0.1663 0.7125
vn 0.4421 0.5648 0.6968
vn 0.3319 0.5316 0.7793
vn 0.2188 0.4669 0.8568
vn 0.0173 0.6924 -0.7213
vn 0.0201 0.7859 0.6180
vn 0.2265 0.9655 -0.1287
vn -0.0482 0.9918 0.1185
vn 0.3341 0.6381 0.6937
vn -0.0473 0.9854 0.1636
vn 0.0111 0.9976 -0.0687
vn -0.0912 0.9931 -0.0733
vn -0.0658 0.9768 0.2038
vn -0.0429 0.9988 0.0240
vn 0.0532 -0.9939 -0.0966
vn -0.0133 -0.9974 -0.0708
vn -0.0717 0.7935 -0.6043
vn -0.4066 0.5808 -0.7053
vn 0.3764 -0.1410 0.9157
vn 0.1618 0.7212 0.6735
vn 0.5604 -0.7470 0.3578
vn -0.0370 0.9984 -0.0423
vn 0.0364 0.9975 0.0606
vn -0.0172 0.9998 0.0021
vn 0.7668 0.4074 0.4960
vn 0.0294 0.8822 -0.4700
vn 0.6496 0.2112 -0.7303
vn 0.6980 -0.6387 -0.3237
vn 0.9034 0.4237 -0.0663
vn -0.3118 0.7801 -0.5424
vn 0.0863 0.9923 -0.0885
vn 0.0853 0.9961 -0.0236
vn -0.0750 0.9791 0.1889
vn -0.0335 0.9993 0.0155
vn 0.2720 0.9586 0.0840
vn 0.5463 -0.0837 -0.8334
vn -0.0995 0.0493 -0.9938
vn 0.5826 -0.7175 -0.3817
vn -0.4282 0.2326 -0.8732
vn -0.3603 0.0224 0.9326
vn -0.6024 -0.6677 0.4374
vn -0.9083 0.0912 0.4082
vn 0.7439 -0.3848 -0.5464
vn 0.1844 -0.9805 -0.0683
vn -0.4002 -0.5173 -0.7565
vn -0.7467 -0.6467 0.1556
vn 0.0072 0.9637 -0.2667
vn 0.4728 0.7989 -0.3717
vn -0.0511 -0.9958 -0.0761
vn -0.3235 -0.9414 -0.0953
vn 0.4692 0.2395 -0.8500
vn 0.0301 0.4244 -0.9050
vn 0.6039 0.5216 -0.6027
vn -0.9481 -0.0937 -0.3040
vn -0.2868 -0.8618 -0.4183
vn -0.3515 -0.9253 0.1421
vn 0.0510 -0.9984 -0.0228
vn 0.2447 -0.8892 0.3866
vn 0.0048 -0.9976 0.0695
vn -0.0326 -0.9986 -0.0424
vn 0.7915 -0.5691 -0.2229
vn 0.1484 -0.8591 0.4899
vn 0.1281 -0.9790 -0.1583
vn 0.0373 -0.9752 -0.2181
vn -0.1224 -0.9615 -0.2460
vn 0.0607 -0.6838 -0.7271
vn 0.8211 0.3970 -0.4101
vn -0.8114 -0.5461 -0.2085
vn -0.3240 -0.6976 -0.6391
vn -0.7356 -0.6169 -0.2799
vn -0.2015 -0.9765 -0.0761
vn 0.7441 -0.6497 0.1558
vn -0.7369 -0.4052 -0.5410
vn 0.3904 -0.5154 -0.7629
vn 0.0508 -0.9958 0.0764
vn 0.9406 0.3385 0.0255
vn -0.0265 0.4435 -0.8959
vn -0.4703 0.2395 -0.8494
vn -0.0777 -0.9907 0.1121
vn 0.8891 -0.1597 0.4290
vn -0.1715 -0.9830 -0.0662
vn -0.0197 0.9995 0.0228
vn 0.6572 0.7018 0.2747
vn 0.1467 -0.9401 -0.3076
vn 0.1436 0.7315 -0.6666
vn -0.0632 0.9956 0.0686
vn -0.2347 0.7189 -0.6543
vn 0.3065 0.9218 -0.2374
vn -0.6997 0.1663 -0.6948
vn -0.7587 0.1755 -0.6273
vn 0.0528 0.0526 -0.9972
vn -0.4085 0.2383 -0.8811
vn 0.6842 0.2570 -0.6825
vn 0.3775 -0.1157 -0.9188
vn 0.4793 -0.8727 0.0932
vn 0.9158 -0.1525 0.3716
vn -0.4390 -0.4466 0.7796
vn 0.6953 0.4770 -0.5377
vn 0.7717 -0.3789 0.5108
vn 0.6719 0.7066 -0.2220
vn 0.5093 0.8477 -0.1486
vn 0.1903 0.7099 -0.6781
vn 0.0333 0.9785 -0.2035
vn -0.4744 0.6969 -0.5379
vn -0.8490 0.4568 -0.2655
vn -0.7484 0.6631 0.0119
vn 0.5339 -0.7694 -0.3507
vn 0.6530 -0.3996 -0.6433
vn 0.3955 -0.5243 -0.7541
vn -0.7447 0.5231 0.4145
vn -0.9673 0.2182 0.1297
vn 0.1077 0.9404 -0.3226
vn 0.5589 0.8001 -0.2180
vn -0.4626 0.8452 -0.2677
vn 0.3662 -0.9295 -0.0444
vn 0.9808 -0.0181 -0.1944
vn 0.1078 -0.9930 -0.0493
vn -0.5573 -0.7952 -0.2387
vn 0.2113 -0.3176 -0.9244
vn -0.8853 0.1084 -0.4523
vn 0.3508 0.7946 -0.4956
vn 0.6773 0.6363 -0.3693
vn -0.0106 0.8997 -0.4364
vn 0.0913 0.9925 -0.0807
vn 0.7526 -0.6406 -0.1524
vn -0.0428 0.9981 0.0449
vn 0.3817 -0.9224 -0.0587
vn -0.0153 -0.9998 -0.0160
vn 0.2298 -0.9372 -0.2623
vn -0.1560 -0.9305 -0.3313
vn -0.0503 -0.9987 0.0074
vn -0.0526 -0.9981 -0.0305
vn -0.3102 -0.9466 0.0877
vn -0.3446 -0.2820 -0.8954
vn 0.1137 -0.9922 -0.0514
vn -0.0261 -0.9953 0.0937
vn -0.8420 -0.4746 0.2564
vn -0.1946 -0.9500 0.2442
vn 0.2284 0.8771 -0.4225
vn -0.7199 0.1190 -0.6838
vn -0.4387 -0.8968 0.0568
vn -0.7657 -0.1431 0.6270
vn -0.2174 -0.8694 0.4437
vn -0.7199 -0.5714 0.3940
vn 0.1964 -0.9805 -0.0097
vn -0.6277 -0.3596 -0.6904
vn 0.4444 -0.5303 -0.7220
vn -0.0877 0.7736 -0.6276
vn -0.7622 0.6202 0.1857
vn -0.0379 0.6439 -0.7642
vn -0.7193 0.6944 -0.0227
vn -0.2230 0.9424 -0.2495
vn -0.1774 0.9773 -0.1156
vn -0.9711 0.2133 0.1072
vn -0.1906 -0.1745 -0.9660
vn -0.1796 0.6630 -0.7267
vn 0.0957 -0.9866 0.1318
vn 0.0662 -0.9882 -0.1379
vn -0.4601 0.7499 -0.4753
vn -0.7002 -0.7135 0.0255
vn -0.7431 -0.5967 0.3030
vn -0.3242 -0.4927 -0.8075
vn -0.9978 -0.0644 -0.0178
vn -0.4543 0.7523 -0.4772
vn -0.4838 -0.5645 -0.6688
vn -0.9425 -0.3096 -0.1261
vn -0.4155 -0.2872 -0.8631
vn -0.0198 -0.9997 -0.0161
vn 0.7673 -0.3043 -0.5645
vn 0.6686 0.6778 -0.3058
vn 0.6386 -0.6177 -0.4589
vn 0.1897 -0.9798 0.0628
vn -0.7449 0.6387 -0.1929
vn -0.1289 0.8076 -0.5755
vn -0.8571 0.1635 0.4885
vn -0.2901 -0.9368 0.1955
vn -0.4835 -0.8154 0.3184
vn 0.0019 0.9330 -0.3599
vn -0.9505 -0.2116 -0.2275
vn -0.2365 -0.1356 -0.9621
vn 0.6584 0.0658 -0.7498
vn -0.2462 -0.9691 0.0138
vn 0.6471 0.5586 -0.5189
vn -0.8476 0.4357 0.3028
vn 0.9098 -0.2303 -0.3453
vn 0.3641 -0.9254 -0.1053
vn -0.0983 0.9916 0.0842
vn 0.5987 -0.8009 -0.0101
vn -0.6825 0.4171 0.6002
vn -0.0988 -0.9936 0.0545
vn -0.1500 -0.9885 0.0193
vn 0.4135 -0.9105 -0.0096
vn 0.6158 -0.3194 -0.7202
vn 0.4512 -0.2907 -0.8437
vn 0.0063 0.9941 0.1080
vn 0.0921 -0.9932 -0.0711
vn 0.1501 -0.9885 0.0193
vn 0.3464 -0.2808 -0.8951
vn -0.4134 -0.9105 -0.0096
vn 0.0022 -0.9989 -0.0476
vn 0.0988 -0.9936 0.0545
vn 0.0288 -0.9995 0.0119
vn -0.2917 -0.7806 0.5528
vn 0.3102 -0.9466 0.0877
vn 0.0575 -0.9977 -0.0358
vn -0.1081 -0.9930 -0.0484
vn -0.3792 -0.9231 -0.0637
vn 0.4362 0.8369 -0.3305
vn -0.2065 -0.3212 -0.9242
vn -0.3554 0.7883 -0.5022
vn 0.7366 0.6599 0.1484
vn -0.9816 -0.0264 -0.1889
vn -0.5602 0.7996 -0.2164
vn -0.3622 -0.9300 -0.0623
vn -0.1352 0.9759 -0.1715
vn -0.5226 -0.7561 -0.3939
vn -0.1766 -0.9842 -0.0109
vn 0.0423 -0.9958 -0.0806
vn 0.0490 -0.9983 -0.0303
vn 0.0230 -0.9955 0.0923
vn 0.0668 0.9967 0.0459
vn -0.0922 0.7936 -0.6014
vn 0.7881 0.1472 -0.5977
vn 0.2185 -0.9741 0.0590
vn 0.1612 -0.9847 -0.0664
vn -0.0490 -0.9983 -0.0303
vn 0.5650 -0.7109 -0.4188
vn -0.3933 -0.9141 -0.0981
vn -0.0510 -0.9984 -0.0228
vn -0.1393 -0.9794 -0.1460
vn -0.1281 -0.9790 -0.1583
vn -0.0373 -0.9752 -0.2181
vn 0.1190 -0.9615 -0.2476
vn -0.3841 -0.3151 -0.8679
vn 0.2825 -0.9397 -0.1927
vn 0.7397 0.6728 -0.0119
vn -0.3183 0.9359 0.1509
vn 0.0428 0.9989 -0.0193
vn -0.0567 0.9947 0.0854
vn 0.0611 0.9977 0.0289
vn 0.1130 0.9919 -0.0584
vn 0.5509 -0.8344 0.0191
vn 0.6078 0.7823 -0.1365
vn -0.0363 0.9954 0.0888
vn 0.0731 -0.8929 -0.4443
vn -0.0247 -0.9997 -0.0061
vn 0.1263 0.9879 -0.0896
vn 0.8114 -0.5461 -0.2085
vn -0.2752 0.9488 -0.1551
vn 0.0584 0.9971 -0.0497
vn -0.0197 0.9994 -0.0288
vn -0.0116 0.9986 -0.0524
vn -0.0420 -0.9991 -0.0009
vn 0.8243 -0.5539 -0.1171
vn 0.7557 -0.6409 0.1347
vn -0.2140 0.7133 0.6674
vn 0.2887 -0.1255 0.9492
vn -0.3989 -0.0198 0.9168
vn -0.1504 0.8704 0.4689
vn 0.5746 0.8139 -0.0863
vn 0.6404 0.6109 -0.4655
vn -0.0988 0.9944 0.0382
vn -0.0398 0.5351 0.8439
vn -0.0673 0.9969 -0.0415
vn -0.1544 0.9877 0.0228
vn 0.1222 0.9901 0.0691
vn -0.0450 0.9623 0.2684
vn 0.2345 0.4160 -0.8786
vn 0.5795 0.8069 -0.1141
vn -0.1161 0.9918 -0.0529
vn -0.4397 0.7365 -0.5140
vn -0.6957 0.5340 -0.4805
vn -0.6797 0.6344 -0.3682
vn 0.8423 -0.2903 0.4542
vn 0.3690 0.8534 -0.3682
vn -0.7620 -0.6290 -0.1541
vn -0.4497 -0.2941 -0.8434
vn -0.6984 -0.6382 -0.3239
vn -0.6585 0.2093 -0.7229
vn 0.3380 0.7784 -0.5290
vn 0.9987 0.0411 -0.0305
vn 0.0691 -0.9958 -0.0595
vn -0.2546 -0.9649 -0.0651
vn -0.4690 -0.8784 -0.0917
vn 0.0969 -0.9479 -0.3036
vn -0.6272 0.7571 -0.1831
vn -0.0041 0.9655 -0.2603
vn -0.0979 0.9948 -0.0268
vn -0.6039 0.5216 -0.6027
vn -0.9225 0.1075 -0.3707
vn -0.9185 0.2335 -0.3192
vn -0.5888 -0.8082 0.0136
vn 0.0771 -0.9804 0.1811
vn -0.0658 -0.8799 0.4705
vn -0.0248 -0.9987 0.0441
vn 0.0881 -0.9939 -0.0657
vn 0.0418 -0.9949 -0.0922
vn 0.5230 -0.8519 -0.0253
vn 0.1147 -0.9415 -0.3169
vn -0.0929 -0.9952 0.0314
vn 0.0366 -0.9989 -0.0291
vn 0.6858 -0.7275 -0.0201
vn -0.3177 -0.8466 0.4270
vn -0.1961 0.3203 -0.9268
vn 0.0816 -0.9941 0.0713
vn 0.6556 0.7472 -0.1092
vn 0.8539 0.2278 -0.4679
vn 0.5784 0.1055 -0.8089
vn 0.4148 0.2326 -0.8796
vn 0.8887 -0.1268 -0.4407
vn 0.7378 -0.4759 0.4786
vn -0.9332 -0.2480 -0.2602
vn 0.9930 0.0757 -0.0906
vn 0.4989 0.8665 -0.0174
vn -0.1322 -0.9859 -0.1028
vn 0.5588 0.4884 0.6702
vn 0.5957 0.3738 -0.7109
vn -0.1186 0.7240 -0.6795
vn 0.0336 -0.9989 0.0318
vn 0.2083 0.9460 -0.2483
vn 0.2936 -0.9360 0.1941
vn 0.8489 0.1449 0.5084
vn 0.4431 0.7583 -0.4781
vn 0.0230 0.9314 -0.3634
vn 0.2223 -0.1008 -0.9698
vn -0.6298 0.1911 -0.7529
vn 0.5950 -0.7161 0.3649
vn 0.4819 -0.8163 0.3184
vn -0.0956 -0.4229 -0.9011
vn 0.9039 -0.3995 -0.1527
vn -0.8034 0.5217 -0.2871
vn -0.7012 0.3860 -0.5995
vn 0.1661 -0.8131 0.5580
vn 0.3257 0.2158 0.9205
vn 0.7012 0.3860 -0.5995
vn -0.2087 0.9199 -0.3320
vn -0.3431 -0.8871 0.3089
vn 0.8033 0.5219 -0.2870
vn -0.0687 0.7285 -0.6816
vn -0.6587 0.7325 0.1718
vn 0.1172 0.9141 0.3881
vn -0.8709 0.2091 -0.4448
vn -0.8776 0.4018 -0.2617
vn 0.8610 0.4997 0.0945
vn 0.4058 -0.9014 0.1511
vn 0.8920 -0.4122 -0.1858
vn 0.0257 -0.9984 -0.0511
vn -0.6343 -0.5388 -0.5544
vn 0.6223 -0.1948 -0.7582
vn -0.2142 -0.1462 -0.9658
vn -0.1907 -0.9792 0.0697
vn 0.9460 -0.0340 -0.3225
vn -0.6515 0.6025 -0.4610
vn -0.9034 0.3723 -0.2127
vn -0.7142 -0.4953 -0.4945
vn -0.8028 0.1649 -0.5730
vn 0.2992 0.1252 -0.9459
vn 0.4203 0.7219 -0.5497
vn 0.4698 -0.8177 -0.3326
vn 0.1976 0.9287 -0.3139
vn 0.5552 -0.4392 -0.7063
vn 0.1849 -0.8304 -0.5255
vn -0.0301 0.4843 -0.8744
vn -0.0543 -0.5696 -0.8201
vn -0.2708 0.4829 -0.8328
vn -0.0399 -0.9973 0.0617
vn -0.6168 0.2972 -0.7288
vn -0.6733 -0.2879 -0.6810
vn -0.6610 -0.7430 0.1048
vn -0.2196 -0.9714 -0.0898
vn -0.1759 -0.9672 -0.1834
vn -0.4936 -0.8300 -0.2596
vn -0.8126 0.2214 0.5392
vn -0.4588 -0.8884 -0.0130
vn -0.2318 -0.9372 -0.2605
vn -0.5899 -0.7182 0.3691
vn -0.1796 -0.9801 0.0850
vn 0.3286 -0.9210 -0.2091
vn 0.2227 -0.9714 -0.0827
vn 0.1747 -0.9676 -0.1821
vn 0.6097 -0.7882 -0.0837
vn 0.5271 -0.8024 -0.2799
vn -0.3224 0.1661 -0.9319
vn 0.6913 0.5374 -0.4830
vn -0.5955 0.7868 -0.1622
vn 0.4388 0.8844 -0.1588
vn 0.7667 0.6251 -0.1463
vn 0.7622 0.6054 -0.2291
vn 0.4800 0.6716 0.5644
vn -0.7516 -0.6482 0.1224
vn -0.5465 -0.7786 0.3085
vn 0.5368 0.8246 0.1784
vn 0.1733 0.9362 0.3057
vn -0.8697 -0.1267 -0.4771
vn 0.1541 0.9880 0.0121
vn -0.9436 0.0940 -0.3174
vn -0.5144 -0.8280 -0.2233
vn -0.3257 -0.9162 0.2333
vn -0.8413 -0.0129 0.5404
vn -0.7791 0.2264 0.5846
vn -0.7499 -0.5978 0.2833
vn 0.0615 -0.9980 0.0165
vn 0.0402 -0.9988 0.0268
vn -0.6651 -0.7395 -0.1038
vn -0.7793 -0.6219 0.0765
vn 0.3535 0.7949 -0.4931
vn 0.0180 0.9950 0.0986
vn -0.3183 -0.7092 0.6290
vn 0.7230 0.6673 -0.1786
vn 0.7939 0.5698 -0.2123
vn 0.1251 0.9912 -0.0438
vn 0.8728 0.4461 -0.1981
vn 0.7799 0.5993 -0.1806
vn 0.8059 0.5851 -0.0903
vn 0.8364 0.5326 -0.1292
vn 0.7908 0.6054 -0.0900
vn 0.4922 -0.1318 -0.8604
vn -0.7668 -0.1388 -0.6267
vn -0.4256 -0.8084 -0.4067
vn 0.3287 -0.9160 -0.2301
vn 0.8463 -0.1513 -0.5108
vn 0.9658 0.0556 0.2534
vn 0.2676 -0.9573 -0.1098
vn 0.6532 -0.7412 -0.1551
vn 0.9154 0.3936 0.0839
vn 0.5972 -0.4233 0.6813
vn 0.2574 -0.4837 -0.8365
vn 0.0244 -0.9992 -0.0327
vn -0.0404 -0.9990 0.0194
vn 0.8058 0.5708 -0.1577
vn 0.7897 0.5924 -0.1596
vn 0.0687 0.9976 -0.0110
vn -0.4613 0.3980 -0.7930
vn 0.1310 0.8976 -0.4208
vn -0.0926 0.9953 -0.0272
vn 0.7768 -0.4172 -0.4718
vn -0.6226 -0.6656 0.4115
vn -0.8081 -0.5615 0.1781
vn 0.0847 0.9960 -0.0281
vn -0.2856 0.5297 0.7986
vn -0.3937 -0.6442 0.6557
vn 0.1709 0.9399 0.2955
vn -0.0321 0.9958 0.0858
vn 0.6431 0.5707 -0.5106
vn 0.2513 -0.6233 0.7405
vn 0.1506 -0.1811 0.9719
vn -0.0106 0.9951 -0.0987
vn -0.8208 -0.4297 -0.3764
vn -0.1219 0.9907 -0.0599
vn -0.9348 -0.0770 -0.3466
vn -0.3588 0.6557 0.6643
vn -0.3978 0.5965 0.6971
vn 0.1875 0.8702 0.4556
vn -0.0380 -0.9958 -0.0836
vn 0.0353 -0.9988 -0.0351
vn 0.5027 0.6362 0.5853
vn -0.8685 -0.4571 0.1918
vn -0.7852 -0.5970 0.1645
vn 0.3053 0.6313 0.7129
vn 0.0148 -0.9989 -0.0434
vn -0.1531 -0.9516 0.2664
vn 0.0943 -0.9869 0.1310
vn -0.4026 -0.8676 -0.2919
vn -0.7925 -0.4957 -0.3553
vn -0.0815 -0.9954 -0.0501
vn 0.8656 -0.2671 0.4236
vn 0.0513 -0.9987 0.0041
vn -0.0797 -0.9962 0.0347
vn -0.6431 0.4782 0.5981
vn -0.6616 0.6809 -0.3142
vn 0.5112 0.4812 -0.7122
vn -0.1548 0.7650 -0.6252
vn -0.9677 -0.1287 0.2168
vn -0.8583 -0.0997 0.5033
vn -0.8125 0.3858 0.4370
vn -0.4958 0.7451 -0.4460
vn -0.7719 0.6330 -0.0595
vn -0.0586 0.0021 -0.9983
vn -0.6978 0.6973 -0.1637
vn -0.7575 0.6334 -0.1583
vn -0.8334 0.5522 0.0225
vn -0.7995 0.5930 -0.0953
vn -0.7411 0.6133 -0.2732
vn -0.4250 0.2752 -0.8623
vn -0.7192 -0.1692 -0.6739
vn 0.3894 -0.7234 -0.5702
vn 0.8356 -0.4639 0.2942
vn 0.0436 -0.9988 -0.0220
vn 0.7246 -0.6838 0.0858
vn 0.2805 -0.9232 0.2628
vn 0.7410 -0.6435 0.1920
vn -0.5754 -0.7128 -0.4010
vn -0.7147 0.6743 -0.1859
vn -0.0109 0.9999 -0.0047
vn -0.8744 0.4848 -0.0209
vn -0.7845 0.5907 -0.1889
vn 0.9525 -0.3041 0.0165
vn -0.1846 -0.9761 0.1147
vn -0.7450 -0.6652 -0.0495
vn 0.6858 0.6606 -0.3055
vn -0.0052 -1.0000 -0.0010
vn -0.7675 0.6263 -0.1370
vn -0.9270 -0.1063 -0.3598
vn -0.8524 0.4078 -0.3273
vn -0.7480 0.6326 -0.2008
vn -0.7622 0.5829 -0.2815
vn -0.7814 0.5664 -0.2620
vn -0.7146 0.6893 -0.1196
vn 0.6643 -0.5074 -0.5489
vn -0.9635 -0.2533 0.0860
vn 0.8866 0.2304 0.4011
vn 0.7012 -0.7023 0.1231
vn 0.0501 0.9987 -0.0005
vn -0.1277 0.9876 -0.0911
vn -0.4194 0.8615 -0.2862
vn -0.0230 0.9992 -0.0334
vn 0.0603 0.9973 -0.0409
vn 0.7681 -0.0177 0.6400
vn 0.6746 -0.6243 0.3940
vn 0.5090 -0.8590 0.0547
vn 0.6044 0.4858 0.6315
vn 0.0712 -0.3384 0.9383
vn -0.3259 -0.9404 -0.0973
vn -0.0529 0.9716 -0.2305
vn 0.1314 0.5460 -0.8274
vn 0.4246 0.5503 0.7189
vn 0.4180 0.5688 0.7084
vn -0.2403 0.2375 0.9412
vn 0.6878 -0.7240 0.0518
vn 0.9543 -0.2511 -0.1621
vn 0.6868 0.3653 -0.6284
vn 0.3642 -0.2816 -0.8877
vn -0.5800 0.8114 0.0724
vn -0.9105 0.2294 -0.3441
vn -0.7990 0.5361 0.2723
vn 0.1815 0.7887 0.5874
vn 0.8101 -0.5844 -0.0465
vn 0.7952 -0.6002 0.0858
vn -0.8469 0.5311 -0.0244
vn -0.1313 0.9505 0.2816
vn 0.4901 0.3182 0.8115
vn -0.4810 0.5415 0.6895
vn -0.7721 0.6061 -0.1912
vn -0.7773 0.5793 -0.2455
vn 0.7275 -0.6292 0.2737
vn 0.9498 0.0156 -0.3126
vn 0.7739 -0.2687 -0.5735
vn -0.1218 0.9901 -0.0702
vn -0.7334 0.6292 -0.2574
vn -0.4738 0.8602 -0.1886
vn -0.7826 0.6175 -0.0793
vn 0.4851 -0.6077 -0.6288
vn -0.0738 0.9034 -0.4224
vn -0.7407 0.6492 -0.1727
vn -0.8151 0.5525 -0.1741
vn 0.4587 -0.6940 -0.5550
vn -0.8097 0.5722 -0.1305
vn 0.4448 0.8832 0.1487
vn 0.8087 -0.4579 0.3692
vn 0.3235 0.6199 0.7149
vn -0.3218 0.8778 0.3548
vn 0.7844 -0.5970 0.1681
vn 0.5068 -0.4952 0.7057
vn -0.3069 -0.7735 0.5546
vn -0.0545 -0.9910 0.1221
vn -0.1472 -0.8507 0.5047
vn -0.8436 -0.5246 0.1146
vn 0.7656 0.6055 -0.2171
vn 0.8521 0.4944 -0.1719
vn 0.6332 0.7248 -0.2715
vn 0.7407 0.6576 -0.1374
vn -0.8105 -0.5450 0.2148
vn -0.4869 0.5968 0.6378
vn -0.1812 -0.5678 0.8030
vn -0.7866 -0.6123 0.0798
vn -0.7565 -0.6156 0.2208
vn -0.8646 -0.4987 0.0611
vn -0.7862 0.6072 -0.1147
vn 0.1820 0.9592 -0.2163
vn -0.0047 0.9997 0.0247
vn 0.0273 0.9985 0.0464
vn -0.9771 0.2123 0.0120
vn 0.0926 -0.9948 -0.0418
vn -0.6999 -0.6948 0.1657
vn -0.5429 -0.7701 -0.3350
vn 0.1211 -0.9908 0.0600
vn -0.7639 -0.6450 0.0188
vn -0.7820 -0.6019 0.1618
vn -0.7470 -0.6482 0.1481
vn -0.3337 -0.7476 0.5742
vn -0.2078 -0.1667 0.9639
vn -0.7930 -0.5995 0.1088
vn -0.4886 0.5244 0.6973
vn 0.0236 0.9997 0.0006
vn 0.0730 0.9877 0.1383
vn 0.0490 0.9979 -0.0423
vn 0.1951 0.5036 -0.8416
vn -0.0051 0.9993 0.0377
vn -0.0214 -0.9996 -0.0170
vn 0.1358 0.9890 -0.0587
vn -0.1123 0.9937 0.0025
vn 0.1493 0.9478 0.2818
vn 0.8931 0.0593 -0.4459
vn 0.4185 0.5965 -0.6849
vn 0.0292 0.9993 0.0219
vn -0.9277 0.1673 -0.3337
vn -0.5253 0.7653 -0.3720
vn -0.7721 0.6305 -0.0799
vn 0.3270 0.9440 -0.0440
vn 0.0635 0.8945 0.4425
vn 0.7897 -0.5847 0.1859
vn 0.6213 0.3314 -0.7100
vn -0.9417 -0.1978 0.2722
vn 0.6715 0.7405 -0.0283
vn -0.7302 0.6575 -0.1857
vn 0.8206 -0.4270 0.3797
vn -0.9702 -0.1514 -0.1893
vn -0.9548 0.2918 -0.0565
vn 0.4438 0.0825 0.8923
vn -0.1004 0.9817 -0.1616
vn -0.7147 0.6930 -0.0947
vn -0.8922 -0.1465 -0.4273
vn 0.0545 -0.9832 0.1742
vn 0.7898 -0.3471 0.5058
vn -0.7720 0.6220 -0.1308
vn 0.7975 -0.5920 0.1165
vn 0.8414 -0.5050 0.1924
vn 0.8293 -0.5411 0.1399
vn 0.1676 -0.8848 -0.4347
vn -0.4676 -0.1452 -0.8719
vn 0.6971 -0.6960 -0.1721
vn 0.5856 -0.7751 0.2372
vn 0.5181 -0.8300 0.2064
vn 0.9405 0.0352 0.3380
vn 0.7378 -0.6075 0.2943
vn -0.7887 0.5850 -0.1891
vn -0.1139 0.9860 0.1215
vn 0.0219 0.9978 0.0621
vn -0.7338 0.6552 -0.1798
vn -0.6427 0.2296 -0.7309
vn -0.0406 0.9986 0.0348
vn -0.7680 0.6030 -0.2159
vn -0.7565 0.6430 -0.1194
vn -0.1386 -0.7777 -0.6132
vn 0.2079 -0.9329 -0.2939
vn -0.4386 -0.0645 -0.8963
vn -0.8921 0.2959 -0.3414
vn -0.4893 -0.2482 -0.8360
vn -0.7167 -0.6973 0.0017
vn -0.0224 -0.9895 0.1430
vn 0.0123 -0.9890 -0.1471
vn 0.2582 0.1106 -0.9597
vn 0.5628 0.4758 -0.6759
vn 0.8008 -0.5257 0.2870
vn -0.3612 -0.8455 -0.3933
vn -0.9194 -0.0697 0.3870
vn -0.2994 -0.5923 0.7480
vn -0.0542 -0.9979 0.0352
vn -0.0285 -0.9954 0.0920
vn 0.6351 0.5942 -0.4935
vn -0.0597 -0.9977 0.0322
vn 0.2155 -0.9629 -0.1624
vn 0.8616 -0.3264 -0.3888
vn 0.0407 0.9827 0.1806
vn -0.1077 0.9273 0.3586
vn 0.5741 0.7550 -0.3168
vn 0.6123 0.7608 -0.2150
vn -0.2982 0.9461 -0.1265
vn 0.7836 0.6052 -0.1400
vn -0.3771 0.7332 -0.5659
vn 0.7844 0.5770 -0.2275
vn 0.9670 -0.2547 -0.0070
vn -0.7513 -0.5379 0.3823
vn 0.0913 -0.2893 0.9529
vn -0.3593 -0.2505 0.8990
vn 0.4656 0.2333 0.8537
vn -0.7023 -0.6730 0.2322
vn 0.5362 -0.0434 0.8430
vn 0.7166 0.6573 -0.2334
vn 0.7160 0.6887 -0.1141
vn 0.5922 0.6923 -0.4123
vn 0.8189 0.5706 -0.0623
vn 0.0303 0.7976 -0.6024
vn 0.2654 0.9081 -0.3240
vn -0.0822 -0.9934 -0.0797
vn -0.9852 0.1317 -0.1096
vn -0.7977 -0.5930 0.1094
vn 0.0020 -0.9999 -0.0108
vn 0.0563 0.5716 0.8186
vn 0.8229 0.3956 0.4079
vn 0.0924 0.9924 0.0812
vn -0.7447 -0.6415 0.1840
vn 0.0166 -0.9962 0.0858
vn 0.6294 -0.6914 -0.3547
vn -0.0522 0.9313 0.3606
vn -0.2173 0.9687 -0.1199
vn 0.7602 0.6494 -0.0179
vn 0.9693 -0.1930 0.1522
vn 0.9061 0.0679 -0.4176
vn 0.4168 -0.6294 -0.6558
vn -0.5035 -0.6825 0.5298
vn -0.4586 -0.5245 0.7174
vn -0.7211 0.6479 0.2454
vn 0.1426 -0.8567 0.4958
vn -0.0097 -0.9924 0.1225
vn 0.0124 -0.9453 -0.3259
vn 0.7790 -0.6086 -0.1508
vn 0.8433 -0.5119 -0.1637
vn 0.7135 -0.6909 -0.1161
vn 0.8021 -0.5961 -0.0365
vn 0.7422 -0.6457 0.1793
vn 0.8679 -0.4961 0.0248
vn 0.7170 -0.6714 -0.1876
vn 0.4524 -0.5583 0.6955
vn 0.8562 -0.5009 -0.1265
vn 0.7766 -0.3832 0.5001
vn 0.8961 -0.0093 0.4437
vn 0.9705 0.0158 -0.2405
vn -0.2025 0.8550 -0.4775
vn -0.5563 0.7760 -0.2972
vn 0.3254 -0.6272 0.7076
vn 0.6338 -0.7619 -0.1333
vn -0.7848 -0.5849 -0.2049
vn 0.7533 0.0374 0.6566
vn -0.0268 -0.9747 -0.2217
vn -0.7281 -0.6818 0.0706
vn 0.5077 0.4651 -0.7252
vn 0.7084 0.6762 0.2022
vn 0.7885 0.6056 0.1075
vn 0.6313 0.7692 0.0991
vn -0.0644 -0.7935 -0.6051
vn 0.9112 0.3877 -0.1394
vn -0.6265 -0.3304 -0.7059
vn 0.5531 0.6454 -0.5268
vn 0.9700 -0.2023 0.1347
vn -0.0627 -0.9964 0.0568
vn 0.4920 -0.6423 -0.5877
vn 0.0997 -0.6115 -0.7849
vn 0.7542 0.6502 0.0918
vn 0.7230 0.6354 0.2712
vn -0.8292 0.3202 0.4580
vn -0.6596 0.7516 -0.0036
vn -0.8194 -0.1421 -0.5553
vn 0.1424 0.9890 0.0388
vn 0.5229 0.7016 -0.4840
vn -0.0911 0.9860 -0.1396
vn -0.0682 0.8822 -0.4659
vn 0.6107 -0.7053 -0.3599
vn -0.0950 0.9952 0.0236
vn 0.0804 0.9936 -0.0788
vn -0.0250 0.9963 -0.0826
vn 0.0257 0.9996 0.0116
vn -0.2803 0.5125 -0.8117
vn -0.4838 0.6808 -0.5499
vn -0.0203 -0.0021 -0.9998
vn 0.6767 -0.7356 -0.0321
vn -0.5519 -0.8339 0.0048
vn 0.4674 -0.8395 0.2770
vn -0.1759 -0.7577 0.6285
vn 0.1425 0.9872 0.0715
vn -0.1624 -0.9847 -0.0631
vn -0.6247 -0.5892 0.5124
vn -0.4724 0.8367 0.2770
vn -0.8938 -0.3619 0.2649
vn -0.4601 0.7602 0.4588
vn -0.4301 -0.5696 0.7004
vn -0.4663 -0.8696 -0.1623
vn -0.0081 0.9975 -0.0704
vn -0.1722 0.6162 -0.7685
vn 0.0650 0.9958 0.0640
vn -0.6191 0.4146 0.6669
vn -0.9385 -0.2969 0.1762
vn 0.8286 0.2505 0.5006
vn 0.7326 0.6745 0.0911
vn 0.6983 0.7022 0.1389
vn 0.7228 0.6846 0.0943
vn -0.8208 -0.5701 -0.0359
vn -0.7001 -0.6868 -0.1953
vn -0.2942 -0.2247 -0.9290
vn -0.9472 0.3070 -0.0926
vn -0.5606 -0.7052 -0.4340
vn -0.7064 -0.6718 -0.2229
vn -0.2060 0.6457 0.7353
vn -0.1522 0.2935 0.9438
vn 0.1488 0.7796 0.6084
vn -0.5390 -0.8275 0.1574
vn -0.3563 -0.6278 0.6921
vn -0.7763 -0.6062 -0.1731
vn -0.7345 -0.3356 0.5899
vn -0.6791 -0.7074 -0.1960
vn -0.6927 -0.4349 -0.5753
vn -0.7768 -0.6070 -0.1677
vn -0.7143 -0.6874 -0.1317
vn -0.7617 -0.0824 -0.6427
vn 0.0158 -0.0226 -0.9996
vn -0.7024 -0.6855 -0.1914
vn 0.3621 0.3499 0.8640
vn 0.1576 0.6842 0.7121
vn -0.8983 0.1393 -0.4168
vn -0.7132 -0.6938 -0.1001
vn 0.7983 0.5932 0.1041
vn 0.7919 0.5865 0.1698
vn 0.2768 0.8315 -0.4817
vn 0.7801 0.6254 -0.0201
vn -0.8457 0.4313 0.3144
vn 0.1460 -0.3474 -0.9263
vn -0.7845 -0.5992 -0.1597
vn -0.8586 -0.4245 -0.2875
vn -0.6114 -0.7752 0.1591
vn -0.7003 -0.6990 -0.1447
vn 0.0232 -0.9995 0.0222
vn -0.8035 -0.5746 -0.1558
vn -0.6653 -0.7366 -0.1215
vn -0.6936 -0.5627 -0.4497
vn -0.7328 -0.6720 -0.1067
vn -0.4737 0.6543 -0.5895
vn -0.9121 -0.1571 -0.3786
vn -0.9350 0.0796 0.3455
vn -0.5875 -0.7210 0.3674
vn -0.3593 -0.1976 0.9121
vn 0.1717 -0.9831 -0.0641
vn 0.1164 -0.6446 -0.7556
vn 0.3342 -0.3418 -0.8784
vn -0.8976 -0.0283 -0.4398
vn -0.4847 0.6176 -0.6194
vn -0.6967 0.6843 0.2153
vn 0.0140 -0.9999 -0.0058
vn 0.0930 -0.9952 -0.0310
vn -0.6140 0.7536 0.2346
vn -0.4052 0.7734 0.4876
vn -0.9925 -0.1186 0.0292
vn -0.7294 0.6700 0.1384
vn -0.3780 0.1772 -0.9087
vn 0.1378 -0.9756 -0.1709
vn 0.5727 -0.3546 -0.7391
vn 0.0682 -0.9976 0.0068
vn 0.3769 0.9262 -0.0075
vn 0.1929 -0.1024 0.9759
vn 0.5095 0.4957 0.7033
vn 0.7918 0.6079 -0.0592
vn -0.5807 -0.8141 0.0111
vn 0.0126 0.9999 -0.0041
vn -0.2636 0.9586 0.1079
vn -0.3550 0.3639 0.8611
vn 0.4209 -0.1683 0.8913
vn 0.7694 0.2006 0.6064
vn 0.4220 -0.1480 0.8944
vn -0.0349 -0.7883 0.6143
vn 0.3364 -0.1245 0.9335
vn -0.2497 -0.5951 0.7639
vn -0.0002 -0.9984 -0.0558
vn 0.1071 0.8225 0.5586
vn 0.1607 -0.9202 0.3570
vn -0.0067 -0.9613 -0.2755
vn 0.5237 -0.5233 0.6723
vn -0.7192 0.6628 0.2084
vn -0.7391 0.6717 0.0512
vn -0.6937 0.7193 0.0369
vn 0.5994 0.6284 0.4959
vn -0.9383 -0.3412 0.0561
vn -0.3763 0.2373 -0.8956
vn 0.8261 0.4333 -0.3602
vn -0.0191 0.6789 -0.7340
vn 0.3639 0.3802 -0.8503
vn 0.9011 -0.3865 0.1967
vn -0.5427 -0.4785 0.6903
vn -0.8999 0.4136 0.1382
vn -0.7920 0.5863 -0.1704
vn 0.9980 0.0121 0.0624
vn 0.9470 0.2209 0.2331
vn 0.6603 -0.7251 0.1956
vn -0.8471 -0.0767 -0.5259
vn -0.1171 0.7618 -0.6371
vn 0.0521 0.9498 -0.3085
vn -0.7419 0.6634 -0.0973
vn 0.6965 -0.6622 0.2765
vn 0.7672 -0.6288 0.1266
vn 0.7125 -0.6531 0.2564
vn 0.1183 -0.8545 -0.5058
vn 0.6570 -0.5392 0.5269
vn -0.0790 -0.9290 0.3616
vn 0.8526 -0.4032 0.3324
vn 0.7650 -0.6274 0.1455
vn 0.9084 -0.4143 -0.0559
vn 0.4713 -0.8749 0.1117
vn -0.4720 0.6314 0.6153
vn 0.8147 -0.5750 0.0751
vn 0.3725 -0.3678 0.8520
vn -0.1502 0.9340 0.3241
vn -0.7747 0.5730 -0.2675
vn -0.0502 0.9726 0.2271
vn -0.7633 0.6203 -0.1807
vn 0.6192 -0.7236 0.3049
vn 0.9944 0.0750 -0.0746
vn 0.9528 -0.0355 0.3016
vn 0.6963 -0.7033 0.1430
vn 0.5049 -0.7381 0.4476
vn 0.7694 -0.6329 0.0863
vn 0.7902 -0.6021 0.1147
vn 0.6468 -0.7110 0.2760
vn -0.7227 0.6692 -0.1726
vn -0.8091 0.5715 -0.1367
vn -0.9076 0.3909 0.1535
vn -0.2765 0.9605 0.0310
vn -0.7801 0.6036 -0.1645
vn -0.1264 -0.9912 0.0386
vn -0.1021 -0.9945 0.0236
vn 0.7272 -0.6060 -0.3223
vn 0.8105 0.2484 0.5304
vn 0.9542 -0.0072 -0.2992
vn 0.9203 0.0678 -0.3854
vn -0.0553 -0.9939 -0.0958
vn 0.0054 -0.9957 0.0928
vn 0.0548 -0.9985 0.0095
vn -0.3279 -0.6468 -0.6886
vn 0.0976 -0.9940 0.0502
vn -0.3237 -0.5137 0.7946
vn 0.0032 0.9997 0.0249
vn 0.1207 0.9652 -0.2320
vn 0.3466 0.6049 0.7169
vn -0.3559 -0.0115 0.9345
vn -0.8994 0.1174 0.4211
vn -0.6872 0.6125 0.3907
vn 0.3877 -0.7780 0.4944
vn -0.7588 0.6225 -0.1915
vn -0.9361 -0.3126 -0.1615
vn 0.0297 -0.2329 0.9720
vn 0.1471 0.9074 0.3937
vn -0.1287 -0.9856 -0.1099
vn -0.3205 0.1435 -0.9363
vn -0.2784 -0.9017 -0.3308
vn 0.3480 -0.9350 0.0677
vn 0.5224 0.2802 0.8053
vn 0.8498 -0.1570 0.5032
vn 0.2421 -0.2700 -0.9319
vn 0.9128 0.0630 -0.4035
vn 0.0823 0.0558 0.9950
vn 0.9659 -0.0899 -0.2427
vn 0.7464 0.6430 -0.1717
vn -0.7898 0.6081 -0.0796
vn 0.0206 0.9995 -0.0244
vn -0.4025 0.8789 -0.2559
vn 0.6311 0.7262 -0.2725
vn 0.1317 -0.7705 -0.6237
vn -0.0275 -0.9985 0.0479
vn -0.5329 0.4854 -0.6931
vn -0.3305 0.8103 0.4839
vn -0.1154 -0.9891 0.0915
vn -0.0675 0.9976 -0.0164
vn -0.0630 0.9935 -0.0945
vn 0.0518 0.9966 0.0638
vn 0.7814 0.5855 -0.2159
vn 0.7639 0.5985 -0.2415
vn 0.4270 0.6878 0.5870
vn 0.6802 0.4605 0.5703
vn -0.3185 -0.9461 0.0583
vn -0.8961 -0.1359 -0.4226
vn 0.7396 0.6349 -0.2233
vn 0.8488 0.4673 -0.2472
vn -0.3327 -0.1225 0.9350
vn -0.7957 -0.4010 0.4540
vn 0.4064 -0.8824 0.2371
vn 0.0295 -0.9976 0.0618
vn 0.8076 0.5816 -0.0981
vn -0.0439 0.9932 -0.1075
vn 0.8275 0.5233 -0.2033
vn -0.2810 -0.4884 0.8261
vn -0.7287 -0.6845 0.0210
vn 0.0719 0.7865 -0.6134
vn -0.9586 0.0545 0.2794
vn -0.7163 -0.6974 0.0222
vn -0.7278 -0.6634 0.1738
vn -0.9362 0.2148 -0.2781
vn -0.7350 -0.6317 0.2464
vn -0.5350 -0.8405 0.0852
vn 0.1055 -0.9904 -0.0895
vn -0.3474 -0.8738 0.3403
vn -0.7664 -0.1341 -0.6282
vn -0.7903 -0.5945 0.1482
vn 0.8415 -0.2408 -0.4836
vn 0.1718 -0.9847 -0.0306
vn -0.2288 -0.8986 -0.3745
vn -0.1935 0.9723 -0.1313
vn -0.7963 -0.5622 0.2230
vn -0.0039 0.9996 0.0295
vn 0.0067 0.7864 -0.6177
vn -0.7516 -0.6386 0.1651
vn -0.3878 0.4780 0.7881
vn 0.1084 0.9837 0.1434
vn -0.5583 0.3897 -0.7324
vn -0.8175 -0.5658 0.1074
vn 0.6329 0.7730 0.0452
vn -0.2934 -0.8000 -0.5234
vn -0.7262 -0.6873 0.0195
vn -0.8043 -0.3474 -0.4821
vn -0.8184 -0.4674 0.3343
vn -0.4892 -0.8133 0.3150
vn -0.8040 0.5774 0.1421
vn -0.5136 0.7752 0.3678
vn -0.7805 -0.6119 0.1278
vn -0.6985 -0.7155 0.0115
vn -0.8195 -0.3271 0.4705
vn -0.7325 -0.6642 -0.1493
vn -0.7864 -0.6110 0.0907
vn -0.8429 -0.4911 -0.2198
vn -0.8227 -0.3710 -0.4307
vn -0.7223 -0.6707 0.1685
vn 0.9511 0.1242 0.2827
vn -0.4309 -0.5881 0.6844
vn 0.9824 -0.1057 0.1540
vn -0.0848 0.9961 0.0225
vn 0.7369 0.6758 -0.0154
vn 0.3626 -0.6285 -0.6881
vn 0.3573 -0.6325 -0.6872
vn -0.0858 -0.9959 0.0278
vn -0.0014 -0.9943 -0.1066
vn 0.2451 0.8218 -0.5144
vn 0.2391 -0.9349 -0.2624
vn 0.0449 -0.9978 -0.0494
vn 0.1189 -0.9924 -0.0321
vn -0.4737 0.0199 -0.8805
vn -0.0315 -0.9962 0.0813
vn -0.3391 -0.5808 0.7400
vn -0.6235 -0.7157 0.3146
vn 0.7510 -0.6367 0.1750
vn 0.2275 -0.8905 -0.3940
vn 0.1081 -0.2791 0.9542
vn 0.2069 -0.9560 0.2078
vn 0.0195 0.5005 -0.8655
vn 0.6847 -0.7055 -0.1828
vn 0.5395 -0.4570 0.7071
vn -0.7497 -0.5395 0.3831
vn -0.0086 0.1388 0.9903
vn 0.0057 1.0000 -0.0047
vn -0.3439 0.7339 0.5858
vn -0.0753 0.7994 0.5960
vn -0.8841 0.4457 0.1404
vn -0.4273 -0.8718 0.2394
vn -0.7427 -0.6081 0.2804
vn -0.3354 -0.7444 -0.5774
vn -0.1065 -0.9736 -0.2021
vn -0.0736 0.9945 0.0739
vn 0.9804 -0.1641 0.1089
vn 0.1080 -0.9747 0.1956
vn 0.9371 -0.1915 -0.2917
vn 0.4865 0.7631 -0.4254
vn -0.8081 -0.5492 0.2131
vn -0.7743 -0.5528 0.3080
vn -0.2716 -0.9144 0.3003
vn -0.0024 0.9994 0.0340
vn -0.1562 0.8910 0.4263
vn -0.7131 -0.6580 0.2419
vn -0.9492 -0.1577 -0.2721
vn 0.7717 0.6236 -0.1250
vn 0.7518 0.6165 -0.2338
vn -0.7623 -0.6099 0.2167
vn -0.7585 -0.6446 0.0955
vn -0.5797 -0.7940 0.1832
vn -0.9064 -0.0428 -0.4202
vn 0.8863 0.0748 -0.4569
vn 0.5898 -0.8009 0.1035
vn 0.3790 -0.6216 -0.6855
vn 0.6529 -0.0109 0.7574
vn 0.6700 0.6304 0.3920
vn 0.0752 0.9940 -0.0792
vn -0.8873 0.3982 -0.2327
vn -0.7825 -0.5939 0.1871
vn 0.1275 0.8746 -0.4677
vn 0.3639 -0.0971 0.9264
vn -0.0417 -0.7026 0.7104
vn 0.7676 0.6108 -0.1943
vn 0.7691 0.6211 -0.1510
vn 0.7886 0.5871 -0.1827
vn -0.7963 -0.5828 0.1619
vn 0.8250 0.5214 -0.2180
vn 0.8391 0.5403 -0.0634
vn -0.2025 -0.8124 0.5468
vn 0.7763 0.5510 -0.3062
vn 0.9564 0.0123 0.2917
vn 0.9343 0.0732 0.3489
vn 0.7207 0.6345 -0.2792
vn 0.7342 0.6397 -0.2274
vn 0.7439 0.6341 -0.2109
vn 0.8231 0.5572 0.1098
vn 0.6850 -0.2935 0.6668
vn 0.6664 0.5698 -0.4810
vn 0.9224 0.2442 -0.2992
vn -0.7786 0.1250 -0.6150
vn 0.7735 0.6129 -0.1613
vn -0.9046 -0.1806 0.3860
vn -0.1699 0.7425 0.6479
vn 0.0883 0.9943 -0.0605
vn -0.0213 0.7077 -0.7062
vn 0.6680 0.6727 -0.3182
vn -0.0126 0.9999 -0.0067
vn 0.1446 0.9893 -0.0188
vn 0.6222 -0.6630 -0.4163
vn 0.8642 0.5012 0.0429
vn -0.0647 0.9976 0.0227
vn -0.0681 0.9941 -0.0842
vn 0.0519 0.9714 -0.2318
vn 0.1394 -0.9901 0.0133
vn -0.3159 -0.9425 0.1096
vn 0.0285 -0.9995 -0.0136
vn 0.1903 0.9813 -0.0296
vn -0.0275 0.9995 0.0180
vn 0.7338 0.6689 -0.1188
vn -0.0340 0.0928 0.9951
vn -0.5253 0.6095 0.5938
vn -0.1127 0.9926 -0.0458
vn 0.3776 0.8958 0.2345
vn -0.9681 0.2480 0.0350
vn -0.6326 0.6069 -0.4811
vn -0.3514 0.9356 0.0351
vn 0.6702 -0.6076 0.4262
vn -0.4305 -0.4306 0.7933
vn 0.2893 0.2803 0.9153
vn -0.8793 -0.2301 0.4171
vn 0.0156 0.3240 -0.9459
vn 0.7787 -0.6096 0.1485
vn -0.6337 0.7101 -0.3070
vn -0.9969 0.0400 -0.0676
vn 0.7346 -0.6625 0.1467
vn 0.5990 -0.7830 0.1677
vn -0.5736 -0.8148 0.0838
vn 0.8250 -0.1833 -0.5347
vn 0.1790 0.9810 -0.0752
vn -0.1315 -0.8711 0.4732
vn -0.0085 -0.9957 -0.0927
vn 0.0184 -0.1309 0.9912
vn 0.7062 -0.2430 0.6650
vn 0.2485 -0.7508 0.6120
vn -0.2351 0.7547 0.6125
vn -0.8412 0.5373 0.0616
vn -0.0655 -0.9957 0.0660
vn -0.1094 -0.9938 -0.0212
vn 0.0156 -0.9999 0.0066
vn 0.7993 -0.5353 0.2731
vn 0.8638 -0.3141 0.3938
vn 0.7982 -0.5707 0.1930
vn 0.7250 -0.6727 0.1481
vn -0.1356 0.5758 -0.8063
vn -0.4937 -0.5262 -0.6923
vn -0.2420 -0.9312 -0.2724
vn 0.0484 -0.8807 -0.4712
vn 0.4492 -0.7418 -0.4980
vn -0.7198 0.6469 -0.2518
vn 0.2973 0.8840 -0.3609
vn -0.9306 0.2282 -0.2863
vn -0.6309 0.7757 -0.0133
vn -0.8043 0.5799 -0.1297
vn -0.4146 0.2262 -0.8814
vn 0.7788 -0.5945 0.2003
vn -0.6776 -0.0182 -0.7352
vn 0.6207 0.4666 -0.6301
vn -0.7825 0.6069 -0.1390
vn -0.1617 -0.9507 0.2647
vn -0.7361 0.6386 -0.2246
vn -0.8227 0.5110 0.2492
vn -0.8859 -0.1649 0.4335
vn -0.6322 0.7537 -0.1799
vn -0.9755 0.2179 -0.0316
vn -0.4996 -0.6706 0.5484
vn -0.7505 0.6340 -0.1866
vn -0.6408 -0.2071 -0.7392
vn -0.7323 0.6457 -0.2161
vn 0.2282 0.9664 0.1181
vn 0.0498 0.9933 -0.1040
vn -0.8053 0.5537 -0.2119
vn 0.4325 0.6029 0.6704
vn -0.2067 0.9404 0.2700
vn 0.1076 -0.1309 -0.9855
vn 0.7222 -0.4128 -0.5551
vn -0.2183 -0.9759 -0.0021
vn -0.9737 -0.2262 -0.0266
vn -0.1666 -0.9619 -0.2168
vn 0.0199 -0.9993 0.0331
vn -0.0678 -0.9966 -0.0460
vn 0.6220 -0.6283 0.4673
vn -0.0985 -0.9940 -0.0475
vn 0.9453 -0.0739 -0.3177
vn 0.1432 0.2411 -0.9599
vn 0.0434 -0.9899 0.1346
vn 0.9811 0.1805 -0.0698
vn 0.7764 -0.5691 0.2708
vn -0.8247 -0.0258 -0.5649
vn 0.4672 0.5539 -0.6892
vn -0.2658 0.7413 -0.6163
vn 0.7691 -0.5977 0.2264
vn -0.0751 -0.9971 -0.0152
vn -0.0202 -0.9979 -0.0619
vn 0.0513 -0.9986 0.0100
vn 0.0445 -0.6661 0.7445
vn -0.1483 -0.7316 0.6654
vn 0.2590 0.4182 0.8706
vn -0.2951 0.3165 0.9015
vn 0.0089 0.9905 0.1369
vn -0.2689 0.8707 0.4117
vn -0.7333 0.4105 0.5419
vn -0.3127 0.7958 -0.5186
vn 0.8238 -0.1972 -0.5315
vn 0.0593 0.8729 0.4843
vn -0.0794 0.9967 -0.0165
vn 0.8601 0.4126 -0.3001
vn 0.0074 0.9991 0.0422
vn 0.1333 0.9775 -0.1632
vn 0.6778 0.0629 0.7326
vn 0.7578 0.6514 0.0361
vn 0.9556 0.2076 -0.2093
vn 0.0581 0.9905 0.1248
vn 0.6185 0.6538 -0.4358
vn -0.5576 0.8181 -0.1409
vn 0.0528 0.9958 0.0743
vn 0.0244 0.9997 0.0056
vn -0.0550 0.9966 0.0616
vn 0.0539 0.9983 -0.0225
vn -0.1880 -0.9807 -0.0537
vn -0.0431 -0.9983 0.0390
vn 0.1008 -0.9949 0.0054
vn -0.6960 0.7078 0.1206
vn -0.6972 0.5973 0.3964
vn -0.5891 0.3936 0.7058
vn -0.9217 0.3802 -0.0762
vn -0.6308 0.7230 -0.2817
vn -0.0449 0.9847 -0.1684
vn 0.0483 0.9834 0.1752
vn -0.7115 -0.6690 0.2148
vn -0.0698 0.9893 0.1281
vn -0.0273 0.9954 -0.0915
vn -0.2407 0.7517 -0.6140
vn 0.5096 -0.2374 -0.8270
vn -0.5465 0.4930 -0.6770
vn -0.7393 -0.4998 -0.4512
vn -0.4298 -0.6965 -0.5746
vn 0.0305 0.4305 -0.9021
vn -0.2599 -0.3465 -0.9013
vn 0.8227 0.5260 0.2158
vn 0.9100 0.3968 -0.1200
vn 0.0289 0.9964 -0.0792
vn 0.8769 0.3567 -0.3223
vn 0.0810 -0.9964 0.0264
vn 0.6063 0.4868 -0.6288
vn 0.0397 0.9854 -0.1655
vn -0.0159 0.9951 0.0972
vn 0.0999 -0.9941 -0.0422
vn -0.0139 -0.9791 0.2031
vn -0.5638 -0.3556 0.7454
vn -0.9858 0.1383 0.0951
vn -0.8932 0.2829 0.3496
vn 0.6194 -0.2535 0.7430
vn -0.3824 0.3180 0.8676
vn 0.3378 -0.6878 -0.6426
vn 0.2919 0.3076 -0.9056
vn -0.0736 0.7406 -0.6679
vn -0.8817 0.3085 0.3571
vn 0.1368 0.9481 -0.2870
vn 0.3706 -0.0525 -0.9273
vn 0.5274 0.1502 -0.8363
vn 0.2035 -0.9383 0.2795
vn 0.4663 -0.8845 0.0117
vn 0.5868 0.0277 0.8093
vn 0.2261 -0.0264 0.9737
vn 0.3892 0.2281 0.8925
vn -0.3620 0.6388 -0.6789
vn 0.2117 -0.9208 -0.3277
vn 0.0347 -0.8417 -0.5388
vn 0.0494 -0.9987 -0.0158
vn 0.0373 -0.9983 0.0440
vn 0.0215 -0.9822 0.1868
vn -0.0388 -0.9768 0.2106
vn -0.0474 -0.9933 0.1053
vn -0.1265 -0.6063 -0.7851
vn -0.3485 0.2416 -0.9056
vn -0.4380 0.6578 -0.6127
vn -0.9984 0.0541 -0.0136
vn -0.0288 0.9977 -0.0617
vn 0.0089 -0.9968 0.0796
vn -0.2510 0.9656 0.0683
vn 0.3576 0.7672 0.5324
vn -0.3258 0.9450 0.0273
vn 0.0722 0.9623 -0.2623
vn -0.7204 0.6048 0.3394
vn -0.1595 0.4249 0.8911
vn 0.2001 0.7919 0.5769
vn 0.4002 0.7516 0.5244
vn 0.8171 0.2929 -0.4965
vn -0.2102 0.3729 -0.9037
vn -0.2085 0.8331 -0.5124
vn -0.0765 -0.9961 -0.0447
vn 0.3127 -0.9495 0.0250
vn 0.4016 -0.3921 0.8277
vn 0.0982 -0.9938 0.0518
vn 0.0339 -0.9233 -0.3826
vn -0.3584 -0.6510 -0.6692
vn -0.1067 -0.1573 -0.9818
vn 0.2853 -0.4916 -0.8227
vn 0.6385 0.5952 -0.4879
vn 0.3905 0.6519 -0.6500
vn 0.7659 0.6325 -0.1154
vn 0.0401 0.9917 0.1222
vn -0.3189 0.7374 -0.5955
vn -0.0057 0.9995 0.0318
vn 0.5916 -0.6551 -0.4700
vn 0.6440 0.7336 0.2172
vn 0.0249 0.9995 0.0218
vn -0.1469 -0.9878 0.0507
vn -0.1935 -0.9793 0.0591
vn 0.0744 0.9929 -0.0927
vn 0.6066 -0.7103 0.3571
vn -0.0923 -0.9929 0.0745
vn 0.4338 -0.6846 0.5858
vn 0.1688 -0.7115 0.6821
vn -0.5487 -0.6033 0.5788
vn 0.0383 -0.9976 0.0570
vn -0.0050 -0.9980 -0.0634
vn -0.7485 -0.0570 0.6607
vn -0.9768 0.1724 -0.1268
vn -0.1477 -0.9635 -0.2231
vn 0.0770 -0.9947 -0.0684
vn 0.5887 -0.8081 0.0211
vn -0.7077 -0.5036 -0.4956
vn -0.5281 0.8071 0.2642
vn -0.3358 0.9413 -0.0356
vn -0.0187 0.9984 -0.0541
vn 0.0742 -0.9683 0.2386
vn 0.1215 -0.8007 -0.5866
vn -0.0276 -0.9993 0.0253
vn 0.5376 -0.7056 0.4616
vn -0.1163 -0.1257 -0.9852
vn -0.0158 -0.9993 -0.0327
vn 0.0084 -0.5639 0.8258
vn 0.3198 -0.9472 -0.0220
vn 0.1238 -0.9909 -0.0526
vn -0.0221 -0.9997 0.0133
vn 0.0302 -0.9953 -0.0918
vn -0.3555 0.1071 0.9285
vn -0.9048 0.2259 0.3609
vn 0.1071 0.6946 -0.7114
vn -0.0363 -0.9993 0.0022
vn 0.0052 -1.0000 0.0022
vn -0.7671 -0.1153 -0.6311
vn -0.2633 0.6758 -0.6885
vn 0.1143 -0.9900 -0.0832
vn 0.4626 0.7955 0.3914
vn -0.3986 -0.7773 0.4867
vn -0.2091 0.9770 -0.0422
vn -0.0314 0.9968 -0.0738
vn -0.5885 0.6960 0.4115
vn -0.4415 0.6831 -0.5818
vn 0.5116 0.8454 0.1537
vn 0.7011 -0.6872 -0.1902
vn -0.4613 0.6468 0.6074
vn -0.1400 0.9901 -0.0136
vn -0.0361 0.9992 -0.0192
vn 0.2740 0.9553 0.1106
vn -0.3282 0.5914 0.7365
vn 0.0104 0.9959 -0.0894
vn 0.0521 0.9977 -0.0432
vn 0.9700 0.0216 -0.2422
vn 0.9378 -0.1492 -0.3136
vn 0.0385 0.9982 0.0461
vn -0.0655 0.9939 -0.0888
vn -0.0177 0.9963 0.0840
vn 0.0515 0.9986 0.0126
vn -0.3134 -0.8282 0.4646
vn 0.4482 0.1087 0.8873
vn 0.6267 0.0732 0.7758
vn 0.3903 -0.2078 0.8969
vn 0.0967 0.9949 0.0272
vn 0.6806 0.7325 0.0149
vn 0.7767 -0.5895 -0.2218
vn 0.8212 -0.5519 -0.1451
vn 0.7170 0.5883 -0.3739
vn -0.1613 0.9848 -0.0644
vn -0.0229 -0.9828 0.1832
vn -0.3722 0.9281 0.0092
vn -0.9332 0.1587 -0.3225
vn 0.9328 0.1130 -0.3423
vn 0.9772 0.0800 0.1968
vn -0.2021 0.9791 -0.0241
vn -0.6987 -0.4772 0.5330
vn -0.1682 -0.9854 -0.0246
vn -0.3422 0.4607 -0.8189
vn 0.5644 -0.0923 -0.8203
vn -0.4552 -0.2105 -0.8652
vn 0.6078 -0.5667 0.5563
vn -0.5741 0.1252 0.8092
vn -0.1648 0.0222 0.9861
vn -0.3111 -0.6843 0.6595
vn 0.5481 0.0015 0.8364
vn 0.0009 -1.0000 -0.0093
vn -0.0620 -0.9962 -0.0619
vn 0.1748 -0.9832 0.0517
vn 0.1447 0.6369 0.7572
vn 0.2696 0.9624 -0.0322
vn -0.0609 0.9970 0.0479
vn -0.0601 0.9982 0.0032
vn 0.0469 -0.9973 -0.0568
vn -0.7723 -0.6082 0.1833
vn -0.2250 -0.9732 0.0472
vn 0.0296 -0.6611 0.7497
vn 0.0286 -0.9976 -0.0634
vn -0.0211 -0.9998 -0.0028
vn -0.0194 -0.9974 -0.0691
vn -0.0726 -0.9930 -0.0933
vn 0.8766 -0.4702 0.1024
vn 0.5992 -0.7889 -0.1362
vn -0.8091 -0.4083 -0.4227
vn 0.0141 -0.9996 0.0250
vn -0.0296 -0.9970 0.0721
vn -0.1834 -0.9830 0.0111
vn 0.0979 -0.9950 0.0192
vn -0.3075 -0.9038 -0.2977
vn -0.0635 -0.9977 0.0241
vn 0.5071 -0.8290 -0.2357
vn 0.1872 -0.9313 -0.3124
vn 0.1327 -0.9902 -0.0440
vn 0.2023 -0.9788 -0.0329
vn -0.0626 -0.0536 -0.9966
vn 0.4801 0.2385 -0.8442
vn -0.8080 -0.0002 -0.5892
vn -0.8816 -0.2604 -0.3938
vn -0.6290 -0.7222 0.2878
vn -0.2124 0.9772 -0.0042
vn -0.9558 -0.0099 0.2938
vn 0.0533 -0.9570 -0.2853
vn -0.0521 -0.9956 -0.0777
vn 0.0970 0.9922 -0.0786
vn 0.0020 1.0000 0.0029
vn -0.7749 0.6256 -0.0908
vn -0.1046 0.9945 -0.0012
vn -0.0613 0.9961 -0.0642
vn -0.0463 0.9926 0.1127
vn -0.3625 0.9267 0.0994
vn -0.7410 -0.6343 -0.2206
vn 0.0178 -0.9885 -0.1504
vn -0.7073 0.5459 -0.4491
vn -0.3256 -0.6526 -0.6842
vn 0.0017 -0.5887 -0.8083
vn -0.1962 0.5157 -0.8340
vn 0.4820 -0.2200 -0.8481
vn 0.5773 -0.6673 -0.4705
vn 0.5699 -0.7544 -0.3258
vn 0.6565 0.4657 -0.5934
vn 0.5847 0.7381 -0.3368
vn 0.0245 -0.9954 0.0930
vn 0.0883 -0.9931 -0.0776
vn -0.0473 0.9986 0.0227
vn -0.1117 -0.9686 0.2221
vn 0.1765 0.9750 0.1352
vn 0.0067 0.9998 -0.0176
vn -0.0480 -0.9025 -0.4281
vn -0.0612 0.9964 0.0584
vn -0.7655 -0.3436 -0.5440
vn -0.9449 0.0853 0.3159
vn -0.9396 -0.1281 0.3173
vn -0.9378 0.2259 0.2638
vn 0.0912 0.9889 -0.1170
vn 0.0793 0.9968 -0.0051
vn 0.1605 0.4657 0.8703
vn -0.1143 0.9916 0.0607
vn -0.4844 0.3679 0.7938
vn 0.6604 -0.6395 -0.3936
vn -0.6166 0.2733 0.7383
vn -0.6910 0.6454 0.3256
vn -0.8849 -0.1658 0.4353
vn -0.6343 -0.7688 0.0814
vn -0.9272 0.0516 -0.3711
vn -0.9589 -0.2600 0.1139
vn -0.1713 -0.8140 0.5550
vn -0.0419 0.9958 0.0818
vn 0.2446 0.8692 -0.4297
vn -0.3382 0.9283 0.1544
vn 0.1532 -0.9637 -0.2185
vn 0.0990 0.9944 0.0361
vn -0.1999 0.8908 -0.4080
vn -0.8307 0.5366 0.1481
vn -0.4680 -0.7327 -0.4942
vn 0.8134 -0.4031 -0.4195
vn 0.4975 0.0811 -0.8637
vn 0.4937 -0.3650 -0.7893
vn 0.2664 -0.0158 -0.9637
vn 0.0464 -0.8852 -0.4629
vn -0.1827 -0.9429 -0.2784
vn 0.0442 -0.9963 0.0735
vn 0.0511 -0.9984 0.0237
vn -0.1356 -0.9453 -0.2968
vn -0.4358 -0.8876 -0.1491
vn 0.4522 0.8896 0.0638
vn -0.0486 0.9988 -0.0017
vn -0.0676 0.9970 -0.0384
vn -0.1480 -0.9826 0.1123
vn 0.0420 -0.9989 -0.0208
vn -0.2024 -0.7667 -0.6093
vn -0.1054 -0.9102 0.4005
vn -0.3073 0.9490 -0.0706
vn -0.9650 0.0512 -0.2571
vn 0.1293 0.9912 -0.0297
vn -0.5787 -0.8120 -0.0761
vn 0.7682 -0.4066 0.4945
vn 0.1440 -0.9868 0.0736
vn -0.7706 -0.6138 0.1715
vn 0.1047 -0.9940 -0.0324
vn -0.8941 0.1569 -0.4195
vn -0.6809 0.7265 -0.0924
vn -0.0473 -0.9980 -0.0411
vn -0.0939 -0.9956 -0.0033
vn 0.1690 -0.9835 -0.0643
vn -0.5777 -0.1765 -0.7970
vn -0.1821 -0.9783 0.0985
vn -0.2138 -0.1909 0.9580
vn -0.3953 -0.6225 0.6754
vn 0.6511 -0.6037 0.4600
vn -0.0262 0.9960 -0.0856
vn 0.2911 0.9363 0.1967
vn 0.7246 0.5894 0.3572
vn -0.2273 0.9554 -0.1886
vn -0.0569 0.9895 -0.1327
vn -0.1053 0.8134 0.5721
vn -0.5225 0.6110 0.5947
vn 0.0056 0.9967 0.0806
vn 0.0173 0.9996 -0.0220
vn -0.5243 0.7619 0.3802
vn 0.0656 0.9969 -0.0437
vn -0.4653 -0.8156 0.3440
vn 0.1281 -0.9706 -0.2038
vn -0.2566 -0.9664 0.0122
vn 0.5912 -0.6540 -0.4720
vn 0.5454 0.5361 -0.6443
vn -0.0248 0.9962 -0.0831
vn 0.2653 0.9642 0.0015
vn -0.0174 -0.9978 -0.0637
vn 0.4769 -0.8628 0.1675
vn -0.5235 -0.8226 -0.2219
vn 0.4083 -0.4804 -0.7762
vn -0.3471 0.9256 -0.1508
vn -0.9917 -0.1075 0.0710
vn 0.1337 -0.9669 0.2172
vn 0.1339 -0.3477 0.9280
vn -0.4271 0.2794 0.8600
vn 0.8401 0.0315 0.5415
vn 0.8785 -0.3037 -0.3688
vn 0.0176 -0.9981 -0.0590
vn 0.9604 0.2650 0.0857
vn -0.6170 0.5545 -0.5584
vn 0.1569 0.8500 0.5028
vn -0.3740 0.3226 0.8695
vn 0.1310 -0.9866 0.0972
vn 0.7441 -0.4372 0.5051
vn -0.6684 0.5794 -0.4664
vn -0.0297 0.9981 0.0536
vn 0.2106 0.6794 -0.7029
vn -0.3310 0.7509 0.5715
vn -0.0229 -0.9987 -0.0463
vn 0.5511 0.7825 -0.2897
vn 0.6668 -0.5032 0.5497
vn 0.7826 -0.2087 0.5865
vn 0.6603 -0.6117 0.4356
vn 0.9827 0.0313 -0.1824
vn 0.0984 0.9651 0.2427
vn -0.0256 0.9925 0.1197
vn 0.0583 0.9956 0.0740
vn 0.0232 0.9895 -0.1430
vn -0.1682 0.9776 -0.1263
vn 0.6726 -0.6599 -0.3349
vn 0.0289 -0.9992 0.0271
vn 0.0974 0.9932 -0.0631
vn -0.4680 0.8714 0.1473
vn -0.3934 0.7625 0.5137
vn -0.5472 -0.5857 -0.5979
vn -0.3665 -0.7421 -0.5613
vn 0.1120 -0.9928 0.0420
vn 0.0891 -0.9942 0.0602
vn 0.0348 -0.9845 0.1718
vn -0.2483 -0.9173 -0.3114
vn 0.0825 -0.9966 0.0075
vn 0.0236 -0.9992 0.0316
vn 0.6679 -0.2670 0.6947
vn -0.1043 0.0311 -0.9941
vn 0.2990 -0.7365 -0.6068
vn 0.5205 -0.0845 -0.8497
vn 0.0873 0.7303 0.6775
vn -0.8743 -0.4559 -0.1668
vn -0.0312 -0.9995 0.0005
vn -0.3394 -0.8608 0.3792
vn 0.5171 -0.7920 -0.3246
vn 0.0683 -0.4561 0.8873
vn 0.4610 -0.0506 0.8860
vn -0.1696 -0.8190 0.5482
vn -0.1795 0.3659 0.9132
vn -0.5642 -0.4124 0.7153
vn 0.1425 -0.2760 -0.9505
vn -0.1156 0.3945 -0.9116
vn -0.6540 0.5746 -0.4920
vn -0.8339 0.1277 -0.5369
vn 0.4948 -0.8316 0.2522
vn -0.7674 0.5307 -0.3598
vn -0.8982 -0.0958 0.4291
vn -0.2372 -0.6759 0.6977
vn -0.9335 -0.1390 -0.3305
vn 0.5789 -0.6793 -0.4510
vn -0.4212 -0.8662 0.2690
vn 0.1308 -0.8890 0.4388
vn 0.1459 -0.0568 0.9877
vn 0.3771 -0.9008 0.2152
vn 0.0317 -0.9565 -0.2899
vn -0.5181 -0.7549 -0.4022
vn -0.7726 0.4583 0.4393
vn -0.1181 0.9376 0.3272
vn -0.0926 0.9921 -0.0844
vn -0.1112 0.6336 0.7656
vn 0.0962 0.9919 -0.0828
vn 0.1529 0.9614 -0.2289
vn 0.3722 0.7476 -0.5501
vn 0.5038 0.3119 -0.8056
vn -0.5956 -0.8032 0.0142
vn 0.1845 -0.8900 0.4169
vn 0.8363 0.4662 0.2886
vn 0.9564 -0.2554 -0.1415
vn 0.3735 -0.7625 -0.5283
vn -0.2811 0.8766 0.3905
vn 0.5712 0.6650 0.4811
vn 0.0965 -0.9953 -0.0126
vn 0.2719 -0.9428 0.1927
vn 0.7476 -0.1225 0.6528
vn 0.9354 -0.3453 -0.0761
vn 0.8975 0.3299 0.2928
vn -0.4023 -0.7671 0.4997
vn 0.1723 0.9220 0.3469
vn -0.1424 0.9780 -0.1523
vn 0.3538 -0.5232 0.7753
vn -0.2093 -0.5578 -0.8032
vn 0.9104 0.3238 0.2574
vn -0.1514 0.9873 0.0483
vn 0.1431 0.9870 -0.0735
vn -0.2470 0.9685 0.0325
vn -0.1544 0.4201 -0.8942
vn -0.1927 0.0904 -0.9771
vn 0.4728 -0.1064 -0.8747
vn -0.0184 0.5633 -0.8260
vn -0.2026 0.8613 -0.4659
vn -0.7880 -0.0457 0.6140
vn -0.5325 -0.1925 0.8242
vn -0.0345 0.9969 -0.0712
vn -0.0043 0.9847 -0.1742
vn -0.9753 0.1123 0.1900
vn -0.8976 -0.1778 -0.4033
vn 0.0162 0.9878 0.1549
vn 0.1900 0.9767 0.1001
vn -0.4035 0.9140 0.0421
vn 0.1793 0.9817 0.0643
vn 0.0178 0.9998 0.0079
vn -0.2136 0.9270 0.3084
vn -0.0146 -0.7501 0.6612
vn -0.5788 -0.0751 0.8120
vn -0.0841 -0.9925 -0.0884
vn -0.0334 -0.9929 0.1142
vn -0.0486 -0.9959 -0.0769
vn -0.0107 -0.9373 -0.3484
vn -0.4798 0.1391 0.8663
vn -0.3536 -0.5996 -0.7179
vn 0.8331 0.4905 0.2556
vn -0.0621 0.9968 -0.0509
vn 0.2337 0.9504 0.2051
vn 0.7322 0.2480 0.6343
vn 0.2208 0.0515 0.9740
vn -0.8744 0.2495 -0.4162
vn -0.5668 0.6915 -0.4478
vn 0.2952 -0.5930 0.7491
vn -0.4262 0.6761 -0.6010
vn 0.0918 0.9957 0.0134
vn -0.2421 -0.9471 -0.2108
vn -0.2018 -0.9786 0.0412
vn 0.0552 0.9926 0.1085
vn 0.1077 0.9941 -0.0097
vn -0.0793 0.9909 -0.1088
vn 0.7456 0.3144 -0.5876
vn 0.2505 0.8296 0.4990
vn -0.0327 0.9944 -0.1003
vn 0.7296 0.0296 0.6833
vn 0.2703 -0.2677 0.9248
vn 0.6231 -0.4767 0.6201
vn 0.0288 0.9991 0.0309
vn 0.4967 -0.8419 -0.2112
vn 0.4138 0.2456 0.8766
vn 0.9068 0.0841 0.4131
vn 0.5690 -0.5890 0.5738
vn 0.9640 -0.1061 -0.2440
vn -0.1790 -0.9797 0.0903
vn 0.2244 -0.9717 -0.0734
vn -0.0305 -0.9227 0.3843
vn -0.3231 -0.2283 0.9184
vn 0.0855 -0.2552 0.9631
vn 0.2216 0.8422 0.4915
vn -0.0275 0.9790 -0.2019
vn -0.9909 0.1271 0.0447
vn -0.1046 0.9937 -0.0391
vn -0.0511 0.9644 -0.2594
vn -0.1257 0.9724 -0.1966
vn 0.0473 0.9789 -0.1988
vn 0.1014 0.9652 -0.2410
vn -0.7098 0.6766 0.1960
vn 0.0477 -0.9952 -0.0854
vn -0.0021 0.9843 -0.1763
vn 0.8539 0.4643 -0.2352
vn -0.0306 0.9827 -0.1828
vn -0.0064 -0.9786 0.2059
vn 0.2889 0.4978 -0.8178
vn 0.0659 0.7490 -0.6593
vn 0.7327 -0.6591 -0.1693
vn 0.0108 -0.6946 -0.7193
vn -0.0054 -0.9613 0.2755
vn -0.1056 0.1598 -0.9815
vn 0.0480 0.9974 -0.0533
vn -0.7722 0.0494 -0.6335
vn -0.2718 -0.8884 -0.3699
vn -0.0047 -0.9914 -0.1307
vn 0.0741 -0.9072 0.4141
vn -0.8008 -0.0676 -0.5951
vn -0.2371 -0.9536 0.1856
vn -0.0161 -0.9700 0.2427
vn -0.9598 0.0259 0.2795
vn -0.5318 -0.4085 0.7418
vn -0.6575 -0.6621 0.3596
vn -0.8446 0.5137 -0.1509
vn -0.8968 0.0148 -0.4422
vn 0.0269 0.9588 -0.2829
vn 0.0285 0.9742 -0.2237
vn -0.0523 0.9455 -0.3215
vn 0.0549 0.8311 -0.5534
vn 0.0353 0.9843 -0.1729
vn -0.4624 -0.0229 0.8864
vn -0.1727 0.8360 -0.5208
vn -0.6138 0.7259 0.3103
vn -0.0176 0.9872 -0.1583
vn 0.1141 0.8821 -0.4571
vn -0.0632 0.9797 -0.1902
vn 0.6857 -0.4553 -0.5679
vn -0.3875 0.6101 -0.6911
vn -0.1571 0.9450 -0.2870
vn 0.0365 0.9866 -0.1590
vn 0.6139 -0.7653 -0.1937
vn -0.2310 0.9488 -0.2154
vn 0.4496 0.8502 -0.2739
vn -0.1364 0.5965 -0.7909
vn -0.2975 0.5348 -0.7909
vn 0.1775 -0.9837 0.0305
vn -0.3611 -0.8142 0.4546
vn 0.0879 0.9961 0.0037
vn -0.6205 0.7571 0.2042
vn 0.3143 -0.0008 0.9493
vn 0.1000 -0.9728 0.2091
vn -0.7540 0.1722 0.6339
vn -0.6597 -0.7444 0.1037
vn 0.0188 0.5236 -0.8517
vn -0.1444 0.6388 -0.7557
vn -0.4921 -0.6785 -0.5454
vn -0.5693 -0.7811 -0.2564
vn -0.2390 -0.5520 -0.7988
vn 0.0337 -0.9740 0.2242
vn 0.7848 -0.5136 0.3469
vn -0.0243 -0.9144 -0.4041
vn 0.1506 -0.8316 0.5345
vn -0.0183 -0.9891 0.1458
vn -0.0814 -0.9780 0.1923
vn -0.5770 0.7774 -0.2503
vn 0.0052 -0.9714 0.2373
vn -0.0988 -0.2816 0.9544
vn 0.1185 -0.8499 0.5135
vn 0.8861 -0.0913 -0.4544
vn -0.9487 0.2910 -0.1237
vn -0.8827 -0.3673 0.2933
vn -0.4984 0.5997 -0.6260
vn -0.6390 -0.7691 0.0139
vn -0.7769 -0.4144 -0.4740
vn -0.0934 -0.9937 -0.0612
vn 0.2244 0.9552 -0.1929
vn 0.1102 0.9937 0.0196
vn -0.2964 0.9535 -0.0544
vn -0.2738 -0.7253 -0.6317
vn -0.8887 0.3429 0.3044
vn -0.2865 -0.2830 0.9153
vn 0.4199 0.0402 0.9067
vn 0.9093 -0.0158 0.4159
vn 0.5883 -0.6961 0.4114
vn 0.9639 -0.1038 -0.2454
vn -0.1797 -0.9746 -0.1339
vn -0.1263 -0.8058 0.5786
vn 0.1095 -0.4291 0.8966
vn 0.2532 0.7246 0.6409
vn -0.3755 0.8905 0.2568
vn -0.0579 0.9942 0.0906
vn -0.0453 0.9986 -0.0274
vn -0.1287 0.9912 0.0295
vn 0.0479 0.9985 0.0280
vn 0.0948 0.9953 -0.0173
vn -0.7160 0.6062 0.3462
vn 0.1809 -0.9829 -0.0341
vn 0.1042 -0.9789 -0.1757
vn -0.0035 0.9993 0.0375
vn 0.8224 0.5317 -0.2025
vn 0.0485 0.8797 -0.4730
vn 0.5157 0.6220 -0.5892
vn 0.8597 -0.3290 -0.3907
vn 0.0118 -0.5194 -0.8545
vn -0.0239 -0.9993 0.0281
vn 0.0579 -0.9938 0.0945
vn -0.7240 0.2954 -0.6234
vn -0.8410 0.1052 -0.5307
vn -0.1658 -0.9845 -0.0576
vn -0.9610 -0.0402 0.2735
vn -0.5031 -0.8038 0.3174
vn -0.8362 -0.4777 0.2694
vn -0.6515 0.7334 0.1939
vn -0.8593 0.5105 -0.0324
vn -0.3882 0.8924 -0.2302
vn -0.3046 0.9258 -0.2241
vn -0.0344 0.9946 -0.0975
vn 0.0268 0.9996 -0.0048
vn -0.0500 0.9975 -0.0496
vn 0.0317 0.9898 0.1387
vn 0.0754 -0.2244 0.9716
vn -0.5147 -0.4473 0.7315
vn -0.2354 0.3800 0.8945
vn -0.0434 0.9850 0.1669
vn -0.6076 0.6243 0.4910
vn 0.0575 0.9983 -0.0137
vn -0.0245 0.9992 -0.0328
vn 0.0417 0.9968 0.0678
vn 0.6148 -0.6949 -0.3729
vn -0.2593 0.9625 0.0798
vn 0.4563 0.8871 -0.0693
vn -0.1358 0.7580 -0.6380
vn -0.2921 0.7092 -0.6417
vn 0.1702 -0.9765 -0.1326
vn -0.3503 -0.9016 0.2539
vn 0.0054 -0.9998 0.0166
vn 0.3168 -0.2197 0.9227
vn -0.1046 -0.9941 -0.0292
vn 0.1927 -0.9791 0.0656
vn 0.4234 -0.9040 -0.0587
vn -0.0278 0.9778 -0.2078
vn -0.6365 0.0127 -0.7712
vn -0.0435 -0.9029 -0.4276
vn 0.1486 -0.9201 0.3623
vn -0.0180 -0.9965 -0.0814
vn 0.0037 -0.9999 0.0125
vn 0.6671 -0.7348 0.1227
vn -0.0911 -0.4836 0.8705
vn 0.6428 -0.6362 0.4267
vn 0.1151 -0.9455 0.3045
vn -0.4367 0.7492 -0.4980
vn 0.8896 0.0296 -0.4559
vn 0.4062 -0.8654 -0.2935
vn 0.0740 -0.9910 -0.1114
vn 0.2441 -0.8827 -0.4015
vn 0.0866 -0.9949 -0.0510
vn 0.2542 -0.9648 0.0671
vn 0.7978 -0.1951 0.5705
vn 0.9105 -0.1194 -0.3959
vn 0.0931 -0.8547 0.5107
vn 0.7921 0.3055 -0.5284
vn 0.3515 -0.8917 -0.2852
vn 0.5204 -0.5519 0.6516
vn 0.5435 0.8072 0.2303
vn 0.2244 0.9741 0.0274
vn 0.1113 0.9628 0.2462
vn 0.0386 0.9992 -0.0108
vn 0.0975 0.9941 -0.0472
vn -0.5841 0.8117 -0.0033
vn -0.0488 0.9965 -0.0685
vn 0.0189 0.9982 -0.0566
vn -0.8896 0.2587 0.3763
vn -0.2791 -0.4816 0.8308
vn -0.0025 0.9931 -0.1176
vn -0.2818 0.3116 0.9075
vn 0.2245 0.9738 -0.0368
vn 0.1163 0.9497 -0.2909
vn -0.0678 0.9359 0.3457
vn -0.3491 0.3288 0.8775
vn -0.8147 0.4881 0.3132
vn -0.7674 -0.3055 0.5637
vn -0.2012 -0.9768 -0.0737
vn -0.1134 -0.9934 -0.0193
vn 0.6374 -0.7585 -0.1355
vn -0.0876 0.9945 0.0573
vn -0.1736 -0.9791 0.1062
vn 0.1611 -0.9603 -0.2279
vn 0.3011 -0.9204 0.2494
vn 0.1471 -0.9881 0.0449
vn 0.0698 -0.9971 -0.0297
vn -0.6632 -0.6378 -0.3916
vn 0.0490 0.9987 -0.0171
vn -0.1620 0.9842 0.0716
vn 0.0198 0.9998 0.0102
vn 0.2780 0.7391 -0.6135
vn -0.0493 0.4754 -0.8784
vn -0.7531 -0.6281 -0.1959
vn -0.7323 0.6312 -0.2556
vn -0.8002 -0.5022 0.3278
vn -0.1013 -0.9948 -0.0128
vn 0.2392 -0.9699 -0.0461
vn 0.1403 0.9803 -0.1389
vn -0.1075 -0.9848 -0.1364
vn 0.0315 -0.9995 0.0050
vn 0.4301 -0.8115 0.3957
vn 0.1112 -0.9938 0.0050
vn 0.9279 -0.1744 0.3294
vn 0.7265 -0.1273 -0.6753
vn 0.9976 0.0696 0.0056
vn 0.8206 0.1335 0.5558
vn 0.4367 0.8757 0.2059
vn -0.0291 -0.9973 0.0669
vn -0.0265 -0.9995 -0.0177
vn -0.0177 -0.8756 -0.4827
vn 0.3112 -0.5076 -0.8034
vn 0.6931 0.3591 -0.6250
vn 0.7150 0.6228 -0.3175
vn 0.1481 0.9888 0.0189
vn 0.8936 0.3764 -0.2445
vn 0.0773 0.9883 0.1313
vn -0.0819 0.9966 0.0115
vn 0.6435 -0.7026 -0.3036
vn -0.3674 -0.9136 0.1743
vn 0.3507 -0.9305 -0.1054
vn -0.6837 -0.7095 -0.1708
vn -0.3425 -0.9118 0.2265
vn 0.0808 -0.9922 -0.0949
vn -0.0293 -0.9992 0.0272
vn 0.0628 -0.9940 -0.0896
vn 0.0185 0.9997 -0.0155
vn 0.0193 0.9968 0.0773
vn -0.0405 -0.6985 -0.7145
vn -0.3480 -0.0971 -0.9325
vn -0.8897 -0.0662 -0.4517
vn 0.0778 -0.9969 -0.0139
vn 0.4838 0.3546 0.8001
vn 0.5654 -0.1438 -0.8122
vn -0.2857 -0.2046 0.9362
vn 0.0741 0.9973 0.0007
vn -0.8309 -0.1153 0.5444
vn -0.4869 -0.4218 0.7648
vn -0.1495 -0.5806 0.8003
vn -0.4314 0.7584 0.4887
vn -0.9614 -0.1747 0.2126
vn -0.2047 0.4658 0.8609
vn 0.2991 0.6298 0.7169
vn 0.0213 0.9782 0.2068
vn -0.2513 0.8293 -0.4991
vn 0.0178 0.9874 -0.1570
vn 0.6244 0.6214 0.4732
vn 0.8106 -0.5838 0.0461
vn -0.0343 0.9992 -0.0194
vn 0.5398 0.2567 -0.8017
vn 0.0207 0.9998 0.0014
vn 0.8311 0.1647 -0.5311
vn -0.6189 -0.7183 -0.3178
vn -0.0579 -0.9983 -0.0088
vn 0.6541 0.7208 0.2293
vn 0.9774 -0.2012 0.0646
vn -0.1596 0.9862 -0.0436
vn 0.0374 0.9973 0.0629
vn -0.6739 0.6392 0.3705
vn -0.9185 -0.2673 -0.2913
vn -0.3246 -0.5329 -0.7814
vn -0.6898 0.3427 -0.6378
vn -0.6616 0.6653 -0.3459
vn 0.0301 0.9991 -0.0307
vn -0.4138 -0.4608 0.7851
vn -0.0542 -0.0645 0.9964
vn -0.2619 0.6462 0.7168
vn -0.8645 -0.4290 -0.2618
vn 0.2217 0.9726 -0.0703
vn -0.1412 0.4722 0.8701
vn -0.2963 0.8458 0.4436
vn 0.0575 -0.3293 -0.9425
vn -0.0815 0.5644 -0.8215
vn -0.5229 0.4219 -0.7407
vn -0.0008 0.9903 0.1390
vn -0.0589 0.9981 0.0186
vn 0.0022 1.0000 0.0097
vn 0.3269 0.9356 -0.1331
vn -0.0034 1.0000 -0.0040
vn -0.6860 0.7261 0.0462
vn -0.8970 0.2568 -0.3598
vn -0.5824 -0.6250 -0.5198
vn -0.3049 -0.1943 -0.9324
vn -0.1916 -0.9211 -0.3389
vn -0.2435 -0.7822 0.5734
vn -0.6945 -0.7079 0.1289
vn -0.7056 -0.6525 -0.2763
vn 0.0170 -0.9947 0.1010
vn 0.0032 -0.6938 -0.7202
vn -0.2705 0.7912 -0.5485
vn -0.4506 0.8927 0.0037
vn 0.0747 0.9152 -0.3961
vn 0.8029 -0.1575 -0.5749
vn 0.0842 0.9331 -0.3495
vn -0.0707 -0.9933 -0.0912
vn 0.5352 0.7270 -0.4302
vn 0.6265 -0.7476 0.2206
vn 0.3375 -0.7649 0.5487
vn -0.0321 0.9952 0.0923
vn 0.7919 0.6052 -0.0815
vn -0.0339 0.9817 -0.1875
vn 0.6301 0.1202 -0.7671
vn -0.1310 0.9899 -0.0539
vn 0.6118 -0.4157 0.6730
vn 0.9946 -0.0533 -0.0895
vn 0.7971 0.4182 0.4355
vn -0.2299 0.9104 0.3440
vn 0.1225 0.9924 0.0122
vn -0.2018 0.9642 0.1720
vn -0.9967 -0.0369 -0.0717
vn -0.8975 0.4390 -0.0427
vn 0.1899 0.9654 0.1787
vn 0.9225 -0.2510 -0.2931
vn -0.3760 0.7250 0.5771
vn -0.1320 0.6418 0.7554
vn -0.0377 -0.9972 -0.0642
vn -0.8011 -0.5913 -0.0928
vn -0.2277 -0.9134 0.3375
vn 0.1545 -0.9425 -0.2963
vn 0.0020 -0.9280 0.3725
vn -0.7799 -0.5702 0.2583
vn -0.7442 0.3167 0.5881
vn -0.4020 -0.8520 0.3353
vn 0.3540 -0.7426 0.5685
vn 0.0050 -0.9979 0.0649
vn -0.0782 -0.9519 0.2964
vn 0.0458 -0.9987 0.0229
vn 0.0042 -0.9374 0.3482
vn -0.9856 0.0482 0.1623
vn -0.0850 0.9950 0.0528
vn 0.9033 0.3004 0.3062
vn -0.0314 0.9986 -0.0416
vn 0.1175 0.9901 0.0772
vn -0.7363 0.4015 -0.5447
vn -0.0237 0.9982 -0.0555
vn -0.0435 0.9981 -0.0447
vn 0.3779 0.6653 0.6438
vn 0.6474 0.6706 0.3622
vn 0.4328 0.6415 0.6334
vn -0.0651 0.9867 0.1492
vn 0.5358 0.6293 0.5629
vn -0.1606 0.9638 -0.2127
vn 0.7565 0.4146 -0.5058
vn 0.4245 0.8417 -0.3338
vn -0.0627 0.9887 0.1362
vn -0.0484 0.9974 0.0537
vn -0.0846 0.9820 0.1688
vn 0.0642 0.9977 -0.0217
vn 0.5209 -0.0186 0.8534
vn 0.4470 -0.5870 0.6750
vn -0.9896 0.1415 0.0255
vn -0.0126 0.9978 -0.0651
vn -0.0280 -0.9971 -0.0706
vn 0.6002 0.7612 -0.2459
vn 0.0151 0.9992 -0.0373
vn -0.0086 -0.9999 0.0150
vn -0.2496 -0.2355 -0.9393
vn 0.8925 0.4167 -0.1728
vn -0.8713 -0.2368 0.4298
vn 0.0358 -0.9989 -0.0301
vn 0.0673 -0.9976 0.0149
vn -0.1608 -0.9792 0.1241
vn -0.0225 -0.9945 0.1020
vn 0.0367 -0.9896 0.1394
vn -0.2978 -0.8088 -0.5071
vn -0.9927 -0.0810 0.0893
vn 0.0469 0.9985 -0.0285
vn 0.0373 -0.9843 -0.1725
vn -0.0126 -0.9985 -0.0524
vn 0.2752 -0.7204 -0.6366
vn 0.5103 0.8542 0.1002
vn 0.5710 0.7382 0.3592
vn -0.1007 0.7253 -0.6810
vn 0.0266 0.9960 0.0850
vn -0.0901 0.9859 0.1412
vn -0.3459 0.9085 0.2345
vn 0.0040 0.9983 -0.0586
vn -0.0269 0.9933 -0.1128
vn 0.0007 0.9992 0.0390
vn 0.0492 0.9948 0.0895
vn 0.5457 0.4748 0.6905
vn 0.4064 -0.9005 -0.1546
vn 0.1586 0.6356 0.7556
vn -0.0316 0.5392 0.8416
vn -0.3026 -0.9527 -0.0266
vn -0.3235 0.6865 0.6512
vn 0.2036 -0.5532 0.8078
vn 0.0923 0.9949 -0.0417
vn -0.1680 -0.5219 0.8363
vn -0.1650 -0.9719 -0.1676
vn 0.0995 -0.9931 0.0625
vn 0.0129 -0.9963 0.0850
vn -0.0391 -0.8873 -0.4595
vn -0.7806 0.5029 -0.3711
vn 0.0267 -0.9967 0.0761
vn -0.7113 -0.6763 -0.1915
vn -0.0507 -0.9987 0.0112
vn 0.0598 -0.9950 0.0795
vn -0.2059 -0.9054 -0.3714
vn 0.2661 -0.8278 -0.4939
vn 0.4098 -0.8807 -0.2378
vn 0.0421 -0.9990 0.0176
vn 0.9734 0.2127 -0.0853
vn -0.4647 -0.7372 0.4906
vn 0.0334 -0.8416 -0.5390
vn 0.0701 0.9973 -0.0198
vn 0.2458 0.9684 -0.0424
vn -0.2929 0.9291 -0.2259
vn 0.0472 0.9988 -0.0116
vn 0.0152 0.9955 -0.0937
vn -0.1284 0.9914 0.0262
vn -0.0179 0.9525 -0.3041
vn -0.4133 0.0014 0.9106
vn -0.5429 -0.2958 0.7860
vn 0.6911 0.6994 -0.1820
vn 0.0026 0.9980 -0.0625
vn 0.3807 0.6410 -0.6665
vn 0.2141 0.6910 0.6904
vn 0.2405 0.7045 0.6677
vn 0.8451 0.0365 -0.5334
vn 0.0383 0.9878 0.1507
vn 0.6538 -0.4602 -0.6006
vn -0.0179 0.9936 -0.1118
vn -0.8771 0.2190 0.4274
vn -0.4576 -0.2216 0.8611
vn -0.3360 -0.9192 0.2053
vn -0.3888 -0.9181 -0.0764
vn -0.9099 0.0219 -0.4142
vn -0.5336 -0.0842 -0.8415
vn 0.9080 0.2263 -0.3526
vn 0.0567 0.9848 0.1644
vn -0.6396 0.5175 0.5684
vn 0.0063 -0.9984 0.0563
vn 0.1668 -0.9802 -0.1066
vn 0.0458 -0.9909 -0.1262
vn 0.3706 0.9084 0.1934
vn 0.0902 0.9739 0.2083
vn 0.0846 -0.9960 -0.0270
vn 0.0795 -0.9892 0.1232
vn -0.0631 -0.9943 -0.0857
vn 0.1594 -0.9871 0.0119
vn 0.2925 -0.5699 0.7679
vn 0.0732 -0.9973 0.0114
vn 0.8241 0.2265 0.5192
vn 0.5633 -0.4119 -0.7162
vn 0.1455 0.9893 -0.0044
vn -0.1129 0.9889 -0.0970
vn 0.5091 0.7885 0.3452
vn -0.0860 -0.9861 -0.1425
vn 0.0845 0.9924 0.0899
vn 0.1795 0.0421 0.9829
vn 0.1079 -0.9803 -0.1653
vn 0.2318 0.5932 0.7710
vn 0.1174 0.9746 0.1906
vn 0.7189 -0.6649 0.2026
vn 0.9529 -0.1804 0.2439
vn -0.5771 0.7062 -0.4102
vn -0.1341 0.7282 -0.6722
vn 0.5854 0.5253 -0.6175
vn -0.0713 0.9285 0.3644
vn -0.2559 -0.0432 -0.9657
vn -0.0074 0.9892 -0.1464
vn -0.8481 0.0564 -0.5268
vn -0.1851 0.9801 0.0711
vn -0.8923 0.0981 0.4407
vn -0.8361 0.4593 0.2999
vn -0.7292 0.5113 -0.4548
vn -0.1630 0.9852 0.0533
vn -0.6070 0.0563 0.7927
vn 0.0112 -0.6505 0.7594
vn 0.0441 -0.2822 0.9583
vn 0.1059 0.9940 0.0284
vn 0.0795 0.9948 -0.0637
vn -0.0850 0.9963 0.0157
vn -0.8363 0.5036 -0.2168
vn 0.5025 -0.5850 0.6367
vn 0.3688 -0.3196 -0.8728
vn 0.2096 -0.9749 -0.0751
vn 0.0884 -0.9953 0.0387
vn -0.0005 -1.0000 0.0087
vn 0.0208 -0.9987 0.0472
vn 0.2185 -0.8292 0.5145
vn -0.0329 0.9992 -0.0239
vn -0.0428 0.9975 0.0559
vn 0.6831 -0.7072 0.1823
vn -0.0318 0.9967 0.0742
vn 0.7291 0.5962 -0.3361
vn -0.0875 -0.9962 -0.0005
vn -0.5973 -0.7252 -0.3425
vn 0.6655 0.1222 -0.7363
vn 0.0473 0.7897 -0.6116
vn 0.0168 -0.9997 0.0163
vn -0.0785 0.9941 0.0748
vn -0.3277 -0.9293 -0.1704
vn -0.1928 -0.8426 -0.5028
vn -0.6157 -0.7280 0.3015
vn 0.1692 -0.9374 0.3044
vn 0.6524 -0.4258 0.6269
vn 0.9870 0.1284 -0.0963
vn 0.0169 0.9916 0.1280
vn 0.5333 0.0127 -0.8458
vn 0.5014 0.0519 -0.8637
vn -0.0764 0.9799 -0.1840
vn -0.8977 0.4305 0.0941
vn -0.8668 -0.4764 0.1473
vn -0.8702 0.1862 -0.4561
vn -0.4221 0.7037 -0.5715
vn 0.0242 0.9969 0.0754
vn 0.1928 0.9501 -0.2453
vn -0.1312 0.9892 0.0655
vn -0.0111 0.9998 0.0172
vn -0.1008 0.9936 0.0510
vn 0.8957 0.4088 0.1751
vn 0.0293 0.9911 -0.1297
vn -0.0443 0.9969 -0.0644
vn -0.0140 0.9932 -0.1154
vn 0.0215 0.9993 0.0309
vn 0.2871 0.7328 -0.6169
vn 0.2186 -0.9605 0.1721
vn 0.0631 -0.9486 0.3101
vn 0.0276 -0.9996 -0.0047
vn 0.0914 0.6370 -0.7654
vn 0.0295 -0.9981 0.0544
vn -0.0253 -0.9997 -0.0051
vn -0.2671 0.6236 -0.7347
vn 0.0869 -0.5632 -0.8218
vn 0.5376 0.5174 -0.6658
vn -0.9668 -0.2238 -0.1231
vn -0.4660 -0.8523 0.2375
vn -0.0164 -0.9911 0.1322
vn 0.1986 -0.9800 0.0087
vn -0.1277 -0.9524 0.2767
vn -0.0221 -0.9943 -0.1043
vn -0.0060 0.9887 0.1497
vn 0.6320 0.4262 0.6472
vn 0.8931 0.1563 0.4217
vn 0.6405 0.0344 -0.7672
vn 0.8320 0.5179 -0.1989
vn -0.5008 -0.1898 0.8445
vn -0.6433 -0.7217 0.2555
vn 0.0159 0.9993 -0.0348
vn -0.5482 -0.5675 0.6143
vn 0.0687 -0.7567 -0.6501
vn 0.0994 -0.9899 -0.1009
vn 0.3261 -0.4515 -0.8305
vn 0.0462 -0.1326 -0.9901
vn -0.3015 0.2721 -0.9138
vn 0.5312 0.3672 -0.7635
vn -0.0199 0.6587 -0.7521
vn 0.2523 0.6653 -0.7026
vn 0.5615 0.5605 -0.6087
vn -0.1469 -0.4452 0.8833
vn -0.6561 0.0873 0.7496
vn 0.1217 0.2096 0.9702
vn -0.2513 0.9643 -0.0835
vn -0.2814 0.9031 0.3243
vn 0.0437 0.9980 -0.0449
vn 0.0708 0.9973 0.0215
vn 0.1436 0.9701 0.1956
vn 0.0028 0.9988 -0.0481
vn -0.2130 0.5344 0.8180
vn -0.1628 -0.9793 0.1206
vn -0.6825 -0.7255 -0.0886
vn 0.1086 -0.9936 0.0311
vn 0.2726 -0.8489 0.4528
vn -0.0591 -0.9948 -0.0828
vn -0.0988 -0.9901 -0.0995
vn -0.2175 -0.8945 -0.3906
vn 0.5980 -0.6600 -0.4548
vn -0.2573 0.9645 -0.0599
vn -0.1449 0.9704 -0.1932
vn -0.3834 -0.6628 0.6432
vn 0.0544 -0.9972 -0.0508
vn 0.1114 -0.9738 -0.1981
vn -0.2932 0.9165 0.2723
vn -0.0351 0.9994 0.0052
vn -0.1004 -0.9941 0.0406
vn -0.0248 0.9939 0.1077
vn -0.0362 0.9986 0.0396
vn 0.8887 -0.1578 -0.4306
vn 0.5632 0.4977 -0.6597
vn 0.1802 0.6816 -0.7092
vn -0.2093 -0.9737 -0.0896
vn 0.0863 -0.9956 0.0374
vn 0.3063 -0.5916 -0.7458
vn -0.0463 0.5706 -0.8199
vn -0.4152 -0.8767 0.2431
vn 0.0387 -0.9965 -0.0735
vn -0.1157 -0.9797 0.1636
vn -0.0752 -0.9904 0.1160
vn 0.0605 -0.6855 -0.7256
vn -0.0540 -0.9970 0.0549
vn -0.0006 -0.9999 0.0141
vn 0.0628 -0.9963 -0.0595
vn 0.0793 -0.6974 0.7123
vn 0.4499 0.1374 0.8824
vn -0.0286 -0.9957 0.0885
vn 0.0936 -0.9933 0.0683
vn -0.7408 0.6700 0.0481
vn 0.0216 0.9997 0.0092
vn -0.0433 0.9964 0.0723
vn -0.0267 0.9238 -0.3818
vn -0.2207 0.9041 -0.3659
vn -0.9689 0.1592 0.1894
vn -0.1760 -0.9822 0.0655
vn -0.0898 -0.9851 0.1468
vn -0.0486 0.9953 -0.0834
vn 0.4917 -0.4372 0.7530
vn -0.1246 0.8411 0.5263
vn 0.0583 0.9973 0.0456
vn 0.0989 0.9728 0.2093
vn 0.9505 0.1212 0.2861
vn 0.8231 0.1617 -0.5444
vn -0.0598 0.9982 0.0001
vn 0.0041 0.2492 -0.9684
vn -0.8429 0.0475 -0.5360
vn -0.2252 -0.8576 -0.4625
vn 0.1774 0.5751 0.7986
vn 0.0295 0.9984 -0.0476
vn 0.4316 -0.4917 0.7563
vn 0.2141 -0.6807 0.7006
vn -0.2925 -0.3694 0.8820
vn -0.8578 -0.3738 0.3527
vn -0.7648 -0.5514 0.3333
vn -0.4668 -0.6352 -0.6153
vn -0.0794 0.6644 0.7432
vn 0.0737 -0.9879 -0.1368
vn -0.0524 0.9965 0.0647
vn 0.3080 -0.2935 0.9050
vn -0.3007 -0.0829 0.9501
vn 0.3331 0.3585 0.8721
vn 0.1008 -0.9568 0.2728
vn 0.7631 -0.4752 -0.4381
vn -0.0689 -0.9805 -0.1841
vn 0.7729 -0.5903 -0.2327
vn 0.7363 0.4698 0.4870
vn -0.5087 -0.4545 0.7312
vn -0.6468 0.5678 0.5091
vn -0.7360 0.6205 -0.2706
vn -0.2350 -0.6027 -0.7626
vn -0.5400 -0.5998 -0.5904
vn -0.3329 0.6921 -0.6404
vn -0.7963 -0.2191 -0.5639
vn -0.0972 -0.7913 -0.6036
vt 0.324839 0.744113
vt 0.337542 0.734100
vt 0.337588 0.739667
vt 0.339645 0.711445
vt 0.356695 0.697703
vt 0.356342 0.705061
vt 0.341659 0.728228
vt 0.321697 0.714313
vt 0.330391 0.732747
vt 0.307122 0.731423
vt 0.307206 0.741466
vt 0.303505 0.738111
vt 0.587078 0.747353
vt 0.606846 0.739653
vt 0.604077 0.748832
vt 0.565256 0.768167
vt 0.561636 0.764508
vt 0.582642 0.760350
vt 0.350646 0.720327
vt 0.193807 0.714716
vt 0.213719 0.709430
vt 0.185871 0.719377
vt 0.216417 0.715841
vt 0.185238 0.724490
vt 0.215605 0.729115
vt 0.265987 0.725050
vt 0.282011 0.727335
vt 0.262584 0.734503
vt 0.301206 0.721011
vt 0.287257 0.744517
vt 0.238151 0.720248
vt 0.220835 0.734475
vt 0.227574 0.735017
vt 0.241397 0.728532
vt 0.250247 0.726179
vt 0.262353 0.720601
vt 0.256395 0.727143
vt 0.269907 0.717791
vt 0.273597 0.720002
vt 0.282059 0.718718
vt 0.485315 0.755634
vt 0.505329 0.744845
vt 0.498448 0.756467
vt 0.522121 0.737491
vt 0.513520 0.745214
vt 0.257792 0.713809
vt 0.288531 0.714615
vt 0.304180 0.712287
vt 0.480896 0.751285
vt 0.278671 0.713208
vt 0.274863 0.707314
vt 0.290551 0.708998
vt 0.298657 0.709810
vt 0.310767 0.707958
vt 0.319134 0.707717
vt 0.595976 0.720154
vt 0.602467 0.711978
vt 0.605574 0.716059
vt 0.318775 0.703184
vt 0.332745 0.704596
vt 0.573015 0.738220
vt 0.586079 0.729306
vt 0.589997 0.732950
vt 0.302893 0.696622
vt 0.305504 0.703149
vt 0.328042 0.699574
vt 0.344210 0.696483
vt 0.565541 0.735889
vt 0.582271 0.726184
vt 0.328077 0.691366
vt 0.354620 0.690477
vt 0.610726 0.706336
vt 0.592424 0.713492
vt 0.609955 0.696648
vt 0.339700 0.694709
vt 0.289405 0.687723
vt 0.348530 0.681544
vt 0.337614 0.673210
vt 0.309759 0.675656
vt 0.289431 0.680334
vt 0.266934 0.688640
vt 0.251478 0.702719
vt 0.547300 0.728485
vt 0.561100 0.721301
vt 0.559301 0.731399
vt 0.224981 0.741403
vt 0.215613 0.740595
vt 0.212892 0.745175
vt 0.212590 0.754023
vt 0.186960 0.758507
vt 0.205736 0.776555
vt 0.197728 0.769924
vt 0.534742 0.746475
vt 0.543934 0.739805
vt 0.547033 0.743551
vt 0.242531 0.741411
vt 0.244754 0.732891
vt 0.233814 0.735838
vt 0.573758 0.724702
vt 0.586902 0.719706
vt 0.273242 0.754058
vt 0.294964 0.752708
vt 0.310091 0.746578
vt 0.568904 0.743643
vt 0.548928 0.749877
vt 0.266357 0.753910
vt 0.252137 0.755686
vt 0.271644 0.744165
vt 0.529761 0.743798
vt 0.519000 0.748600
vt 0.185034 0.711754
vt 0.506973 0.753431
vt 0.501641 0.761244
vt 0.182526 0.737624
vt 0.636335 0.714886
vt 0.611204 0.721329
vt 0.623755 0.709431
vt 0.633154 0.727725
vt 0.205270 0.742181
vt 0.533801 0.734928
vt 0.548108 0.735891
vt 0.197818 0.746733
vt 0.194847 0.751182
vt 0.183163 0.749738
vt 0.492578 0.765914
vt 0.504517 0.767619
vt 0.501065 0.792846
vt 0.491383 0.798239
vt 0.486149 0.791911
vt 0.825516 0.409315
vt 0.829806 0.393206
vt 0.830935 0.403121
vt 0.230679 0.759113
vt 0.234151 0.765061
vt 0.209175 0.781174
vt 0.811406 0.375585
vt 0.801615 0.407753
vt 0.797976 0.404436
vt 0.855793 0.292865
vt 0.854497 0.280553
vt 0.865631 0.283322
vt 0.237895 0.766568
vt 0.239552 0.769871
vt 0.272847 0.759102
vt 0.213834 0.782605
vt 0.852174 0.329965
vt 0.848592 0.323531
vt 0.854804 0.319496
vt 0.228133 0.777445
vt 0.216198 0.785363
vt 0.870926 0.350577
vt 0.862705 0.380041
vt 0.852583 0.370094
vt 0.839843 0.381268
vt 0.837256 0.371008
vt 0.842134 0.368034
vt 0.837136 0.332727
vt 0.842560 0.307741
vt 0.846657 0.314901
vt 0.842805 0.346776
vt 0.841469 0.333842
vt 0.846025 0.337043
vt 0.846146 0.356016
vt 0.840076 0.358279
vt 0.854155 0.425889
vt 0.866611 0.395519
vt 0.860798 0.414707
vt 0.857524 0.307094
vt 0.850811 0.310999
vt 0.821056 0.422629
vt 0.819730 0.419865
vt 0.835059 0.349332
vt 0.825734 0.336079
vt 0.829824 0.290316
vt 0.841825 0.282718
vt 0.830342 0.302346
vt 0.246710 0.698596
vt 0.250132 0.692714
vt 0.263610 0.686506
vt 0.278482 0.682474
vt 0.794176 0.726163
vt 0.796334 0.714303
vt 0.802019 0.718943
vt 0.299560 0.676444
vt 0.331979 0.671273
vt 0.795663 0.750273
vt 0.789522 0.770684
vt 0.789123 0.752712
vt 0.324098 0.669904
vt 0.796232 0.733323
vt 0.790107 0.733561
vt 0.818970 0.708461
vt 0.825364 0.685750
vt 0.837397 0.701168
vt 0.817568 0.688774
vt 0.823083 0.677070
vt 0.201259 0.709762
vt 0.826955 0.655245
vt 0.833152 0.646614
vt 0.832416 0.654659
vt 0.833794 0.632923
vt 0.825193 0.644127
vt 0.214961 0.705700
vt 0.240948 0.695185
vt 0.822600 0.745042
vt 0.822816 0.755484
vt 0.818102 0.754820
vt 0.766940 0.762498
vt 0.750196 0.758607
vt 0.768039 0.730859
vt 0.835055 0.672128
vt 0.850422 0.644789
vt 0.842757 0.681203
vt 0.784832 0.738120
vt 0.774783 0.767572
vt 0.775574 0.750069
vt 0.310780 0.673258
vt 0.782502 0.728486
vt 0.850155 0.687223
vt 0.848484 0.707168
vt 0.835262 0.720063
vt 0.771672 0.706841
vt 0.771051 0.701088
vt 0.776804 0.690893
vt 0.809363 0.688770
vt 0.814710 0.676499
vt 0.813109 0.687362
vt 0.807638 0.706662
vt 0.809102 0.697278
vt 0.814139 0.701416
vt 0.810356 0.721251
vt 0.067393 0.989147
vt 0.068215 0.990579
vt 0.066707 0.991324
vt 0.063398 0.984525
vt 0.071253 0.982092
vt 0.072005 0.985362
vt 0.065281 0.977505
vt 0.068048 0.974999
vt 0.078571 0.967775
vt 0.073938 0.974858
vt 0.076959 0.980658
vt 0.095665 0.956730
vt 0.088571 0.971543
vt 0.096158 0.970766
vt 0.101545 0.951256
vt 0.101553 0.961236
vt 0.104926 0.953976
vt 0.823812 0.735263
vt 0.836839 0.711557
vt 0.422467 0.784687
vt 0.414108 0.774686
vt 0.418219 0.774022
vt 0.432381 0.798993
vt 0.426850 0.793415
vt 0.428949 0.785127
vt 0.079553 0.986573
vt 0.427258 0.801248
vt 0.322843 0.851334
vt 0.320177 0.851804
vt 0.322542 0.849926
vt 0.312304 0.853406
vt 0.316334 0.849457
vt 0.305575 0.845966
vt 0.301766 0.851190
vt 0.300970 0.848228
vt 0.295127 0.850971
vt 0.287345 0.853460
vt 0.291615 0.849881
vt 0.312033 0.853106
vt 0.311586 0.850173
vt 0.307173 0.851579
vt 0.306633 0.848884
vt 0.291928 0.853675
vt 0.281895 0.856522
vt 0.284799 0.851743
vt 0.280004 0.854071
vt 0.281445 0.851221
vt 0.274923 0.853230
vt 0.433467 0.811609
vt 0.437187 0.822367
vt 0.432334 0.817018
vt 0.468480 0.869668
vt 0.452739 0.829410
vt 0.475640 0.861164
vt 0.298022 0.847942
vt 0.438771 0.756250
vt 0.449493 0.775516
vt 0.430817 0.768668
vt 0.546634 0.885018
vt 0.547263 0.878850
vt 0.552242 0.882543
vt 0.550082 0.878504
vt 0.552539 0.879156
vt 0.551303 0.872742
vt 0.553135 0.862042
vt 0.550045 0.855762
vt 0.554536 0.856093
vt 0.552265 0.849487
vt 0.548728 0.850045
vt 0.550401 0.845350
vt 0.545428 0.835641
vt 0.518941 0.823670
vt 0.541749 0.832490
vt 0.421505 0.758162
vt 0.424969 0.773797
vt 0.548038 0.844151
vt 0.543494 0.843877
vt 0.545477 0.836744
vt 0.398654 0.737250
vt 0.388276 0.723917
vt 0.394083 0.723449
vt 0.538264 0.841584
vt 0.413235 0.739412
vt 0.411285 0.747038
vt 0.403591 0.727361
vt 0.544014 0.850631
vt 0.515591 0.831643
vt 0.454196 0.863092
vt 0.459725 0.875594
vt 0.450301 0.878069
vt 0.443446 0.844311
vt 0.448324 0.865622
vt 0.440103 0.861995
vt 0.507875 0.822828
vt 0.507206 0.832351
vt 0.546584 0.854893
vt 0.499780 0.826177
vt 0.539642 0.849580
vt 0.522767 0.843563
vt 0.500496 0.840630
vt 0.499620 0.846025
vt 0.495084 0.840659
vt 0.497305 0.854799
vt 0.500595 0.853933
vt 0.505264 0.855231
vt 0.385220 0.711245
vt 0.403527 0.736809
vt 0.511723 0.842140
vt 0.504202 0.838204
vt 0.549266 0.861754
vt 0.388157 0.798474
vt 0.400568 0.811057
vt 0.396134 0.813408
vt 0.405111 0.822670
vt 0.400423 0.829864
vt 0.546039 0.859864
vt 0.542758 0.859995
vt 0.539420 0.854149
vt 0.530250 0.848958
vt 0.499683 0.837313
vt 0.498837 0.831929
vt 0.549433 0.867499
vt 0.510055 0.845521
vt 0.502304 0.840529
vt 0.503716 0.842119
vt 0.503420 0.845166
vt 0.506258 0.848342
vt 0.512786 0.848628
vt 0.533804 0.858852
vt 0.547391 0.873282
vt 0.507039 0.841130
vt 0.538969 0.863019
vt 0.410744 0.706641
vt 0.408869 0.720520
vt 0.546380 0.866370
vt 0.552741 0.867417
vt 0.420579 0.803982
vt 0.414862 0.786943
vt 0.543940 0.865961
vt 0.443898 0.827032
vt 0.446757 0.815325
vt 0.090519 0.946946
vt 0.091343 0.941105
vt 0.096604 0.947086
vt 0.090025 0.934924
vt 0.087255 0.928271
vt 0.091099 0.930415
vt 0.086657 0.922929
vt 0.091716 0.926704
vt 0.088599 0.920480
vt 0.093595 0.923479
vt 0.090457 0.915433
vt 0.092023 0.915229
vt 0.374749 0.766841
vt 0.369059 0.753015
vt 0.374404 0.750080
vt 0.085740 0.933389
vt 0.084625 0.928586
vt 0.086805 0.914257
vt 0.396275 0.745928
vt 0.383155 0.756660
vt 0.377712 0.740053
vt 0.404260 0.759902
vt 0.084001 0.923736
vt 0.082301 0.918715
vt 0.082954 0.914621
vt 0.084977 0.943592
vt 0.081422 0.934765
vt 0.080996 0.928088
vt 0.076304 0.927981
vt 0.079214 0.922659
vt 0.440041 0.792139
vt 0.076528 0.914894
vt 0.675255 0.758753
vt 0.667492 0.758336
vt 0.676805 0.751559
vt 0.681751 0.715044
vt 0.675681 0.715615
vt 0.687599 0.708797
vt 0.573494 0.791829
vt 0.602747 0.779908
vt 0.574774 0.798618
vt 0.068978 0.923923
vt 0.069021 0.915731
vt 0.600498 0.777784
vt 0.590464 0.808599
vt 0.579734 0.816119
vt 0.576248 0.803351
vt 0.723966 0.711121
vt 0.720762 0.722800
vt 0.700880 0.734185
vt 0.680832 0.765782
vt 0.708072 0.745875
vt 0.703179 0.764816
vt 0.069900 0.912856
vt 0.704217 0.737961
vt 0.694320 0.739761
vt 0.585125 0.825884
vt 0.598682 0.812328
vt 0.715875 0.734740
vt 0.691290 0.748321
vt 0.064952 0.972992
vt 0.073901 0.966238
vt 0.056688 0.962164
vt 0.069315 0.953493
vt 0.057917 0.951819
vt 0.080317 0.942128
vt 0.070627 0.939934
vt 0.594999 0.819383
vt 0.599137 0.821418
vt 0.629071 0.784530
vt 0.632531 0.790452
vt 0.625846 0.793146
vt 0.640045 0.772513
vt 0.639103 0.780941
vt 0.650172 0.769620
vt 0.640460 0.785685
vt 0.647626 0.775866
vt 0.637438 0.796114
vt 0.597431 0.835322
vt 0.606291 0.823570
vt 0.619897 0.815907
vt 0.092620 0.951326
vt 0.097205 0.943426
vt 0.099827 0.942243
vt 0.101048 0.947320
vt 0.105376 0.946405
vt 0.105214 0.943146
vt 0.110808 0.941507
vt 0.108902 0.947956
vt 0.726628 0.764015
vt 0.728171 0.766588
vt 0.722235 0.770827
vt 0.640493 0.821242
vt 0.663222 0.793282
vt 0.093851 0.938522
vt 0.100228 0.939286
vt 0.104125 0.939240
vt 0.103358 0.933762
vt 0.095823 0.937294
vt 0.108710 0.935807
vt 0.105122 0.933684
vt 0.107096 0.930327
vt 0.103990 0.927701
vt 0.111780 0.926943
vt 0.114220 0.923157
vt 0.117999 0.923408
vt 0.136860 0.915369
vt 0.138170 0.910958
vt 0.140615 0.912308
vt 0.143753 0.909607
vt 0.151033 0.905904
vt 0.157080 0.901208
vt 0.157370 0.904425
vt 0.163185 0.900920
vt 0.166079 0.895032
vt 0.168868 0.893948
vt 0.170884 0.895488
vt 0.174171 0.892109
vt 0.180490 0.891364
vt 0.176613 0.890316
vt 0.149098 0.909246
vt 0.132752 0.917876
vt 0.129317 0.917586
vt 0.112362 0.929608
vt 0.110505 0.931838
vt 0.662609 0.725053
vt 0.115794 0.927330
vt 0.119739 0.925129
vt 0.123082 0.919638
vt 0.124901 0.923365
vt 0.142786 0.913775
vt 0.168571 0.899584
vt 0.174940 0.895435
vt 0.181073 0.887954
vt 0.185688 0.887761
vt 0.190608 0.886550
vt 0.191928 0.888838
vt 0.191578 0.884020
vt 0.193940 0.883836
vt 0.195828 0.882442
vt 0.200532 0.885590
vt 0.198870 0.881844
vt 0.742413 0.508344
vt 0.761897 0.508601
vt 0.748089 0.511725
vt 0.180953 0.893726
vt 0.181800 0.895629
vt 0.162489 0.904388
vt 0.155134 0.907999
vt 0.148772 0.911438
vt 0.129670 0.922490
vt 0.135073 0.918407
vt 0.139999 0.917985
vt 0.167661 0.903316
vt 0.173530 0.899532
vt 0.686511 0.468109
vt 0.678091 0.472643
vt 0.672667 0.466563
vt 0.158848 0.908107
vt 0.115135 0.930116
vt 0.789555 0.524993
vt 0.783144 0.523846
vt 0.779588 0.519682
vt 0.121551 0.926997
vt 0.135445 0.920439
vt 0.149904 0.914024
vt 0.186044 0.895870
vt 0.186821 0.891095
vt 0.192134 0.891890
vt 0.195943 0.886265
vt 0.690805 0.481322
vt 0.704041 0.483344
vt 0.696721 0.498822
vt 0.154349 0.911056
vt 0.145090 0.915502
vt 0.117651 0.929194
vt 0.786847 0.479840
vt 0.763434 0.477286
vt 0.762151 0.471933
vt 0.127085 0.925848
vt 0.747275 0.478721
vt 0.760833 0.482279
vt 0.146486 0.917149
vt 0.135006 0.922478
vt 0.693525 0.475055
vt 0.708187 0.478086
vt 0.162619 0.908227
vt 0.173558 0.902115
vt 0.178664 0.899055
vt 0.185331 0.897569
vt 0.189970 0.894497
vt 0.195958 0.892720
vt 0.197062 0.888688
vt 0.203270 0.887885
vt 0.205436 0.880356
vt 0.207631 0.879339
vt 0.212618 0.877258
vt 0.160279 0.910536
vt 0.158482 0.912789
vt 0.137862 0.921286
vt 0.131941 0.923668
vt 0.170107 0.905679
vt 0.166858 0.907063
vt 0.142772 0.919288
vt 0.152064 0.916139
vt 0.195327 0.896224
vt 0.200677 0.894575
vt 0.201776 0.892431
vt 0.199966 0.890441
vt 0.207362 0.885583
vt 0.207653 0.882863
vt 0.211582 0.884496
vt 0.212055 0.880968
vt 0.216865 0.878343
vt 0.222467 0.875085
vt 0.228184 0.870660
vt 0.229618 0.871548
vt 0.736468 0.477176
vt 0.711179 0.466184
vt 0.731398 0.467058
vt 0.190270 0.897876
vt 0.185005 0.900234
vt 0.179565 0.901459
vt 0.176033 0.904095
vt 0.708662 0.463051
vt 0.742561 0.486755
vt 0.754350 0.488058
vt 0.762934 0.495183
vt 0.811340 0.468126
vt 0.818459 0.486093
vt 0.745052 0.483724
vt 0.736379 0.491806
vt 0.722226 0.501024
vt 0.718377 0.488295
vt 0.717239 0.508663
vt 0.688388 0.501034
vt 0.685232 0.445628
vt 0.661040 0.435316
vt 0.672092 0.435258
vt 0.760083 0.451574
vt 0.772040 0.455595
vt 0.767733 0.461341
vt 0.039531 0.839564
vt 0.070760 0.833685
vt 0.072395 0.842337
vt 0.037675 0.851778
vt 0.045981 0.843540
vt 0.049797 0.848469
vt 0.094795 0.932565
vt 0.098822 0.934674
vt 0.096932 0.930091
vt 0.062563 0.813573
vt 0.089177 0.808801
vt 0.062100 0.816195
vt 0.099870 0.927158
vt 0.103821 0.836706
vt 0.096807 0.839333
vt 0.086779 0.841104
vt 0.073244 0.849393
vt 0.053733 0.859499
vt 0.059647 0.850504
vt 0.064582 0.859788
vt 0.053213 0.889253
vt 0.044695 0.890876
vt 0.043824 0.889607
vt 0.181562 0.835205
vt 0.170661 0.834683
vt 0.169582 0.829679
vt 0.026791 0.857720
vt 0.015260 0.862171
vt 0.012801 0.855888
vt 0.180997 0.903742
vt 0.172494 0.907438
vt 0.164491 0.911447
vt 0.156398 0.914281
vt 0.192127 0.900253
vt 0.095458 0.818350
vt 0.098565 0.829552
vt 0.058012 0.824380
vt 0.194555 0.899609
vt 0.198710 0.898100
vt 0.185382 0.903554
vt 0.168288 0.909951
vt 0.183127 0.905026
vt 0.178245 0.906594
vt 0.115724 0.808058
vt 0.116294 0.804242
vt 0.132735 0.803233
vt 0.141079 0.860198
vt 0.172179 0.863596
vt 0.162896 0.866452
vt 0.092775 0.811523
vt 0.781414 0.545491
vt 0.785107 0.533548
vt 0.792445 0.538366
vt 0.189533 0.901299
vt 0.752125 0.641894
vt 0.758314 0.642605
vt 0.751340 0.668014
vt 0.751443 0.633778
vt 0.748419 0.626539
vt 0.754516 0.622746
vt 0.309800 0.855094
vt 0.308003 0.853626
vt 0.753725 0.534074
vt 0.763111 0.548578
vt 0.743583 0.566746
vt 0.312032 0.853408
vt 0.303425 0.854439
vt 0.303385 0.857276
vt 0.757832 0.611409
vt 0.752352 0.616777
vt 0.738693 0.565309
vt 0.747644 0.535501
vt 0.771101 0.591442
vt 0.773872 0.567102
vt 0.777188 0.578618
vt 0.726006 0.704597
vt 0.726016 0.680229
vt 0.730896 0.693381
vt 0.203981 0.895981
vt 0.201714 0.896571
vt 0.320850 0.848053
vt 0.330643 0.846702
vt 0.325020 0.848757
vt 0.329763 0.843261
vt 0.324994 0.845604
vt 0.334182 0.843142
vt 0.332905 0.839939
vt 0.337717 0.839470
vt 0.340997 0.835745
vt 0.344987 0.832266
vt 0.345711 0.835370
vt 0.350666 0.831381
vt 0.350953 0.828214
vt 0.351893 0.824249
vt 0.354805 0.828416
vt 0.359505 0.823089
vt 0.320891 0.845080
vt 0.326931 0.842479
vt 0.333780 0.837920
vt 0.336778 0.835234
vt 0.354973 0.822880
vt 0.359096 0.820982
vt 0.340637 0.831440
vt 0.344663 0.829629
vt 0.349520 0.825298
vt 0.786019 0.555918
vt 0.331124 0.836213
vt 0.344093 0.826851
vt 0.328304 0.839590
vt 0.322147 0.841146
vt 0.322837 0.842748
vt 0.315919 0.844642
vt 0.325316 0.838627
vt 0.329144 0.834368
vt 0.335539 0.832651
vt 0.332302 0.831784
vt 0.335812 0.830473
vt 0.339867 0.828652
vt 0.747629 0.669436
vt 0.742273 0.693245
vt 0.737985 0.688286
vt 0.316333 0.840933
vt 0.320680 0.839248
vt 0.325048 0.836253
vt 0.732214 0.586205
vt 0.725908 0.591066
vt 0.749799 0.611288
vt 0.744186 0.632919
vt 0.740482 0.626300
vt 0.312272 0.843744
vt 0.318724 0.836684
vt 0.323772 0.834133
vt 0.312490 0.840783
vt 0.307372 0.841562
vt 0.316046 0.837750
vt 0.321093 0.835492
vt 0.321813 0.835139
vt 0.312341 0.838742
vt 0.310238 0.839087
vt 0.302404 0.844184
vt 0.297056 0.846200
vt 0.310081 0.846495
vt 0.620624 0.380989
vt 0.625383 0.393318
vt 0.616760 0.386922
vt 0.314529 0.847623
vt 0.355302 0.830894
vt 0.364599 0.830254
vt 0.370121 0.825489
vt 0.369993 0.829309
vt 0.374065 0.827929
vt 0.379043 0.827199
vt 0.377301 0.829445
vt 0.382855 0.827162
vt 0.351753 0.834144
vt 0.342855 0.838533
vt 0.338771 0.841189
vt 0.606163 0.385333
vt 0.597305 0.363154
vt 0.606705 0.379416
vt 0.336181 0.844803
vt 0.333734 0.846211
vt 0.343442 0.840504
vt 0.341699 0.842834
vt 0.359380 0.831823
vt 0.347656 0.837649
vt 0.354258 0.835120
vt 0.351970 0.838832
vt 0.347024 0.840853
vt 0.596204 0.269724
vt 0.594575 0.293143
vt 0.589257 0.287189
vt 0.631522 0.417845
vt 0.642020 0.426918
vt 0.636815 0.430992
vt 0.359577 0.835718
vt 0.354056 0.838101
vt 0.365176 0.833246
vt 0.576079 0.364922
vt 0.570407 0.349244
vt 0.581610 0.372506
vt 0.631944 0.314820
vt 0.633203 0.314819
vt 0.639891 0.329627
vt 0.372084 0.831032
vt 0.369099 0.832063
vt 0.584331 0.268824
vt 0.584698 0.280597
vt 0.576993 0.270853
vt 0.383006 0.822874
vt 0.384170 0.818984
vt 0.388418 0.816660
vt 0.386294 0.814737
vt 0.382764 0.817458
vt 0.382603 0.815673
vt 0.605055 0.441778
vt 0.603064 0.442328
vt 0.599275 0.419678
vt 0.599906 0.414771
vt 0.608785 0.426043
vt 0.387852 0.822453
vt 0.605091 0.340958
vt 0.600868 0.330271
vt 0.605913 0.330518
vt 0.359023 0.827141
vt 0.365339 0.826538
vt 0.369022 0.822274
vt 0.377596 0.821167
vt 0.372917 0.819921
vt 0.378274 0.818947
vt 0.377078 0.816804
vt 0.612533 0.360214
vt 0.619652 0.348448
vt 0.622902 0.363654
vt 0.641072 0.372858
vt 0.375199 0.823771
vt 0.625441 0.378190
vt 0.647717 0.388797
vt 0.633894 0.395317
vt 0.615123 0.370326
vt 0.375035 0.825856
vt 0.595944 0.329932
vt 0.600718 0.338300
vt 0.602618 0.346777
vt 0.379959 0.822892
vt 0.590788 0.342858
vt 0.583656 0.320210
vt 0.588860 0.322488
vt 0.598262 0.355155
vt 0.363067 0.824353
vt 0.365648 0.821000
vt 0.654752 0.385071
vt 0.673180 0.405792
vt 0.671505 0.407649
vt 0.560703 0.288410
vt 0.579786 0.299174
vt 0.569878 0.320124
vt 0.199742 0.687742
vt 0.214533 0.685979
vt 0.214255 0.688892
vt 0.090732 0.637385
vt 0.111193 0.646261
vt 0.097970 0.651014
vt 0.242373 0.656582
vt 0.241660 0.650925
vt 0.254486 0.651223
vt 0.087786 0.982085
vt 0.077422 0.989486
vt 0.227829 0.658288
vt 0.254293 0.656515
vt 0.221560 0.664263
vt 0.072176 0.991629
vt 0.121727 0.654341
vt 0.245435 0.665093
vt 0.253696 0.679885
vt 0.221959 0.680064
vt 0.168161 0.660571
vt 0.170120 0.666424
vt 0.156735 0.660261
vt 0.223423 0.643260
vt 0.219907 0.651946
vt 0.208426 0.646912
vt 0.169467 0.681144
vt 0.169209 0.668767
vt 0.188993 0.667928
vt 0.563923 0.875058
vt 0.564411 0.874537
vt 0.563683 0.876348
vt 0.563751 0.874660
vt 0.557585 0.879894
vt 0.558315 0.875161
vt 0.231340 0.651685
vt 0.246602 0.644627
vt 0.553930 0.873195
vt 0.555973 0.870486
vt 0.150477 0.654977
vt 0.146952 0.658940
vt 0.146028 0.669177
vt 0.135406 0.659662
vt 0.062138 0.973284
vt 0.206589 0.632165
vt 0.191625 0.645729
vt 0.231967 0.629434
vt 0.208749 0.625480
vt 0.065365 0.970097
vt 0.103159 0.662646
vt 0.098540 0.657385
vt 0.125769 0.661313
vt 0.060464 0.967078
vt 0.060172 0.975196
vt 0.055625 0.973078
vt 0.059473 0.979800
vt 0.055337 0.975173
vt 0.152870 0.648583
vt 0.160770 0.655287
vt 0.171457 0.647395
vt 0.203848 0.680913
vt 0.102216 0.686827
vt 0.102472 0.690747
vt 0.097541 0.691456
vt 0.056581 0.797708
vt 0.026205 0.807152
vt 0.057535 0.791809
vt 0.124229 0.710138
vt 0.146176 0.703481
vt 0.148795 0.706467
vt 0.060847 0.802458
vt 0.038829 0.816137
vt 0.036119 0.812947
vt 0.137414 0.746606
vt 0.163441 0.744947
vt 0.145337 0.751430
vt 0.163087 0.898097
vt 0.167939 0.731117
vt 0.154494 0.739523
vt 0.153764 0.735640
vt 0.142782 0.735058
vt 0.128320 0.745532
vt 0.137829 0.742760
vt 0.054748 0.970372
vt 0.055196 0.963386
vt 0.047825 0.950738
vt 0.054483 0.948402
vt 0.047105 0.944076
vt 0.047408 0.941236
vt 0.051407 0.941774
vt 0.040179 0.946010
vt 0.037324 0.951255
vt 0.036916 0.941134
vt 0.034131 0.945732
vt 0.044240 0.941085
vt 0.042444 0.950816
vt 0.042304 0.954712
vt 0.052433 0.955850
vt 0.048424 0.957966
vt 0.053712 0.960969
vt 0.125397 0.741250
vt 0.113379 0.745166
vt 0.121243 0.748431
vt 0.086806 0.763176
vt 0.099329 0.754933
vt 0.108397 0.757455
vt 0.078548 0.747018
vt 0.075299 0.756045
vt 0.061226 0.760441
vt 0.059385 0.767049
vt 0.038238 0.774593
vt 0.050245 0.769054
vt 0.059189 0.946291
vt 0.007321 0.788949
vt 0.030364 0.786951
vt 0.016095 0.799025
vt 0.053594 0.757828
vt 0.044819 0.767068
vt 0.035600 0.769653
vt 0.017882 0.781420
vt 0.030688 0.776955
vt 0.177241 0.749167
vt 0.070828 0.762187
vt 0.080377 0.760499
vt 0.016828 0.744847
vt 0.005746 0.747204
vt 0.006352 0.745056
vt 0.044393 0.957203
vt 0.286803 0.848684
vt 0.291835 0.847185
vt 0.295420 0.845385
vt 0.283868 0.849255
vt 0.797680 0.819134
vt 0.808567 0.818294
vt 0.804400 0.824028
vt 0.780582 0.857250
vt 0.780168 0.862008
vt 0.765372 0.858713
vt 0.704018 0.817252
vt 0.727950 0.808106
vt 0.711367 0.824847
vt 0.831870 0.818437
vt 0.844571 0.817948
vt 0.839816 0.821941
vt 0.818480 0.821608
vt 0.818879 0.828609
vt 0.494690 0.834544
vt 0.492823 0.839618
vt 0.493343 0.841959
vt 0.816243 0.848454
vt 0.782123 0.854869
vt 0.814464 0.843749
vt 0.773101 0.850469
vt 0.492557 0.845075
vt 0.495293 0.853313
vt 0.779301 0.820884
vt 0.789250 0.822153
vt 0.836615 0.806655
vt 0.817409 0.809046
vt 0.806506 0.797410
vt 0.731762 0.844338
vt 0.703163 0.850242
vt 0.721999 0.838868
vt 0.742346 0.833939
vt 0.735227 0.839012
vt 0.732683 0.834399
vt 0.497990 0.861129
vt 0.499624 0.860765
vt 0.720521 0.836060
vt 0.726537 0.831400
vt 0.742072 0.829754
vt 0.735731 0.827965
vt 0.268231 0.863135
vt 0.263685 0.865527
vt 0.262126 0.862273
vt 0.258862 0.864375
vt 0.256958 0.868625
vt 0.259634 0.869731
vt 0.265637 0.868919
vt 0.257753 0.875108
vt 0.255100 0.871946
vt 0.749750 0.825858
vt 0.266308 0.857010
vt 0.267430 0.860990
vt 0.271857 0.858544
vt 0.269404 0.855805
vt 0.274867 0.856807
vt 0.810666 0.787048
vt 0.828959 0.785158
vt 0.807266 0.790352
vt 0.827704 0.792807
vt 0.254399 0.866637
vt 0.254643 0.863922
vt 0.257248 0.860389
vt 0.257098 0.859707
vt 0.261894 0.858219
vt 0.437753 0.599914
vt 0.437813 0.590106
vt 0.442121 0.586711
vt 0.419754 0.533166
vt 0.433632 0.527170
vt 0.429133 0.544866
vt 0.462294 0.611852
vt 0.466005 0.605491
vt 0.467881 0.624005
vt 0.413780 0.591869
vt 0.416065 0.567691
vt 0.427980 0.579615
vt 0.302385 0.842587
vt 0.437484 0.629194
vt 0.435596 0.618636
vt 0.441162 0.621831
vt 0.435816 0.639823
vt 0.440823 0.638111
vt 0.441318 0.660796
vt 0.445514 0.644983
vt 0.448559 0.625949
vt 0.183544 0.887563
vt 0.271777 0.854687
vt 0.271674 0.853959
vt 0.296164 0.854935
vt 0.297126 0.852617
vt 0.287514 0.856311
vt 0.462765 0.568812
vt 0.450662 0.588955
vt 0.289672 0.858285
vt 0.293628 0.858958
vt 0.289799 0.863028
vt 0.294013 0.862181
vt 0.286293 0.864307
vt 0.284253 0.865502
vt 0.287299 0.861608
vt 0.277634 0.858087
vt 0.282825 0.861689
vt 0.283074 0.859633
vt 0.278381 0.860568
vt 0.264235 0.871019
vt 0.255620 0.874165
vt 0.248534 0.878453
vt 0.248821 0.875521
vt 0.241761 0.878483
vt 0.244380 0.880185
vt 0.430616 0.665812
vt 0.432990 0.644815
vt 0.435790 0.656381
vt 0.253970 0.877001
vt 0.268771 0.865706
vt 0.270961 0.868520
vt 0.275319 0.864104
vt 0.279996 0.864804
vt 0.440312 0.686144
vt 0.435781 0.680588
vt 0.273132 0.869220
vt 0.438671 0.649605
vt 0.270011 0.871205
vt 0.267124 0.872044
vt 0.407508 0.604716
vt 0.407361 0.581090
vt 0.281376 0.866734
vt 0.399831 0.547531
vt 0.402014 0.546502
vt 0.408199 0.570530
vt 0.462816 0.684541
vt 0.465044 0.690444
vt 0.461237 0.694587
vt 0.240532 0.881633
vt 0.296514 0.861221
vt 0.298878 0.858870
vt 0.298631 0.856441
vt 0.868451 0.491909
vt 0.863718 0.491651
vt 0.863071 0.472405
vt 0.873927 0.509615
vt 0.877426 0.520795
vt 0.872679 0.521809
vt 0.090780 0.914170
vt 0.091085 0.914039
vt 0.090796 0.914173
vt 0.091130 0.914395
vt 0.091406 0.913866
vt 0.888270 0.554294
vt 0.880198 0.538499
vt 0.886532 0.536630
vt 0.090903 0.913989
vt 0.089945 0.914013
vt 0.848116 0.505215
vt 0.837555 0.476228
vt 0.855962 0.487551
vt 0.092375 0.914949
vt 0.883670 0.572376
vt 0.881431 0.564166
vt 0.885428 0.560525
vt 0.878175 0.546709
vt 0.882240 0.551152
vt 0.101499 0.923827
vt 0.097469 0.920896
vt 0.099881 0.918211
vt 0.879069 0.570691
vt 0.887976 0.576803
vt 0.891193 0.590517
vt 0.883976 0.589045
vt 0.900864 0.636223
vt 0.898388 0.602073
vt 0.910810 0.629830
vt 0.902699 0.470832
vt 0.905367 0.470560
vt 0.902000 0.495680
vt 0.090902 0.912462
vt 0.088007 0.912106
vt 0.091185 0.911717
vt 0.914095 0.585164
vt 0.916474 0.575434
vt 0.921353 0.602753
vt 0.834586 0.497282
vt 0.828220 0.483181
vt 0.830192 0.482237
vt 0.857812 0.461058
vt 0.867663 0.500993
vt 0.880282 0.528441
vt 0.889794 0.536051
vt 0.858917 0.610344
vt 0.853683 0.595182
vt 0.853772 0.581704
vt 0.888271 0.609933
vt 0.891089 0.628587
vt 0.885102 0.620809
vt 0.872892 0.496153
vt 0.868839 0.471430
vt 0.876526 0.475586
vt 0.901771 0.502789
vt 0.912052 0.530531
vt 0.910714 0.531241
vt 0.247835 0.863329
vt 0.249496 0.865162
vt 0.244153 0.866718
vt 0.240201 0.870070
vt 0.236141 0.870933
vt 0.230968 0.874887
vt 0.227983 0.874008
vt 0.223089 0.877642
vt 0.217985 0.880420
vt 0.215481 0.882276
vt 0.245227 0.863996
vt 0.253234 0.862373
vt 0.856905 0.545039
vt 0.866599 0.536445
vt 0.856602 0.564409
vt 0.570156 0.511797
vt 0.542275 0.523403
vt 0.546303 0.514752
vt 0.233916 0.868877
vt 0.242254 0.865812
vt 0.620046 0.519435
vt 0.626640 0.513039
vt 0.631122 0.515396
vt 0.219483 0.874436
vt 0.475320 0.558093
vt 0.504491 0.546275
vt 0.497097 0.561191
vt 0.202398 0.882841
vt 0.537675 0.518772
vt 0.507683 0.531659
vt 0.523076 0.522813
vt 0.513470 0.556183
vt 0.611247 0.535039
vt 0.631140 0.525703
vt 0.616352 0.536861
vt 0.629767 0.520898
vt 0.644029 0.513570
vt 0.646011 0.524609
vt 0.486622 0.573580
vt 0.486567 0.580651
vt 0.475861 0.581930
vt 0.518051 0.563618
vt 0.510148 0.560693
vt 0.525591 0.551833
vt 0.597367 0.546380
vt 0.272684 0.860827
vt 0.523081 0.565612
vt 0.528372 0.566495
vt 0.514677 0.570739
vt 0.534142 0.558875
vt 0.368730 0.817592
vt 0.369797 0.818517
vt 0.506433 0.571669
vt 0.555379 0.544345
vt 0.572381 0.540325
vt 0.562019 0.547316
vt 0.575297 0.543452
vt 0.585611 0.538309
vt 0.658178 0.881056
vt 0.661300 0.878848
vt 0.662297 0.883182
vt 0.672080 0.877868
vt 0.676864 0.876927
vt 0.679641 0.880417
vt 0.681905 0.877110
vt 0.687496 0.877619
vt 0.689149 0.875208
vt 0.696069 0.878447
vt 0.665251 0.879166
vt 0.668559 0.878768
vt 0.670100 0.882306
vt 0.675167 0.881528
vt 0.691819 0.880653
vt 0.522649 0.588555
vt 0.501567 0.583451
vt 0.525124 0.575313
vt 0.703450 0.875435
vt 0.704302 0.880304
vt 0.700364 0.876875
vt 0.698562 0.881560
vt 0.686308 0.881206
vt 0.666518 0.883691
vt 0.368482 0.323061
vt 0.340710 0.312216
vt 0.362113 0.314345
vt 0.709932 0.879737
vt 0.682877 0.883289
vt 0.680191 0.885564
vt 0.674938 0.885113
vt 0.697095 0.884024
vt 0.691275 0.883326
vt 0.704235 0.883576
vt 0.689762 0.885224
vt 0.684586 0.886482
vt 0.690911 0.887868
vt 0.693647 0.888279
vt 0.736256 0.881068
vt 0.736127 0.883186
vt 0.732878 0.880484
vt 0.730699 0.883625
vt 0.726873 0.881026
vt 0.724826 0.883288
vt 0.722479 0.884563
vt 0.717042 0.885112
vt 0.717822 0.882454
vt 0.713641 0.886645
vt 0.711575 0.883285
vt 0.708964 0.885795
vt 0.703391 0.886538
vt 0.698122 0.886876
vt 0.741100 0.881847
vt 0.742054 0.884345
vt 0.735753 0.885294
vt 0.729061 0.885867
vt 0.723584 0.887355
vt 0.717549 0.888463
vt 0.706830 0.888232
vt 0.701728 0.889167
vt 0.748453 0.883724
vt 0.746809 0.886580
vt 0.740501 0.886816
vt 0.735797 0.887823
vt 0.729668 0.887702
vt 0.721439 0.888693
vt 0.713668 0.889081
vt 0.709748 0.891269
vt 0.706135 0.891059
vt 0.756262 0.884640
vt 0.754534 0.887842
vt 0.751292 0.883950
vt 0.748042 0.889049
vt 0.743776 0.889126
vt 0.731014 0.890006
vt 0.723265 0.891473
vt 0.713907 0.892219
vt 0.452190 0.369740
vt 0.463770 0.391566
vt 0.432592 0.372929
vt 0.720971 0.893567
vt 0.716341 0.892790
vt 0.357156 0.358414
vt 0.381917 0.371049
vt 0.363035 0.375922
vt 0.728540 0.891757
vt 0.736633 0.891031
vt 0.741432 0.891763
vt 0.761333 0.887763
vt 0.405021 0.382218
vt 0.399889 0.376923
vt 0.419249 0.388402
vt 0.408304 0.374473
vt 0.746681 0.893285
vt 0.735964 0.893561
vt 0.729115 0.894507
vt 0.725082 0.893995
vt 0.467599 0.405793
vt 0.450955 0.394561
vt 0.465637 0.397499
vt 0.740986 0.894686
vt 0.737287 0.896095
vt 0.732643 0.895218
vt 0.744269 0.896972
vt 0.367332 0.394482
vt 0.359632 0.388870
vt 0.389191 0.404117
vt 0.750897 0.896021
vt 0.752996 0.894139
vt 0.757380 0.894616
vt 0.762714 0.895044
vt 0.764539 0.891677
vt 0.769194 0.895085
vt 0.774064 0.894871
vt 0.777394 0.892490
vt 0.779514 0.894688
vt 0.784694 0.893803
vt 0.785980 0.892094
vt 0.792265 0.893417
vt 0.790463 0.890900
vt 0.466250 0.412193
vt 0.467847 0.425561
vt 0.445652 0.405628
vt 0.749338 0.898160
vt 0.789322 0.895648
vt 0.767058 0.897003
vt 0.763008 0.897623
vt 0.759075 0.898622
vt 0.754557 0.898760
vt 0.370979 0.345125
vt 0.354449 0.341555
vt 0.357436 0.335816
vt 0.796066 0.892424
vt 0.797409 0.896996
vt 0.786421 0.897813
vt 0.779837 0.896860
vt 0.777809 0.898510
vt 0.773035 0.898443
vt 0.391067 0.330381
vt 0.424189 0.345307
vt 0.406536 0.340747
vt 0.792414 0.897714
vt 0.762208 0.899893
vt 0.783068 0.899951
vt 0.769936 0.901273
vt 0.378317 0.352353
vt 0.365927 0.348466
vt 0.777726 0.901142
vt 0.764759 0.900413
vt 0.316356 0.336841
vt 0.329996 0.338289
vt 0.334727 0.349062
vt 0.793655 0.901386
vt 0.787855 0.901774
vt 0.384702 0.359708
vt 0.375467 0.355718
vt 0.777104 0.902757
vt 0.415975 0.361947
vt 0.420384 0.351122
vt 0.787875 0.904753
vt 0.780620 0.903759
vt 0.350588 0.808406
vt 0.319388 0.819790
vt 0.316492 0.815623
vt 0.793670 0.905595
vt 0.247484 0.838662
vt 0.244338 0.826264
vt 0.265470 0.832730
vt 0.805308 0.902308
vt 0.810157 0.901089
vt 0.809907 0.904347
vt 0.799205 0.903427
vt 0.798843 0.900910
vt 0.803689 0.904607
vt 0.806877 0.899917
vt 0.815241 0.901544
vt 0.815535 0.899183
vt 0.821107 0.902167
vt 0.822643 0.898744
vt 0.823268 0.900932
vt 0.828708 0.900170
vt 0.827839 0.897509
vt 0.831422 0.897853
vt 0.833808 0.899846
vt 0.836512 0.898574
vt 0.280540 0.796318
vt 0.286523 0.802141
vt 0.275944 0.803098
vt 0.289376 0.789069
vt 0.291509 0.792297
vt 0.307608 0.786968
vt 0.299575 0.781246
vt 0.811043 0.897760
vt 0.818803 0.897412
vt 0.825612 0.896739
vt 0.314526 0.778376
vt 0.800128 0.899592
vt 0.306291 0.801551
vt 0.311211 0.791741
vt 0.303385 0.793699
vt 0.822010 0.896063
vt 0.802708 0.896799
vt 0.807502 0.895533
vt 0.815613 0.895029
vt 0.810953 0.893905
vt 0.301756 0.789107
vt 0.800861 0.893202
vt 0.204241 0.795105
vt 0.222165 0.789148
vt 0.224318 0.790447
vt 0.190270 0.800303
vt 0.201790 0.803973
vt 0.805846 0.893504
vt 0.312008 0.810065
vt 0.325664 0.795629
vt 0.326535 0.810098
vt 0.345202 0.782850
vt 0.346850 0.789855
vt 0.205503 0.827706
vt 0.191242 0.835260
vt 0.189843 0.829207
vt 0.561336 0.846799
vt 0.562929 0.848535
vt 0.561392 0.847901
vt 0.237634 0.825357
vt 0.227380 0.823968
vt 0.241472 0.818164
vt 0.650110 0.866458
vt 0.647778 0.867959
vt 0.642998 0.865649
vt 0.653885 0.867951
vt 0.659914 0.869754
vt 0.657221 0.870959
vt 0.661267 0.873063
vt 0.667461 0.872720
vt 0.666362 0.874644
vt 0.672857 0.874171
vt 0.275361 0.794753
vt 0.257718 0.796126
vt 0.282724 0.786283
vt 0.261622 0.779114
vt 0.290958 0.768935
vt 0.658943 0.867778
vt 0.664822 0.868620
vt 0.667625 0.869922
vt 0.677756 0.873302
vt 0.212248 0.830966
vt 0.216956 0.836470
vt 0.673131 0.871059
vt 0.682141 0.873214
vt 0.681266 0.871384
vt 0.286080 0.764198
vt 0.308776 0.763924
vt 0.687419 0.872616
vt 0.692366 0.873675
vt 0.695424 0.874086
vt 0.255320 0.815652
vt 0.700173 0.874842
vt 0.787292 0.890357
vt 0.777492 0.890307
vt 0.769987 0.892021
vt 0.758951 0.891543
vt 0.780890 0.889421
vt 0.751661 0.891977
vt 0.767282 0.889352
vt 0.771617 0.889507
vt 0.072498 0.468348
vt 0.083075 0.473054
vt 0.071487 0.473106
vt 0.753796 0.890115
vt 0.772401 0.887612
vt 0.766542 0.886565
vt 0.087725 0.482578
vt 0.065296 0.476625
vt 0.059036 0.480781
vt 0.039580 0.492875
vt 0.030873 0.477739
vt 0.640774 0.868321
vt 0.627450 0.869699
vt 0.626943 0.873343
vt 0.622253 0.868844
vt 0.623769 0.873024
vt 0.618707 0.871651
vt 0.614301 0.873058
vt 0.611202 0.871657
vt 0.613023 0.874581
vt 0.609163 0.874014
vt 0.628351 0.867395
vt 0.632395 0.868391
vt 0.636955 0.866512
vt 0.607054 0.869918
vt 0.612943 0.869246
vt 0.617649 0.867848
vt 0.632640 0.864588
vt 0.640125 0.864642
vt 0.147419 0.486829
vt 0.153273 0.494107
vt 0.140637 0.488549
vt 0.168444 0.497586
vt 0.168394 0.490491
vt 0.185370 0.497633
vt 0.608363 0.866822
vt 0.612781 0.865869
vt 0.623494 0.865549
vt 0.626239 0.863612
vt 0.630952 0.862449
vt 0.616680 0.863604
vt 0.625966 0.861742
vt 0.619442 0.860922
vt 0.610441 0.862670
vt 0.612627 0.859287
vt 0.616885 0.859849
vt 0.619356 0.860027
vt 0.065958 0.492893
vt 0.075454 0.482145
vt 0.607915 0.859082
vt 0.604995 0.861026
vt 0.588334 0.865689
vt 0.578949 0.865623
vt 0.582315 0.864256
vt 0.578457 0.868432
vt 0.576075 0.867677
vt 0.604153 0.864484
vt 0.601261 0.862569
vt 0.599164 0.865396
vt 0.596578 0.863176
vt 0.595309 0.865946
vt 0.590731 0.863550
vt 0.588701 0.868894
vt 0.162066 0.470844
vt 0.174254 0.483385
vt 0.155349 0.478250
vt 0.592721 0.867385
vt 0.586152 0.869618
vt 0.582714 0.869437
vt 0.051287 0.460416
vt 0.068237 0.461733
vt 0.061380 0.466217
vt 0.603665 0.867279
vt 0.601916 0.869863
vt 0.594320 0.869396
vt 0.016534 0.467088
vt 0.033500 0.468746
vt 0.027926 0.474499
vt 0.009335 0.478490
vt 0.594974 0.871041
vt 0.050560 0.473529
vt 0.597939 0.871641
vt 0.058335 0.470281
vt 0.601358 0.872108
vt 0.115609 0.466693
vt 0.090196 0.462847
vt 0.107336 0.451652
vt 0.606584 0.872873
vt 0.019716 0.462538
vt 0.631557 0.872584
vt 0.631459 0.875144
vt 0.635334 0.876975
vt 0.640492 0.877105
vt 0.639833 0.879515
vt 0.068446 0.458602
vt 0.072231 0.444981
vt 0.632397 0.878344
vt 0.629083 0.877654
vt 0.618054 0.875122
vt 0.085165 0.512481
vt 0.092869 0.508205
vt 0.099207 0.514007
vt 0.103079 0.508116
vt 0.625062 0.877397
vt 0.620697 0.877338
vt 0.072383 0.468384
vt 0.083121 0.473020
vt 0.071511 0.473107
vt 0.095296 0.463403
vt 0.115943 0.469743
vt 0.102649 0.472397
vt 0.655510 0.881976
vt 0.059022 0.480788
vt 0.041945 0.493177
vt 0.039955 0.477755
vt 0.653966 0.879303
vt 0.652793 0.875585
vt 0.657152 0.876397
vt 0.648196 0.874080
vt 0.646609 0.875854
vt 0.644715 0.871556
vt 0.640069 0.871270
vt 0.641018 0.874448
vt 0.636106 0.871917
vt 0.646127 0.878320
vt 0.636294 0.874519
vt 0.065025 0.492959
vt 0.094347 0.485563
vt 0.098978 0.500531
vt 0.650408 0.880627
vt 0.075718 0.481418
vt 0.647705 0.870151
vt 0.651213 0.872039
vt 0.655559 0.873382
vt 0.662952 0.875755
vt 0.131999 0.472893
vt 0.148121 0.482832
vt 0.128555 0.478244
vt 0.161610 0.471001
vt 0.167064 0.483061
vt 0.156028 0.478629
vt 0.015876 0.467060
vt 0.027305 0.467710
vt 0.022764 0.475871
vt 0.058340 0.470277
vt 0.061283 0.465099
vt 0.035344 0.463686
vt 0.044177 0.456503
vt 0.100689 0.506948
vt 0.099216 0.514007
vt 0.091769 0.512905
vt 0.022288 0.694596
vt 0.031900 0.718752
vt 0.024324 0.715858
vt 0.025975 0.567343
vt 0.013855 0.597923
vt 0.012235 0.554620
vt 0.025667 0.589654
vt 0.029519 0.596452
vt 0.035468 0.608050
vt 0.035953 0.617890
vt 0.112814 0.915823
vt 0.106684 0.919663
vt 0.107665 0.917259
vt 0.103391 0.919030
vt 0.095639 0.916393
vt 0.095338 0.914323
vt 0.096371 0.914475
vt 0.015839 0.638003
vt 0.028790 0.620979
vt 0.029972 0.640732
vt 0.036492 0.635873
vt 0.047221 0.680976
vt 0.051579 0.687829
vt 0.048204 0.693582
vt 0.653023 0.881789
vt 0.047796 0.572533
vt 0.043627 0.595941
vt 0.039494 0.575487
vt 0.019109 0.668218
vt 0.033676 0.660601
vt 0.036277 0.677531
vt 0.502554 0.868852
vt 0.496543 0.867079
vt 0.496888 0.864978
vt 0.038611 0.586448
vt 0.042326 0.615832
vt 0.050803 0.612027
vt 0.045658 0.627471
vt 0.502996 0.864050
vt 0.040579 0.607410
vt 0.038106 0.599388
vt 0.034820 0.569206
vt 0.033456 0.579978
vt 0.495142 0.868619
vt 0.493020 0.879187
vt 0.493865 0.876236
vt 0.494162 0.881229
vt 0.497266 0.887271
vt 0.500237 0.876532
vt 0.500435 0.881525
vt 0.074915 0.658460
vt 0.079069 0.674794
vt 0.070546 0.672917
vt 0.503165 0.891426
vt 0.792174 0.365533
vt 0.790653 0.392862
vt 0.787946 0.394239
vt 0.498313 0.893092
vt 0.775224 0.347116
vt 0.772728 0.335881
vt 0.781838 0.333354
vt 0.776108 0.325637
vt 0.772944 0.316726
vt 0.778071 0.316027
vt 0.772330 0.303442
vt 0.777883 0.307069
vt 0.764264 0.359838
vt 0.765950 0.347593
vt 0.769752 0.349208
vt 0.793062 0.245655
vt 0.796216 0.229361
vt 0.798941 0.237759
vt 0.789500 0.218554
vt 0.799808 0.220542
vt 0.092360 0.912215
vt 0.093149 0.911584
vt 0.092941 0.912726
vt 0.785727 0.278705
vt 0.790078 0.263314
vt 0.791466 0.279707
vt 0.786582 0.269382
vt 0.787638 0.260733
vt 0.091854 0.911062
vt 0.728574 0.374717
vt 0.743607 0.375010
vt 0.736141 0.383894
vt 0.795830 0.262097
vt 0.792677 0.291746
vt 0.761171 0.338953
vt 0.760105 0.360079
vt 0.755304 0.358141
vt 0.771369 0.327209
vt 0.768197 0.319059
vt 0.700190 0.890166
vt 0.777734 0.296334
vt 0.778883 0.285781
vt 0.783615 0.289508
vt 0.783061 0.300131
vt 0.786931 0.312602
vt 0.798345 0.321152
vt 0.784249 0.260968
vt 0.111420 0.921796
vt 0.117604 0.919251
vt 0.120081 0.915355
vt 0.124453 0.917073
vt 0.127753 0.914699
vt 0.125243 0.913058
vt 0.130068 0.910897
vt 0.127510 0.909447
vt 0.135036 0.909488
vt 0.133954 0.912414
vt 0.107144 0.924768
vt 0.802803 0.325289
vt 0.809474 0.305788
vt 0.807338 0.321102
vt 0.133174 0.907197
vt 0.572911 0.615788
vt 0.596074 0.609383
vt 0.582182 0.619470
vt 0.609734 0.596933
vt 0.588788 0.607252
vt 0.584431 0.595892
vt 0.140643 0.907711
vt 0.145678 0.906010
vt 0.533627 0.642541
vt 0.515129 0.653598
vt 0.526362 0.640587
vt 0.508257 0.663830
vt 0.506876 0.671440
vt 0.500758 0.670627
vt 0.108370 0.921417
vt 0.115762 0.917746
vt 0.636436 0.617188
vt 0.615953 0.619708
vt 0.616077 0.613496
vt 0.491858 0.673890
vt 0.541866 0.642461
vt 0.551802 0.635001
vt 0.550867 0.641747
vt 0.533090 0.649010
vt 0.541331 0.648756
vt 0.515500 0.661030
vt 0.518184 0.664684
vt 0.139126 0.905456
vt 0.143420 0.903486
vt 0.619943 0.634377
vt 0.634401 0.631884
vt 0.147874 0.901992
vt 0.153053 0.900236
vt 0.581214 0.633547
vt 0.582704 0.625579
vt 0.600385 0.625415
vt 0.485828 0.652993
vt 0.494741 0.665031
vt 0.470350 0.670273
vt 0.610535 0.605448
vt 0.603768 0.610567
vt 0.160701 0.896877
vt 0.510539 0.637758
vt 0.507268 0.654488
vt 0.484826 0.680850
vt 0.479084 0.693126
vt 0.472825 0.684117
vt 0.576115 0.669023
vt 0.584442 0.657742
vt 0.601998 0.648778
vt 0.523630 0.620699
vt 0.549301 0.604170
vt 0.531443 0.622146
vt 0.684274 0.587336
vt 0.692881 0.576715
vt 0.686504 0.604780
vt 0.689313 0.543642
vt 0.690610 0.556449
vt 0.684515 0.562633
vt 0.117559 0.914037
vt 0.658992 0.698637
vt 0.652955 0.691499
vt 0.655564 0.673937
vt 0.665653 0.643048
vt 0.669449 0.634515
vt 0.669257 0.647228
vt 0.371629 0.815702
vt 0.670731 0.661689
vt 0.678815 0.664377
vt 0.674402 0.685124
vt 0.382611 0.811710
vt 0.383693 0.813965
vt 0.380192 0.813755
vt 0.386012 0.812333
vt 0.377576 0.813210
vt 0.668570 0.674151
vt 0.666925 0.709936
vt 0.654101 0.607542
vt 0.663602 0.619620
vt 0.648432 0.637491
vt 0.651866 0.578697
vt 0.644346 0.599371
vt 0.650604 0.574313
vt 0.697270 0.638486
vt 0.682075 0.642235
vt 0.685708 0.626047
vt 0.687852 0.570115
vt 0.680808 0.575467
vt 0.689455 0.608908
vt 0.701728 0.615132
vt 0.122767 0.911307
vt 0.665675 0.697422
vt 0.663341 0.688031
vt 0.693902 0.585254
vt 0.700269 0.554058
vt 0.567964 0.852455
vt 0.565371 0.854292
vt 0.562807 0.851270
vt 0.560440 0.853408
vt 0.557390 0.854578
vt 0.556294 0.846600
vt 0.639735 0.644565
vt 0.636036 0.643586
vt 0.640724 0.615544
vt 0.571898 0.855446
vt 0.577861 0.854027
vt 0.576160 0.858703
vt 0.579890 0.857043
vt 0.583546 0.859648
vt 0.586972 0.858625
vt 0.591515 0.861369
vt 0.658666 0.643783
vt 0.656997 0.658689
vt 0.583226 0.862057
vt 0.568386 0.857039
vt 0.577344 0.862166
vt 0.569722 0.859387
vt 0.563234 0.855986
vt 0.559253 0.858132
vt 0.558486 0.860960
vt 0.556272 0.866660
vt 0.717692 0.562083
vt 0.725908 0.556008
vt 0.727204 0.557868
vt 0.708442 0.615938
vt 0.706673 0.626872
vt 0.572558 0.862859
vt 0.564744 0.860317
vt 0.568976 0.864483
vt 0.561427 0.862990
vt 0.321983 0.410326
vt 0.343884 0.413230
vt 0.346367 0.419767
vt 0.420941 0.476747
vt 0.426029 0.488932
vt 0.406798 0.474380
vt 0.410077 0.481196
vt 0.562790 0.865193
vt 0.593105 0.858698
vt 0.588477 0.855003
vt 0.597750 0.861025
vt 0.444201 0.479580
vt 0.429285 0.465047
vt 0.450422 0.481086
vt 0.387879 0.456224
vt 0.393133 0.458004
vt 0.403538 0.464740
vt 0.596570 0.857059
vt 0.598982 0.858947
vt 0.384382 0.461862
vt 0.374441 0.452237
vt 0.592140 0.856352
vt 0.414663 0.455738
vt 0.408637 0.436332
vt 0.443607 0.457822
vt 0.601693 0.857480
vt 0.383570 0.447313
vt 0.387210 0.445464
vt 0.395379 0.452601
vt 0.605148 0.857711
vt 0.368353 0.453661
vt 0.355173 0.442094
vt 0.376462 0.447605
vt 0.569855 0.867271
vt 0.564172 0.867943
vt 0.565999 0.867283
vt 0.560199 0.869155
vt 0.464995 0.500190
vt 0.359275 0.480223
vt 0.348229 0.472795
vt 0.346349 0.465216
vt 0.373537 0.487502
vt 0.373882 0.479573
vt 0.411407 0.496154
vt 0.438409 0.499667
vt 0.338063 0.428332
vt 0.316948 0.420964
vt 0.328518 0.422191
vt 0.333525 0.435071
vt 0.316477 0.436762
vt 0.359826 0.432709
vt 0.362253 0.440782
vt 0.352886 0.435262
vt 0.384562 0.437457
vt 0.371758 0.437532
vt 0.403335 0.506609
vt 0.384245 0.495867
vt 0.382080 0.487358
vt 0.848484 0.254724
vt 0.853055 0.252652
vt 0.857447 0.256058
vt 0.862637 0.254352
vt 0.866243 0.257596
vt 0.869804 0.261968
vt 0.562553 0.869961
vt 0.881513 0.261213
vt 0.876819 0.257232
vt 0.883249 0.258532
vt 0.572021 0.853232
vt 0.879680 0.269919
vt 0.861776 0.267852
vt 0.586101 0.855025
vt 0.581992 0.854691
vt 0.891845 0.261942
vt 0.892998 0.258299
vt 0.903783 0.261246
vt 0.909821 0.260072
vt 0.899135 0.251685
vt 0.903394 0.250747
vt 0.843266 0.268074
vt 0.843417 0.270489
vt 0.836610 0.271185
vt 0.843731 0.251141
vt 0.841465 0.253621
vt 0.854230 0.249273
vt 0.889635 0.267807
vt 0.899318 0.272514
vt 0.834918 0.252443
vt 0.763391 0.885730
vt 0.936280 0.549065
vt 0.935445 0.556325
vt 0.933456 0.548828
vt 0.932687 0.482937
vt 0.928264 0.487845
vt 0.929855 0.475799
vt 0.939152 0.513365
vt 0.934832 0.520217
vt 0.933440 0.512582
vt 0.106724 0.951824
vt 0.929209 0.505775
vt 0.926352 0.508518
vt 0.926122 0.501746
vt 0.927478 0.514364
vt 0.930028 0.514514
vt 0.931119 0.522752
vt 0.922700 0.509584
vt 0.938948 0.497403
vt 0.945357 0.483670
vt 0.942460 0.496717
vt 0.945900 0.494993
vt 0.946008 0.498696
vt 0.922626 0.498546
vt 0.916168 0.512530
vt 0.916212 0.493293
vt 0.927709 0.521724
vt 0.936854 0.531449
vt 0.932461 0.531422
vt 0.249132 0.869370
vt 0.244365 0.870299
vt 0.238855 0.873381
vt 0.240529 0.875348
vt 0.235082 0.875200
vt 0.233879 0.877693
vt 0.229705 0.881229
vt 0.228292 0.878527
vt 0.222687 0.882147
vt 0.224751 0.883616
vt 0.216735 0.884765
vt 0.215073 0.888984
vt 0.210623 0.887334
vt 0.210247 0.890567
vt 0.205352 0.891952
vt 0.220270 0.881832
vt 0.928789 0.497382
vt 0.925749 0.492594
vt 0.375996 0.834244
vt 0.381642 0.841858
vt 0.379726 0.845010
vt 0.376360 0.891893
vt 0.380217 0.890393
vt 0.380638 0.905929
vt 0.385593 0.839675
vt 0.383954 0.852212
vt 0.381062 0.833045
vt 0.235690 0.879622
vt 0.235281 0.881605
vt 0.225612 0.885763
vt 0.220056 0.887368
vt 0.212463 0.892530
vt 0.388248 0.850066
vt 0.249676 0.872003
vt 0.390961 0.898270
vt 0.393989 0.898440
vt 0.394119 0.906470
vt 0.245849 0.874752
vt 0.395383 0.913390
vt 0.393120 0.870235
vt 0.395560 0.881697
vt 0.389361 0.869499
vt 0.233094 0.883765
vt 0.207729 0.894493
vt 0.231365 0.886400
vt 0.225047 0.887779
vt 0.219614 0.890705
vt 0.217315 0.891518
vt 0.231006 0.885113
vt 0.221740 0.888819
vt 0.385317 0.865202
vt 0.387016 0.873032
vt 0.375091 0.844588
vt 0.378796 0.859048
vt 0.369065 0.858177
vt 0.376832 0.873213
vt 0.381641 0.866275
vt 0.383639 0.873376
vt 0.372861 0.875078
vt 0.373339 0.892228
vt 0.223309 0.872244
vt 0.221457 0.872388
vt 0.219166 0.873132
vt 0.886285 0.455083
vt 0.875830 0.452540
vt 0.875978 0.451436
vt 0.889019 0.433894
vt 0.877678 0.432313
vt 0.896112 0.425997
vt 0.506247 0.874815
vt 0.512105 0.876106
vt 0.506691 0.879032
vt 0.510545 0.871740
vt 0.523283 0.872777
vt 0.515009 0.861436
vt 0.507322 0.884108
vt 0.506411 0.872520
vt 0.898907 0.424741
vt 0.891373 0.420422
vt 0.899811 0.422265
vt 0.502283 0.874224
vt 0.925124 0.444247
vt 0.911308 0.443461
vt 0.916507 0.443583
vt 0.911672 0.440943
vt 0.505399 0.870469
vt 0.917623 0.440647
vt 0.908377 0.436618
vt 0.887023 0.440077
vt 0.899065 0.442039
vt 0.896012 0.445703
vt 0.540275 0.885776
vt 0.546146 0.884479
vt 0.541221 0.888783
vt 0.534273 0.880919
vt 0.537281 0.870281
vt 0.868931 0.417529
vt 0.882311 0.419978
vt 0.881390 0.422902
vt 0.207468 0.877915
vt 0.544246 0.875413
vt 0.892776 0.438284
vt 0.899214 0.435495
vt 0.899407 0.439105
vt 0.871656 0.441321
vt 0.862993 0.436006
vt 0.870634 0.437008
vt 0.886362 0.437260
vt 0.880897 0.435979
vt 0.513963 0.884717
vt 0.514275 0.900121
vt 0.503475 0.897591
vt 0.514271 0.893514
vt 0.861556 0.450834
vt 0.876538 0.449274
vt 0.909715 0.427512
vt 0.916970 0.426927
vt 0.916640 0.431088
vt 0.579068 0.937974
vt 0.575920 0.935462
vt 0.580312 0.929018
vt 0.576850 0.922267
vt 0.571256 0.912988
vt 0.577759 0.906814
vt 0.583542 0.922337
vt 0.583008 0.929473
vt 0.567684 0.912148
vt 0.564100 0.911510
vt 0.567508 0.894290
vt 0.388820 0.813600
vt 0.390536 0.816122
vt 0.385876 0.825040
vt 0.580087 0.953024
vt 0.578180 0.946523
vt 0.580649 0.944472
vt 0.391797 0.814697
vt 0.598594 0.902643
vt 0.598077 0.912778
vt 0.595698 0.913647
vt 0.583866 0.894713
vt 0.584321 0.900798
vt 0.581652 0.898095
vt 0.581129 0.888054
vt 0.057108 0.939422
vt 0.053952 0.933072
vt 0.048370 0.927953
vt 0.049961 0.935939
vt 0.042481 0.935234
vt 0.041910 0.926364
vt 0.044352 0.917083
vt 0.036611 0.924346
vt 0.033958 0.931385
vt 0.814050 0.928112
vt 0.812814 0.936074
vt 0.810668 0.933494
vt 0.039271 0.940381
vt 0.034428 0.938021
vt 0.030856 0.938279
vt 0.032887 0.941694
vt 0.029832 0.940205
vt 0.031971 0.936082
vt 0.801180 0.928271
vt 0.799842 0.916357
vt 0.807656 0.922550
vt 0.811341 0.948467
vt 0.813351 0.959893
vt 0.810460 0.955009
vt 0.808964 0.963727
vt 0.811289 0.971110
vt 0.812076 0.943048
vt 0.816255 0.940094
vt 0.815266 0.950393
vt 0.812096 0.921444
vt 0.806762 0.913433
vt 0.813160 0.911956
vt 0.823252 0.931351
vt 0.826080 0.917952
vt 0.831480 0.921401
vt 0.808625 0.989309
vt 0.804226 0.990359
vt 0.809920 0.980761
vt 0.798485 0.946991
vt 0.805466 0.940846
vt 0.804405 0.952486
vt 0.818806 0.923144
vt 0.056574 0.912822
vt 0.910688 0.328952
vt 0.905461 0.331881
vt 0.909588 0.320462
vt 0.899278 0.368815
vt 0.894590 0.371397
vt 0.896636 0.363988
vt 0.894475 0.361166
vt 0.893068 0.367493
vt 0.710002 0.881668
vt 0.720872 0.878994
vt 0.730343 0.879950
vt 0.715000 0.879808
vt 0.725262 0.879326
vt 0.892135 0.386479
vt 0.890905 0.377406
vt 0.893500 0.378532
vt 0.710933 0.876872
vt 0.717020 0.878212
vt 0.890859 0.360130
vt 0.885931 0.377606
vt 0.879400 0.367617
vt 0.885427 0.353052
vt 0.901176 0.323767
vt 0.904328 0.326921
vt 0.902095 0.333824
vt 0.911211 0.384340
vt 0.907713 0.376423
vt 0.910586 0.376483
vt 0.908795 0.359313
vt 0.911868 0.358795
vt 0.898341 0.347357
vt 0.896335 0.342359
vt 0.900408 0.339819
vt 0.889808 0.332851
vt 0.896346 0.317349
vt 0.919917 0.342704
vt 0.924857 0.329103
vt 0.922789 0.336016
vt 0.922656 0.327631
vt 0.714274 0.907543
vt 0.707954 0.901539
vt 0.722201 0.903941
vt 0.053717 0.964190
vt 0.775528 0.927028
vt 0.772083 0.921846
vt 0.780985 0.924560
vt 0.739645 0.930329
vt 0.757345 0.933311
vt 0.746593 0.935791
vt 0.739927 0.904214
vt 0.750744 0.910754
vt 0.741284 0.910576
vt 0.745095 0.914365
vt 0.734578 0.916024
vt 0.732674 0.913189
vt 0.740219 0.913738
vt 0.756874 0.936259
vt 0.770330 0.939533
vt 0.763656 0.938628
vt 0.761274 0.913370
vt 0.761052 0.917064
vt 0.754319 0.915641
vt 0.770180 0.915561
vt 0.560564 0.846761
vt 0.560487 0.847504
vt 0.556468 0.842344
vt 0.553724 0.844040
vt 0.551287 0.839642
vt 0.629084 0.902360
vt 0.634751 0.904135
vt 0.634129 0.917602
vt 0.636614 0.949217
vt 0.639505 0.936937
vt 0.640192 0.943045
vt 0.644538 0.959835
vt 0.640635 0.951083
vt 0.643260 0.948004
vt 0.649578 0.884875
vt 0.652489 0.904190
vt 0.645633 0.897560
vt 0.561692 0.848762
vt 0.561725 0.848719
vt 0.561701 0.848753
vt 0.561701 0.848752
vt 0.561693 0.848735
vt 0.561701 0.848746
vt 0.644697 0.917534
vt 0.644600 0.903863
vt 0.639347 0.893546
vt 0.639293 0.881703
vt 0.642127 0.889330
vt 0.641526 0.961475
vt 0.638992 0.968117
vt 0.637208 0.960262
vt 0.640532 0.916277
vt 0.638175 0.909781
vt 0.640801 0.906707
vt 0.638307 0.900156
vt 0.641493 0.898998
vt 0.643873 0.882016
vt 0.635654 0.937573
vt 0.627141 0.941616
vt 0.626823 0.930920
vt 0.639037 0.930626
vt 0.634942 0.929268
vt 0.638389 0.924555
vt 0.637710 0.918531
vt 0.561598 0.848738
vt 0.879409 0.723355
vt 0.876280 0.718529
vt 0.891392 0.710456
vt 0.884595 0.699573
vt 0.887520 0.702861
vt 0.879715 0.704487
vt 0.860742 0.744519
vt 0.865571 0.735960
vt 0.862282 0.754940
vt 0.561494 0.848631
vt 0.869730 0.716669
vt 0.865653 0.723684
vt 0.863559 0.720665
vt 0.561015 0.848715
vt 0.561329 0.848698
vt 0.856172 0.732773
vt 0.857679 0.736916
vt 0.854834 0.742075
vt 0.495409 0.828215
vt 0.854191 0.748038
vt 0.857066 0.750800
vt 0.493738 0.832785
vt 0.875175 0.712224
vt 0.871576 0.719567
vt 0.871307 0.737959
vt 0.874691 0.740347
vt 0.064917 0.987034
vt 0.861831 0.735216
vt 0.857728 0.742304
vt 0.845289 0.914698
vt 0.845115 0.911452
vt 0.852159 0.915644
vt 0.852907 0.911554
vt 0.860087 0.916056
vt 0.859116 0.913603
vt 0.864886 0.913480
vt 0.865077 0.914900
vt 0.857524 0.917137
vt 0.865928 0.916164
vt 0.467223 0.061585
vt 0.468409 0.059631
vt 0.473137 0.059054
vt 0.864748 0.918517
vt 0.857425 0.918595
vt 0.869554 0.915698
vt 0.868417 0.913423
vt 0.831575 0.058280
vt 0.836734 0.039878
vt 0.842823 0.046477
vt 0.863509 0.911458
vt 0.868381 0.912069
vt 0.859200 0.910445
vt 0.858254 0.906906
vt 0.863231 0.907938
vt 0.850323 0.903656
vt 0.843952 0.902870
vt 0.846245 0.900330
vt 0.840980 0.901198
vt 0.843014 0.899811
vt 0.851592 0.900596
vt 0.859334 0.902955
vt 0.773056 0.059375
vt 0.772893 0.050999
vt 0.811553 0.040443
vt 0.864839 0.904310
vt 0.868463 0.907046
vt 0.869033 0.910266
vt 0.871522 0.912273
vt 0.768850 0.090624
vt 0.736442 0.120411
vt 0.747274 0.094037
vt 0.872841 0.913199
vt 0.599416 0.259602
vt 0.603845 0.263632
vt 0.597571 0.263831
vt 0.655839 0.280065
vt 0.645127 0.286092
vt 0.648463 0.267425
vt 0.675174 0.309756
vt 0.673317 0.309106
vt 0.668551 0.306818
vt 0.657603 0.313829
vt 0.658966 0.311977
vt 0.680258 0.324879
vt 0.869235 0.905690
vt 0.675444 0.273158
vt 0.676531 0.277268
vt 0.672244 0.292229
vt 0.854877 0.904029
vt 0.856157 0.901390
vt 0.609845 0.248002
vt 0.616716 0.257303
vt 0.612460 0.258415
vt 0.646915 0.249919
vt 0.649539 0.257081
vt 0.635791 0.254432
vt 0.587141 0.249650
vt 0.579989 0.246598
vt 0.591085 0.243361
vt 0.846746 0.909269
vt 0.836629 0.906283
vt 0.829833 0.907179
vt 0.829502 0.903055
vt 0.630224 0.247351
vt 0.631007 0.243366
vt 0.639933 0.244851
vt 0.833836 0.902076
vt 0.841975 0.905516
vt 0.839608 0.910253
vt 0.569113 0.186596
vt 0.584887 0.200190
vt 0.569490 0.202416
vt 0.853767 0.907686
vt 0.847910 0.904804
vt 0.849577 0.908361
vt 0.838569 0.903331
vt 0.637862 0.185842
vt 0.624888 0.186923
vt 0.627980 0.164240
vt 0.667313 0.175641
vt 0.658097 0.163178
vt 0.656722 0.158393
vt 0.651499 0.129629
vt 0.613611 0.128580
vt 0.632174 0.117782
vt 0.658202 0.181554
vt 0.825080 0.904601
vt 0.820436 0.904554
vt 0.809023 0.907615
vt 0.805000 0.907904
vt 0.801862 0.907598
vt 0.834242 0.907849
vt 0.840299 0.913653
vt 0.833491 0.910340
vt 0.824700 0.906663
vt 0.835539 0.912913
vt 0.588366 0.105023
vt 0.609423 0.088391
vt 0.603068 0.112003
vt 0.831843 0.912300
vt 0.825095 0.911347
vt 0.824228 0.908592
vt 0.818764 0.906390
vt 0.820768 0.910685
vt 0.819041 0.908745
vt 0.811942 0.908414
vt 0.814388 0.904595
vt 0.575464 0.139535
vt 0.561838 0.124693
vt 0.578230 0.124842
vt 0.817034 0.910013
vt 0.538432 0.174670
vt 0.814458 0.909639
vt 0.572878 0.221554
vt 0.560876 0.213733
vt 0.693653 0.171483
vt 0.690539 0.195381
vt 0.668876 0.152954
vt 0.674440 0.225158
vt 0.706018 0.206801
vt 0.677212 0.241002
vt 0.693876 0.162183
vt 0.705259 0.172644
vt 0.706890 0.093223
vt 0.713712 0.072312
vt 0.721196 0.074728
vt 0.699384 0.097986
vt 0.704033 0.077237
vt 0.471224 0.209312
vt 0.466673 0.198125
vt 0.487111 0.195818
vt 0.501512 0.214057
vt 0.492633 0.203637
vt 0.506388 0.197610
vt 0.827533 0.911677
vt 0.796947 0.906561
vt 0.482767 0.129500
vt 0.493749 0.135375
vt 0.484700 0.135513
vt 0.471049 0.115942
vt 0.485481 0.108307
vt 0.482260 0.119258
vt 0.512711 0.101290
vt 0.509515 0.116906
vt 0.506268 0.105851
vt 0.528165 0.121488
vt 0.543480 0.114585
vt 0.530246 0.112126
vt 0.547864 0.108322
vt 0.502611 0.073011
vt 0.511422 0.074867
vt 0.518815 0.089693
vt 0.513614 0.073383
vt 0.518378 0.079223
vt 0.524205 0.085210
vt 0.534942 0.085977
vt 0.535082 0.093479
vt 0.568245 0.151466
vt 0.541735 0.138153
vt 0.554948 0.134538
vt 0.536342 0.199484
vt 0.718097 0.160525
vt 0.715326 0.152845
vt 0.709160 0.134259
vt 0.712768 0.145419
vt 0.687874 0.137331
vt 0.722672 0.139468
vt 0.730184 0.144670
vt 0.722104 0.147243
vt 0.727220 0.164302
vt 0.748056 0.182916
vt 0.744733 0.189545
vt 0.768680 0.187041
vt 0.759901 0.173092
vt 0.738905 0.166184
vt 0.746627 0.157783
vt 0.739197 0.131670
vt 0.725881 0.108599
vt 0.716073 0.135929
vt 0.713500 0.121833
vt 0.727949 0.063545
vt 0.806461 0.136688
vt 0.777612 0.144979
vt 0.784709 0.138683
vt 0.758977 0.085708
vt 0.772755 0.080116
vt 0.765199 0.074232
vt 0.898729 0.060181
vt 0.888569 0.060694
vt 0.881344 0.052598
vt 0.864997 0.037642
vt 0.865419 0.032874
vt 0.880260 0.033826
vt 0.871266 0.048246
vt 0.866704 0.058836
vt 0.853846 0.050787
vt 0.862537 0.029194
vt 0.863701 0.030598
vt 0.862992 0.037270
vt 0.859763 0.026220
vt 0.861808 0.027247
vt 0.047096 0.035540
vt 0.049454 0.037020
vt 0.045641 0.034647
vt 0.045638 0.040310
vt 0.038801 0.045253
vt 0.027386 0.038408
vt 0.028284 0.042600
vt 0.029556 0.046642
vt 0.024398 0.049443
vt 0.024658 0.044633
vt 0.008495 0.047276
vt 0.008880 0.044103
vt 0.005064 0.042972
vt 0.008233 0.039928
vt 0.753710 0.138825
vt 0.735254 0.151391
vt 0.742067 0.139718
vt 0.010879 0.048688
vt 0.037780 0.052561
vt 0.056782 0.047811
vt 0.054839 0.037009
vt 0.054905 0.032074
vt 0.068067 0.043510
vt 0.050872 0.027647
vt 0.056754 0.028486
vt 0.051023 0.025625
vt 0.050919 0.023297
vt 0.058012 0.025663
vt 0.046892 0.027600
vt 0.048541 0.025549
vt 0.047646 0.034275
vt 0.550074 0.085660
vt 0.553286 0.101917
vt 0.508934 0.060991
vt 0.524058 0.067249
vt 0.513985 0.064022
vt 0.497184 0.043095
vt 0.500320 0.049288
vt 0.491337 0.042849
vt 0.483330 0.047338
vt 0.494347 0.057852
vt 0.488016 0.068744
vt 0.503325 0.085918
vt 0.522442 0.100000
vt 0.548713 0.130275
vt 0.518451 0.125675
vt 0.524064 0.142793
vt 0.484441 0.144063
vt 0.511493 0.147908
vt 0.490981 0.152471
vt 0.497831 0.184500
vt 0.483211 0.154369
vt 0.469545 0.178369
vt 0.457313 0.178540
vt 0.467702 0.056127
vt 0.518269 0.068414
vt 0.520174 0.072591
vt 0.527126 0.076541
vt 0.527585 0.081671
vt 0.536982 0.079469
vt 0.507565 0.055102
vt 0.657386 0.323829
vt 0.657583 0.326433
vt 0.656590 0.326802
vt 0.905794 0.046459
vt 0.906152 0.052559
vt 0.902276 0.049890
vt 0.860096 0.029740
vt 0.859592 0.028079
vt 0.521301 0.057404
vt 0.861241 0.040008
vt 0.863542 0.038534
vt 0.730411 0.077667
vt 0.764068 0.062705
vt 0.531803 0.068987
vt 0.542214 0.081112
vt 0.565080 0.087863
vt 0.566882 0.109296
vt 0.559884 0.160304
vt 0.526024 0.182615
vt 0.274496 0.288548
vt 0.272757 0.286329
vt 0.275121 0.286362
vt 0.060420 0.015318
vt 0.059281 0.006789
vt 0.062108 0.008216
vt 0.552710 0.073096
vt 0.581530 0.178140
vt 0.585864 0.211214
vt 0.572034 0.230751
vt 0.386198 0.068384
vt 0.391826 0.069893
vt 0.389962 0.073896
vt 0.149262 0.026494
vt 0.152051 0.025042
vt 0.160619 0.030277
vt 0.594365 0.148667
vt 0.597590 0.137107
vt 0.614139 0.184625
vt 0.613156 0.198283
vt 0.603605 0.204387
vt 0.595503 0.203126
vt 0.614568 0.208331
vt 0.621164 0.207555
vt 0.610360 0.242202
vt 0.658946 0.222495
vt 0.651029 0.246292
vt 0.094209 0.049188
vt 0.092878 0.055590
vt 0.074381 0.036924
vt 0.096742 0.044259
vt 0.132162 0.059680
vt 0.638338 0.211529
vt 0.647053 0.200774
vt 0.654657 0.212220
vt 0.663532 0.226236
vt 0.662249 0.234409
vt 0.126759 0.138423
vt 0.153563 0.142996
vt 0.143633 0.149388
vt 0.361713 0.129463
vt 0.355580 0.133463
vt 0.348698 0.123585
vt 0.270034 0.259744
vt 0.275354 0.259126
vt 0.269337 0.273516
vt 0.582288 0.082043
vt 0.579086 0.067612
vt 0.250525 0.300648
vt 0.250100 0.267691
vt 0.257421 0.275317
vt 0.635390 0.148648
vt 0.639758 0.194249
vt 0.631955 0.192759
vt 0.630943 0.198286
vt 0.669789 0.208618
vt 0.669894 0.222151
vt 0.666550 0.235347
vt 0.671814 0.237949
vt 0.242897 0.303299
vt 0.243737 0.303437
vt 0.238350 0.304975
vt 0.625472 0.100484
vt 0.643326 0.141205
vt 0.627680 0.141407
vt 0.267727 0.324751
vt 0.264196 0.324874
vt 0.263923 0.322368
vt 0.672441 0.187140
vt 0.257976 0.315563
vt 0.257692 0.307859
vt 0.263541 0.306638
vt 0.241218 0.287881
vt 0.236975 0.272919
vt 0.238062 0.268809
vt 0.303999 0.251268
vt 0.305049 0.246594
vt 0.313564 0.247812
vt 0.654635 0.096888
vt 0.660387 0.111537
vt 0.666899 0.138449
vt 0.671021 0.172499
vt 0.283209 0.256018
vt 0.287142 0.250925
vt 0.292223 0.256095
vt 0.633311 0.080422
vt 0.299224 0.251081
vt 0.301536 0.241880
vt 0.672555 0.122681
vt 0.679632 0.184014
vt 0.674376 0.203239
vt 0.708545 0.178657
vt 0.758602 0.161234
vt 0.767446 0.152176
vt 0.795018 0.150340
vt 0.761539 0.143033
vt 0.754925 0.146195
vt 0.727781 0.152594
vt 0.684488 0.148744
vt 0.690215 0.117064
vt 0.686592 0.119120
vt 0.673776 0.102908
vt 0.675812 0.085734
vt 0.648325 0.080551
vt 0.669063 0.076023
vt 0.644574 0.054947
vt 0.285525 0.241755
vt 0.276231 0.249403
vt 0.309086 0.240216
vt 0.300890 0.236576
vt 0.312501 0.236627
vt 0.615694 0.059700
vt 0.295077 0.240000
vt 0.290348 0.236640
vt 0.570296 0.046031
vt 0.585536 0.055128
vt 0.271847 0.240277
vt 0.280569 0.238430
vt 0.274988 0.243545
vt 0.599708 0.059288
vt 0.252651 0.160169
vt 0.252635 0.178373
vt 0.243546 0.172603
vt 0.297583 0.194622
vt 0.329199 0.175516
vt 0.325746 0.196920
vt 0.282752 0.161246
vt 0.285860 0.183496
vt 0.272938 0.182456
vt 0.606338 0.060233
vt 0.666005 0.057916
vt 0.687437 0.087049
vt 0.697195 0.087446
vt 0.699783 0.120965
vt 0.710063 0.115179
vt 0.718372 0.092426
vt 0.729305 0.088302
vt 0.768493 0.107982
vt 0.776850 0.096839
vt 0.785417 0.095844
vt 0.780783 0.083760
vt 0.783333 0.074468
vt 0.794086 0.081978
vt 0.787802 0.092705
vt 0.804054 0.084148
vt 0.738204 0.088584
vt 0.769800 0.070436
vt 0.779873 0.069288
vt 0.779036 0.062595
vt 0.814454 0.047207
vt 0.775845 0.040765
vt 0.784468 0.032478
vt 0.814087 0.032152
vt 0.289595 0.203663
vt 0.288300 0.190010
vt 0.828479 0.032951
vt 0.816934 0.052133
vt 0.263795 0.197239
vt 0.238476 0.184066
vt 0.244037 0.135584
vt 0.259397 0.126869
vt 0.267480 0.138416
vt 0.818191 0.058524
vt 0.815096 0.067216
vt 0.256457 0.094182
vt 0.285514 0.098085
vt 0.278750 0.115218
vt 0.262930 0.077909
vt 0.277968 0.077964
vt 0.827265 0.073977
vt 0.816909 0.090068
vt 0.332410 0.123273
vt 0.343770 0.108243
vt 0.854257 0.031480
vt 0.839442 0.059311
vt 0.830318 0.078488
vt 0.249315 0.230949
vt 0.247711 0.222833
vt 0.260907 0.242155
vt 0.855973 0.035063
vt 0.855909 0.039985
vt 0.872195 0.055641
vt 0.256324 0.208670
vt 0.241233 0.205426
vt 0.853172 0.028658
vt 0.852812 0.026661
vt 0.838332 0.033138
vt 0.212125 0.225395
vt 0.205097 0.204009
vt 0.234087 0.238007
vt 0.195321 0.258379
vt 0.195913 0.227635
vt 0.689248 0.073084
vt 0.685161 0.059192
vt 0.224431 0.116227
vt 0.220813 0.114189
vt 0.214012 0.084575
vt 0.238426 0.119839
vt 0.223811 0.084206
vt 0.237366 0.100083
vt 0.713297 0.091626
vt 0.752971 0.070988
vt 0.763506 0.067113
vt 0.769493 0.065337
vt 0.851534 0.022890
vt 0.843130 0.019198
vt 0.850879 0.018258
vt 0.849911 0.009847
vt 0.851870 0.009640
vt 0.847789 0.011118
vt 0.843855 0.006271
vt 0.398995 0.147558
vt 0.386376 0.142333
vt 0.419681 0.151721
vt 0.406673 0.094810
vt 0.407110 0.086689
vt 0.426299 0.075411
vt 0.397716 0.101791
vt 0.387953 0.100436
vt 0.391492 0.090466
vt 0.366963 0.114190
vt 0.380188 0.112133
vt 0.362623 0.107901
vt 0.386073 0.085980
vt 0.398782 0.076298
vt 0.667500 0.048246
vt 0.696940 0.044225
vt 0.716818 0.053802
vt 0.725881 0.047959
vt 0.732932 0.053660
vt 0.735776 0.044992
vt 0.741863 0.041248
vt 0.750866 0.033189
vt 0.760133 0.037521
vt 0.762243 0.029407
vt 0.767523 0.029167
vt 0.198230 0.142555
vt 0.188320 0.136615
vt 0.195008 0.133059
vt 0.183249 0.149770
vt 0.192891 0.157696
vt 0.183829 0.161512
vt 0.759752 0.050878
vt 0.166424 0.186876
vt 0.163065 0.180215
vt 0.802193 0.026193
vt 0.817119 0.027750
vt 0.787590 0.026748
vt 0.172145 0.163415
vt 0.185529 0.045047
vt 0.194580 0.050896
vt 0.178412 0.050732
vt 0.192157 0.036214
vt 0.104525 0.133895
vt 0.125776 0.135464
vt 0.150046 0.122776
vt 0.157354 0.136005
vt 0.138621 0.119985
vt 0.173003 0.085673
vt 0.146060 0.071324
vt 0.158280 0.068100
vt 0.131357 0.066375
vt 0.837288 0.021365
vt 0.847327 0.004822
vt 0.127846 0.071555
vt 0.130407 0.080847
vt 0.117087 0.079078
vt 0.123359 0.089792
vt 0.107025 0.081213
vt 0.126947 0.029532
vt 0.109219 0.023263
vt 0.123879 0.023813
vt 0.791680 0.101779
vt 0.025362 0.042439
vt 0.794091 0.105002
vt 0.792368 0.109725
vt 0.778931 0.124200
vt 0.798414 0.119721
vt 0.030893 0.030876
vt 0.016846 0.034411
vt 0.043436 0.055821
vt 0.840791 0.066811
vt 0.057500 0.021845
vt 0.099682 0.037490
vt 0.097242 0.029192
vt 0.119437 0.098908
vt 0.117034 0.102147
vt 0.102165 0.092563
vt 0.808914 0.095476
vt 0.185203 0.105709
vt 0.181907 0.085402
vt 0.764998 0.058575
vt 0.171892 0.128802
vt 0.162126 0.116648
vt 0.174639 0.117555
vt 0.077437 0.180021
vt 0.090996 0.175095
vt 0.093465 0.190911
vt 0.208951 0.027585
vt 0.227164 0.038355
vt 0.214538 0.041350
vt 0.226230 0.056357
vt 0.399232 0.049144
vt 0.402371 0.057847
vt 0.389302 0.058775
vt 0.772461 0.122825
vt 0.748983 0.119492
vt 0.409303 0.050803
vt 0.412351 0.044326
vt 0.418308 0.043751
vt 0.415643 0.058814
vt 0.464251 0.059257
vt 0.457395 0.063589
vt 0.446674 0.062977
vt 0.761032 0.125608
vt 0.441248 0.139425
vt 0.462187 0.138835
vt 0.459664 0.144716
vt 0.441868 0.059790
vt 0.446450 0.059501
vt 0.226137 0.307614
vt 0.230761 0.308840
vt 0.230440 0.311039
vt 0.360602 0.085404
vt 0.358183 0.072841
vt 0.368323 0.081225
vt 0.004706 0.049048
vt 0.034370 0.026226
vt 0.038156 0.025213
vt 0.561479 0.848620
vt 0.804411 0.127602
vt 0.805057 0.134781
vt 0.494971 0.886005
vt 0.852618 0.059546
vt 0.864836 0.043264
vt 0.774190 0.161314
vt 0.792612 0.191752
vt 0.774152 0.198899
vt 0.796303 0.203146
vt 0.802724 0.185484
vt 0.812316 0.161570
vt 0.820178 0.177836
vt 0.817724 0.193562
vt 0.783482 0.213663
vt 0.771388 0.209227
vt 0.833752 0.182796
vt 0.835007 0.166592
vt 0.829806 0.151921
vt 0.854141 0.150866
vt 0.812321 0.139300
vt 0.747308 0.238033
vt 0.747362 0.203437
vt 0.845575 0.171363
vt 0.847077 0.145777
vt 0.826945 0.140592
vt 0.859682 0.155577
vt 0.872989 0.060580
vt 0.875826 0.058067
vt 0.877917 0.060928
vt 0.827990 0.027543
vt 0.778150 0.888803
vt 0.836279 0.013597
vt 0.759361 0.027954
vt 0.503771 0.094200
vt 0.495944 0.093017
vt 0.484010 0.075018
vt 0.481493 0.078901
vt 0.457041 0.079346
vt 0.448817 0.086292
vt 0.445867 0.079806
vt 0.447097 0.102168
vt 0.437037 0.099994
vt 0.441402 0.109089
vt 0.425226 0.100185
vt 0.427679 0.109939
vt 0.418508 0.101956
vt 0.428166 0.119376
vt 0.400929 0.117094
vt 0.416725 0.135355
vt 0.392011 0.125614
vt 0.313091 0.134929
vt 0.322440 0.103366
vt 0.283104 0.138746
vt 0.295456 0.146118
vt 0.275369 0.145854
vt 0.296056 0.183062
vt 0.349561 0.210998
vt 0.375151 0.228087
vt 0.359730 0.223263
vt 0.455196 0.110014
vt 0.453597 0.117162
vt 0.428021 0.129125
vt 0.425717 0.135524
vt 0.350696 0.158638
vt 0.368744 0.137392
vt 0.342374 0.149755
vt 0.335116 0.137813
vt 0.300004 0.164280
vt 0.305123 0.164189
vt 0.455153 0.086153
vt 0.461877 0.102126
vt 0.461506 0.086247
vt 0.470708 0.080134
vt 0.472636 0.220415
vt 0.341097 0.199552
vt 0.337725 0.217938
vt 0.341538 0.223582
vt 0.338646 0.226762
vt 0.296190 0.204396
vt 0.279805 0.194669
vt 0.278793 0.189235
vt 0.271012 0.190749
vt 0.254090 0.155454
vt 0.297138 0.126231
vt 0.307762 0.109949
vt 0.301713 0.086312
vt 0.345732 0.087054
vt 0.347322 0.221451
vt 0.266945 0.052327
vt 0.295855 0.057511
vt 0.311923 0.057508
vt 0.328776 0.080727
vt 0.363100 0.039012
vt 0.341418 0.045309
vt 0.355771 0.032229
vt 0.332179 0.066461
vt 0.326067 0.053818
vt 0.305183 0.058278
vt 0.357250 0.101387
vt 0.375341 0.093700
vt 0.373418 0.079835
vt 0.375451 0.086337
vt 0.382657 0.082401
vt 0.383110 0.077385
vt 0.391774 0.080412
vt 0.396471 0.074941
vt 0.395925 0.065950
vt 0.401257 0.063444
vt 0.437061 0.059296
vt 0.426550 0.047920
vt 0.442494 0.056266
vt 0.442987 0.041583
vt 0.451980 0.048249
vt 0.460307 0.039733
vt 0.469788 0.044323
vt 0.464681 0.063363
vt 0.366896 0.052146
vt 0.378723 0.069662
vt 0.393105 0.036344
vt 0.378000 0.041882
vt 0.389040 0.032809
vt 0.387640 0.027835
vt 0.381577 0.021514
vt 0.368523 0.023116
vt 0.376718 0.015529
vt 0.372269 0.059771
vt 0.375161 0.065633
vt 0.378886 0.058111
vt 0.384255 0.055437
vt 0.393818 0.042849
vt 0.447697 0.070561
vt 0.439612 0.065789
vt 0.447464 0.075258
vt 0.427329 0.084144
vt 0.427216 0.079553
vt 0.422231 0.069296
vt 0.404219 0.106237
vt 0.382297 0.121362
vt 0.414547 0.093522
vt 0.462585 0.070499
vt 0.432969 0.088082
vt 0.455562 0.071314
vt 0.442997 0.061708
vt 0.407664 0.074095
vt 0.236665 0.200128
vt 0.231244 0.181027
vt 0.220454 0.192467
vt 0.163833 0.200827
vt 0.137038 0.196331
vt 0.142455 0.184392
vt 0.118578 0.189135
vt 0.108409 0.182826
vt 0.114885 0.200571
vt 0.182191 0.185969
vt 0.207841 0.179485
vt 0.241988 0.150046
vt 0.239881 0.169480
vt 0.151207 0.170372
vt 0.175825 0.148584
vt 0.168966 0.136888
vt 0.180844 0.074768
vt 0.192822 0.089530
vt 0.175634 0.042079
vt 0.179253 0.045474
vt 0.183379 0.060658
vt 0.190062 0.071823
vt 0.180846 0.141837
vt 0.164419 0.155004
vt 0.201017 0.112303
vt 0.197579 0.118961
vt 0.188923 0.144372
vt 0.197882 0.088729
vt 0.201901 0.131388
vt 0.195710 0.150006
vt 0.202465 0.175845
vt 0.217313 0.168589
vt 0.205711 0.169809
vt 0.223098 0.134456
vt 0.217093 0.159293
vt 0.211286 0.118091
vt 0.204108 0.109473
vt 0.196998 0.023176
vt 0.197601 0.069404
vt 0.163905 0.091145
vt 0.142622 0.105110
vt 0.142288 0.087730
vt 0.134279 0.093956
vt 0.125700 0.092960
vt 0.130534 0.119410
vt 0.118710 0.106853
vt 0.112665 0.116903
vt 0.106668 0.124812
vt 0.147360 0.136184
vt 0.106022 0.131991
vt 0.081331 0.149131
vt 0.064002 0.142953
vt 0.084134 0.137778
vt 0.098758 0.136511
vt 0.116064 0.147552
vt 0.152238 0.082797
vt 0.095962 0.064262
vt 0.079376 0.055331
vt 0.083699 0.071035
vt 0.071394 0.056368
vt 0.070011 0.063857
vt 0.138416 0.048077
vt 0.146301 0.055649
vt 0.138244 0.056462
vt 0.151590 0.047966
vt 0.147232 0.059792
vt 0.135532 0.037833
vt 0.151304 0.034596
vt 0.169546 0.038336
vt 0.143972 0.026214
vt 0.072849 0.030162
vt 0.082771 0.029995
vt 0.068127 0.016250
vt 0.063511 0.007759
vt 0.061230 0.006297
vt 0.067243 0.003309
vt 0.073988 0.018402
vt 0.059878 0.019895
vt 0.226484 0.145839
vt 0.204300 0.090332
vt 0.211765 0.095115
vt 0.147759 0.064200
vt 0.250621 0.108765
vt 0.242238 0.073229
vt 0.245410 0.055122
vt 0.243996 0.045458
vt 0.235425 0.082913
vt 0.141784 0.062421
vt 0.080650 0.075551
vt 0.141455 0.067518
vt 0.094168 0.087120
vt 0.138422 0.077212
vt 0.257878 0.875868
vt 0.207219 0.074353
vt 0.222058 0.070230
vt 0.139870 0.206721
vt 0.127761 0.211182
vt 0.164126 0.235699
vt 0.320058 0.238065
vt 0.317557 0.240558
vt 0.281296 0.208681
vt 0.307144 0.200627
vt 0.315222 0.199524
vt 0.323998 0.244274
vt 0.324818 0.207536
vt 0.331163 0.241469
vt 0.330951 0.246311
vt 0.270166 0.254917
vt 0.263244 0.256944
vt 0.264433 0.262697
vt 0.268126 0.280846
vt 0.267589 0.286650
vt 0.263594 0.290328
vt 0.270177 0.292872
vt 0.269204 0.294766
vt 0.278228 0.253305
vt 0.294993 0.250666
vt 0.278993 0.282852
vt 0.273949 0.279679
vt 0.271700 0.288083
vt 0.273816 0.290562
vt 0.277727 0.288733
vt 0.265161 0.245539
vt 0.254827 0.246191
vt 0.254413 0.243525
vt 0.260230 0.247792
vt 0.255023 0.251284
vt 0.262865 0.252669
vt 0.259758 0.264075
vt 0.257494 0.259673
vt 0.272556 0.207692
vt 0.252206 0.218972
vt 0.247496 0.229601
vt 0.241293 0.218964
vt 0.244787 0.232073
vt 0.521187 0.193346
vt 0.315888 0.147134
vt 0.341472 0.184138
vt 0.372114 0.173346
vt 0.419691 0.204750
vt 0.406628 0.196761
vt 0.423195 0.195413
vt 0.412527 0.183980
vt 0.441829 0.163533
vt 0.454575 0.156784
vt 0.466396 0.165893
vt 0.473497 0.156385
vt 0.472150 0.142758
vt 0.471633 0.132135
vt 0.453113 0.126012
vt 0.463237 0.122279
vt 0.443848 0.120235
vt 0.437597 0.178126
vt 0.441347 0.196574
vt 0.434627 0.209639
vt 0.408290 0.213259
vt 0.389134 0.192298
vt 0.386323 0.213447
vt 0.374032 0.197919
vt 0.384426 0.181509
vt 0.532865 0.779238
vt 0.540539 0.770242
vt 0.555484 0.772201
vt 0.534922 0.780944
vt 0.484094 0.736069
vt 0.466046 0.748090
vt 0.531244 0.711324
vt 0.532825 0.721223
vt 0.503923 0.722863
vt 0.602345 0.682463
vt 0.616680 0.683911
vt 0.472778 0.726498
vt 0.472495 0.724951
vt 0.484395 0.721071
vt 0.629357 0.692909
vt 0.468941 0.109023
vt 0.467256 0.735945
vt 0.467489 0.740896
vt 0.471664 0.730641
vt 0.500077 0.729821
vt 0.493242 0.726830
vt 0.493408 0.798834
vt 0.579411 0.681060
vt 0.589990 0.675808
vt 0.587836 0.681807
vt 0.451874 0.205933
vt 0.438494 0.221763
vt 0.426141 0.233310
vt 0.572739 0.684756
vt 0.563205 0.691329
vt 0.564799 0.696607
vt 0.404943 0.240416
vt 0.472896 0.226479
vt 0.455143 0.239619
vt 0.465330 0.250440
vt 0.439777 0.249844
vt 0.595420 0.680615
vt 0.570974 0.697567
vt 0.592171 0.679303
vt 0.512098 0.783408
vt 0.525456 0.783332
vt 0.512316 0.787950
vt 0.473362 0.099847
vt 0.485193 0.099912
vt 0.508336 0.713589
vt 0.528569 0.706694
vt 0.543256 0.698610
vt 0.491971 0.101622
vt 0.554229 0.693950
vt 0.477418 0.087869
vt 0.482992 0.083835
vt 0.628385 0.734569
vt 0.621581 0.739677
vt 0.480973 0.761791
vt 0.479809 0.768062
vt 0.467893 0.773404
vt 0.464870 0.764312
vt 0.592893 0.753471
vt 0.567498 0.729576
vt 0.853795 0.024840
vt 0.152477 0.158470
vt 0.136909 0.158568
vt 0.098799 0.158822
vt 0.056940 0.148076
vt 0.076123 0.163813
vt 0.065572 0.168556
vt 0.439432 0.144095
vt 0.458602 0.132948
vt 0.441453 0.132072
vt 0.051507 0.152788
vt 0.476211 0.783487
vt 0.429641 0.154016
vt 0.527204 0.759423
vt 0.491215 0.762775
vt 0.516917 0.755083
vt 0.510138 0.756439
vt 0.485199 0.234718
vt 0.523901 0.214731
vt 0.534744 0.229781
vt 0.504922 0.241247
vt 0.527532 0.750653
vt 0.537547 0.750011
vt 0.480305 0.036121
vt 0.486593 0.037885
vt 0.502324 0.733347
vt 0.458665 0.028130
vt 0.468502 0.030419
vt 0.556035 0.738052
vt 0.451502 0.028251
vt 0.429560 0.036614
vt 0.423162 0.038624
vt 0.299493 0.254876
vt 0.550457 0.707406
vt 0.572872 0.701643
vt 0.295846 0.263199
vt 0.288442 0.273175
vt 0.281027 0.274795
vt 0.280078 0.278397
vt 0.496444 0.719536
vt 0.303135 0.256807
vt 0.307166 0.256692
vt 0.319308 0.256639
vt 0.325521 0.259048
vt 0.317751 0.258722
vt 0.323546 0.261085
vt 0.313067 0.257555
vt 0.311651 0.253267
vt 0.321760 0.250718
vt 0.328621 0.252471
vt 0.621466 0.705745
vt 0.634385 0.700923
vt 0.609337 0.681811
vt 0.592847 0.706494
vt 0.532025 0.057424
vt 0.535488 0.065116
vt 0.511887 0.046875
vt 0.526636 0.054428
vt 0.517703 0.041290
vt 0.538654 0.059364
vt 0.518634 0.035033
vt 0.548615 0.038908
vt 0.544460 0.051979
vt 0.575162 0.715710
vt 0.533577 0.041226
vt 0.522811 0.031743
vt 0.543591 0.022709
vt 0.556142 0.032317
vt 0.524321 0.026850
vt 0.530605 0.020775
vt 0.535464 0.014913
vt 0.728888 0.188704
vt 0.703148 0.182332
vt 0.715375 0.230232
vt 0.663860 0.232986
vt 0.629553 0.212633
vt 0.622402 0.193577
vt 0.615274 0.148754
vt 0.610740 0.167203
vt 0.732047 0.048387
vt 0.719363 0.039093
vt 0.702570 0.030488
vt 0.714522 0.026088
vt 0.628856 0.736689
vt 0.684331 0.041209
vt 0.706968 0.112358
vt 0.849030 0.454866
vt 0.852338 0.447193
vt 0.852636 0.452851
vt 0.841011 0.454887
vt 0.844085 0.438297
vt 0.866885 0.382037
vt 0.858108 0.401523
vt 0.826244 0.377564
vt 0.833212 0.359363
vt 0.871339 0.379616
vt 0.876725 0.360515
vt 0.778030 0.424040
vt 0.781715 0.418500
vt 0.795949 0.403760
vt 0.850972 0.416381
vt 0.828035 0.439388
vt 0.833851 0.418605
vt 0.855778 0.427275
vt 0.819743 0.456884
vt 0.006691 0.054157
vt 0.004838 0.056081
vt 0.011832 0.056700
vt 0.008960 0.051444
vt 0.880418 0.298409
vt 0.877615 0.317854
vt 0.872705 0.288105
vt 0.861933 0.329963
vt 0.879137 0.346530
vt 0.800623 0.369381
vt 0.806924 0.364863
vt 0.804384 0.374400
vt 0.804360 0.351204
vt 0.816990 0.301647
vt 0.821525 0.300852
vt 0.815037 0.309613
vt 0.017000 0.026264
vt 0.019411 0.028469
vt 0.014388 0.030349
vt 0.017817 0.031972
vt 0.017303 0.037638
vt 0.025051 0.041358
vt 0.824515 0.305703
vt 0.817754 0.330476
vt 0.013269 0.026486
vt 0.012036 0.035340
vt 0.015402 0.039050
vt 0.810711 0.330560
vt 0.813327 0.344726
vt 0.045402 0.029893
vt 0.042902 0.025374
vt 0.805634 0.433018
vt 0.796638 0.444650
vt 0.787925 0.433408
vt 0.027590 0.024986
vt 0.782192 0.427116
vt 0.038841 0.021823
vt 0.032992 0.021502
vt 0.033238 0.018757
vt 0.806778 0.453105
vt 0.795898 0.381795
vt 0.292768 0.272982
vt 0.876748 0.029156
vt 0.883728 0.027823
vt 0.892064 0.031277
vt 0.893789 0.034828
vt 0.894554 0.029031
vt 0.897223 0.033107
vt 0.817059 0.347657
vt 0.894880 0.037363
vt 0.899546 0.037999
vt 0.898309 0.029195
vt 0.808069 0.374104
vt 0.792014 0.402249
vt 0.058374 0.023625
vt 0.853873 0.349197
vt 0.849713 0.339867
vt 0.850835 0.294245
vt 0.860742 0.292935
vt 0.864093 0.309575
vt 0.036877 0.057503
vt 0.057911 0.056592
vt 0.587091 0.266828
vt 0.585292 0.264739
vt 0.592887 0.264644
vt 0.591483 0.262489
vt 0.607543 0.258389
vt 0.607947 0.264438
vt 0.624756 0.256729
vt 0.617990 0.246346
vt 0.638969 0.248745
vt 0.606400 0.253150
vt 0.620677 0.241879
vt 0.602224 0.246086
vt 0.598796 0.242129
vt 0.597708 0.253828
vt 0.593699 0.246069
vt 0.589306 0.256364
vt 0.582458 0.257927
vt 0.580178 0.251590
vt 0.620073 0.262725
vt 0.612795 0.263752
vt 0.612802 0.263768
vt 0.657458 0.250101
vt 0.651984 0.252017
vt 0.662865 0.305207
vt 0.668105 0.292882
vt 0.663455 0.302903
vt 0.670705 0.306280
vt 0.669129 0.305326
vt 0.675562 0.302753
vt 0.670291 0.307258
vt 0.669443 0.306493
vt 0.669390 0.307162
vt 0.668448 0.306057
vt 0.672842 0.272123
vt 0.663240 0.272225
vt 0.883977 0.310303
vt 0.675894 0.284033
vt 0.874286 0.359074
vt 0.681831 0.286189
vt 0.686899 0.301563
vt 0.677032 0.311339
vt 0.683076 0.313229
vt 0.689651 0.290249
vt 0.691295 0.307386
vt 0.692443 0.303666
vt 0.695973 0.300918
vt 0.687704 0.311899
vt 0.700032 0.324470
vt 0.883716 0.328568
vt 0.633996 0.258553
vt 0.845096 0.392898
vt 0.653308 0.268632
vt 0.637297 0.264345
vt 0.643818 0.278695
vt 0.639250 0.285165
vt 0.638012 0.292015
vt 0.635339 0.294516
vt 0.638615 0.294211
vt 0.639359 0.296199
vt 0.641492 0.293581
vt 0.640418 0.291847
vt 0.645696 0.291945
vt 0.649692 0.295426
vt 0.653977 0.303253
vt 0.649848 0.311751
vt 0.644079 0.300136
vt 0.642997 0.298328
vt 0.816818 0.445709
vt 0.634191 0.288582
vt 0.629113 0.261694
vt 0.823416 0.430116
vt 0.642622 0.264677
vt 0.642239 0.259752
vt 0.813539 0.441741
vt 0.649377 0.261480
vt 0.658242 0.307562
vt 0.816143 0.432203
vt 0.679915 0.327970
vt 0.682564 0.331157
vt 0.676739 0.329837
vt 0.679376 0.334431
vt 0.676943 0.337543
vt 0.656109 0.322798
vt 0.656607 0.319875
vt 0.827951 0.415588
vt 0.655814 0.312701
vt 0.645886 0.319831
vt 0.642693 0.303934
vt 0.643666 0.314145
vt 0.651001 0.323597
vt 0.649650 0.327382
vt 0.651702 0.327141
vt 0.654118 0.327623
vt 0.649420 0.329838
vt 0.655528 0.320386
vt 0.657736 0.247375
vt 0.617123 0.270294
vt 0.624889 0.279631
vt 0.839416 0.395226
vt 0.818053 0.401354
vt 0.835116 0.392077
vt 0.692716 0.295323
vt 0.701608 0.302605
vt 0.700055 0.303625
vt 0.612796 0.263768
vt 0.678874 0.273104
vt 0.847682 0.369979
vt 0.821809 0.398791
vt 0.212339 0.298831
vt 0.217864 0.296938
vt 0.213782 0.299769
vt 0.226869 0.297352
vt 0.221120 0.291310
vt 0.224076 0.286148
vt 0.832816 0.381248
vt 0.221394 0.299564
vt 0.222541 0.303201
vt 0.238012 0.298367
vt 0.242581 0.302188
vt 0.244467 0.303211
vt 0.243738 0.302607
vt 0.244646 0.302256
vt 0.240618 0.304479
vt 0.244093 0.301329
vt 0.245307 0.288476
vt 0.231872 0.281948
vt 0.856718 0.352244
vt 0.224311 0.313741
vt 0.215879 0.321594
vt 0.215654 0.325780
vt 0.214334 0.323890
vt 0.213915 0.320284
vt 0.883623 0.041425
vt 0.883096 0.046047
vt 0.883370 0.047892
vt 0.698404 0.330129
vt 0.698068 0.325860
vt 0.699724 0.328238
vt 0.689636 0.318043
vt 0.683397 0.315428
vt 0.868066 0.028368
vt 0.872813 0.028166
vt 0.872153 0.024809
vt 0.878087 0.024456
vt 0.877949 0.021670
vt 0.568936 0.227208
vt 0.562930 0.224524
vt 0.021416 0.057316
vt 0.887316 0.313952
vt 0.814062 0.636556
vt 0.811051 0.625449
vt 0.815461 0.621908
vt 0.820557 0.619284
vt 0.024376 0.042519
vt 0.023696 0.042794
vt 0.778677 0.715169
vt 0.633097 0.284133
vt 0.632259 0.280615
vt 0.790608 0.709551
vt 0.620517 0.279668
vt 0.750071 0.747531
vt 0.763098 0.730181
vt 0.803461 0.660832
vt 0.804179 0.643377
vt 0.788962 0.785249
vt 0.775098 0.784361
vt 0.779556 0.772132
vt 0.864597 0.676618
vt 0.854846 0.689890
vt 0.870876 0.664397
vt 0.803472 0.638466
vt 0.845589 0.617554
vt 0.839218 0.636107
vt 0.833393 0.616282
vt 0.798760 0.647914
vt 0.794339 0.657353
vt 0.786561 0.685782
vt 0.804328 0.677172
vt 0.780496 0.688197
vt 0.764701 0.714045
vt 0.798422 0.695513
vt 0.747784 0.755169
vt 0.742827 0.751615
vt 0.758243 0.730975
vt 0.240664 0.267732
vt 0.784132 0.673189
vt 0.249830 0.298491
vt 0.237612 0.279726
vt 0.234742 0.268797
vt 0.906009 0.059568
vt 0.904064 0.057668
vt 0.901708 0.055038
vt 0.887019 0.050473
vt 0.888951 0.047150
vt 0.885937 0.045966
vt 0.887034 0.046129
vt 0.885496 0.045802
vt 0.886581 0.044890
vt 0.894840 0.040979
vt 0.757247 0.770115
vt 0.897756 0.042820
vt 0.819346 0.769181
vt 0.816650 0.781911
vt 0.813494 0.782074
vt 0.807586 0.782767
vt 0.811332 0.783662
vt 0.854227 0.675436
vt 0.866178 0.657163
vt 0.857152 0.661348
vt 0.550246 0.225601
vt 0.025914 0.042234
vt 0.863607 0.632892
vt 0.867371 0.644038
vt 0.854877 0.622485
vt 0.866747 0.660070
vt 0.063752 0.001950
vt 0.802236 0.783190
vt 0.074911 0.010644
vt 0.083242 0.024589
vt 0.094291 0.024797
vt 0.831721 0.740636
vt 0.839565 0.722115
vt 0.783585 0.760465
vt 0.887476 0.046432
vt 0.899737 0.052437
vt 0.765924 0.779420
vt 0.902235 0.044269
vt 0.782769 0.752175
vt 0.033993 0.054939
vt 0.031838 0.057887
vt 0.810060 0.750109
vt 0.259364 0.298327
vt 0.270372 0.298478
vt 0.267577 0.314627
vt 0.255157 0.302823
vt 0.262462 0.318595
vt 0.261946 0.322127
vt 0.259272 0.322786
vt 0.268500 0.321216
vt 0.269521 0.308773
vt 0.801687 0.741877
vt 0.254510 0.307220
vt 0.227939 0.315972
vt 0.249335 0.299723
vt 0.793179 0.741969
vt 0.788548 0.741844
vt 0.663936 0.304053
vt 0.683868 0.325272
vt 0.804519 0.729911
vt 0.686004 0.320324
vt 0.684276 0.334658
vt 0.803596 0.701405
vt 0.814675 0.663656
vt 0.655272 0.263983
vt 0.657382 0.255306
vt 0.233555 0.320466
vt 0.255905 0.309072
vt 0.234004 0.323553
vt 0.237137 0.325359
vt 0.234651 0.329541
vt 0.230612 0.326139
vt 0.229584 0.330057
vt 0.257204 0.315071
vt 0.847794 0.627683
vt 0.233970 0.333571
vt 0.241080 0.330812
vt 0.257405 0.317973
vt 0.256172 0.318858
vt 0.256695 0.321962
vt 0.255812 0.321634
vt 0.846133 0.637646
vt 0.230058 0.320877
vt 0.839116 0.646734
vt 0.836533 0.654431
vt 0.441474 0.030665
vt 0.829146 0.663957
vt 0.823243 0.667348
vt 0.837534 0.662916
vt 0.818297 0.677397
vt 0.299498 0.254850
vt 0.236789 0.222041
vt 0.178602 0.232318
vt 0.173629 0.262890
vt 0.228399 0.241201
vt 0.802152 0.710542
vt 0.239486 0.234790
vt 0.236590 0.306381
vt 0.645006 0.326385
vt 0.646000 0.329756
vt 0.716129 0.260755
vt 0.732737 0.234764
vt 0.737891 0.265106
vt 0.699112 0.228141
vt 0.682900 0.244073
vt 0.658077 0.919700
vt 0.655164 0.920443
vt 0.657997 0.904446
vt 0.655107 0.903774
vt 0.656666 0.889964
vt 0.644230 0.924711
vt 0.641151 0.924694
vt 0.629985 0.962382
vt 0.627728 0.958143
vt 0.651161 0.920628
vt 0.641729 0.932396
vt 0.409562 0.869892
vt 0.408445 0.862796
vt 0.407740 0.854623
vt 0.416245 0.870303
vt 0.412807 0.846448
vt 0.408290 0.847697
vt 0.635325 0.891940
vt 0.634681 0.882767
vt 0.421814 0.857722
vt 0.424802 0.873566
vt 0.624997 0.898546
vt 0.625628 0.922018
vt 0.420990 0.746004
vt 0.423069 0.722173
vt 0.405319 0.748476
vt 0.651922 0.937710
vt 0.645515 0.933051
vt 0.642319 0.938582
vt 0.656065 0.938858
vt 0.654921 0.954334
vt 0.646934 0.950627
vt 0.646306 0.942196
vt 0.648210 0.960249
vt 0.645028 0.968406
vt 0.365771 0.749655
vt 0.370305 0.745957
vt 0.387666 0.777813
vt 0.382485 0.779556
vt 0.384249 0.787066
vt 0.406934 0.772693
vt 0.658617 0.937830
vt 0.658195 0.953682
vt 0.660423 0.953158
vt 0.658617 0.925125
vt 0.403721 0.806123
vt 0.395734 0.776812
vt 0.656643 0.958437
vt 0.650981 0.965434
vt 0.428599 0.720561
vt 0.429839 0.718925
vt 0.437399 0.731932
vt 0.439840 0.744729
vt 0.444947 0.750746
vt 0.412468 0.761829
vt 0.625662 0.886867
vt 0.468850 0.814311
vt 0.470470 0.811308
vt 0.474327 0.827001
vt 0.475932 0.835066
vt 0.460318 0.790695
vt 0.624778 0.902210
vt 0.623744 0.914753
vt 0.462513 0.791254
vt 0.456914 0.798786
vt 0.456471 0.773277
vt 0.449601 0.759726
vt 0.658932 0.911139
vt 0.658954 0.900818
vt 0.660821 0.891912
vt 0.659064 0.891057
vt 0.377628 0.719614
vt 0.371899 0.734234
vt 0.393197 0.707008
vt 0.622715 0.887384
vt 0.629775 0.884926
vt 0.398690 0.722032
vt 0.411920 0.824564
vt 0.428158 0.826863
vt 0.625394 0.941735
vt 0.623872 0.929849
vt 0.623839 0.921663
vt 0.438254 0.877381
vt 0.626626 0.957869
vt 0.422054 0.842890
vt 0.434639 0.848498
vt 0.415312 0.757532
vt 0.858112 0.709798
vt 0.860647 0.695698
vt 0.862328 0.696086
vt 0.880115 0.696745
vt 0.876923 0.704295
vt 0.872320 0.710553
vt 0.871546 0.705362
vt 0.863127 0.709930
vt 0.855993 0.708790
vt 0.853347 0.721413
vt 0.850909 0.728210
vt 0.840636 0.739128
vt 0.850422 0.741193
vt 0.842382 0.742635
vt 0.850865 0.748022
vt 0.846372 0.755526
vt 0.850035 0.754900
vt 0.850917 0.761076
vt 0.843009 0.765806
vt 0.855007 0.766631
vt 0.841643 0.773614
vt 0.851675 0.773325
vt 0.859234 0.726193
vt 0.874992 0.695784
vt 0.457871 0.854462
vt 0.865009 0.695916
vt 0.869140 0.695717
vt 0.446887 0.853576
vt 0.848613 0.724803
vt 0.847275 0.723680
vt 0.447711 0.841567
vt 0.434773 0.830809
vt 0.843905 0.753065
vt 0.841178 0.763782
vt 0.830934 0.757678
vt 0.832816 0.767443
vt 0.830935 0.762497
vt 0.837326 0.748473
vt 0.839209 0.759337
vt 0.439463 0.832399
vt 0.836898 0.771664
vt 0.865192 0.729802
vt 0.870819 0.728126
vt 0.484156 0.851424
vt 0.481382 0.844205
vt 0.485550 0.850476
vt 0.861574 0.731130
vt 0.467268 0.831137
vt 0.868150 0.724774
vt 0.864790 0.756753
vt 0.855264 0.771570
vt 0.857803 0.769783
vt 0.866598 0.756586
vt 0.876437 0.740853
vt 0.438747 0.804238
vt 0.437652 0.812198
vt 0.862858 0.765452
vt 0.859990 0.770485
vt 0.837959 0.739306
vt 0.884071 0.724178
vt 0.893542 0.712947
vt 0.894075 0.714101
vt 0.885264 0.725204
vt 0.837999 0.743359
vt 0.830126 0.756612
vt 0.420244 0.766723
vt 0.830387 0.753394
vt 0.782384 0.906932
vt 0.777437 0.906502
vt 0.780504 0.907306
vt 0.753258 0.918145
vt 0.748833 0.915028
vt 0.742752 0.916853
vt 0.742606 0.920148
vt 0.751419 0.922670
vt 0.779398 0.917131
vt 0.767641 0.918398
vt 0.775043 0.920124
vt 0.759596 0.919606
vt 0.734696 0.919910
vt 0.722303 0.928843
vt 0.739179 0.926817
vt 0.783383 0.921966
vt 0.765957 0.920601
vt 0.757857 0.929030
vt 0.758924 0.923066
vt 0.789251 0.921434
vt 0.766701 0.924631
vt 0.722078 0.932159
vt 0.716159 0.933793
vt 0.710116 0.934393
vt 0.709920 0.931987
vt 0.787019 0.912729
vt 0.910698 0.389097
vt 0.907915 0.389406
vt 0.898868 0.355212
vt 0.900836 0.348393
vt 0.903633 0.351662
vt 0.897713 0.333079
vt 0.903515 0.309854
vt 0.892955 0.315889
vt 0.897046 0.312696
vt 0.900582 0.362089
vt 0.912936 0.369890
vt 0.902252 0.341749
vt 0.906543 0.341585
vt 0.912597 0.343242
vt 0.917009 0.341856
vt 0.915301 0.358865
vt 0.908776 0.309671
vt 0.429204 0.713890
vt 0.907068 0.319005
vt 0.913279 0.310813
vt 0.684737 0.781183
vt 0.918157 0.314909
vt 0.622462 0.800235
vt 0.623791 0.807421
vt 0.611114 0.808575
vt 0.918859 0.330241
vt 0.921227 0.320736
vt 0.734238 0.724151
vt 0.716415 0.729423
vt 0.904372 0.375546
vt 0.729948 0.716780
vt 0.634093 0.753558
vt 0.624069 0.778029
vt 0.711663 0.706041
vt 0.706307 0.720603
vt 0.704708 0.705341
vt 0.609845 0.839913
vt 0.646023 0.737691
vt 0.645717 0.734884
vt 0.629135 0.748624
vt 0.578457 0.787942
vt 0.573441 0.790194
vt 0.608313 0.797215
vt 0.618510 0.798892
vt 0.622320 0.791332
vt 0.610004 0.802906
vt 0.604214 0.796093
vt 0.572320 0.795193
vt 0.760670 0.906924
vt 0.770516 0.904473
vt 0.727870 0.915630
vt 0.597215 0.776528
vt 0.723131 0.918711
vt 0.757753 0.902062
vt 0.720516 0.915627
vt 0.763599 0.903460
vt 0.604676 0.769643
vt 0.614526 0.760788
vt 0.712432 0.919140
vt 0.713540 0.915116
vt 0.721872 0.912956
vt 0.750050 0.900508
vt 0.703915 0.919823
vt 0.730986 0.909047
vt 0.742000 0.900139
vt 0.722681 0.909534
vt 0.711444 0.912356
vt 0.702830 0.915910
vt 0.704253 0.907549
vt 0.722830 0.901257
vt 0.711307 0.896098
vt 0.722667 0.898854
vt 0.729653 0.898483
vt 0.708077 0.927557
vt 0.646747 0.762041
vt 0.666363 0.732323
vt 0.771782 0.932047
vt 0.787838 0.927608
vt 0.664537 0.749101
vt 0.777176 0.936120
vt 0.782633 0.933647
vt 0.721393 0.764201
vt 0.727082 0.759837
vt 0.714407 0.776064
vt 0.701454 0.782397
vt 0.706025 0.774610
vt 0.697225 0.778777
vt 0.725210 0.753936
vt 0.736268 0.733307
vt 0.738596 0.933757
vt 0.728601 0.933666
vt 0.696440 0.776427
vt 0.735076 0.743439
vt 0.688914 0.793975
vt 0.771683 0.937336
vt 0.662236 0.777321
vt 0.669428 0.795545
vt 0.659245 0.763487
vt 0.628374 0.826031
vt 0.620290 0.841946
vt 0.624829 0.844356
vt 0.688438 0.715665
vt 0.693445 0.704461
vt 0.892402 0.318313
vt 0.887670 0.333437
vt 0.882146 0.351121
vt 0.883346 0.351835
vt 0.894458 0.345346
vt 0.893241 0.354306
vt 0.896517 0.353943
vt 0.897692 0.376468
vt 0.668139 0.800622
vt 0.671622 0.804061
vt 0.656901 0.818353
vt 0.896686 0.386854
vt 0.650217 0.822790
vt 0.875345 0.380376
vt 0.876437 0.385880
vt 0.873416 0.383984
vt 0.880745 0.388807
vt 0.888946 0.387396
vt 0.886194 0.393357
vt 0.693652 0.754433
vt 0.890916 0.394385
vt 0.904400 0.390671
vt 0.680108 0.760005
vt 0.707578 0.730908
vt 0.684502 0.745782
vt 0.687586 0.737757
vt 0.898146 0.393017
vt 0.649528 0.787787
vt 0.666456 0.765675
vt 0.699019 0.706811
vt 0.683645 0.736023
vt 0.889314 0.369381
vt 0.644222 0.826700
vt 0.636008 0.836559
vt 0.654196 0.774758
vt 0.878085 0.370603
vt 0.832831 0.922061
vt 0.826409 0.934014
vt 0.806846 0.960416
vt 0.805920 0.966126
vt 0.804504 0.972911
vt 0.802760 0.962047
vt 0.801127 0.969259
vt 0.795633 0.967420
vt 0.799281 0.979525
vt 0.796889 0.989791
vt 0.788521 0.982605
vt 0.790325 0.989035
vt 0.807916 0.952886
vt 0.792195 0.966119
vt 0.808042 0.946778
vt 0.809644 0.941046
vt 0.810829 0.928944
vt 0.815415 0.919415
vt 0.818315 0.912978
vt 0.561867 0.882260
vt 0.564502 0.895396
vt 0.562048 0.885712
vt 0.581136 0.920828
vt 0.582735 0.935561
vt 0.585968 0.958040
vt 0.576748 0.953820
vt 0.574174 0.944815
vt 0.569831 0.930452
vt 0.566381 0.929651
vt 0.563124 0.904671
vt 0.628384 0.846567
vt 0.580195 0.959488
vt 0.575356 0.958800
vt 0.681331 0.504041
vt 0.722265 0.485062
vt 0.733330 0.482280
vt 0.720582 0.479126
vt 0.565813 0.950286
vt 0.569492 0.955211
vt 0.565686 0.938768
vt 0.563081 0.928911
vt 0.562723 0.920003
vt 0.663510 0.431285
vt 0.667762 0.428546
vt 0.793335 0.459608
vt 0.803789 0.460785
vt 0.794680 0.948460
vt 0.728202 0.445454
vt 0.736742 0.453302
vt 0.705978 0.449942
vt 0.748778 0.473407
vt 0.708320 0.472261
vt 0.696847 0.469413
vt 0.792240 0.948332
vt 0.797220 0.930945
vt 0.795029 0.930724
vt 0.795916 0.917595
vt 0.794388 0.917578
vt 0.689165 0.461253
vt 0.674812 0.492268
vt 0.654154 0.467634
vt 0.660960 0.461187
vt 0.667527 0.468744
vt 0.642317 0.456622
vt 0.639935 0.465882
vt 0.757116 0.515643
vt 0.692721 0.440345
vt 0.803545 0.456920
vt 0.790679 0.466180
vt 0.560662 0.943412
vt 0.560811 0.938630
vt 0.564788 0.881250
vt 0.567880 0.879146
vt 0.571713 0.894638
vt 0.578275 0.913726
vt 0.585749 0.941423
vt 0.591623 0.949224
vt 0.783708 0.454103
vt 0.768967 0.451869
vt 0.594731 0.952205
vt 0.590164 0.955831
vt 0.818892 0.493726
vt 0.801183 0.492173
vt 0.792926 0.488227
vt 0.593853 0.950481
vt 0.584182 0.915449
vt 0.587222 0.921459
vt 0.584850 0.908771
vt 0.587694 0.905210
vt 0.588380 0.912408
vt 0.593286 0.894422
vt 0.587531 0.892513
vt 0.583439 0.878701
vt 0.582263 0.872479
vt 0.588743 0.873919
vt 0.581665 0.913070
vt 0.581779 0.906233
vt 0.583590 0.886991
vt 0.586906 0.880959
vt 0.576988 0.898391
vt 0.577158 0.888285
vt 0.580631 0.879299
vt 0.573210 0.875674
vt 0.752236 0.446517
vt 0.786145 0.528147
vt 0.594181 0.878214
vt 0.598620 0.879940
vt 0.598085 0.886406
vt 0.597444 0.893132
vt 0.801401 0.518286
vt 0.586681 0.929895
vt 0.592243 0.931990
vt 0.595599 0.940970
vt 0.595193 0.933515
vt 0.596472 0.932339
vt 0.756027 0.519632
vt 0.741272 0.518273
vt 0.728243 0.511594
vt 0.718927 0.512680
vt 0.672017 0.499094
vt 0.802724 0.982959
vt 0.801402 0.990000
vt 0.805933 0.979373
vt 0.804202 0.997887
vt 0.813978 0.993945
vt 0.641398 0.476861
vt 0.660945 0.477568
vt 0.816178 0.984992
vt 0.819704 0.988185
vt 0.807521 0.971996
vt 0.818303 0.971108
vt 0.772354 0.524480
vt 0.724578 0.505042
vt 0.797601 0.996488
vt 0.676293 0.478176
vt 0.665959 0.455377
vt 0.786808 0.981274
vt 0.787976 0.972922
vt 0.789287 0.965384
vt 0.598263 0.919874
vt 0.657018 0.438968
vt 0.741358 0.447888
vt 0.731327 0.443024
vt 0.715428 0.439013
vt 0.694755 0.437280
vt 0.695114 0.436153
vt 0.798144 0.496360
vt 0.789705 0.491358
vt 0.817028 0.500826
vt 0.812003 0.508583
vt 0.563491 0.944645
vt 0.784878 0.495122
vt 0.786438 0.502174
vt 0.776035 0.490040
vt 0.821689 0.951936
vt 0.824247 0.952812
vt 0.822268 0.971827
vt 0.773885 0.483804
vt 0.827879 0.934564
vt 0.826007 0.952895
vt 0.674372 0.431252
vt 0.717818 0.472864
vt 0.724503 0.475729
vt 0.821877 0.979545
vt 0.931093 0.424735
vt 0.932232 0.427472
vt 0.898459 0.428698
vt 0.936912 0.445333
vt 0.943414 0.446026
vt 0.932828 0.448727
vt 0.905107 0.439781
vt 0.925628 0.441684
vt 0.935703 0.442265
vt 0.880170 0.426643
vt 0.938100 0.455463
vt 0.927241 0.456534
vt 0.923232 0.448119
vt 0.906148 0.442683
vt 0.914076 0.447479
vt 0.892565 0.440760
vt 0.904415 0.447211
vt 0.914311 0.453280
vt 0.934035 0.457629
vt 0.931227 0.459215
vt 0.874170 0.435249
vt 0.885542 0.443659
vt 0.878742 0.438643
vt 0.864481 0.433285
vt 0.868413 0.429804
vt 0.858046 0.431000
vt 0.862252 0.424521
vt 0.766464 0.488414
vt 0.753093 0.481850
vt 0.857490 0.437657
vt 0.895945 0.452098
vt 0.927433 0.459004
vt 0.916941 0.457649
vt 0.913093 0.457504
vt 0.895067 0.454197
vt 0.930650 0.431966
vt 0.932983 0.438001
vt 0.920393 0.437568
vt 0.943288 0.440237
vt 0.938990 0.432506
vt 0.652328 0.497936
vt 0.648970 0.492859
vt 0.654494 0.501188
vt 0.896840 0.456190
vt 0.654457 0.503615
vt 0.681272 0.505223
vt 0.084439 0.854671
vt 0.095548 0.868910
vt 0.074012 0.870103
vt 0.874980 0.416740
vt 0.170687 0.868480
vt 0.168732 0.870413
vt 0.081840 0.836580
vt 0.048135 0.819353
vt 0.910678 0.422973
vt 0.917982 0.424306
vt 0.032412 0.820261
vt 0.044111 0.817940
vt 0.926326 0.424082
vt 0.868018 0.418087
vt 0.870023 0.415273
vt 0.159123 0.794852
vt 0.156420 0.799769
vt 0.103500 0.872686
vt 0.094104 0.875718
vt 0.072213 0.877819
vt 0.137438 0.867831
vt 0.146438 0.867465
vt 0.140715 0.871650
vt 0.103347 0.877294
vt 0.124044 0.875293
vt 0.369925 0.875709
vt 0.382275 0.854642
vt 0.369913 0.839004
vt 0.133060 0.834736
vt 0.118969 0.829145
vt 0.147338 0.831580
vt 0.365244 0.844242
vt 0.004717 0.866605
vt 0.022599 0.867257
vt 0.363723 0.853640
vt 0.366853 0.862242
vt 0.034795 0.863953
vt 0.133168 0.813294
vt 0.165928 0.804577
vt 0.160740 0.821253
vt 0.387267 0.901118
vt 0.387822 0.909201
vt 0.391664 0.907330
vt 0.391352 0.919186
vt 0.061992 0.879770
vt 0.068600 0.884222
vt 0.384857 0.916990
vt 0.377124 0.907329
vt 0.039168 0.890970
vt 0.036940 0.888101
vt 0.149911 0.846349
vt 0.175362 0.853463
vt 0.385174 0.882646
vt 0.390098 0.890529
vt 0.386633 0.893861
vt 0.396138 0.918694
vt 0.401729 0.915563
vt 0.388878 0.881193
vt 0.393717 0.892562
vt 0.397529 0.899243
vt 0.408115 0.905553
vt 0.392252 0.886157
vt 0.405599 0.900786
vt 0.128661 0.843103
vt 0.111573 0.850891
vt 0.111029 0.844094
vt 0.390787 0.876921
vt 0.403969 0.887959
vt 0.384011 0.859931
vt 0.128051 0.849015
vt 0.386729 0.860875
vt 0.139065 0.807150
vt 0.390537 0.860339
vt 0.172856 0.812543
vt 0.179918 0.825232
vt 0.400586 0.868761
vt 0.159976 0.795936
vt 0.162335 0.797030
vt 0.154111 0.833032
vt 0.392399 0.843957
vt 0.137265 0.825540
vt 0.160199 0.837835
vt 0.402298 0.864170
vt 0.144089 0.836957
vt 0.403599 0.870269
vt 0.406118 0.884579
vt 0.123375 0.835632
vt 0.114382 0.836679
vt 0.406672 0.889325
vt 0.407967 0.896483
vt 0.115549 0.840556
vt 0.134954 0.839739
vt 0.387137 0.833567
vt 0.395855 0.835102
vt 0.397922 0.835546
vt 0.398501 0.849628
vt 0.397745 0.843320
vt 0.103729 0.842566
vt 0.132646 0.805858
vt 0.114555 0.813025
vt 0.379608 0.912061
vt 0.373388 0.898846
vt 0.374547 0.906428
vt 0.114768 0.868026
vt 0.098944 0.852914
vt 0.360845 0.847149
vt 0.034068 0.886186
vt 0.026885 0.884984
vt 0.053235 0.874271
vt 0.083628 0.882351
vt 0.014400 0.878625
vt 0.372907 0.892448
vt 0.370427 0.882051
vt 0.860350 0.446020
vt 0.865315 0.452087
vt 0.168328 0.873365
vt 0.861770 0.452488
vt 0.002468 0.858862
vt 0.041651 0.855560
vt 0.868637 0.276627
vt 0.877974 0.274414
vt 0.877020 0.277555
vt 0.002834 0.850243
vt 0.891867 0.280532
vt 0.884722 0.280887
vt 0.890881 0.282343
vt 0.861800 0.271113
vt 0.879918 0.264564
vt 0.888559 0.263489
vt 0.897332 0.265782
vt 0.023452 0.847943
vt 0.910571 0.266668
vt 0.903622 0.267978
vt 0.901274 0.264627
vt 0.026357 0.852413
vt 0.896811 0.269022
vt 0.893833 0.279779
vt 0.908759 0.271508
vt 0.005915 0.840105
vt 0.014498 0.846144
vt 0.900879 0.278352
vt 0.830888 0.268885
vt 0.883298 0.255246
vt 0.884445 0.249440
vt 0.844473 0.264569
vt 0.846138 0.258295
vt 0.858817 0.260492
vt 0.873913 0.259358
vt 0.895249 0.247615
vt 0.861077 0.274082
vt 0.854509 0.273162
vt 0.072822 0.845804
vt 0.061435 0.845238
vt 0.010596 0.832827
vt 0.831100 0.271408
vt 0.829314 0.264759
vt 0.870178 0.255260
vt 0.081019 0.844618
vt 0.089642 0.846116
vt 0.865764 0.243874
vt 0.848214 0.241958
vt 0.847716 0.237657
vt 0.833887 0.256429
vt 0.861681 0.249792
vt 0.870589 0.251116
vt 0.825077 0.252897
vt 0.846736 0.248364
vt 0.825789 0.247033
vt 0.833008 0.249345
vt 0.837456 0.246272
vt 0.829243 0.241123
vt 0.833409 0.235614
vt 0.834820 0.233092
vt 0.839979 0.235037
vt 0.885994 0.245587
vt 0.866332 0.240281
vt 0.878066 0.242497
vt 0.019505 0.826226
vt 0.024423 0.821047
vt 0.019878 0.822409
vt 0.708952 0.668715
vt 0.706559 0.663686
vt 0.712208 0.644620
vt 0.716108 0.651268
vt 0.719205 0.623511
vt 0.714541 0.632663
vt 0.716760 0.621174
vt 0.722322 0.641584
vt 0.715975 0.697133
vt 0.708721 0.686592
vt 0.807930 0.557552
vt 0.796878 0.584760
vt 0.792608 0.569623
vt 0.723170 0.602005
vt 0.732144 0.606714
vt 0.861136 0.238901
vt 0.731742 0.574809
vt 0.736442 0.565407
vt 0.764760 0.531708
vt 0.776019 0.531203
vt 0.742483 0.539227
vt 0.742126 0.534763
vt 0.740246 0.551075
vt 0.946588 0.531599
vt 0.949446 0.526339
vt 0.949997 0.532535
vt 0.925897 0.481714
vt 0.921705 0.489230
vt 0.943577 0.531010
vt 0.918641 0.477906
vt 0.922813 0.476057
vt 0.932573 0.505331
vt 0.943943 0.513927
vt 0.947218 0.513897
vt 0.932057 0.494054
vt 0.766033 0.561417
vt 0.793407 0.598316
vt 0.786100 0.591041
vt 0.797161 0.605793
vt 0.790333 0.622589
vt 0.786609 0.621178
vt 0.912275 0.500339
vt 0.911701 0.494714
vt 0.767472 0.655525
vt 0.776003 0.635563
vt 0.772222 0.659169
vt 0.938584 0.542864
vt 0.950750 0.545099
vt 0.948099 0.554016
vt 0.949936 0.549130
vt 0.929736 0.529763
vt 0.773763 0.688036
vt 0.768567 0.689203
vt 0.769879 0.679912
vt 0.934454 0.539755
vt 0.918543 0.528791
vt 0.915531 0.517035
vt 0.913443 0.516366
vt 0.912165 0.508315
vt 0.925288 0.527891
vt 0.930426 0.535657
vt 0.943166 0.559620
vt 0.932432 0.541304
vt 0.735107 0.641271
vt 0.928340 0.540439
vt 0.939559 0.561343
vt 0.919283 0.538507
vt 0.916720 0.536778
vt 0.913841 0.520988
vt 0.930514 0.552207
vt 0.933655 0.561936
vt 0.747328 0.650473
vt 0.919930 0.553397
vt 0.918512 0.548736
vt 0.925283 0.558818
vt 0.743961 0.611109
vt 0.732134 0.657826
vt 0.914037 0.480558
vt 0.952897 0.544484
vt 0.756953 0.571306
vt 0.776560 0.678517
vt 0.776518 0.657178
vt 0.811215 0.561007
vt 0.811960 0.563235
vt 0.746448 0.692774
vt 0.759361 0.698690
vt 0.748254 0.705152
vt 0.735333 0.707130
vt 0.782187 0.621843
vt 0.781434 0.655046
vt 0.779077 0.665725
vt 0.763938 0.677318
vt 0.786183 0.643062
vt 0.942990 0.482418
vt 0.947300 0.505165
vt 0.947159 0.484191
vt 0.946789 0.489351
vt 0.939388 0.480166
vt 0.801360 0.548348
vt 0.779502 0.616061
vt 0.763557 0.623397
vt 0.741296 0.675922
vt 0.744040 0.664074
vt 0.735479 0.679319
vt 0.740304 0.661436
vt 0.731539 0.675528
vt 0.738741 0.657881
vt 0.743745 0.646960
vt 0.909448 0.482409
vt 0.908644 0.483227
vt 0.449541 0.453777
vt 0.441480 0.450266
vt 0.441138 0.447721
vt 0.410430 0.430542
vt 0.402020 0.446931
vt 0.368745 0.440156
vt 0.351635 0.428154
vt 0.343793 0.425925
vt 0.393819 0.424602
vt 0.332922 0.418193
vt 0.364774 0.424920
vt 0.369801 0.416172
vt 0.377626 0.411920
vt 0.333080 0.400954
vt 0.356641 0.402045
vt 0.352498 0.445578
vt 0.380106 0.476964
vt 0.347576 0.456845
vt 0.415976 0.466113
vt 0.409610 0.463498
vt 0.401171 0.458306
vt 0.422365 0.472605
vt 0.431030 0.477158
vt 0.468718 0.468389
vt 0.458635 0.460495
vt 0.411138 0.470870
vt 0.479134 0.493299
vt 0.464313 0.475040
vt 0.449401 0.489196
vt 0.394796 0.470563
vt 0.441036 0.484980
vt 0.430204 0.481797
vt 0.437924 0.489204
vt 0.456321 0.496843
vt 0.447515 0.494608
vt 0.777712 0.540294
vt 0.774049 0.552160
vt 0.477784 0.482372
vt 0.770620 0.562612
vt 0.345415 0.461230
vt 0.765729 0.572012
vt 0.757930 0.581275
vt 0.751088 0.590431
vt 0.318048 0.445477
vt 0.318714 0.451667
vt 0.318340 0.457656
vt 0.341183 0.467993
vt 0.324955 0.463410
vt 0.318115 0.455207
vt 0.317317 0.460367
vt 0.768387 0.581201
vt 0.763548 0.583066
vt 0.758270 0.594601
vt 0.333000 0.466028
vt 0.476767 0.504658
vt 0.463995 0.505461
vt 0.473653 0.511022
vt 0.417291 0.508409
vt 0.405573 0.502103
vt 0.409874 0.511069
vt 0.430691 0.523759
vt 0.424153 0.523552
vt 0.755028 0.604925
vt 0.468309 0.516605
vt 0.454805 0.503104
vt 0.438178 0.517600
vt 0.446164 0.525158
vt 0.433785 0.522600
vt 0.456298 0.512745
vt 0.457146 0.522670
vt 0.763091 0.596078
vt 0.395605 0.417708
vt 0.380624 0.410418
vt 0.371714 0.406027
vt 0.343242 0.395164
vt 0.769997 0.604539
vt 0.358926 0.397272
vt 0.473488 0.471371
vt 0.350637 0.388723
vt 0.353087 0.392553
vt 0.744721 0.639414
vt 0.428380 0.525970
vt 0.414828 0.517202
vt 0.409537 0.512300
vt 0.416120 0.431325
vt 0.408578 0.426862
vt 0.704338 0.674564
vt 0.660638 0.569643
vt 0.676051 0.557402
vt 0.668739 0.591988
vt 0.675344 0.572827
vt 0.672665 0.604123
vt 0.678210 0.590880
vt 0.677987 0.600236
vt 0.674829 0.610064
vt 0.676828 0.625871
vt 0.677644 0.616745
vt 0.674031 0.638024
vt 0.695534 0.678935
vt 0.696386 0.690292
vt 0.689105 0.699435
vt 0.671854 0.624912
vt 0.673813 0.649058
vt 0.692215 0.657267
vt 0.657669 0.566724
vt 0.662799 0.536756
vt 0.678653 0.706230
vt 0.666694 0.655305
vt 0.645653 0.608213
vt 0.664250 0.665516
vt 0.662098 0.678101
vt 0.656211 0.708870
vt 0.641888 0.665207
vt 0.645245 0.702772
vt 0.801600 0.589087
vt 0.809689 0.575213
vt 0.635922 0.669935
vt 0.658157 0.536484
vt 0.653525 0.561882
vt 0.814819 0.564975
vt 0.558474 0.311478
vt 0.556336 0.302916
vt 0.563844 0.317704
vt 0.634237 0.682637
vt 0.632115 0.679429
vt 0.661118 0.423866
vt 0.649434 0.437713
vt 0.629343 0.677713
vt 0.646167 0.414774
vt 0.633237 0.412559
vt 0.616211 0.281417
vt 0.615448 0.295158
vt 0.607924 0.274253
vt 0.652560 0.384877
vt 0.712149 0.618456
vt 0.709989 0.637354
vt 0.680366 0.608881
vt 0.668971 0.535215
vt 0.682491 0.549472
vt 0.682372 0.580481
vt 0.683056 0.594575
vt 0.677173 0.532506
vt 0.640031 0.441679
vt 0.689471 0.530966
vt 0.690973 0.570086
vt 0.627812 0.426834
vt 0.695424 0.544356
vt 0.711099 0.599468
vt 0.580359 0.374475
vt 0.582875 0.381623
vt 0.698940 0.532641
vt 0.607582 0.442385
vt 0.708571 0.579311
vt 0.714410 0.582492
vt 0.624438 0.401548
vt 0.619318 0.409920
vt 0.611680 0.396457
vt 0.720820 0.579783
vt 0.730468 0.559622
vt 0.615897 0.442018
vt 0.625186 0.442543
vt 0.720295 0.550765
vt 0.712115 0.543337
vt 0.627886 0.315760
vt 0.643949 0.340912
vt 0.718798 0.588420
vt 0.716809 0.603522
vt 0.572861 0.273187
vt 0.585050 0.293867
vt 0.654735 0.538481
vt 0.590787 0.298098
vt 0.589548 0.307142
vt 0.565181 0.280607
vt 0.637673 0.693947
vt 0.701460 0.655898
vt 0.704403 0.656999
vt 0.654792 0.368033
vt 0.646548 0.350467
vt 0.649716 0.355663
vt 0.671350 0.409025
vt 0.668258 0.411444
vt 0.666445 0.395042
vt 0.658529 0.381825
vt 0.699636 0.689631
vt 0.639857 0.350303
vt 0.623775 0.648748
vt 0.612778 0.651053
vt 0.612077 0.644133
vt 0.603265 0.654447
vt 0.601768 0.639043
vt 0.587277 0.648698
vt 0.568386 0.641956
vt 0.524008 0.652740
vt 0.484291 0.647401
vt 0.476277 0.649719
vt 0.472777 0.657175
vt 0.554586 0.650215
vt 0.558899 0.636910
vt 0.637773 0.353587
vt 0.529062 0.655883
vt 0.541597 0.655127
vt 0.567169 0.657124
vt 0.531155 0.664054
vt 0.520540 0.670841
vt 0.496048 0.677861
vt 0.487694 0.685632
vt 0.503577 0.683917
vt 0.526009 0.681845
vt 0.547570 0.669208
vt 0.489105 0.699828
vt 0.514791 0.694020
vt 0.535722 0.685619
vt 0.556490 0.672055
vt 0.572761 0.664415
vt 0.543550 0.680860
vt 0.503757 0.702713
vt 0.512858 0.701385
vt 0.546837 0.686058
vt 0.561869 0.679892
vt 0.536739 0.694160
vt 0.521688 0.698970
vt 0.516901 0.702496
vt 0.566765 0.332634
vt 0.565374 0.332518
vt 0.623643 0.317108
vt 0.629204 0.340352
vt 0.545009 0.629939
vt 0.557981 0.625132
vt 0.565539 0.629223
vt 0.555861 0.608176
vt 0.586513 0.370139
vt 0.602249 0.406253
vt 0.587213 0.394372
vt 0.570372 0.632200
vt 0.634268 0.637859
vt 0.575502 0.623776
vt 0.591501 0.621769
vt 0.602760 0.615615
vt 0.594160 0.614880
vt 0.615146 0.608278
vt 0.626382 0.605775
vt 0.635476 0.603703
vt 0.622559 0.601247
vt 0.630717 0.594250
vt 0.611957 0.340780
vt 0.620324 0.316194
vt 0.616954 0.582485
vt 0.608359 0.318025
vt 0.499947 0.634487
vt 0.574477 0.333964
vt 0.508483 0.628961
vt 0.573791 0.591710
vt 0.560756 0.597137
vt 0.619720 0.285950
vt 0.625301 0.285741
vt 0.628349 0.294879
vt 0.608936 0.577786
vt 0.585484 0.587671
vt 0.582675 0.587565
vt 0.605793 0.573481
vt 0.595526 0.580043
vt 0.595727 0.410582
vt 0.601144 0.575968
vt 0.604318 0.572450
vt 0.632469 0.645350
vt 0.631867 0.640305
vt 0.527609 0.701852
vt 0.521244 0.705808
vt 0.631054 0.404665
vt 0.487371 0.642369
vt 0.523231 0.618195
vt 0.532474 0.612908
vt 0.541343 0.608673
vt 0.594326 0.661274
vt 0.480890 0.647567
vt 0.612326 0.377931
vt 0.608973 0.352863
vt 0.717140 0.364841
vt 0.720704 0.357268
vt 0.721799 0.367466
vt 0.726863 0.346889
vt 0.734670 0.349018
vt 0.735996 0.340854
vt 0.741388 0.349296
vt 0.746528 0.323816
vt 0.753235 0.351018
vt 0.758798 0.329602
vt 0.801807 0.243763
vt 0.815911 0.235637
vt 0.811390 0.258242
vt 0.765127 0.305066
vt 0.752984 0.303661
vt 0.779199 0.276264
vt 0.771195 0.282835
vt 0.819284 0.246776
vt 0.789629 0.247870
vt 0.809305 0.226636
vt 0.787058 0.246114
vt 0.774838 0.262526
vt 0.778153 0.247698
vt 0.790175 0.232742
vt 0.782565 0.236115
vt 0.608668 0.363191
vt 0.609519 0.371487
vt 0.759890 0.251798
vt 0.765925 0.227695
vt 0.776104 0.221056
vt 0.730079 0.339557
vt 0.743715 0.307566
vt 0.759368 0.370424
vt 0.753263 0.380711
vt 0.766466 0.337721
vt 0.806719 0.283128
vt 0.816528 0.272535
vt 0.821622 0.260108
vt 0.779643 0.347471
vt 0.770933 0.368273
vt 0.763390 0.369572
vt 0.757535 0.385553
vt 0.789166 0.362507
vt 0.767141 0.386237
vt 0.758845 0.396684
vt 0.771670 0.395927
vt 0.746552 0.392642
vt 0.723072 0.369348
vt 0.600271 0.292604
vt 0.596758 0.310866
vt 0.593028 0.318635
vt 0.810092 0.283740
vt 0.823386 0.252171
vt 0.759838 0.271498
vt 0.757208 0.243822
vt 0.759730 0.236104
vt 0.599114 0.321734
vt 0.731830 0.328037
vt 0.737808 0.309158
vt 0.752007 0.273420
vt 0.748080 0.272563
vt 0.742344 0.287945
vt 0.749729 0.257978
vt 0.756198 0.239004
vt 0.602504 0.315341
vt 0.752869 0.239094
vt 0.603967 0.356727
vt 0.815938 0.285030
vt 0.813823 0.300713
vt 0.805199 0.331582
vt 0.800155 0.351030
vt 0.795497 0.362350
vt 0.781002 0.394302
vt 0.793663 0.368935
vt 0.791895 0.380086
vt 0.790857 0.387874
vt 0.791740 0.392586
vt 0.091636 0.690616
vt 0.090396 0.691324
vt 0.088877 0.681997
vt 0.084309 0.670026
vt 0.071688 0.633236
vt 0.067261 0.642975
vt 0.067047 0.622240
vt 0.053003 0.646123
vt 0.054102 0.623424
vt 0.034511 0.593775
vt 0.020597 0.547048
vt 0.054152 0.662706
vt 0.051414 0.678116
vt 0.048115 0.660830
vt 0.052069 0.712626
vt 0.052876 0.723193
vt 0.041128 0.696881
vt 0.040830 0.721780
vt 0.103017 0.619588
vt 0.105793 0.617900
vt 0.119556 0.628621
vt 0.101078 0.624440
vt 0.038714 0.623936
vt 0.236715 0.617247
vt 0.238760 0.621112
vt 0.220740 0.617721
vt 0.044453 0.639671
vt 0.026458 0.609183
vt 0.006586 0.582146
vt 0.002339 0.569508
vt 0.007033 0.561006
vt 0.040050 0.642949
vt 0.039956 0.634483
vt 0.039415 0.651840
vt 0.043921 0.649776
vt 0.043571 0.661799
vt 0.106846 0.616312
vt 0.107198 0.613490
vt 0.112001 0.613260
vt 0.111912 0.614717
vt 0.008512 0.615035
vt 0.120107 0.616180
vt 0.045899 0.673234
vt 0.012711 0.645621
vt 0.129611 0.618263
vt 0.132515 0.625742
vt 0.042167 0.670363
vt 0.169426 0.625366
vt 0.167064 0.619206
vt 0.181904 0.625246
vt 0.009482 0.645155
vt 0.005253 0.615078
vt 0.005224 0.601569
vt 0.151689 0.690351
vt 0.171701 0.687799
vt 0.168309 0.689612
vt 0.147590 0.686326
vt 0.235627 0.685120
vt 0.243225 0.688042
vt 0.231810 0.688744
vt 0.017130 0.675703
vt 0.006659 0.631110
vt 0.200317 0.690382
vt 0.016494 0.683043
vt 0.011147 0.664838
vt 0.009745 0.653104
vt 0.178089 0.690302
vt 0.018015 0.701192
vt 0.018071 0.709954
vt 0.176709 0.618575
vt 0.204093 0.619698
vt 0.200318 0.624394
vt 0.002849 0.580508
vt 0.085824 0.661441
vt 0.089063 0.670654
vt 0.085486 0.649458
vt 0.034157 0.551964
vt 0.112816 0.656131
vt 0.048484 0.595290
vt 0.061061 0.597484
vt 0.069703 0.599732
vt 0.074345 0.635088
vt 0.079279 0.636029
vt 0.081354 0.644068
vt 0.038350 0.558692
vt 0.039691 0.542910
vt 0.139102 0.618838
vt 0.153033 0.625129
vt 0.062830 0.570609
vt 0.067318 0.581343
vt 0.074214 0.598780
vt 0.078487 0.617919
vt 0.050611 0.546133
vt 0.132262 0.688533
vt 0.120119 0.688095
vt 0.121639 0.684931
vt 0.064007 0.557865
vt 0.069139 0.566682
vt 0.242999 0.623883
vt 0.074790 0.585013
vt 0.182869 0.631073
vt 0.250118 0.625833
vt 0.261874 0.637938
vt 0.245634 0.641769
vt 0.073069 0.567955
vt 0.030739 0.542854
vt 0.061331 0.689582
vt 0.078672 0.695417
vt 0.088868 0.698955
vt 0.090299 0.696825
vt 0.092610 0.695659
vt 0.052950 0.697634
vt 0.055839 0.705206
vt 0.266286 0.648205
vt 0.061678 0.721262
vt 0.061788 0.700901
vt 0.109637 0.641655
vt 0.131812 0.645474
vt 0.093875 0.680945
vt 0.124483 0.681471
vt 0.084103 0.702519
vt 0.078260 0.665111
vt 0.266261 0.659498
vt 0.261669 0.670758
vt 0.016477 0.710433
vt 0.016300 0.715122
vt 0.018486 0.715980
vt 0.071579 0.715051
vt 0.132478 0.652410
vt 0.145136 0.528631
vt 0.131639 0.521053
vt 0.134592 0.517012
vt 0.123627 0.514042
vt 0.134253 0.514039
vt 0.112524 0.490917
vt 0.100231 0.480941
vt 0.103026 0.477003
vt 0.092505 0.475486
vt 0.088842 0.469447
vt 0.073892 0.461890
vt 0.058142 0.457003
vt 0.023109 0.453423
vt 0.033830 0.439748
vt 0.025375 0.436383
vt 0.032614 0.432657
vt 0.042240 0.436111
vt 0.043784 0.434369
vt 0.143957 0.632277
vt 0.016470 0.443364
vt 0.051355 0.465166
vt 0.025719 0.459103
vt 0.059080 0.475764
vt 0.019678 0.461455
vt 0.008097 0.456645
vt 0.043803 0.469817
vt 0.006478 0.466995
vt 0.009334 0.478480
vt 0.091612 0.506307
vt 0.082946 0.512289
vt 0.063431 0.508290
vt 0.168950 0.631645
vt 0.167177 0.634575
vt 0.076263 0.501554
vt 0.063864 0.502159
vt 0.058562 0.499141
vt 0.016882 0.489497
vt 0.053764 0.507580
vt 0.113896 0.479863
vt 0.126165 0.483138
vt 0.137640 0.482080
vt 0.147419 0.486811
vt 0.180845 0.465763
vt 0.183566 0.475226
vt 0.169562 0.458374
vt 0.180734 0.458749
vt 0.072098 0.444980
vt 0.152506 0.617576
vt 0.079368 0.460180
vt 0.118373 0.476193
vt 0.108484 0.451591
vt 0.113261 0.463909
vt 0.134983 0.459077
vt 0.139181 0.655928
vt 0.160819 0.488178
vt 0.151893 0.456272
vt 0.106643 0.445778
vt 0.115694 0.445930
vt 0.134952 0.449662
vt 0.061349 0.437209
vt 0.106022 0.443830
vt 0.094689 0.440479
vt 0.041589 0.497311
vt 0.029522 0.498518
vt 0.204258 0.665875
vt 0.211139 0.658771
vt 0.156962 0.528973
vt 0.129217 0.492858
vt 0.222349 0.655243
vt 0.137272 0.486602
vt 0.185793 0.493535
vt 0.174810 0.491754
vt 0.161007 0.492861
vt 0.149188 0.490941
vt 0.172538 0.496372
vt 0.155797 0.497732
vt 0.146464 0.499630
vt 0.182834 0.504190
vt 0.165001 0.505750
vt 0.164675 0.522820
vt 0.134577 0.509327
vt 0.191982 0.660391
vt 0.170965 0.517852
vt 0.154310 0.532584
vt 0.158525 0.528567
vt 0.113238 0.518638
vt 0.199810 0.657945
vt 0.210241 0.654368
vt 0.178850 0.659535
vt 0.203851 0.652379
vt 0.189516 0.655208
vt 0.189920 0.651266
vt 0.070055 0.438788
vt 0.080674 0.439083
vt 0.116803 0.666594
vt 0.174012 0.654234
vt 0.041790 0.506573
vt 0.031201 0.504365
vt 0.145148 0.528634
vt 0.131621 0.521045
vt 0.134641 0.517044
vt 0.123631 0.514078
vt 0.134238 0.514031
vt 0.099614 0.478847
vt 0.092433 0.475450
vt 0.088884 0.469462
vt 0.041535 0.454527
vt 0.023025 0.453427
vt 0.033730 0.439766
vt 0.025401 0.436373
vt 0.032615 0.432666
vt 0.042218 0.436108
vt 0.043708 0.434363
vt 0.125644 0.494213
vt 0.104600 0.486493
vt 0.016482 0.443355
vt 0.047634 0.464501
vt 0.008071 0.456710
vt 0.031782 0.462912
vt 0.043783 0.468102
vt 0.006468 0.466975
vt 0.099127 0.500607
vt 0.088967 0.504264
vt 0.064375 0.502235
vt 0.063453 0.508295
vt 0.058526 0.499156
vt 0.053764 0.507572
vt 0.120006 0.482558
vt 0.126450 0.482936
vt 0.129318 0.478699
vt 0.137630 0.482074
vt 0.148457 0.483242
vt 0.159129 0.485880
vt 0.180844 0.465739
vt 0.183565 0.475224
vt 0.169579 0.458365
vt 0.181385 0.459462
vt 0.180362 0.458368
vt 0.111835 0.479124
vt 0.102819 0.473945
vt 0.104461 0.469972
vt 0.118377 0.476180
vt 0.128931 0.471410
vt 0.140239 0.458884
vt 0.106561 0.445752
vt 0.115570 0.445914
vt 0.134877 0.449645
vt 0.094754 0.440493
vt 0.041702 0.497314
vt 0.029508 0.498465
vt 0.016855 0.489458
vt 0.156963 0.528974
vt 0.134583 0.509342
vt 0.147544 0.499477
vt 0.129268 0.489966
vt 0.186122 0.490071
vt 0.160570 0.491480
vt 0.182145 0.505342
vt 0.165232 0.505675
vt 0.164641 0.522853
vt 0.170955 0.517859
vt 0.165828 0.737938
vt 0.154315 0.532579
vt 0.179422 0.733868
vt 0.048343 0.812217
vt 0.113355 0.518677
vt 0.030208 0.811570
vt 0.033728 0.812363
vt 0.048154 0.779916
vt 0.065140 0.773637
vt 0.093871 0.786058
vt 0.096626 0.791661
vt 0.088321 0.795177
vt 0.126781 0.777095
vt 0.076393 0.799429
vt 0.066457 0.795267
vt 0.152243 0.456003
vt 0.177026 0.725417
vt 0.070055 0.438787
vt 0.080654 0.439078
vt 0.159693 0.709286
vt 0.134927 0.714389
vt 0.162393 0.724438
vt 0.172729 0.718836
vt 0.116063 0.715476
vt 0.041754 0.506562
vt 0.031197 0.504371
vt 0.112054 0.724117
vt 0.125604 0.732642
vt 0.328689 0.748110
vt 0.315892 0.755811
vt 0.321446 0.750863
vt 0.327227 0.772338
vt 0.271719 0.799482
vt 0.266088 0.805753
vt 0.217182 0.839217
vt 0.203116 0.849741
vt 0.194979 0.841928
vt 0.140808 0.730850
vt 0.268851 0.809443
vt 0.265866 0.817246
vt 0.248213 0.842732
vt 0.218898 0.858487
vt 0.214883 0.856226
vt 0.292767 0.798037
vt 0.334856 0.752141
vt 0.351289 0.758066
vt 0.342636 0.753359
vt 0.328134 0.779562
vt 0.316106 0.784525
vt 0.224715 0.862560
vt 0.234299 0.862677
vt 0.228181 0.866558
vt 0.282993 0.823349
vt 0.284283 0.810735
vt 0.341059 0.770703
vt 0.109085 0.777767
vt 0.090206 0.778929
vt 0.102931 0.762226
vt 0.280799 0.830879
vt 0.289493 0.830073
vt 0.281589 0.839569
vt 0.289068 0.836859
vt 0.313852 0.827401
vt 0.306008 0.831784
vt 0.124184 0.754858
vt 0.125473 0.767143
vt 0.318517 0.791715
vt 0.328736 0.785054
vt 0.341687 0.777141
vt 0.351845 0.772174
vt 0.357579 0.765011
vt 0.361033 0.771368
vt 0.100728 0.740527
vt 0.074791 0.732146
vt 0.362571 0.778487
vt 0.155726 0.769242
vt 0.165177 0.764243
vt 0.161159 0.770515
vt 0.136181 0.773387
vt 0.145836 0.766067
vt 0.362344 0.789521
vt 0.357134 0.802594
vt 0.005603 0.756263
vt 0.015236 0.754210
vt 0.251099 0.845295
vt 0.252420 0.850249
vt 0.242246 0.856901
vt 0.170990 0.759535
vt 0.116262 0.786732
vt 0.269672 0.845611
vt 0.131315 0.780707
vt 0.302182 0.757659
vt 0.147345 0.777708
vt 0.256982 0.809456
vt 0.247936 0.813992
vt 0.259818 0.803187
vt 0.161138 0.773947
vt 0.247107 0.810002
vt 0.231279 0.816382
vt 0.243930 0.808603
vt 0.105942 0.745294
vt 0.237798 0.805540
vt 0.217232 0.823109
vt 0.201948 0.837050
vt 0.214884 0.815976
vt 0.253938 0.774104
vt 0.259493 0.774907
vt 0.142899 0.738313
vt 0.242045 0.850631
vt 0.222148 0.861827
vt 0.284413 0.762127
vt 0.265243 0.770000
vt 0.189811 0.818985
vt 0.225571 0.797045
vt 0.191371 0.798052
vt 0.195622 0.798168
vt 0.107388 0.751265
vt 0.097282 0.750661
vt 0.088122 0.751108
vt 0.189976 0.809672
vt 0.347444 0.812556
vt 0.322650 0.824304
vt 0.335386 0.821620
vt 0.084089 0.756350
vt 0.188990 0.803665
vt 0.347041 0.817790
vt 0.237121 0.780662
vt 0.429510 0.431596
vt 0.442830 0.437063
vt 0.439395 0.439557
vt 0.450088 0.433734
vt 0.426865 0.411283
vt 0.447865 0.419059
vt 0.429564 0.398570
vt 0.432566 0.395063
vt 0.424486 0.384165
vt 0.414863 0.375899
vt 0.410299 0.370024
vt 0.397368 0.364772
vt 0.407431 0.364969
vt 0.380878 0.343967
vt 0.351983 0.308674
vt 0.338561 0.325656
vt 0.395209 0.353363
vt 0.390730 0.357600
vt 0.397161 0.368839
vt 0.415591 0.409543
vt 0.428414 0.420188
vt 0.421131 0.415913
vt 0.382607 0.362477
vt 0.328180 0.318084
vt 0.366849 0.354444
vt 0.341896 0.337036
vt 0.320337 0.326753
vt 0.362713 0.357679
vt 0.352321 0.347168
vt 0.391496 0.396856
vt 0.419056 0.421543
vt 0.396155 0.392814
vt 0.327666 0.332204
vt 0.404864 0.415649
vt 0.392761 0.400124
vt 0.363635 0.383860
vt 0.336578 0.365729
vt 0.355579 0.378782
vt 0.338818 0.381776
vt 0.330498 0.371706
vt 0.327749 0.367155
vt 0.076462 0.770345
vt 0.445661 0.397649
vt 0.457082 0.404851
vt 0.112435 0.780654
vt 0.424251 0.377233
vt 0.387703 0.325441
vt 0.374805 0.319533
vt 0.400143 0.329818
vt 0.433895 0.383572
vt 0.438672 0.390790
vt 0.443503 0.386770
vt 0.481162 0.411874
vt 0.485338 0.386054
vt 0.468280 0.370134
vt 0.455738 0.363108
vt 0.376303 0.399505
vt 0.347101 0.385176
vt 0.446314 0.436725
vt 0.340181 0.340838
vt 0.317306 0.352313
vt 0.320453 0.359438
vt 0.329876 0.376422
vt 0.003466 0.772112
vt 0.018207 0.768422
vt 0.020700 0.775997
vt 0.004183 0.781106
vt 0.476324 0.419023
vt 0.072496 0.727602
vt 0.086968 0.719965
vt 0.091723 0.721688
vt 0.067731 0.726651
vt 0.047797 0.733382
vt 0.043697 0.738447
vt 0.041626 0.747081
vt 0.029755 0.741932
vt 0.456367 0.430934
vt 0.107660 0.714437
vt 0.423423 0.342885
vt 0.440503 0.351870
vt 0.033408 0.762818
vt 0.484279 0.399741
vt 0.055946 0.753246
vt 0.479692 0.375210
vt 0.487169 0.377906
vt 0.411127 0.335346
vt 0.507189 0.530942
vt 0.578846 0.507157
vt 0.589539 0.506855
vt 0.579347 0.518888
vt 0.593829 0.522164
vt 0.608788 0.514981
vt 0.630484 0.498351
vt 0.639356 0.505835
vt 0.570993 0.504965
vt 0.530789 0.520159
vt 0.605046 0.494560
vt 0.623326 0.495254
vt 0.612724 0.523230
vt 0.583155 0.547967
vt 0.575335 0.548942
vt 0.553244 0.566854
vt 0.569469 0.576652
vt 0.548132 0.586682
vt 0.541737 0.593427
vt 0.493967 0.601873
vt 0.480294 0.589071
vt 0.544093 0.566384
vt 0.564637 0.557193
vt 0.565120 0.551742
vt 0.591967 0.531834
vt 0.555257 0.555866
vt 0.548651 0.558711
vt 0.578363 0.530140
vt 0.539964 0.562628
vt 0.554163 0.551807
vt 0.498357 0.605646
vt 0.543676 0.555597
vt 0.563522 0.536769
vt 0.562130 0.520446
vt 0.540696 0.551474
vt 0.548119 0.543837
vt 0.496764 0.575159
vt 0.544572 0.533062
vt 0.501866 0.568586
vt 0.523028 0.538090
vt 0.543119 0.529127
vt 0.473780 0.572458
vt 0.523702 0.530292
vt 0.137612 0.706082
vt 0.497943 0.541135
vt 0.508235 0.536194
vt 0.612468 0.493347
vt 0.857192 0.820786
vt 0.795172 0.814373
vt 0.795106 0.810692
vt 0.578426 0.555763
vt 0.598812 0.559181
vt 0.626551 0.547126
vt 0.609177 0.561718
vt 0.639582 0.545412
vt 0.635810 0.549777
vt 0.636087 0.552558
vt 0.593358 0.538936
vt 0.642919 0.540120
vt 0.612276 0.528806
vt 0.823941 0.783650
vt 0.836125 0.778695
vt 0.597851 0.533672
vt 0.838034 0.781051
vt 0.604115 0.527950
vt 0.842561 0.787941
vt 0.723007 0.872832
vt 0.713114 0.874607
vt 0.710355 0.870845
vt 0.741519 0.862987
vt 0.743179 0.868276
vt 0.750147 0.863516
vt 0.798379 0.787656
vt 0.599665 0.568802
vt 0.611729 0.563214
vt 0.694114 0.864504
vt 0.720503 0.861029
vt 0.721409 0.866060
vt 0.580336 0.578159
vt 0.564957 0.583656
vt 0.800614 0.832440
vt 0.838321 0.830357
vt 0.478582 0.546092
vt 0.478701 0.540067
vt 0.480375 0.537462
vt 0.740216 0.855672
vt 0.494171 0.533430
vt 0.486971 0.538816
vt 0.510521 0.603059
vt 0.525864 0.597665
vt 0.513283 0.604302
vt 0.758539 0.839975
vt 0.555906 0.587647
vt 0.480808 0.535386
vt 0.783627 0.835548
vt 0.501711 0.612000
vt 0.501442 0.610267
vt 0.816031 0.852139
vt 0.816186 0.855424
vt 0.822378 0.815835
vt 0.845117 0.813609
vt 0.771545 0.792243
vt 0.770898 0.795219
vt 0.761133 0.793436
vt 0.741239 0.799097
vt 0.730564 0.799544
vt 0.726044 0.802607
vt 0.705391 0.803276
vt 0.721115 0.800972
vt 0.554771 0.510177
vt 0.695573 0.808088
vt 0.585091 0.497759
vt 0.601781 0.493471
vt 0.600423 0.490741
vt 0.898711 0.507939
vt 0.892866 0.485283
vt 0.881483 0.497639
vt 0.885545 0.514385
vt 0.874581 0.530698
vt 0.871585 0.558509
vt 0.874789 0.578776
vt 0.880666 0.597475
vt 0.861961 0.587578
vt 0.873357 0.545090
vt 0.874323 0.536999
vt 0.893268 0.466167
vt 0.899536 0.483803
vt 0.870085 0.514256
vt 0.882178 0.461502
vt 0.711392 0.835028
vt 0.864491 0.512055
vt 0.861837 0.518108
vt 0.868459 0.482731
vt 0.869010 0.458898
vt 0.851687 0.838351
vt 0.780125 0.799436
vt 0.843325 0.528961
vt 0.847737 0.546647
vt 0.856982 0.578825
vt 0.858432 0.617590
vt 0.855590 0.616666
vt 0.850333 0.584013
vt 0.756981 0.801775
vt 0.848139 0.574440
vt 0.844534 0.562023
vt 0.748034 0.818357
vt 0.906355 0.498772
vt 0.884612 0.583685
vt 0.889988 0.599693
vt 0.893466 0.611299
vt 0.900982 0.533982
vt 0.894080 0.557644
vt 0.892263 0.575085
vt 0.906889 0.534466
vt 0.910086 0.563084
vt 0.898081 0.586284
vt 0.913695 0.552861
vt 0.915623 0.611745
vt 0.918763 0.619949
vt 0.851859 0.800434
vt 0.915675 0.549160
vt 0.877292 0.608144
vt 0.879510 0.624104
vt 0.866861 0.616650
vt 0.856336 0.809997
vt 0.879781 0.636031
vt 0.866166 0.627166
vt 0.895595 0.624275
vt 0.891428 0.638085
vt 0.775807 0.813538
vt 0.838527 0.512643
vt 0.840215 0.506704
vt 0.848468 0.466390
vt 0.843175 0.508018
vt 0.831404 0.480536
vt 0.847590 0.846851
vt 0.923211 0.610230
vt 0.925840 0.607289
vt 0.921898 0.586419
vt 0.918789 0.564653
vt 0.918692 0.573300
vt 0.905527 0.485643
vt 0.795294 0.825373
vt 0.768238 0.817374
vt 0.785152 0.825949
vt 0.680205 0.849467
vt 0.695795 0.847700
vt 0.689743 0.843832
vt 0.844464 0.547188
vt 0.843171 0.547615
vt 0.846706 0.574352
vt 0.677667 0.839161
vt 0.688505 0.838777
vt 0.701205 0.835987
vt 0.394050 0.676928
vt 0.395498 0.673008
vt 0.397912 0.677286
vt 0.405607 0.649458
vt 0.401098 0.679093
vt 0.409950 0.678229
vt 0.412142 0.644156
vt 0.433044 0.627280
vt 0.428645 0.611706
vt 0.438371 0.610696
vt 0.444380 0.587840
vt 0.443185 0.571832
vt 0.449364 0.571226
vt 0.451248 0.549408
vt 0.469892 0.540384
vt 0.471201 0.562660
vt 0.473355 0.549523
vt 0.707893 0.841353
vt 0.425983 0.654438
vt 0.427159 0.629817
vt 0.442643 0.604174
vt 0.447053 0.607861
vt 0.451274 0.608293
vt 0.423096 0.676172
vt 0.417018 0.703221
vt 0.468551 0.577949
vt 0.679371 0.828724
vt 0.696675 0.830897
vt 0.434948 0.669502
vt 0.430639 0.682172
vt 0.427697 0.696150
vt 0.449267 0.646879
vt 0.459963 0.649155
vt 0.434709 0.693603
vt 0.427086 0.707951
vt 0.445542 0.669681
vt 0.457971 0.684553
vt 0.446287 0.685559
vt 0.444764 0.706627
vt 0.435007 0.708810
vt 0.451708 0.703149
vt 0.471655 0.608534
vt 0.464186 0.653498
vt 0.761446 0.830525
vt 0.827287 0.855859
vt 0.458836 0.533421
vt 0.447578 0.556891
vt 0.436160 0.579284
vt 0.430536 0.597889
vt 0.414985 0.609775
vt 0.408358 0.615558
vt 0.406304 0.637838
vt 0.398396 0.651666
vt 0.395821 0.666284
vt 0.778783 0.831117
vt 0.411244 0.539900
vt 0.751572 0.831526
vt 0.690243 0.828916
vt 0.428318 0.564192
vt 0.402940 0.544410
vt 0.402819 0.572428
vt 0.400965 0.586389
vt 0.723375 0.825314
vt 0.401326 0.610431
vt 0.399869 0.640961
vt 0.399166 0.623394
vt 0.758574 0.825615
vt 0.686735 0.815823
vt 0.398976 0.558335
vt 0.397283 0.548376
vt 0.773569 0.826941
vt 0.467457 0.669277
vt 0.468333 0.657151
vt 0.469855 0.647228
vt 0.769419 0.822750
vt 0.474743 0.542581
vt 0.408519 0.694874
vt 0.844044 0.853869
vt 0.843660 0.856848
vt 0.836729 0.856598
vt 0.845888 0.851940
vt 0.472963 0.589441
vt 0.471890 0.627657
vt 0.471921 0.578666
vt 0.471172 0.569846
vt 0.464656 0.684849
vt 0.696507 0.804810
vt 0.437001 0.567516
vt 0.441994 0.538579
vt 0.441885 0.551519
vt 0.436128 0.543753
vt 0.440147 0.561675
vt 0.443969 0.527236
s 1
usemtl Material.001
f 71/1/1 2/2/2 1/3/3
f 8/4/4 9/5/5 10/6/6
f 8/4/4 11/7/7 7/8/8
f 11/7/7 12/9/9 6/10/10
f 12/9/9 4/11/11 5/12/12
f 5739/13/13 5743/14/14 5740/15/15
f 11/7/7 2/2/2 12/9/9
f 12/9/9 2/2/2 4/11/11
f 5761/16/16 5738/17/17 5742/18/18
f 11/7/7 8/4/4 13/19/19
f 15/20/20 97/21/21 73/22/22
f 97/21/21 16/23/23 73/22/22
f 73/22/22 16/23/23 17/24/24
f 16/23/23 18/25/25 17/24/24
f 24/26/26 25/27/27 26/28/28
f 25/27/27 30/29/29 27/30/30
f 30/29/29 6/10/10 27/30/30
f 27/30/30 6/10/10 5/12/12
f 18/25/25 28/31/31 19/32/32
f 19/32/32 28/31/31 20/33/33
f 28/31/31 21/34/34 20/33/33
f 22/35/35 29/36/36 23/37/37
f 29/36/36 24/26/26 23/37/37
f 21/34/34 29/36/36 22/35/35
f 29/36/36 31/38/38 24/26/26
f 31/38/38 32/39/39 24/26/26
f 32/39/39 33/40/40 24/26/26
f 24/26/26 33/40/40 25/27/27
f 5722/41/41 5714/42/42 5721/43/43
f 5714/42/42 5659/44/44 5713/45/45
f 21/34/34 35/46/46 29/36/36
f 33/40/40 38/47/47 25/27/27
f 25/27/27 38/47/47 30/29/29
f 38/47/47 36/48/48 30/29/29
f 30/29/29 7/8/8 6/10/10
f 5714/42/42 5722/41/41 5718/49/49
f 31/38/38 37/50/50 32/39/39
f 37/50/50 33/40/40 32/39/39
f 36/48/48 7/8/8 30/29/29
f 35/46/46 39/51/51 29/36/36
f 29/36/36 39/51/51 37/50/50
f 37/50/50 40/52/52 38/47/47
f 40/52/52 41/53/53 38/47/47
f 42/54/54 43/55/55 36/48/48
f 43/55/55 7/8/8 36/48/48
f 5675/56/56 5680/57/57 5676/58/58
f 41/53/53 42/54/54 36/48/48
f 42/54/54 44/59/59 43/55/55
f 44/59/59 45/60/60 43/55/55
f 43/55/55 45/60/60 7/8/8
f 7/8/8 45/60/60 8/4/4
f 45/60/60 9/5/5 8/4/4
f 5744/61/61 5666/62/62 5745/63/63
f 39/51/51 46/64/64 37/50/50
f 46/64/64 47/65/65 37/50/50
f 37/50/50 47/65/65 40/52/52
f 47/65/65 42/54/54 41/53/53
f 47/65/65 44/59/59 42/54/54
f 48/66/66 49/67/67 45/60/60
f 5666/62/62 5700/68/68 5665/69/69
f 46/64/64 51/70/70 47/65/65
f 51/70/70 48/66/66 47/65/65
f 47/65/65 48/66/66 44/59/59
f 49/67/67 53/71/71 9/5/5
f 5683/72/72 5682/73/73 5689/74/74
f 52/75/75 53/71/71 49/67/67
f 50/76/76 51/70/70 46/64/64
f 48/66/66 51/70/70 52/75/75
f 51/70/70 54/77/77 52/75/75
f 52/75/75 54/77/77 53/71/71
f 51/70/70 96/78/78 54/77/77
f 56/79/79 50/76/76 57/80/80
f 57/80/80 50/76/76 58/81/81
f 50/76/76 34/82/82 58/81/81
f 50/76/76 46/64/64 39/51/51
f 34/82/82 50/76/76 39/51/51
f 8/4/4 10/6/6 13/19/19
f 5672/83/83 5673/84/84 5662/85/85
f 20/33/33 61/86/86 60/87/87
f 60/87/87 61/86/86 62/88/88
f 62/88/88 64/89/89 63/90/90
f 64/89/89 80/91/91 65/92/92
f 5715/93/93 5711/94/94 5710/95/95
f 23/37/37 24/26/26 26/28/28
f 26/28/28 68/96/96 23/37/37
f 23/37/37 68/96/96 66/97/97
f 59/98/98 61/86/86 20/33/33
f 5664/99/99 5682/73/73 5674/100/100
f 27/30/30 5/12/12 69/101/101
f 5/12/12 4/11/11 70/102/102
f 70/102/102 4/11/11 3/103/103
f 5700/68/68 5737/104/104 5701/105/105
f 27/30/30 69/101/101 72/106/106
f 72/106/106 84/107/107 67/108/108
f 68/96/96 61/86/86 66/97/97
f 68/96/96 26/28/28 84/107/107
f 5712/109/109 5717/110/110 5713/45/45
f 15/20/20 73/22/22 14/111/111
f 5720/112/112 5727/113/113 5721/43/43
f 17/24/24 18/25/25 74/114/114
f 5681/115/115 5667/116/116 5677/117/117
f 5681/115/115 5668/118/118 5667/116/116
f 20/33/33 60/87/87 19/32/32
f 60/87/87 75/119/119 19/32/32
f 75/119/119 18/25/25 19/32/32
f 18/25/25 75/119/119 74/114/114
f 5660/120/120 5672/83/83 5661/121/121
f 60/87/87 62/88/88 75/119/119
f 62/88/88 76/122/122 75/119/119
f 62/88/88 63/90/90 78/123/123
f 76/122/122 77/124/124 75/119/119
f 5731/125/125 5727/113/113 5730/126/126
f 63/90/90 77/124/124 78/123/123
f 5752/127/127 5759/128/128 5736/129/129
f 63/90/90 64/89/89 65/92/92
f 59/98/98 20/33/33 21/34/34
f 5581/130/130 5576/131/131 5583/132/132
f 64/89/89 68/96/96 79/133/133
f 79/133/133 83/134/134 80/91/91
f 83/134/134 81/135/135 80/91/91
f 5563/136/136 5573/137/137 5565/138/138
f 69/101/101 5/12/12 70/102/102
f 5625/139/139 5626/140/140 5624/141/141
f 68/96/96 84/107/107 79/133/133
f 79/133/133 84/107/107 83/134/134
f 84/107/107 72/106/106 83/134/134
f 83/134/134 72/106/106 85/142/142
f 85/142/142 72/106/106 69/101/101
f 87/143/143 85/142/142 69/101/101
f 69/101/101 86/144/144 87/143/143
f 85/142/142 81/135/135 83/134/134
f 85/142/142 82/145/145 81/135/135
f 5606/146/146 5619/147/147 5605/148/148
f 87/143/143 88/149/149 85/142/142
f 85/142/142 88/149/149 89/150/150
f 5554/151/151 5586/152/152 5579/153/153
f 89/150/150 82/145/145 85/142/142
f 68/96/96 64/89/89 61/86/86
f 61/86/86 64/89/89 62/88/88
f 64/89/89 79/133/133 80/91/91
f 5570/154/154 5560/155/155 5558/156/156
f 5612/157/157 5613/158/158 5622/159/159
f 5608/160/160 5611/161/161 5607/162/162
f 5557/163/163 5559/164/164 5608/160/160
f 5646/165/165 5648/166/166 5647/167/167
f 86/144/144 69/101/101 70/102/102
f 5625/139/139 5604/168/168 5620/169/169
f 5581/130/130 5589/170/170 5582/171/171
f 23/37/37 66/97/97 22/35/35
f 5612/157/157 5610/172/172 5615/173/173
f 4/11/11 2/2/2 3/103/103
f 5618/174/174 5627/175/175 5614/176/176
f 28/31/31 34/82/82 35/46/46
f 35/46/46 34/82/82 39/51/51
f 34/82/82 90/177/177 58/81/81
f 90/177/177 91/178/178 58/81/81
f 91/178/178 92/179/179 58/81/81
f 58/81/81 92/179/179 93/180/180
f 5445/181/181 5457/182/182 5443/183/183
f 58/81/81 93/180/180 57/80/80
f 57/80/80 94/184/184 56/79/79
f 50/76/76 56/79/79 55/185/185
f 5505/186/186 5508/187/187 5506/188/188
f 56/79/79 95/189/189 55/185/185
f 5445/181/181 5444/190/190 5447/191/191
f 96/78/78 51/70/70 55/185/185
f 5502/192/192 5459/193/193 5441/194/194
f 5469/195/195 5472/196/196 5459/193/193
f 15/20/20 14/111/111 98/197/197
f 5482/198/198 5484/199/199 5478/200/200
f 16/23/23 34/82/82 28/31/31
f 5489/201/201 5482/198/198 5486/202/202
f 100/203/203 97/21/21 98/197/197
f 100/203/203 99/204/204 97/21/21
f 97/21/21 99/204/204 90/177/177
f 5509/205/205 5515/206/206 5511/207/207
f 5451/208/208 5455/209/209 5530/210/210
f 90/177/177 99/204/204 91/178/178
f 5470/211/211 5463/212/212 5460/213/213
f 5448/214/214 5513/215/215 5450/216/216
f 56/79/79 101/217/217 95/189/189
f 5530/210/210 5456/218/218 5450/216/216
f 5438/219/219 5501/220/220 5499/221/221
f 5535/222/222 5537/223/223 5536/224/224
f 59/98/98 66/97/97 61/86/86
f 84/107/107 26/28/28 67/108/108
f 11/7/7 6/10/10 7/8/8
f 5471/225/225 5476/226/226 5468/227/227
f 5454/228/228 5466/229/229 5453/230/230
f 6/10/10 12/9/9 5/12/12
f 5444/190/190 5443/183/183 5442/231/231
f 103/232/232 104/233/233 102/234/234
f 105/235/235 118/236/236 117/237/237
f 118/236/236 106/238/238 107/239/239
f 107/239/239 108/240/240 109/241/241
f 114/242/242 111/243/243 110/244/244
f 110/244/244 111/243/243 112/245/245
f 112/245/245 111/243/243 334/246/246
f 112/245/245 334/246/246 115/247/247
f 115/247/247 334/246/246 113/248/248
f 5503/249/249 5440/250/250 5499/221/221
f 5355/251/251 5394/252/252 5341/253/253
f 5359/254/254 5357/255/255 5356/256/256
f 118/236/236 109/241/241 114/242/242
f 116/257/257 117/237/237 110/244/244
f 110/244/244 117/237/237 114/242/242
f 114/242/242 117/237/237 118/236/236
f 5355/251/251 5357/255/255 5343/258/258
f 119/259/259 120/260/260 121/261/261
f 120/260/260 122/262/262 123/263/263
f 126/264/264 127/265/265 128/266/266
f 129/267/267 130/268/268 416/269/269
f 122/262/262 360/270/270 123/263/263
f 123/263/263 360/270/270 124/271/271
f 134/272/272 125/273/273 124/271/271
f 129/267/267 135/274/274 130/268/268
f 130/268/268 548/275/275 131/276/276
f 131/276/276 548/275/275 136/277/277
f 131/276/276 136/277/277 132/278/278
f 136/277/277 133/279/279 132/278/278
f 5362/280/280 5348/281/281 5346/282/282
f 5351/283/283 5370/284/284 5352/285/285
f 415/286/286 128/266/266 129/267/267
f 129/267/267 128/266/266 127/265/265
f 5360/287/287 5363/288/288 5358/289/289
f 137/290/290 138/291/291 1046/292/292
f 138/291/291 139/293/293 1046/292/292
f 1045/294/294 139/293/293 140/295/295
f 143/296/296 155/297/297 144/298/298
f 146/299/299 147/300/300 148/301/301
f 151/302/302 153/303/303 152/304/304
f 5338/305/305 5358/289/289 5353/306/306
f 147/300/300 149/307/307 148/301/301
f 149/307/307 154/308/308 150/309/309
f 151/302/302 150/309/309 153/303/303
f 5391/310/310 5416/311/311 5414/312/312
f 144/298/298 155/297/297 146/299/299
f 147/300/300 154/308/308 149/307/307
f 154/308/308 156/313/313 150/309/309
f 5335/314/314 5337/315/315 5334/316/316
f 155/297/297 147/300/300 146/299/299
f 147/300/300 158/317/317 154/308/308
f 156/313/313 159/318/318 150/309/309
f 150/309/309 159/318/318 153/303/303
f 5384/319/319 5388/320/320 5387/321/321
f 5378/322/322 5386/323/323 5379/324/324
f 157/325/325 153/303/303 161/326/326
f 161/326/326 153/303/303 159/318/318
f 155/297/297 163/327/327 147/300/300
f 163/327/327 158/317/317 147/300/300
f 161/326/326 160/328/328 157/325/325
f 158/317/317 173/329/329 154/308/308
f 154/308/308 162/330/330 156/313/313
f 166/331/331 167/332/332 507/333/333
f 507/333/333 167/332/332 168/334/334
f 168/334/334 167/332/332 169/335/335
f 167/332/332 170/336/336 169/335/335
f 5417/337/337 5414/312/312 5416/311/311
f 5334/316/316 5337/315/315 5390/338/338
f 159/318/318 156/313/313 174/339/339
f 174/339/339 156/313/313 162/330/330
f 162/330/330 154/308/308 173/329/329
f 172/340/340 161/326/326 174/339/339
f 161/326/326 159/318/318 174/339/339
f 155/297/297 143/296/296 175/341/341
f 5405/342/342 5398/343/343 5404/344/344
f 5399/345/345 5409/346/346 5404/344/344
f 175/341/341 176/347/347 155/297/297
f 155/297/297 176/347/347 163/327/327
f 163/327/327 177/348/348 158/317/317
f 177/348/348 180/349/349 158/317/317
f 158/317/317 180/349/349 173/329/329
f 173/329/329 178/350/350 162/330/330
f 172/340/340 165/351/351 161/326/326
f 161/326/326 165/351/351 160/328/328
f 165/351/351 164/352/352 160/328/328
f 178/350/350 173/329/329 180/349/349
f 177/348/348 163/327/327 176/347/347
f 141/353/353 175/341/341 143/296/296
f 178/350/350 189/354/354 162/330/330
f 189/354/354 174/339/339 162/330/330
f 181/355/355 468/356/356 166/331/331
f 182/357/357 189/354/354 183/358/358
f 183/358/358 184/359/359 170/336/336
f 170/336/336 184/359/359 185/360/360
f 141/353/353 140/295/295 1058/361/361
f 1058/361/361 140/295/295 139/293/293
f 179/362/362 174/339/339 468/356/356
f 189/354/354 184/359/359 183/358/358
f 185/360/360 177/348/348 186/363/363
f 5332/364/364 5333/365/365 5334/316/316
f 189/354/354 178/350/350 184/359/359
f 184/359/359 178/350/350 180/349/349
f 180/349/349 177/348/348 185/360/360
f 176/347/347 175/341/341 188/366/366
f 141/353/353 143/296/296 142/367/367
f 185/360/360 184/359/359 180/349/349
f 5344/368/368 5342/369/369 5343/258/258
f 141/353/353 188/366/366 175/341/341
f 188/366/366 187/370/370 176/347/347
f 187/370/370 177/348/348 176/347/347
f 187/370/370 186/363/363 177/348/348
f 5366/371/371 5368/372/372 5370/284/284
f 192/373/373 200/374/374 191/375/375
f 193/376/376 195/377/377 194/378/378
f 195/377/377 196/379/379 194/378/378
f 194/378/378 196/379/379 338/380/380
f 338/380/380 196/379/379 197/381/381
f 340/382/382 198/383/383 199/384/384
f 5429/385/385 5428/386/386 5427/387/387
f 200/374/374 201/388/388 193/376/376
f 193/376/376 202/389/389 195/377/377
f 197/381/381 203/390/390 198/383/383
f 5410/391/391 5426/392/392 5412/393/393
f 5426/392/392 5410/391/391 5393/394/394
f 193/376/376 201/388/388 202/389/389
f 195/377/377 204/395/395 196/379/379
f 5353/306/306 5356/256/256 5355/251/251
f 202/389/389 204/395/395 195/377/377
f 204/395/395 205/396/396 196/379/379
f 206/397/397 203/390/390 197/381/381
f 200/374/374 222/398/398 201/388/388
f 192/373/373 222/398/398 200/374/374
f 201/388/388 220/399/399 207/400/400
f 207/400/400 1043/401/401 213/402/402
f 202/389/389 213/402/402 204/395/395
f 213/402/402 205/396/396 204/395/395
f 5361/403/403 5353/306/306 5358/289/289
f 207/400/400 213/402/402 202/389/389
f 213/402/402 214/404/404 205/396/396
f 214/404/404 206/397/397 205/396/396
f 5245/405/405 5236/406/406 5237/407/407
f 5233/408/408 5234/409/409 5240/410/410
f 5315/411/411 5314/412/412 5319/413/413
f 213/402/402 208/414/414 214/404/404
f 214/404/404 208/414/414 209/415/415
f 5314/412/412 5315/411/411 5313/416/416
f 5322/417/417 5324/418/418 5321/419/419
f 5256/420/420 5259/421/421 5252/422/422
f 5255/423/423 5269/424/424 5277/425/425
f 215/426/426 214/404/404 209/415/415
f 5252/422/422 5261/427/427 5253/428/428
f 5325/429/429 5324/418/418 5306/430/430
f 5261/427/427 5274/431/431 5257/432/432
f 5269/424/424 5257/432/432 5274/431/431
f 107/239/239 106/238/238 216/433/433
f 223/434/434 483/435/435 218/436/436
f 218/436/436 484/437/437 221/438/438
f 484/437/437 219/439/439 221/438/438
f 219/439/439 207/400/400 220/399/399
f 5307/440/440 5295/441/441 5325/429/429
f 201/388/388 222/398/398 220/399/399
f 5295/441/441 5307/440/440 5306/430/430
f 220/399/399 221/438/438 219/439/439
f 5297/442/442 5282/443/443 5296/444/444
f 5298/445/445 5283/446/446 5297/442/442
f 5283/446/446 5298/445/445 5228/447/447
f 192/373/373 223/434/434 222/398/398
f 222/398/398 223/434/434 218/436/436
f 5225/448/448 5283/446/446 5227/449/449
f 5223/450/450 5282/443/443 5225/448/448
f 108/240/240 111/243/243 109/241/241
f 5294/451/451 5293/452/452 5222/453/453
f 223/434/434 190/454/454 108/240/240
f 108/240/240 190/454/454 111/243/243
f 223/434/434 192/373/373 190/454/454
f 224/455/455 226/456/456 225/457/457
f 225/457/457 226/456/456 960/458/458
f 226/456/456 227/459/459 960/458/458
f 227/459/459 228/460/460 1057/461/461
f 5292/462/462 5327/463/463 5291/464/464
f 5220/465/465 5222/453/453 5247/466/466
f 200/374/374 229/467/467 224/455/455
f 229/467/467 226/456/456 224/455/455
f 226/456/456 232/468/468 227/459/459
f 227/459/459 230/469/469 228/460/460
f 228/460/460 230/469/469 337/470/470
f 227/459/459 232/468/468 230/469/469
f 232/468/468 226/456/456 233/471/471
f 226/456/456 229/467/467 233/471/471
f 337/470/470 231/472/472 228/460/460
f 234/473/473 337/470/470 235/474/474
f 235/474/474 901/475/475 236/476/476
f 236/476/476 237/477/477 238/478/478
f 241/479/479 896/480/480 242/481/481
f 896/480/480 243/482/482 242/481/481
f 244/483/483 907/484/484 245/485/485
f 245/485/485 907/484/484 246/486/486
f 249/487/487 250/488/488 248/489/489
f 248/489/489 250/488/488 251/490/490
f 252/491/491 251/490/490 253/492/492
f 244/483/483 257/493/493 243/482/482
f 241/479/479 263/494/494 240/495/495
f 236/476/476 258/496/496 235/474/474
f 235/474/474 258/496/496 234/473/473
f 234/473/473 259/497/497 231/472/472
f 5302/498/498 5234/409/409 5233/408/408
f 236/476/476 238/478/478 260/499/499
f 260/499/499 238/478/478 261/500/500
f 238/478/478 239/501/501 262/502/502
f 262/502/502 239/501/501 240/495/495
f 241/479/479 242/481/481 264/503/503
f 265/504/504 248/489/489 266/505/505
f 248/489/489 251/490/490 266/505/505
f 266/505/505 251/490/490 252/491/491
f 252/491/491 254/506/506 255/507/507
f 255/507/507 267/508/508 291/509/509
f 267/508/508 268/510/510 269/511/511
f 269/511/511 270/512/512 293/513/513
f 293/513/513 270/512/512 271/514/514
f 5180/515/515 5138/516/516 5182/517/517
f 288/518/518 272/519/519 266/505/505
f 273/520/520 274/521/521 245/485/485
f 257/493/493 275/522/522 243/482/482
f 275/522/522 264/503/503 243/482/482
f 262/502/502 261/500/500 238/478/478
f 236/476/476 260/499/499 258/496/496
f 258/496/496 259/497/497 234/473/473
f 262/502/502 240/495/495 277/523/523
f 277/523/523 240/495/495 263/494/494
f 276/524/524 263/494/494 241/479/479
f 241/479/479 264/503/503 278/525/525
f 273/520/520 246/486/486 279/526/526
f 246/486/486 265/504/504 279/526/526
f 280/527/527 265/504/504 266/505/505
f 5174/528/528 5187/529/529 5173/530/530
f 280/527/527 279/526/526 265/504/504
f 273/520/520 285/531/531 274/521/521
f 274/521/521 275/522/522 257/493/493
f 278/525/525 276/524/524 241/479/479
f 258/496/496 281/532/532 259/497/497
f 5133/533/533 5184/534/534 5139/535/535
f 260/499/499 261/500/500 282/536/536
f 282/536/536 261/500/500 262/502/502
f 277/523/523 263/494/494 283/537/537
f 263/494/494 276/524/524 283/537/537
f 264/503/503 275/522/522 284/538/538
f 272/519/519 288/518/518 287/539/539
f 287/539/539 288/518/518 289/540/540
f 289/540/540 291/509/509 290/541/541
f 292/542/542 269/511/511 293/513/513
f 5188/543/543 5177/544/544 5192/545/545
f 285/531/531 296/546/546 274/521/521
f 274/521/521 296/546/546 275/522/522
f 296/546/546 284/538/538 275/522/522
f 284/538/538 297/547/547 264/503/503
f 264/503/503 297/547/547 278/525/525
f 282/536/536 298/548/548 260/499/499
f 260/499/499 298/548/548 258/496/496
f 298/548/548 281/532/532 258/496/496
f 5160/549/549 5126/550/550 5157/551/551
f 278/525/525 283/537/537 276/524/524
f 262/502/502 299/552/552 282/536/536
f 5125/553/553 5126/550/550 5127/554/554
f 297/547/547 301/555/555 278/525/525
f 283/537/537 302/556/556 277/523/523
f 277/523/523 299/552/552 262/502/502
f 5175/557/557 5145/558/558 5177/544/544
f 285/531/531 273/520/520 300/559/559
f 300/559/559 273/520/520 279/526/526
f 279/526/526 280/527/527 303/560/560
f 303/560/560 280/527/527 286/561/561
f 286/561/561 272/519/519 304/562/562
f 304/562/562 272/519/519 287/539/539
f 305/563/563 287/539/539 289/540/540
f 325/564/564 290/541/541 306/565/565
f 290/541/541 291/509/509 306/565/565
f 306/565/565 293/513/513 307/566/566
f 295/567/567 308/568/568 309/569/569
f 300/559/559 311/570/570 285/531/531
f 285/531/531 311/570/570 296/546/546
f 311/570/570 312/571/571 296/546/546
f 312/571/571 284/538/538 296/546/546
f 284/538/538 301/555/555 297/547/547
f 278/525/525 313/572/572 283/537/537
f 302/556/556 314/573/573 277/523/523
f 277/523/523 314/573/573 299/552/552
f 303/560/560 315/574/574 279/526/526
f 279/526/526 315/574/574 318/575/575
f 301/555/555 316/576/576 278/525/525
f 278/525/525 316/576/576 313/572/572
f 283/537/537 313/572/572 302/556/556
f 284/538/538 317/577/577 301/555/555
f 323/578/578 325/564/564 324/579/579
f 324/579/579 325/564/564 326/580/580
f 325/564/564 306/565/565 327/581/581
f 306/565/565 307/566/566 327/581/581
f 328/582/582 329/583/583 978/584/584
f 978/584/584 329/583/583 330/585/585
f 329/583/583 295/567/567 330/585/585
f 295/567/567 309/569/569 330/585/585
f 330/585/585 309/569/569 594/586/586
f 331/587/587 998/588/588 332/589/589
f 5134/590/590 5142/591/591 5123/592/592
f 323/578/578 322/593/593 305/563/563
f 305/563/563 322/593/593 304/562/562
f 304/562/562 322/593/593 321/594/594
f 321/594/594 320/595/595 286/561/561
f 319/596/596 315/574/574 303/560/560
f 5121/597/597 5123/592/592 5142/591/591
f 319/596/596 303/560/560 320/595/595
f 303/560/560 286/561/561 320/595/595
f 286/561/561 304/562/562 321/594/594
f 304/562/562 287/539/539 305/563/563
f 305/563/563 290/541/541 325/564/564
f 325/564/564 323/578/578 305/563/563
f 191/375/375 334/246/246 111/243/243
f 5141/598/598 5136/599/599 5137/600/600
f 225/457/457 191/375/375 224/455/455
f 5160/549/549 5215/601/601 5209/602/602
f 269/511/511 292/542/542 267/508/508
f 5136/599/599 5141/598/598 5140/603/603
f 5204/604/604 5179/605/605 5178/606/606
f 267/508/508 292/542/542 291/509/509
f 5196/607/607 5201/608/608 5192/545/545
f 5154/609/609 5151/610/610 5118/611/611
f 292/542/542 306/565/565 291/509/509
f 5171/612/612 5206/613/613 5207/614/614
f 292/542/542 293/513/513 306/565/565
f 5003/615/615 5004/616/616 5005/617/617
f 5034/618/618 5025/619/619 5026/620/620
f 233/471/471 335/621/621 336/622/622
f 339/623/623 337/470/470 336/622/622
f 194/378/378 338/380/380 335/621/621
f 335/621/621 339/623/623 336/622/622
f 338/380/380 339/623/623 335/621/621
f 5105/624/624 5103/625/625 5104/626/626
f 337/470/470 339/623/623 341/627/627
f 339/623/623 338/380/380 340/382/382
f 5070/628/628 5072/629/629 5007/630/630
f 5031/631/631 5036/632/632 5030/633/633
f 340/382/382 338/380/380 197/381/381
f 5036/632/632 5031/631/631 5033/634/634
f 194/378/378 233/471/471 229/467/467
f 232/468/468 336/622/622 230/469/469
f 336/622/622 337/470/470 230/469/469
f 5099/635/635 5108/636/636 5060/637/637
f 255/507/507 289/540/540 252/491/491
f 5087/638/638 5093/639/639 5092/640/640
f 289/540/540 255/507/507 291/509/509
f 327/581/581 326/580/580 325/564/564
f 5040/641/641 5043/642/642 5041/643/643
f 321/594/594 344/644/644 320/595/595
f 344/644/644 319/596/596 320/595/595
f 319/596/596 345/645/645 315/574/574
f 345/645/645 318/575/575 315/574/574
f 318/575/575 346/646/646 300/559/559
f 300/559/559 346/646/646 311/570/570
f 311/570/570 346/646/646 312/571/571
f 312/571/571 347/647/647 317/577/577
f 323/578/578 348/648/648 322/593/593
f 322/593/593 348/648/648 321/594/594
f 5076/649/649 5075/650/650 5078/651/651
f 323/578/578 349/652/652 348/648/648
f 323/578/578 350/653/653 349/652/652
f 321/594/594 351/654/654 344/644/644
f 345/645/645 352/655/655 318/575/575
f 318/575/575 352/655/655 346/646/646
f 351/654/654 353/656/656 344/644/644
f 344/644/644 353/656/656 354/657/657
f 319/596/596 354/657/657 345/645/645
f 5074/658/658 5102/659/659 5077/660/660
f 5014/661/661 5097/662/662 5017/663/663
f 5076/649/649 5101/664/664 5074/658/658
f 288/518/518 266/505/505 252/491/491
f 289/540/540 290/541/541 305/563/563
f 4937/665/665 4941/666/666 4894/667/667
f 348/648/648 355/668/668 321/594/594
f 321/594/594 355/668/668 351/654/654
f 229/467/467 200/374/374 193/376/376
f 4902/669/669 4959/670/670 4954/671/671
f 4903/672/672 4916/673/673 4901/674/674
f 252/491/491 289/540/540 288/518/518
f 122/262/675 356/675/676 357/676/677
f 4985/677/678 4942/678/679 4945/679/680
f 357/676/677 359/680/681 122/262/675
f 360/270/270 359/680/681 357/676/677
f 357/676/677 356/675/676 361/681/682
f 356/675/676 358/682/683 361/681/682
f 357/676/677 361/681/682 134/272/272
f 357/676/677 134/272/272 124/271/271
f 4900/683/684 4901/674/674 4919/684/685
f 124/271/271 360/270/270 357/676/677
f 4986/685/686 4989/686/687 4985/677/678
f 4920/687/688 4932/688/689 4921/689/690
f 4965/690/691 4910/691/692 4962/692/693
f 342/693/694 363/694/695 324/579/579
f 363/694/695 323/578/578 324/579/579
f 363/694/695 350/653/653 323/578/578
f 266/505/505 286/561/561 280/527/527
f 286/561/561 266/505/505 272/519/519
f 120/260/260 364/695/696 121/261/261
f 366/696/697 365/697/698 368/698/699
f 365/697/698 367/699/700 368/698/699
f 369/700/701 371/701/702 370/702/703
f 372/703/704 374/704/705 373/705/706
f 373/705/706 374/704/705 375/706/707
f 375/706/707 374/704/705 376/707/708
f 376/707/708 378/708/709 377/709/710
f 377/709/710 378/708/709 379/710/711
f 120/260/260 123/263/263 364/695/696
f 367/699/700 381/711/712 368/698/699
f 381/711/712 391/712/713 368/698/699
f 369/700/701 368/698/699 371/701/702
f 371/701/702 382/713/714 370/702/703
f 370/702/703 382/713/714 372/703/704
f 372/703/704 382/713/714 383/714/715
f 378/708/709 385/715/716 379/710/711
f 379/710/711 385/715/716 380/716/717
f 383/714/715 386/717/718 372/703/704
f 372/703/704 386/717/718 374/704/705
f 374/704/705 386/717/718 384/718/719
f 384/718/719 387/719/720 376/707/708
f 4929/720/721 4921/689/690 4932/688/689
f 382/713/714 388/721/722 383/714/715
f 384/718/719 389/722/723 387/719/720
f 390/723/724 371/701/702 391/712/713
f 371/701/702 368/698/699 391/712/713
f 381/711/712 367/699/700 364/695/696
f 394/724/725 390/723/724 392/725/726
f 390/723/724 391/712/713 392/725/726
f 391/712/713 381/711/712 392/725/726
f 381/711/712 393/726/727 392/725/726
f 393/726/727 394/724/725 392/725/726
f 394/724/725 395/727/728 390/723/724
f 395/727/728 388/721/722 390/723/724
f 388/721/722 396/728/729 397/729/730
f 396/728/729 398/730/731 397/729/730
f 397/729/730 399/731/732 400/732/733
f 4955/733/734 4956/734/735 4966/735/736
f 393/726/727 401/736/737 394/724/725
f 394/724/725 402/737/738 395/727/728
f 402/737/738 403/738/739 395/727/728
f 395/727/728 403/738/739 388/721/722
f 4946/739/740 4993/740/741 4986/685/686
f 4924/741/742 4918/742/743 4923/743/744
f 404/744/745 401/736/737 393/726/727
f 402/737/738 405/745/746 403/738/739
f 403/738/739 407/746/747 396/728/729
f 396/728/729 407/746/747 398/730/731
f 404/744/745 406/747/748 401/736/737
f 401/736/737 405/745/746 402/737/738
f 404/744/745 408/748/749 406/747/748
f 406/747/748 409/749/750 401/736/737
f 401/736/737 409/749/750 405/745/746
f 405/745/746 410/750/751 407/746/747
f 410/750/751 411/751/752 407/746/747
f 412/752/753 409/749/750 406/747/748
f 408/748/749 414/753/754 406/747/748
f 406/747/748 414/753/754 412/752/753
f 408/748/749 126/264/264 413/754/755
f 126/264/264 415/286/286 413/754/755
f 413/754/755 415/286/286 535/755/756
f 415/286/286 416/269/269 535/755/756
f 408/748/749 417/756/757 126/264/264
f 417/756/757 404/744/745 393/726/727
f 128/266/266 415/286/286 126/264/264
f 4830/757/758 4835/758/759 4778/759/760
f 126/264/264 417/756/757 125/273/273
f 417/756/757 393/726/727 418/760/761
f 418/760/761 381/711/712 364/695/696
f 364/695/696 123/263/263 418/760/761
f 375/706/707 377/709/710 419/761/762
f 423/762/763 455/763/764 424/764/765
f 425/765/766 427/766/767 426/767/768
f 427/766/767 428/768/769 426/767/768
f 375/706/707 429/769/770 373/705/706
f 373/705/706 430/770/771 372/703/704
f 372/703/704 430/770/771 370/702/703
f 370/702/703 431/771/772 369/700/701
f 369/700/701 366/696/697 368/698/699
f 4796/772/773 4811/773/774 4779/774/775
f 419/761/762 429/769/770 375/706/707
f 430/770/771 431/771/772 370/702/703
f 431/771/772 432/775/776 369/700/701
f 369/700/701 433/776/777 366/696/697
f 430/770/771 435/777/778 431/771/772
f 435/777/778 436/778/779 431/771/772
f 431/771/772 436/778/779 432/775/776
f 369/700/701 432/775/776 433/776/777
f 419/761/762 421/779/780 429/769/770
f 434/780/781 435/777/778 430/770/771
f 421/779/780 437/781/782 429/769/770
f 429/769/770 437/781/782 434/780/781
f 437/781/782 439/782/783 434/780/781
f 439/782/783 438/783/784 434/780/781
f 434/780/781 438/783/784 435/777/778
f 4810/784/785 4802/785/786 4809/786/787
f 4876/787/788 4884/788/789 4877/789/790
f 421/779/780 440/790/791 439/782/783
f 440/790/791 441/791/792 439/782/783
f 424/764/765 442/792/793 423/762/763
f 442/792/793 440/790/791 423/762/763
f 423/762/763 440/790/791 421/779/780
f 4853/793/794 4850/794/795 4854/795/796
f 4846/796/797 4886/797/798 4863/798/799
f 425/765/766 443/799/800 424/764/765
f 443/799/800 444/800/801 424/764/765
f 424/764/765 444/800/801 442/792/793
f 4874/801/802 4814/802/803 4872/803/804
f 425/765/766 426/767/768 443/799/800
f 445/804/805 462/805/806 446/806/807
f 462/805/806 447/807/808 446/806/807
f 447/807/808 448/808/809 449/809/810
f 4775/810/811 4774/811/812 4844/812/813
f 4775/810/811 4842/813/814 4776/814/815
f 445/804/805 454/815/816 428/768/769
f 418/760/761 393/726/727 381/711/712
f 4786/816/817 4795/817/818 4787/818/819
f 421/779/780 420/819/820 422/820/821
f 422/820/821 456/821/822 455/763/764
f 455/763/764 456/821/822 459/822/823
f 459/822/823 456/821/822 457/823/824
f 458/824/825 457/823/824 911/825/826
f 4784/826/827 4832/827/828 4833/828/829
f 4836/829/830 4833/828/829 4832/827/828
f 911/825/826 449/809/810 458/824/825
f 449/809/810 448/808/809 458/824/825
f 458/824/825 459/822/823 457/823/824
f 459/822/823 460/830/831 455/763/764
f 455/763/764 423/762/763 422/820/821
f 4834/831/832 4839/832/833 4837/833/834
f 4784/826/827 4834/831/832 4826/834/835
f 448/808/809 459/822/823 458/824/825
f 448/808/809 462/805/806 459/822/823
f 460/830/831 461/835/836 455/763/764
f 425/765/766 424/764/765 461/835/836
f 461/835/836 424/764/765 455/763/764
f 4805/836/837 4799/837/838 4798/838/839
f 462/805/806 463/839/840 459/822/823
f 463/839/840 445/804/805 461/835/836
f 462/805/806 445/804/805 463/839/840
f 4807/840/841 4820/841/842 4812/842/843
f 4797/843/844 4807/840/841 4798/838/839
f 456/821/822 465/844/845 464/845/846
f 456/821/822 422/820/821 465/844/845
f 4859/846/847 4869/847/848 4866/848/849
f 4871/849/850 4817/850/851 4818/851/852
f 377/709/710 420/819/820 419/761/762
f 4725/852/853 4743/853/854 4761/854/855
f 420/819/820 379/710/711 465/844/845
f 379/710/711 420/819/820 377/709/710
f 4731/855/856 4729/856/857 4728/857/858
f 4726/858/859 4721/859/860 4699/860/861
f 116/257/257 958/861/862 466/862/863
f 4722/863/864 4741/864/865 4724/865/866
f 116/257/257 467/866/867 104/233/233
f 117/237/237 104/233/233 103/232/232
f 102/234/234 104/233/233 467/866/867
f 4671/867/868 4728/857/858 4729/856/857
f 129/267/267 416/269/269 415/286/286
f 467/866/867 116/257/257 466/862/863
f 166/331/331 172/340/340 181/355/355
f 4748/868/869 4745/869/870 4742/870/871
f 468/356/356 181/355/355 172/340/340
f 4692/871/872 4705/872/873 4691/873/874
f 172/340/340 179/362/362 468/356/356
f 4693/874/875 4707/875/876 4694/876/877
f 354/657/657 319/596/596 344/644/644
f 182/357/357 468/356/356 189/354/354
f 468/356/356 174/339/339 189/354/354
f 4719/877/878 4709/878/879 4712/879/880
f 470/880/881 471/881/882 469/882/883
f 471/881/882 470/880/881 472/883/884
f 472/883/884 474/884/885 473/885/886
f 4721/859/860 4713/886/887 4697/887/888
f 473/885/886 475/888/889 932/889/890
f 4675/890/891 4691/873/874 4674/891/892
f 246/486/486 273/520/520 245/485/485
f 245/485/485 274/521/521 244/483/483
f 244/483/483 274/521/521 257/493/493
f 243/482/482 264/503/503 242/481/481
f 4702/892/893 4672/893/894 4691/873/874
f 106/238/238 477/894/895 216/433/433
f 4688/895/896 4694/876/877 4689/896/897
f 4695/897/898 4688/895/896 4687/898/899
f 216/433/433 477/894/895 217/899/900
f 217/899/900 483/435/435 223/434/434
f 4667/900/901 4758/901/902 4670/902/903
f 217/899/900 477/894/895 482/903/904
f 477/894/895 476/904/905 478/905/906
f 476/904/905 480/906/907 479/907/908
f 4677/908/909 4676/909/910 4675/890/891
f 4676/909/910 4677/908/909 4678/910/911
f 108/240/240 107/239/239 223/434/434
f 217/899/900 223/434/434 107/239/239
f 4723/911/912 4743/853/854 4725/852/853
f 4666/912/913 4661/913/914 4751/914/915
f 4654/915/916 4569/916/917 4602/917/918
f 4554/918/919 4552/919/920 4651/920/921
f 4652/921/922 4660/922/923 4658/923/924
f 4628/924/925 4636/925/926 4627/926/927
f 247/927/928 249/487/487 246/486/486
f 249/487/487 265/504/504 246/486/486
f 265/504/504 249/487/487 248/489/489
f 216/433/433 217/899/900 107/239/239
f 4611/928/929 4638/929/930 4612/930/931
f 4639/931/932 4611/928/929 4612/930/931
f 479/907/908 478/905/906 476/904/905
f 4631/932/933 4634/933/934 4628/924/925
f 481/934/935 500/935/936 482/903/904
f 500/935/936 483/435/435 482/903/904
f 484/437/437 486/936/937 485/937/938
f 485/937/938 486/936/937 487/938/939
f 487/938/939 489/939/940 488/940/941
f 491/941/942 494/942/943 1034/943/944
f 1034/943/944 494/942/943 492/944/945
f 490/945/946 493/946/947 491/941/942
f 493/946/947 494/942/943 491/941/942
f 495/947/948 497/948/949 498/949/950
f 498/949/950 497/948/949 499/950/951
f 497/948/949 483/435/435 499/950/951
f 483/435/435 500/935/936 499/950/951
f 4634/933/934 4631/932/933 4633/951/952
f 497/948/949 495/947/948 486/936/937
f 486/936/937 495/947/948 493/946/947
f 486/936/937 484/437/437 497/948/949
f 486/936/937 493/946/947 487/938/939
f 4630/952/953 4633/951/952 4624/953/954
f 493/946/947 490/945/946 487/938/939
f 487/938/939 490/945/946 489/939/940
f 4598/954/955 4615/955/956 4590/956/957
f 478/905/906 481/934/935 477/894/895
f 481/934/935 482/903/904 477/894/895
f 4558/957/958 4606/958/959 4562/959/960
f 4587/960/961 4601/961/962 4563/962/963
f 484/437/437 485/937/938 1042/963/964
f 485/937/938 487/938/939 488/940/941
f 4566/964/965 4567/965/966 4568/966/967
f 4562/959/960 4561/967/968 4558/957/958
f 494/942/943 493/946/947 495/947/948
f 4561/967/968 4564/968/969 4570/969/970
f 4566/964/965 4571/970/971 4565/971/972
f 4632/972/973 4627/926/927 4636/925/926
f 4588/973/974 4606/958/959 4589/974/975
f 4582/975/976 4645/976/977 4643/977/978
f 483/435/435 497/948/949 484/437/437
f 495/947/948 498/949/950 496/978/979
f 498/949/950 499/950/951 496/978/979
f 218/436/436 483/435/435 484/437/437
f 131/276/276 501/979/980 416/269/269
f 501/979/980 502/980/981 416/269/269
f 416/269/269 502/980/981 535/755/756
f 535/755/756 502/980/981 503/981/982
f 131/276/276 504/982/983 501/979/980
f 4510/983/984 4514/984/985 4508/985/986
f 4536/986/987 4539/987/988 4537/988/989
f 312/571/571 317/577/577 284/538/538
f 4470/989/990 4447/990/991 4469/991/992
f 4516/992/993 4520/993/994 4517/994/995
f 4515/995/996 4517/994/995 4459/996/997
f 279/526/526 318/575/575 300/559/559
f 164/352/352 507/333/333 506/997/998
f 506/997/998 507/333/333 508/998/999
f 507/333/333 509/999/1000 508/998/999
f 4531/1000/1001 4484/1001/1002 4466/1002/1003
f 4483/1003/1004 4466/1002/1003 4484/1001/1002
f 165/351/351 166/331/331 507/333/333
f 507/333/333 168/334/334 510/1004/1005
f 168/334/334 511/1005/1006 510/1004/1005
f 510/1004/1005 509/999/1000 507/333/333
f 172/340/340 166/331/331 165/351/351
f 4454/1006/1007 4510/983/984 4506/1007/1008
f 4504/1008/1009 4503/1009/1010 4502/1010/1011
f 4492/1011/1012 4495/1012/1013 4493/1013/1014
f 4479/1014/1015 4487/1015/1016 4480/1016/1017
f 168/334/334 169/335/335 881/1017/1018
f 169/335/335 171/1018/1019 881/1017/1018
f 4488/1019/1020 4481/1020/1021 4480/1016/1017
f 4476/1021/1022 4480/1016/1017 4468/1022/1023
f 515/1023/1024 517/1024/1025 516/1025/1026
f 516/1025/1026 517/1024/1025 518/1026/1027
f 518/1026/1027 517/1024/1025 980/1027/1028
f 980/1027/1028 517/1024/1025 519/1028/1029
f 517/1024/1025 555/1029/1030 519/1028/1029
f 555/1029/1030 520/1030/1031 519/1028/1029
f 519/1028/1029 520/1030/1031 521/1031/1032
f 4450/1032/1033 4476/1021/1022 4468/1022/1023
f 516/1025/1026 528/1033/1034 514/1034/1035
f 513/1035/1036 529/1036/1037 512/1037/1038
f 529/1036/1037 133/279/279 512/1037/1038
f 512/1037/1038 133/279/279 136/277/277
f 4526/1038/1039 4546/1039/1040 4525/1040/1041
f 4502/1010/1011 4525/1040/1041 4523/1041/1042
f 514/1034/1035 528/1033/1034 529/1036/1037
f 527/1042/1043 530/1043/1044 518/1026/1027
f 518/1026/1027 530/1043/1044 516/1025/1026
f 530/1043/1044 531/1044/1045 516/1025/1026
f 531/1044/1045 532/1045/1046 516/1025/1026
f 516/1025/1026 532/1045/1046 533/1046/1047
f 4393/1047/1048 4343/1048/1049 4344/1049/1050
f 528/1033/1034 516/1025/1026 533/1046/1047
f 4402/1050/1051 4442/1051/1052 4401/1052/1053
f 170/336/336 171/1018/1019 169/335/335
f 4377/1053/1054 4364/1054/1055 4391/1055/1056
f 4406/1056/1057 4407/1057/1058 4404/1058/1059
f 408/748/749 413/754/755 534/1059/1060
f 4357/1060/1061 4340/1061/1062 4362/1062/1063
f 4358/1063/1064 4357/1060/1061 4368/1064/1065
f 4370/1065/1066 4368/1064/1065 4375/1066/1067
f 4369/1067/1068 4375/1066/1067 4368/1064/1065
f 256/1068/1069 255/507/507 254/506/506
f 133/279/279 537/1069/1070 536/1070/1071
f 133/279/279 529/1036/1037 537/1069/1070
f 361/681/682 538/1071/1072 127/265/265
f 540/1072/1073 538/1071/1072 135/274/274
f 538/1071/1072 539/1073/1074 135/274/274
f 548/275/275 512/1037/1038 136/277/277
f 548/275/275 130/268/268 539/1073/1074
f 130/268/268 135/274/274 539/1073/1074
f 540/1072/1073 127/265/265 538/1071/1072
f 127/265/265 134/272/272 361/681/682
f 127/265/265 125/273/273 134/272/272
f 4356/1074/1075 4364/1054/1055 4355/1075/1076
f 540/1072/1073 135/274/274 129/267/267
f 538/1071/1072 541/1076/1077 539/1073/1074
f 541/1076/1077 542/1077/1078 543/1078/1079
f 542/1077/1078 544/1079/1080 543/1078/1079
f 543/1078/1079 546/1080/1081 545/1081/1082
f 543/1078/1079 547/1082/1083 541/1076/1077
f 549/1083/1084 513/1035/1036 512/1037/1038
f 543/1078/1079 545/1081/1082 547/1082/1083
f 547/1082/1083 550/1084/1085 541/1076/1077
f 550/1084/1085 551/1085/1086 541/1076/1077
f 541/1076/1077 551/1085/1086 539/1073/1074
f 551/1085/1086 548/275/275 539/1073/1074
f 551/1085/1086 550/1084/1085 552/1086/1087
f 555/1029/1030 556/1087/1088 520/1030/1031
f 520/1030/1031 522/1088/1089 521/1031/1032
f 522/1088/1089 524/1089/1090 523/1090/1091
f 523/1090/1091 524/1089/1090 525/1091/1092
f 525/1091/1092 524/1089/1090 557/1092/1093
f 4361/1093/1094 4352/1094/1095 4366/1095/1096
f 524/1089/1090 522/1088/1089 558/1096/1097
f 555/1029/1030 554/1097/1098 559/1098/1099
f 559/1098/1099 554/1097/1098 553/1099/1100
f 550/1084/1085 560/1100/1101 553/1099/1100
f 559/1098/1099 556/1087/1088 555/1029/1030
f 4370/1065/1066 4381/1101/1102 4374/1102/1103
f 547/1082/1083 560/1100/1101 550/1084/1085
f 560/1100/1101 561/1103/1104 553/1099/1100
f 561/1103/1104 559/1098/1099 553/1099/1100
f 522/1088/1089 520/1030/1031 558/1096/1097
f 4358/1063/1064 4367/1104/1105 4352/1094/1095
f 547/1082/1083 545/1081/1082 560/1100/1101
f 559/1098/1099 562/1105/1106 556/1087/1088
f 562/1105/1106 563/1106/1107 556/1087/1088
f 556/1087/1088 563/1106/1107 520/1030/1031
f 559/1098/1099 561/1103/1104 562/1105/1106
f 4408/1107/1108 4414/1108/1109 4406/1056/1057
f 545/1081/1082 564/1109/1110 560/1100/1101
f 560/1100/1101 564/1109/1110 561/1103/1104
f 4418/1110/1111 4411/1111/1112 4409/1112/1113
f 4422/1113/1114 4433/1114/1115 4421/1115/1116
f 526/1116/1117 525/1091/1092 557/1092/1093
f 544/1079/1080 542/1077/1078 565/1117/1118
f 542/1077/1078 362/1118/1119 565/1117/1118
f 362/1118/1119 566/1119/1120 358/682/683
f 358/682/683 566/1119/1120 361/681/682
f 566/1119/1120 538/1071/1072 361/681/682
f 4255/1120/1121 4258/1121/1122 4310/1122/1123
f 362/1118/1119 542/1077/1078 566/1119/1120
f 542/1077/1078 538/1071/1072 566/1119/1120
f 542/1077/1078 541/1076/1077 538/1071/1072
f 4243/1123/1124 4228/1124/1125 4242/1125/1126
f 568/1126/1127 569/1127/1128 567/1128/1129
f 567/1128/1129 569/1127/1128 570/1129/1130
f 570/1129/1130 569/1127/1128 571/1130/1131
f 4282/1131/1132 4229/1132/1133 4279/1133/1134
f 572/1134/1135 573/1135/1136 571/1130/1131
f 4314/1136/1137 4315/1137/1138 4312/1138/1139
f 571/1130/1131 199/384/384 575/1139/1140
f 4271/1140/1141 4232/1141/1142 4281/1142/1143
f 4232/1141/1142 4230/1143/1144 4231/1144/1145
f 578/1145/1146 577/1146/1147 582/1147/1148
f 4230/1143/1144 4232/1141/1142 4233/1148/1149
f 4232/1141/1142 4271/1140/1141 4233/1148/1149
f 4283/1149/1150 4275/1150/1151 4273/1151/1152
f 4277/1152/1153 4291/1153/1154 4278/1154/1155
f 4247/1155/1156 4326/1156/1157 4221/1157/1158
f 574/1158/1159 584/1159/1160 583/1160/1161
f 4294/1161/1162 4323/1162/1163 4320/1163/1164
f 4308/1164/1165 4331/1165/1166 4317/1166/1167
f 4311/1167/1168 4258/1121/1122 4312/1138/1139
f 4252/1168/1169 4258/1121/1122 4255/1120/1121
f 4279/1133/1134 4226/1169/1170 4280/1170/1171
f 548/275/275 549/1083/1084 512/1037/1038
f 4237/1171/1172 4266/1172/1173 4264/1173/1174
f 4301/1174/1175 4302/1175/1176 4299/1176/1177
f 4227/1177/1178 4253/1178/1179 4244/1179/1180
f 573/1135/1136 584/1159/1160 574/1158/1159
f 4220/1180/1181 4218/1181/1182 4219/1182/1183
f 590/1183/1184 589/1184/1185 591/1185/1186
f 591/1185/1186 975/1186/1187 592/1187/1188
f 592/1187/1188 974/1188/1189 593/1189/1190
f 593/1189/1190 977/1190/1191 331/587/587
f 595/1191/1192 976/1192/1193 330/585/585
f 330/585/585 594/586/586 595/1191/1192
f 594/586/586 331/587/587 977/1190/1191
f 591/1185/1186 596/1193/1194 590/1183/1184
f 589/1184/1185 590/1183/1184 588/1194/1195
f 4259/1195/1196 4248/1196/1197 4260/1197/1198
f 4107/1198/1199 4106/1199/1200 4105/1200/1201
f 593/1189/1190 332/589/589 592/1187/1188
f 332/589/589 333/1201/1202 592/1187/1188
f 333/1201/1202 597/1202/1203 592/1187/1188
f 592/1187/1188 597/1202/1203 591/1185/1186
f 591/1185/1186 597/1202/1203 596/1193/1194
f 4191/1203/1204 4111/1204/1205 4112/1205/1206
f 594/586/586 310/1206/1207 331/587/587
f 331/587/587 332/589/589 593/1189/1190
f 388/721/722 382/713/714 390/723/724
f 382/713/714 371/701/702 390/723/724
f 4198/1207/1208 4168/1208/1209 4165/1209/1210
f 293/513/513 271/514/514 294/1210/1211
f 294/1210/1211 271/514/514 295/567/567
f 4104/1211/1212 4103/1212/1213 4102/1213/1214
f 384/718/719 386/717/718 389/722/723
f 4163/1214/1215 4165/1209/1210 4168/1208/1209
f 397/729/730 386/717/718 383/714/715
f 397/729/730 383/714/715 388/721/722
f 4181/1215/1216 4186/1216/1217 4176/1217/1218
f 4189/1218/1219 4192/1219/1220 4190/1220/1221
f 4159/1221/1222 4153/1222/1223 4164/1223/1224
f 4151/1224/1225 4161/1225/1226 4155/1226/1227
f 386/717/718 400/732/733 389/722/723
f 4176/1217/1218 4174/1227/1228 4181/1215/1216
f 513/1035/1036 598/1228/1229 514/1034/1035
f 598/1228/1229 549/1083/1084 552/1086/1087
f 549/1083/1084 548/275/275 552/1086/1087
f 552/1086/1087 548/275/275 551/1085/1086
f 554/1097/1098 555/1029/1030 517/1024/1025
f 4149/1229/1230 4143/1230/1231 4148/1231/1232
f 4147/1232/1233 4143/1230/1231 4149/1229/1230
f 456/821/822 464/845/846 457/823/824
f 464/845/846 452/1233/1234 450/1234/1235
f 452/1233/1234 464/845/846 380/716/717
f 380/716/717 464/845/846 379/710/711
f 464/845/846 465/844/845 379/710/711
f 4151/1224/1225 4148/1231/1232 4152/1235/1236
f 598/1228/1229 515/1023/1024 514/1034/1035
f 552/1086/1087 553/1099/1100 598/1228/1229
f 4140/1236/1237 4136/1237/1238 4135/1238/1239
f 553/1099/1100 554/1097/1098 598/1228/1229
f 554/1097/1098 515/1023/1024 598/1228/1229
f 554/1097/1098 517/1024/1025 515/1023/1024
f 4121/1239/1240 4136/1237/1238 4120/1240/1241
f 4136/1237/1238 4121/1239/1240 4135/1238/1239
f 601/1241/1242 603/1242/1243 602/1243/1244
f 605/1244/1245 607/1245/1246 606/1246/1247
f 607/1245/1246 608/1247/1248 606/1246/1247
f 609/1248/1249 768/1249/1250 610/1250/1251
f 862/1251/1252 604/1252/1253 614/1253/1254
f 614/1253/1254 604/1252/1253 615/1254/1255
f 604/1252/1253 605/1244/1245 615/1254/1255
f 615/1254/1255 605/1244/1245 606/1246/1247
f 616/1255/1256 609/1248/1249 610/1250/1251
f 4127/1256/1257 4129/1257/1258 4142/1258/1259
f 613/1259/1260 617/1260/1261 611/1261/1262
f 617/1260/1261 610/1250/1251 611/1261/1262
f 618/1262/1263 616/1255/1256 610/1250/1251
f 616/1255/1256 619/1263/1264 609/1248/1249
f 609/1248/1249 619/1263/1264 608/1247/1248
f 619/1263/1264 606/1246/1247 608/1247/1248
f 862/1251/1252 614/1253/1254 620/1264/1265
f 4013/1265/1266 4016/1266/1267 4014/1267/1268
f 613/1259/1260 1052/1268/1269 617/1260/1261
f 617/1260/1261 618/1262/1263 610/1250/1251
f 619/1263/1264 621/1269/1270 606/1246/1247
f 606/1246/1247 621/1269/1270 622/1270/1271
f 615/1254/1255 623/1271/1272 614/1253/1254
f 614/1253/1254 623/1271/1272 620/1264/1265
f 618/1262/1263 624/1272/1273 616/1255/1256
f 624/1272/1273 625/1273/1274 616/1255/1256
f 616/1255/1256 625/1273/1274 619/1263/1264
f 622/1270/1271 623/1271/1272 615/1254/1255
f 617/1260/1261 626/1274/1275 618/1262/1263
f 625/1273/1274 627/1275/1276 619/1263/1264
f 619/1263/1264 627/1275/1276 621/1269/1270
f 628/1276/1277 622/1270/1271 621/1269/1270
f 626/1274/1275 624/1272/1273 618/1262/1263
f 625/1273/1274 624/1272/1273 627/1275/1276
f 627/1275/1276 629/1277/1278 628/1276/1277
f 630/1278/1279 627/1275/1276 624/1272/1273
f 637/1279/1280 638/1280/1281 636/1281/1282
f 636/1281/1282 638/1280/1281 639/1282/1283
f 636/1281/1282 639/1282/1283 635/1283/1284
f 635/1283/1284 639/1282/1283 634/1284/1285
f 640/1285/1286 641/1286/1287 633/1287/1288
f 641/1286/1287 642/1288/1289 632/1289/1290
f 632/1289/1290 642/1288/1289 643/1290/1291
f 632/1289/1290 643/1290/1291 626/1274/1275
f 626/1274/1275 643/1290/1291 644/1291/1292
f 626/1274/1275 644/1291/1292 624/1272/1273
f 624/1272/1273 644/1291/1292 631/1292/1293
f 624/1272/1273 631/1292/1293 630/1278/1279
f 630/1278/1279 629/1277/1278 627/1275/1276
f 638/1280/1281 646/1293/1294 645/1294/1295
f 645/1294/1295 647/1295/1296 638/1280/1281
f 638/1280/1281 647/1295/1296 639/1282/1283
f 647/1295/1296 648/1296/1297 639/1282/1283
f 639/1282/1283 648/1296/1297 634/1284/1285
f 634/1284/1285 648/1296/1297 640/1285/1286
f 640/1285/1286 649/1297/1298 641/1286/1287
f 650/1298/1299 642/1288/1289 641/1286/1287
f 642/1288/1289 651/1299/1300 643/1290/1291
f 643/1290/1291 651/1299/1300 644/1291/1292
f 644/1291/1292 652/1300/1301 631/1292/1293
f 654/1301/1302 656/1302/1303 645/1294/1295
f 656/1302/1303 657/1303/1304 645/1294/1295
f 657/1303/1304 658/1304/1305 647/1295/1296
f 658/1304/1305 659/1305/1306 648/1296/1297
f 659/1305/1306 649/1297/1298 648/1296/1297
f 649/1297/1298 660/1306/1307 650/1298/1299
f 650/1298/1299 661/1307/1308 642/1288/1289
f 661/1307/1308 662/1308/1309 651/1299/1300
f 662/1308/1309 663/1309/1310 651/1299/1300
f 651/1299/1300 663/1309/1310 652/1300/1301
f 664/1310/1311 665/1311/1312 655/1312/1313
f 655/1312/1313 665/1311/1312 654/1301/1302
f 665/1311/1312 656/1302/1303 654/1301/1302
f 675/1313/1314 666/1314/1315 656/1302/1303
f 656/1302/1303 666/1314/1315 657/1303/1304
f 658/1304/1305 667/1315/1316 659/1305/1306
f 659/1305/1306 667/1315/1316 649/1297/1298
f 667/1315/1316 668/1316/1317 649/1297/1298
f 649/1297/1298 668/1316/1317 660/1306/1307
f 660/1306/1307 668/1316/1317 650/1298/1299
f 650/1298/1299 669/1317/1318 661/1307/1308
f 661/1307/1308 669/1317/1318 662/1308/1309
f 4076/1318/1319 4074/1319/1320 4067/1320/1321
f 668/1316/1317 670/1321/1322 669/1317/1318
f 670/1321/1322 671/1322/1323 669/1317/1318
f 4041/1323/1324 4036/1324/1325 4040/1325/1326
f 668/1316/1317 667/1315/1316 672/1326/1327
f 673/1327/1328 658/1304/1305 674/1328/1329
f 675/1313/1314 656/1302/1303 665/1311/1312
f 665/1311/1312 664/1310/1311 783/1329/1330
f 4021/1330/1331 4036/1324/1325 4020/1331/1332
f 4003/1332/1333 4020/1331/1332 4004/1333/1334
f 675/1313/1314 677/1334/1335 666/1314/1315
f 677/1334/1335 674/1328/1329 666/1314/1315
f 673/1327/1328 678/1335/1336 667/1315/1316
f 667/1315/1316 679/1336/1337 672/1326/1327
f 672/1326/1327 680/1337/1338 668/1316/1317
f 668/1316/1317 680/1337/1338 670/1321/1322
f 4059/1338/1339 4072/1339/1340 4073/1340/1341
f 677/1334/1335 681/1341/1342 674/1328/1329
f 681/1341/1342 683/1342/1343 678/1335/1336
f 678/1335/1336 683/1342/1343 682/1343/1344
f 684/1344/1345 683/1342/1343 681/1341/1342
f 4080/1345/1346 4081/1346/1347 4049/1347/1348
f 685/1348/1349 686/1349/1350 687/1350/1351
f 688/1351/1352 775/1352/1353 696/1353/1354
f 689/1354/1355 691/1355/1356 690/1356/1357
f 690/1356/1357 691/1355/1356 692/1357/1358
f 692/1357/1358 693/1358/1359 694/1359/1360
f 693/1358/1359 772/1360/1361 694/1359/1360
f 4089/1361/1362 4087/1362/1363 4056/1363/1364
f 685/1348/1349 698/1364/1365 684/1344/1345
f 694/1359/1360 699/1365/1366 692/1357/1358
f 696/1353/1354 700/1366/1367 688/1351/1352
f 707/1367/1368 701/1368/1369 687/1350/1351
f 687/1350/1351 701/1368/1369 685/1348/1349
f 701/1368/1369 697/1369/1370 685/1348/1349
f 4018/1370/1371 4031/1371/1372 4022/1372/1373
f 695/1373/1374 702/1374/1375 694/1359/1360
f 702/1374/1375 699/1365/1366 694/1359/1360
f 699/1365/1366 703/1375/1376 692/1357/1358
f 703/1375/1376 704/1376/1377 690/1356/1357
f 689/1354/1355 705/1377/1378 706/1378/1379
f 696/1353/1354 706/1378/1379 700/1366/1367
f 700/1366/1367 707/1367/1368 688/1351/1352
f 4012/1379/1380 4078/1380/1381 4062/1381/1382
f 702/1374/1375 708/1382/1383 699/1365/1366
f 707/1367/1368 709/1383/1384 701/1368/1369
f 708/1382/1383 703/1375/1376 699/1365/1366
f 703/1375/1376 710/1384/1385 704/1376/1377
f 704/1376/1377 710/1384/1385 705/1377/1378
f 706/1378/1379 711/1385/1386 700/1366/1367
f 711/1385/1386 707/1367/1368 700/1366/1367
f 4018/1370/1371 4023/1386/1387 4030/1387/1388
f 705/1377/1378 715/1388/1389 706/1378/1379
f 707/1367/1368 712/1389/1390 709/1383/1384
f 4046/1390/1391 4045/1391/1392 4043/1392/1393
f 708/1382/1383 713/1393/1394 703/1375/1376
f 703/1375/1376 714/1394/1395 710/1384/1385
f 710/1384/1385 715/1388/1389 705/1377/1378
f 715/1388/1389 711/1385/1386 706/1378/1379
f 711/1385/1386 712/1389/1390 707/1367/1368
f 4028/1395/1396 4029/1396/1397 4023/1386/1387
f 710/1384/1385 714/1394/1395 715/1388/1389
f 715/1388/1389 716/1397/1398 711/1385/1386
f 4076/1318/1319 4064/1398/1399 4070/1399/1400
f 714/1394/1395 719/1400/1401 715/1388/1389
f 715/1388/1389 717/1401/1402 716/1397/1398
f 3935/1402/1403 3933/1403/1404 3932/1404/1405
f 713/1393/1394 718/1405/1406 714/1394/1395
f 718/1405/1406 719/1400/1401 714/1394/1395
f 719/1400/1401 717/1401/1402 715/1388/1389
f 3893/1406/1407 3892/1407/1408 3900/1408/1409
f 722/1409/1410 724/1410/1411 723/1411/1412
f 720/1412/1413 732/1413/1414 721/1414/1415
f 732/1413/1414 722/1409/1410 721/1414/1415
f 722/1409/1410 733/1415/1416 724/1410/1411
f 725/1416/1417 734/1417/1418 726/1418/1419
f 726/1418/1419 735/1419/1420 727/1420/1421
f 727/1420/1421 735/1419/1420 728/1421/1422
f 735/1419/1420 736/1422/1423 728/1421/1422
f 728/1421/1422 737/1423/1424 729/1424/1425
f 729/1424/1425 737/1423/1424 730/1425/1426
f 3886/1426/1427 3902/1427/1428 3888/1428/1429
f 3885/1429/1430 3898/1430/1431 3886/1426/1427
f 3898/1430/1431 3885/1429/1430 3897/1431/1432
f 3884/1432/1433 3897/1431/1432 3885/1429/1430
f 724/1410/1411 738/1433/1434 734/1417/1418
f 734/1417/1418 739/1434/1435 735/1419/1420
f 735/1419/1420 740/1435/1436 736/1422/1423
f 3897/1431/1432 3884/1432/1433 3905/1436/1437
f 733/1415/1416 722/1409/1410 732/1413/1414
f 732/1413/1414 741/1437/1438 733/1415/1416
f 3925/1438/1439 3902/1427/1428 3926/1439/1440
f 3915/1440/1441 3926/1439/1440 3902/1427/1428
f 733/1415/1416 738/1433/1434 724/1410/1411
f 739/1434/1435 742/1441/1442 735/1419/1420
f 735/1419/1420 742/1441/1442 740/1435/1436
f 713/1393/1394 708/1382/1383 732/1413/1414
f 708/1382/1383 702/1374/1375 732/1413/1414
f 732/1413/1414 702/1374/1375 741/1437/1438
f 741/1437/1438 702/1374/1375 743/1442/1443
f 743/1442/1443 744/1443/1444 733/1415/1416
f 733/1415/1416 744/1443/1444 738/1433/1434
f 744/1443/1444 745/1444/1445 738/1433/1434
f 738/1433/1434 745/1444/1445 734/1417/1418
f 734/1417/1418 745/1444/1445 739/1434/1435
f 744/1443/1444 746/1445/1446 745/1444/1445
f 3915/1440/1441 3904/1446/1447 3897/1431/1432
f 743/1442/1443 702/1374/1375 695/1373/1374
f 695/1373/1374 747/1447/1448 743/1442/1443
f 743/1442/1443 747/1447/1448 744/1443/1444
f 3984/1448/1449 3986/1449/1450 3980/1450/1451
f 3983/1451/1452 3980/1450/1451 3978/1452/1453
f 747/1447/1448 748/1453/1454 744/1443/1444
f 744/1443/1444 748/1453/1454 746/1445/1446
f 3942/1454/1455 3941/1455/1456 3934/1456/1457
f 3940/1457/1458 3943/1458/1459 3941/1455/1456
f 645/1294/1295 646/1293/1294 654/1301/1302
f 3971/1459/1460 3989/1460/1461 3988/1461/1462
f 749/1462/1463 750/1463/1464 1082/1464/1465
f 3952/1465/1466 3961/1466/1467 3951/1467/1468
f 756/1468/1469 755/1469/1470 757/1470/1471
f 754/1471/1472 759/1472/1473 753/1473/1474
f 753/1473/1474 759/1472/1473 752/1474/1475
f 759/1472/1473 760/1475/1476 752/1474/1475
f 752/1474/1475 760/1475/1476 751/1476/1477
f 764/1477/1478 607/1245/1246 605/1244/1245
f 3949/1478/1479 3960/1479/1480 3955/1480/1481
f 3955/1480/1481 3969/1481/1482 3956/1482/1483
f 761/1483/1484 762/1484/1485 759/1472/1473
f 762/1484/1485 763/1485/1486 759/1472/1473
f 763/1485/1486 760/1475/1476 759/1472/1473
f 763/1485/1486 764/1477/1478 760/1475/1476
f 760/1475/1476 764/1477/1478 751/1476/1477
f 751/1476/1477 764/1477/1478 605/1244/1245
f 764/1477/1478 766/1486/1487 607/1245/1246
f 766/1486/1487 608/1247/1248 607/1245/1246
f 3968/1487/1488 3961/1466/1467 3959/1488/1489
f 765/1489/1490 766/1486/1487 764/1477/1478
f 766/1486/1487 767/1490/1491 608/1247/1248
f 767/1490/1491 609/1248/1249 608/1247/1248
f 765/1489/1490 1044/1491/1492 766/1486/1487
f 1044/1491/1492 767/1490/1491 766/1486/1487
f 3964/1492/1493 3956/1482/1483 3969/1481/1482
f 3955/1480/1481 3956/1482/1483 3882/1493/1494
f 767/1490/1491 769/1494/1495 768/1249/1250
f 3955/1480/1481 3885/1429/1430 3949/1478/1479
f 770/1495/1496 610/1250/1251 768/1249/1250
f 769/1494/1495 770/1495/1496 768/1249/1250
f 771/1496/1497 611/1261/1262 770/1495/1496
f 770/1495/1496 611/1261/1262 610/1250/1251
f 3892/1407/1408 3952/1465/1466 3891/1497/1498
f 771/1496/1497 612/1498/1499 611/1261/1262
f 612/1498/1499 613/1259/1260 611/1261/1262
f 694/1359/1360 772/1360/1361 695/1373/1374
f 772/1360/1361 693/1358/1359 773/1499/1500
f 781/1500/1501 692/1357/1358 691/1355/1356
f 689/1354/1355 696/1353/1354 774/1501/1502
f 774/1501/1502 696/1353/1354 775/1352/1353
f 775/1352/1353 688/1351/1352 776/1502/1503
f 776/1502/1503 688/1351/1352 687/1350/1351
f 686/1349/1350 685/1348/1349 677/1334/1335
f 685/1348/1349 684/1344/1345 677/1334/1335
f 781/1500/1501 777/1503/1504 692/1357/1358
f 692/1357/1358 777/1503/1504 693/1358/1359
f 777/1503/1504 773/1499/1500 693/1358/1359
f 686/1349/1350 677/1334/1335 778/1504/1505
f 686/1349/1350 778/1504/1505 687/1350/1351
f 687/1350/1351 778/1504/1505 776/1502/1503
f 779/1505/1506 780/1506/1507 691/1355/1356
f 780/1506/1507 781/1500/1501 691/1355/1356
f 3778/1507/1508 3776/1508/1509 3788/1509/1510
f 778/1504/1505 782/1510/1511 776/1502/1503
f 775/1352/1353 779/1505/1506 774/1501/1502
f 677/1334/1335 675/1313/1314 778/1504/1505
f 778/1504/1505 675/1313/1314 782/1510/1511
f 782/1510/1511 665/1311/1312 776/1502/1503
f 776/1502/1503 783/1329/1330 775/1352/1353
f 783/1329/1330 779/1505/1506 775/1352/1353
f 780/1506/1507 784/1511/1512 781/1500/1501
f 779/1505/1506 676/1512/1513 780/1506/1507
f 676/1512/1513 784/1511/1512 780/1506/1507
f 782/1510/1511 675/1313/1314 665/1311/1312
f 783/1329/1330 676/1512/1513 779/1505/1506
f 3787/1513/1514 3797/1514/1515 3788/1509/1510
f 3807/1515/1516 3817/1516/1517 3804/1517/1518
f 757/1470/1471 755/1469/1470 786/1518/1519
f 789/1519/1520 836/1520/1521 790/1521/1522
f 790/1521/1522 836/1520/1521 791/1522/1523
f 791/1522/1523 792/1523/1524 790/1521/1522
f 792/1523/1524 793/1524/1525 794/1525/1526
f 793/1524/1525 847/1526/1527 794/1525/1526
f 794/1525/1526 847/1526/1527 795/1527/1528
f 789/1519/1520 796/1528/1529 788/1529/1530
f 788/1529/1530 787/1530/1531 786/1518/1519
f 787/1530/1531 757/1470/1471 786/1518/1519
f 797/1531/1532 798/1532/1533 794/1525/1526
f 794/1525/1526 798/1532/1533 792/1523/1524
f 792/1523/1524 798/1532/1533 799/1533/1534
f 792/1523/1524 799/1533/1534 790/1521/1522
f 790/1521/1522 796/1528/1529 789/1519/1520
f 788/1529/1530 800/1534/1535 787/1530/1531
f 787/1530/1531 758/1535/1536 757/1470/1471
f 3824/1536/1537 3864/1537/1538 3857/1538/1539
f 787/1530/1531 800/1534/1535 758/1535/1536
f 3863/1539/1540 3859/1540/1541 3862/1541/1542
f 797/1531/1532 801/1542/1543 798/1532/1533
f 801/1542/1543 802/1543/1544 798/1532/1533
f 798/1532/1533 802/1543/1544 799/1533/1534
f 799/1533/1534 803/1544/1545 790/1521/1522
f 790/1521/1522 803/1544/1545 796/1528/1529
f 803/1544/1545 788/1529/1530 796/1528/1529
f 803/1544/1545 804/1545/1546 800/1534/1535
f 804/1545/1546 805/1546/1547 800/1534/1535
f 799/1533/1534 802/1543/1544 806/1547/1548
f 799/1533/1534 806/1547/1548 803/1544/1545
f 804/1545/1546 807/1548/1549 805/1546/1547
f 806/1547/1548 809/1549/1550 803/1544/1545
f 803/1544/1545 809/1549/1550 804/1545/1546
f 809/1549/1550 807/1548/1549 804/1545/1546
f 801/1542/1543 808/1550/1551 802/1543/1544
f 808/1550/1551 810/1551/1552 806/1547/1548
f 810/1551/1552 811/1552/1553 806/1547/1548
f 806/1547/1548 811/1552/1553 809/1549/1550
f 811/1552/1553 812/1553/1554 809/1549/1550
f 3813/1554/1555 3807/1515/1516 3796/1555/1556
f 808/1550/1551 813/1556/1557 810/1551/1552
f 813/1556/1557 808/1550/1551 814/1557/1558
f 818/1558/1559 819/1559/1560 929/1560/1561
f 819/1559/1560 820/1561/1562 821/1562/1563
f 814/1557/1558 822/1563/1564 815/1564/1565
f 815/1564/1565 823/1565/1566 816/1566/1567
f 823/1565/1566 824/1567/1568 816/1566/1567
f 816/1566/1567 824/1567/1568 817/1568/1569
f 824/1567/1568 818/1558/1559 817/1568/1569
f 818/1558/1559 825/1569/1570 819/1559/1560
f 3848/1570/1571 3826/1571/1572 3842/1572/1573
f 808/1550/1551 822/1563/1564 814/1557/1558
f 824/1567/1568 826/1573/1574 818/1558/1559
f 825/1569/1570 827/1574/1575 819/1559/1560
f 819/1559/1560 827/1574/1575 820/1561/1562
f 827/1574/1575 828/1575/1576 820/1561/1562
f 808/1550/1551 801/1542/1543 822/1563/1564
f 818/1558/1559 826/1573/1574 825/1569/1570
f 3780/1576/1577 3779/1577/1578 3789/1578/1579
f 801/1542/1543 829/1579/1580 822/1563/1564
f 823/1565/1566 831/1580/1581 824/1567/1568
f 824/1567/1568 831/1580/1581 826/1573/1574
f 830/1581/1582 825/1569/1570 826/1573/1574
f 3803/1582/1583 3801/1583/1584 3802/1584/1585
f 829/1579/1580 831/1580/1581 823/1565/1566
f 831/1580/1581 830/1581/1582 826/1573/1574
f 3806/1585/1586 3802/1584/1585 3804/1517/1518
f 830/1581/1582 832/1586/1587 825/1569/1570
f 3799/1587/1588 3802/1584/1585 3801/1583/1584
f 801/1542/1543 797/1531/1532 829/1579/1580
f 829/1579/1580 797/1531/1532 831/1580/1581
f 831/1580/1581 833/1588/1589 830/1581/1582
f 833/1588/1589 832/1586/1587 830/1581/1582
f 3778/1507/1508 3791/1589/1590 3789/1578/1579
f 834/1590/1591 833/1588/1589 831/1580/1581
f 3839/1591/1592 3833/1592/1593 3838/1593/1594
f 797/1531/1532 794/1525/1526 831/1580/1581
f 794/1525/1526 835/1594/1595 831/1580/1581
f 831/1580/1581 835/1594/1595 834/1590/1591
f 3801/1583/1584 3803/1582/1583 3793/1595/1596
f 836/1520/1521 837/1596/1597 838/1597/1598
f 839/1598/1599 840/1599/1600 841/1600/1601
f 3833/1592/1593 3834/1601/1602 3835/1602/1603
f 841/1600/1601 842/1603/1604 839/1598/1599
f 843/1604/1605 836/1520/1521 838/1597/1598
f 791/1522/1523 844/1605/1606 792/1523/1524
f 3811/1606/1607 3810/1607/1608 3870/1608/1609
f 3809/1609/1610 3870/1608/1609 3810/1607/1608
f 843/1604/1605 845/1610/1611 836/1520/1521
f 836/1520/1521 845/1610/1611 791/1522/1523
f 845/1610/1611 844/1605/1606 791/1522/1523
f 844/1605/1606 793/1524/1525 792/1523/1524
f 845/1610/1611 846/1611/1612 844/1605/1606
f 3670/1612/1613 3668/1613/1614 3680/1614/1615
f 844/1605/1606 847/1526/1527 793/1524/1525
f 3726/1615/1616 3729/1616/1617 3723/1617/1618
f 839/1598/1599 842/1603/1604 843/1604/1605
f 620/1264/1265 603/1242/1243 862/1251/1252
f 603/1242/1243 620/1264/1265 602/1243/1244
f 602/1243/1244 600/1618/1619 601/1241/1242
f 3698/1619/1620 3707/1620/1621 3693/1621/1622
f 848/1622/1623 849/1623/1624 861/1624/1625
f 851/1625/1626 850/1626/1627 853/1627/1628
f 850/1626/1627 852/1628/1629 853/1627/1628
f 853/1627/1628 852/1628/1629 786/1518/1519
f 852/1628/1629 788/1529/1530 786/1518/1519
f 850/1626/1627 854/1629/1630 852/1628/1629
f 854/1629/1630 855/1630/1631 852/1628/1629
f 852/1628/1629 855/1630/1631 788/1529/1530
f 856/1631/1632 840/1599/1600 850/1626/1627
f 840/1599/1600 854/1629/1630 850/1626/1627
f 857/1632/1633 837/1596/1597 855/1630/1631
f 855/1630/1631 837/1596/1597 788/1529/1530
f 788/1529/1530 837/1596/1597 789/1519/1520
f 839/1598/1599 857/1632/1633 840/1599/1600
f 837/1596/1597 836/1520/1521 789/1519/1520
f 849/1623/1624 848/1622/1623 850/1626/1627
f 856/1631/1632 841/1600/1601 840/1599/1600
f 3705/1633/1634 3665/1634/1635 3662/1635/1636
f 850/1626/1627 848/1622/1623 856/1631/1632
f 856/1631/1632 848/1622/1623 868/1636/1637
f 848/1622/1623 601/1241/1242 600/1618/1619
f 3705/1633/1634 3698/1619/1620 3682/1637/1638
f 786/1518/1519 858/1638/1639 853/1627/1628
f 786/1518/1519 755/1469/1470 858/1638/1639
f 859/1639/1640 860/1640/1641 849/1623/1624
f 603/1242/1243 863/1641/1642 862/1251/1252
f 862/1251/1252 863/1641/1642 751/1476/1477
f 3731/1642/1643 3716/1643/1644 3713/1644/1645
f 859/1639/1640 753/1473/1474 860/1640/1641
f 863/1641/1642 603/1242/1243 861/1624/1625
f 3719/1645/1646 3717/1646/1647 3718/1647/1648
f 755/1469/1470 754/1471/1472 858/1638/1639
f 754/1471/1472 859/1639/1640 858/1638/1639
f 753/1473/1474 752/1474/1475 860/1640/1641
f 860/1640/1641 752/1474/1475 861/1624/1625
f 752/1474/1475 863/1641/1642 861/1624/1625
f 3694/1648/1649 3691/1649/1650 3695/1650/1651
f 863/1641/1642 752/1474/1475 751/1476/1477
f 3670/1612/1613 3683/1651/1652 3671/1652/1653
f 859/1639/1640 849/1623/1624 851/1625/1626
f 862/1251/1252 751/1476/1477 604/1252/1253
f 604/1252/1253 751/1476/1477 605/1244/1245
f 3671/1652/1653 3688/1653/1654 3673/1654/1655
f 859/1639/1640 851/1625/1626 853/1627/1628
f 3699/1655/1656 3760/1656/1657 3759/1657/1658
f 3609/1658/1659 3603/1659/1660 3610/1660/1661
f 857/1632/1633 839/1598/1599 838/1597/1598
f 3565/1661/1662 3580/1662/1663 3566/1663/1664
f 3580/1662/1663 3565/1661/1662 3577/1664/1665
f 3576/1665/1666 3575/1666/1667 3581/1667/1668
f 761/1483/1484 759/1472/1473 754/1471/1472
f 754/1471/1472 755/1469/1470 756/1468/1469
f 580/1668/1669 579/1669/1670 864/1670/1671
f 579/1669/1670 865/1671/1672 864/1670/1671
f 579/1669/1670 582/1147/1148 865/1671/1672
f 576/1672/1673 867/1673/1674 866/1674/1675
f 866/1674/1675 582/1147/1148 576/1672/1673
f 3599/1675/1676 3585/1676/1677 3598/1677/1678
f 3590/1678/1679 3598/1677/1678 3585/1676/1677
f 856/1631/1632 868/1636/1637 841/1600/1601
f 3569/1679/1680 3570/1680/1681 3571/1681/1682
f 848/1622/1623 599/1682/1683 868/1636/1637
f 848/1622/1623 600/1618/1619 599/1682/1683
f 3630/1683/1684 3557/1684/1685 3621/1685/1686
f 3606/1686/1687 3605/1687/1688 3601/1688/1689
f 3605/1687/1688 3606/1686/1687 3599/1675/1676
f 872/1689/1690 875/1690/1691 873/1691/1692
f 3557/1684/1685 3560/1692/1693 3621/1685/1686
f 3556/1693/1694 3555/1694/1695 3579/1695/1696
f 3555/1694/1695 3556/1693/1694 3557/1684/1685
f 873/1691/1692 171/1018/1019 874/1696/1697
f 3558/1697/1698 3557/1684/1685 3556/1693/1694
f 3557/1684/1685 3558/1697/1698 3559/1698/1699
f 3565/1661/1662 3563/1699/1700 3562/1700/1701
f 754/1471/1472 753/1473/1474 859/1639/1640
f 872/1689/1690 871/1701/1702 875/1690/1691
f 869/1702/1703 870/1703/1704 876/1704/1705
f 870/1703/1704 877/1705/1706 876/1704/1705
f 877/1705/1706 1011/1706/1707 880/1707/1708
f 872/1689/1690 873/1691/1692 874/1696/1697
f 3552/1708/1709 3550/1709/1710 3641/1710/1711
f 878/1711/1712 877/1705/1706 880/1707/1708
f 877/1705/1706 870/1703/1704 1011/1706/1707
f 870/1703/1704 871/1701/1702 1011/1706/1707
f 1011/1706/1707 871/1701/1702 872/1689/1690
f 3537/1712/1713 3542/1713/1714 3544/1714/1715
f 877/1705/1706 878/1711/1712 879/1715/1716
f 3504/1716/1717 3498/1717/1718 3501/1718/1719
f 3497/1719/1720 3441/1720/1721 3490/1721/1722
f 3441/1720/1721 3455/1722/1723 3442/1723/1724
f 873/1691/1692 881/1017/1018 171/1018/1019
f 3505/1724/1725 3503/1725/1726 3502/1726/1727
f 577/1146/1147 576/1672/1673 582/1147/1148
f 3466/1727/1728 3469/1728/1729 3459/1729/1730
f 3469/1728/1729 3475/1730/1731 3473/1731/1732
f 576/1672/1673 882/1732/1733 867/1673/1674
f 867/1673/1674 882/1732/1733 883/1733/1734
f 576/1672/1673 884/1734/1735 882/1732/1733
f 3446/1735/1736 3453/1736/1737 3447/1737/1738
f 3460/1738/1739 3463/1739/1740 3453/1736/1737
f 885/1740/1741 883/1733/1734 882/1732/1733
f 3515/1741/1742 3513/1742/1743 3514/1743/1744
f 3448/1744/1745 3491/1745/1746 3447/1737/1738
f 637/1279/1280 646/1293/1294 638/1280/1281
f 553/1099/1100 552/1086/1087 550/1084/1085
f 3439/1746/1747 3499/1747/1748 3483/1748/1749
f 571/1130/1131 884/1734/1735 576/1672/1673
f 571/1130/1131 574/1158/1159 884/1734/1735
f 375/706/707 376/707/708 377/709/710
f 3441/1720/1721 3489/1749/1750 3440/1750/1751
f 630/1278/1279 631/1292/1293 653/1751/1752
f 653/1751/1752 631/1292/1293 652/1300/1301
f 571/1130/1131 575/1139/1140 570/1129/1130
f 3443/1752/1753 3454/1753/1754 3445/1754/1755
f 531/1044/1045 530/1043/1044 588/1194/1195
f 3497/1719/1720 3444/1755/1756 3496/1756/1757
f 3501/1718/1719 3496/1756/1757 3500/1757/1758
f 460/830/831 463/839/840 461/835/836
f 3463/1739/1740 3460/1738/1739 3464/1758/1759
f 3491/1745/1746 3496/1756/1757 3444/1755/1756
f 235/474/474 337/470/470 901/475/475
f 887/1759/1760 888/1760/1761 237/477/477
f 888/1760/1761 890/1761/1762 889/1762/1763
f 891/1763/1764 892/1764/1765 893/1765/1766
f 892/1764/1765 894/1766/1767 893/1765/1766
f 893/1765/1766 898/1767/1768 891/1763/1764
f 898/1767/1768 895/1768/1769 891/1763/1764
f 889/1762/1763 239/501/501 888/1760/1761
f 888/1760/1761 238/478/478 237/477/477
f 237/477/477 236/476/476 886/1769/1770
f 3535/1770/1771 3530/1771/1772 3532/1772/1773
f 238/478/478 888/1760/1761 239/501/501
f 239/501/501 889/1762/1763 240/495/495
f 240/495/495 889/1762/1763 891/1763/1764
f 894/1766/1767 897/1773/1774 893/1765/1766
f 897/1773/1774 898/1767/1768 893/1765/1766
f 3378/1774/1775 3398/1775/1776 3389/1776/1777
f 3405/1777/1778 3406/1778/1779 3380/1779/1780
f 898/1767/1768 899/1780/1781 896/480/480
f 899/1780/1781 243/482/482 896/480/480
f 902/1781/1782 244/483/483 243/482/482
f 896/480/480 895/1768/1769 898/1767/1768
f 3328/1782/1783 3330/1783/1784 3329/1784/1785
f 3340/1785/1786 3354/1786/1787 3351/1787/1788
f 888/1760/1761 900/1788/1789 909/1789/1790
f 3396/1790/1791 3392/1791/1792 3395/1792/1793
f 887/1759/1760 237/477/477 886/1769/1770
f 901/475/475 578/1145/1146 886/1769/1770
f 886/1769/1770 900/1788/1789 887/1759/1760
f 578/1145/1146 901/475/475 341/627/627
f 3347/1793/1794 3340/1785/1786 3351/1787/1788
f 886/1769/1770 578/1145/1146 900/1788/1789
f 3327/1794/1795 3375/1795/1796 3326/1796/1797
f 3338/1797/1798 3327/1794/1795 3337/1798/1799
f 340/382/382 197/381/381 198/383/383
f 577/1146/1147 578/1145/1146 341/627/627
f 577/1146/1147 340/382/382 576/1672/1673
f 3340/1785/1786 3346/1799/1800 3350/1800/1801
f 902/1781/1782 903/1801/1802 904/1802/1803
f 3384/1803/1804 3396/1790/1791 3393/1804/1805
f 899/1780/1781 903/1801/1802 902/1781/1782
f 899/1780/1781 898/1767/1768 903/1801/1802
f 898/1767/1768 897/1773/1774 903/1801/1802
f 904/1802/1803 905/1805/1806 902/1781/1782
f 905/1805/1806 906/1806/1807 902/1781/1782
f 906/1806/1807 244/483/483 902/1781/1782
f 899/1780/1781 902/1781/1782 243/482/482
f 3323/1807/1808 3387/1808/1809 3391/1809/1810
f 3332/1810/1811 3339/1811/1812 3348/1812/1813
f 3403/1813/1814 3399/1814/1815 3398/1775/1776
f 907/484/484 247/927/928 246/486/486
f 907/484/484 906/1806/1807 908/1815/1816
f 3332/1810/1811 3408/1816/1817 3331/1817/1818
f 3353/1818/1819 3358/1819/1820 3356/1820/1821
f 3368/1821/1822 3344/1822/1823 3320/1823/1824
f 3412/1824/1825 3414/1825/1826 3411/1826/1827
f 895/1768/1769 241/479/479 891/1763/1764
f 891/1763/1764 241/479/479 240/495/495
f 895/1768/1769 896/480/480 241/479/479
f 3283/1827/1828 3293/1828/1829 3279/1829/1830
f 3289/1830/1831 3291/1831/1832 3281/1832/1833
f 888/1760/1761 909/1789/1790 890/1761/1762
f 909/1789/1790 581/1833/1834 890/1761/1762
f 3259/1834/1835 3261/1835/1836 3260/1836/1837
f 909/1789/1790 580/1668/1669 581/1833/1834
f 900/1788/1789 580/1668/1669 909/1789/1790
f 900/1788/1789 579/1669/1670 580/1668/1669
f 900/1788/1789 578/1145/1146 579/1669/1670
f 3242/1837/1838 3239/1838/1839 3240/1839/1840
f 450/1234/1235 452/1233/1234 451/1840/1841
f 911/825/826 450/1234/1235 451/1840/1841
f 3234/1841/1842 3227/1842/1843 3241/1843/1844
f 914/1844/1845 453/1845/1846 912/1846/1847
f 453/1845/1846 913/1847/1848 447/807/808
f 910/1848/1849 914/1844/1845 912/1846/1847
f 3244/1849/1850 3241/1843/1844 3249/1850/1851
f 913/1847/1848 453/1845/1846 914/1844/1845
f 3235/1851/1852 3238/1852/1853 3250/1853/1854
f 3236/1854/1855 3248/1855/1856 3267/1856/1857
f 910/1848/1849 912/1846/1847 911/825/826
f 453/1845/1846 449/809/810 912/1846/1847
f 912/1846/1847 449/809/810 911/825/826
f 3271/1857/1858 3226/1858/1859 3275/1859/1860
f 449/809/810 453/1845/1846 447/807/808
f 888/1760/1761 887/1759/1760 900/1788/1789
f 427/766/767 461/835/836 445/804/805
f 427/766/767 425/765/766 461/835/836
f 3286/1860/1861 3218/1861/1862 3281/1832/1833
f 890/1761/1762 892/1764/1765 891/1763/1764
f 3287/1862/1863 3290/1863/1864 3275/1859/1860
f 890/1761/1762 915/1864/1865 892/1764/1765
f 892/1764/1765 915/1864/1865 894/1766/1767
f 3253/1865/1866 3259/1834/1835 3254/1866/1867
f 890/1761/1762 581/1833/1834 915/1864/1865
f 3294/1867/1868 3293/1828/1829 3297/1868/1869
f 916/1869/1870 926/1870/1871 917/1871/1872
f 918/1872/1873 145/1873/1874 1061/1874/1875
f 3257/1875/1876 3265/1876/1877 3247/1877/1878
f 919/1878/1879 955/1879/1880 920/1880/1881
f 955/1879/1880 921/1881/1882 920/1880/1881
f 921/1881/1882 922/1882/1883 920/1880/1881
f 939/1883/1884 923/1884/1885 922/1882/1883
f 922/1882/1883 923/1884/1885 817/1568/1569
f 923/1884/1885 816/1566/1567 817/1568/1569
f 3251/1885/1886 3242/1837/1838 3256/1886/1887
f 924/1887/1888 920/1880/1881 922/1882/1883
f 925/1888/1889 926/1870/1871 919/1878/1879
f 919/1878/1879 926/1870/1871 916/1869/1870
f 924/1887/1888 933/1889/1890 920/1880/1881
f 927/1890/1891 925/1888/1889 920/1880/1881
f 920/1880/1881 925/1888/1889 919/1878/1879
f 3253/1865/1866 3254/1866/1867 3244/1849/1850
f 929/1560/1561 933/1889/1890 924/1887/1888
f 933/1889/1890 927/1890/1891 920/1880/1881
f 927/1890/1891 928/1891/1892 925/1888/1889
f 928/1891/1892 930/1892/1893 918/1872/1873
f 930/1892/1893 952/1893/1894 145/1873/1874
f 144/298/298 952/1893/1894 931/1894/1895
f 142/367/367 932/889/890 475/888/889
f 3303/1895/1896 3306/1896/1897 3302/1897/1898
f 3290/1863/1864 3296/1898/1899 3272/1899/1900
f 934/1900/1901 935/1901/1902 927/1890/1891
f 935/1901/1902 930/1892/1893 928/1891/1892
f 930/1892/1893 935/1901/1902 952/1893/1894
f 927/1890/1891 933/1889/1890 934/1900/1901
f 934/1900/1901 933/1889/1890 819/1559/1560
f 933/1889/1890 929/1560/1561 819/1559/1560
f 934/1900/1901 936/1902/1903 935/1901/1902
f 937/1903/1904 952/1893/1894 935/1901/1902
f 3120/1904/1905 3117/1905/1906 3115/1906/1907
f 937/1903/1904 935/1901/1902 936/1902/1903
f 3156/1907/1908 3167/1908/1909 3160/1909/1910
f 3165/1910/1911 3160/1909/1910 3167/1908/1909
f 936/1902/1903 938/1911/1912 937/1903/1904
f 922/1882/1883 921/1881/1882 939/1883/1884
f 940/1912/1913 939/1883/1884 941/1913/1914
f 923/1884/1885 943/1914/1915 816/1566/1567
f 3147/1915/1916 3146/1916/1917 3148/1917/1918
f 939/1883/1884 940/1912/1913 923/1884/1885
f 943/1914/1915 815/1564/1565 816/1566/1567
f 3138/1918/1919 3140/1919/1920 3142/1920/1921
f 944/1921/1922 945/1922/1923 940/1912/1913
f 940/1912/1913 945/1922/1923 943/1914/1915
f 943/1914/1915 814/1557/1558 815/1564/1565
f 3138/1918/1919 3141/1923/1924 3139/1924/1925
f 942/1925/1926 944/1921/1922 940/1912/1913
f 945/1922/1923 814/1557/1558 943/1914/1915
f 3133/1926/1927 3097/1927/1928 3134/1928/1929
f 946/1929/1930 814/1557/1558 945/1922/1923
f 3130/1930/1931 3131/1931/1932 3132/1932/1933
f 946/1929/1930 947/1933/1934 814/1557/1558
f 814/1557/1558 947/1933/1934 813/1556/1557
f 3126/1934/1935 3124/1935/1936 3139/1924/1925
f 3130/1930/1931 3138/1918/1919 3135/1936/1937
f 821/1562/1563 948/1937/1938 936/1902/1903
f 3132/1932/1933 3140/1919/1920 3138/1918/1919
f 936/1902/1903 950/1938/1939 938/1911/1912
f 948/1937/1938 949/1939/1940 936/1902/1903
f 949/1939/1940 950/1938/1939 936/1902/1903
f 950/1938/1939 951/1940/1941 938/1911/1912
f 938/1911/1912 951/1940/1941 937/1903/1904
f 951/1940/1941 952/1893/1894 937/1903/1904
f 928/1891/1892 927/1890/1891 935/1901/1902
f 3148/1917/1918 3157/1941/1942 3147/1915/1916
f 3175/1942/1943 3179/1943/1944 3174/1944/1945
f 3172/1945/1946 3175/1942/1943 3127/1946/1947
f 918/1872/1873 930/1892/1893 145/1873/1874
f 3168/1947/1948 3167/1908/1909 3194/1948/1949
f 144/298/298 931/1894/1895 143/296/296
f 144/298/298 145/1873/1874 952/1893/1894
f 3105/1949/1950 3111/1950/1951 3110/1951/1952
f 931/1894/1895 932/889/890 142/367/367
f 3105/1949/1950 3106/1952/1953 3107/1953/1954
f 932/889/890 951/1940/1941 473/885/886
f 3102/1954/1955 3103/1955/1956 3104/1956/1957
f 3099/1957/1958 3131/1931/1932 3100/1958/1959
f 931/1894/1895 951/1940/1941 932/889/890
f 951/1940/1941 471/881/882 472/883/884
f 3200/1959/1960 3129/1960/1961 3128/1961/1962
f 951/1940/1941 472/883/884 473/885/886
f 2989/1962/1963 3000/1963/1964 2990/1964/1965
f 2990/1964/1965 3000/1963/1964 2991/1965/1966
f 925/1888/1889 928/1891/1892 926/1870/1871
f 928/1891/1892 918/1872/1873 926/1870/1871
f 926/1870/1871 918/1872/1873 917/1871/1872
f 2973/1966/1967 2980/1967/1968 2990/1964/1965
f 951/1940/1941 931/1894/1895 952/1893/1894
f 142/367/367 143/296/296 931/1894/1895
f 953/1968/1969 951/1940/1941 950/1938/1939
f 953/1968/1969 471/881/882 951/1940/1941
f 2984/1969/1970 2975/1970/1971 2976/1971/1972
f 916/1869/1870 954/1972/1973 919/1878/1879
f 955/1879/1880 919/1878/1879 954/1972/1973
f 2980/1967/1968 2952/1973/1974 2951/1974/1975
f 183/358/358 167/332/332 182/357/357
f 182/357/357 166/331/331 468/356/356
f 167/332/332 166/331/331 182/357/357
f 941/1913/1914 939/1883/1884 957/1975/1976
f 957/1975/1976 939/1883/1884 956/1976/1977
f 956/1976/1977 939/1883/1884 921/1881/1882
f 199/384/384 576/1672/1673 340/382/382
f 2983/1977/1978 2981/1978/1979 2985/1979/1980
f 2957/1980/1981 2978/1981/1982 2982/1982/1983
f 2969/1983/1984 2987/1984/1985 2967/1985/1986
f 110/244/244 112/245/245 116/257/257
f 112/245/245 958/861/862 116/257/257
f 3001/1986/1987 2989/1962/1963 2998/1987/1988
f 3004/1988/1989 2991/1965/1966 3000/1963/1964
f 417/756/757 418/760/761 125/273/273
f 418/760/761 124/271/271 125/273/273
f 2962/1989/1990 2964/1990/1991 2952/1973/1974
f 480/906/907 106/238/238 105/235/235
f 106/238/238 118/236/236 105/235/235
f 3001/1986/1987 2998/1987/1988 3003/1991/1992
f 106/238/238 480/906/907 477/894/895
f 480/906/907 476/904/905 477/894/895
f 676/1512/1513 783/1329/1330 959/1992/1993
f 783/1329/1330 664/1310/1311 959/1992/1993
f 3065/1993/1994 3072/1994/1995 3071/1995/1996
f 3081/1996/1997 3040/1997/1998 3080/1998/1999
f 3037/1999/2000 3030/2000/2001 3029/2001/2002
f 961/2002/2003 334/246/246 225/457/457
f 3025/2003/2004 3024/2004/2005 3023/2005/2006
f 3024/2004/2005 3025/2003/2004 3026/2006/2007
f 3027/2007/2008 3026/2006/2007 3025/2003/2004
f 225/457/457 960/458/458 961/2002/2003
f 3026/2006/2007 3027/2007/2008 3028/2008/2009
f 3047/2009/2010 3024/2004/2005 3026/2006/2007
f 663/1309/1310 653/1751/1752 652/1300/1301
f 3082/2010/2011 3090/2011/2012 3043/2012/2013
f 3043/2012/2013 3088/2013/2014 3083/2014/2015
f 3022/2015/2016 3053/2016/2017 3019/2017/2018
f 621/1269/1270 627/1275/1276 628/1276/1277
f 3026/2006/2007 3052/2018/2019 3047/2009/2010
f 3048/2019/2020 3054/2020/2021 3028/2008/2009
f 588/1194/1195 530/1043/1044 589/1184/1185
f 589/1184/1185 530/1043/1044 979/2021/2022
f 979/2021/2022 962/2022/2023 589/1184/1185
f 963/2023/2024 965/2024/2025 964/2025/2026
f 965/2024/2025 966/2026/2027 964/2025/2026
f 966/2026/2027 968/2027/2028 967/2028/2029
f 967/2028/2029 968/2027/2028 969/2029/2030
f 968/2027/2028 984/2030/2031 969/2029/2030
f 970/2031/2032 986/2032/2033 971/2033/2034
f 971/2033/2034 987/2034/2035 972/2035/2036
f 967/2028/2029 964/2025/2026 966/2026/2027
f 964/2025/2026 975/1186/1187 963/2023/2024
f 963/2023/2024 975/1186/1187 962/2022/2023
f 969/2029/2030 970/2031/2032 973/2036/2037
f 970/2031/2032 976/1192/1193 973/2036/2037
f 973/2036/2037 967/2028/2029 969/2029/2030
f 977/1190/1191 974/1188/1189 967/2028/2029
f 967/2028/2029 974/1188/1189 964/2025/2026
f 972/2035/2036 326/580/580 327/581/581
f 3036/2037/2038 3023/2005/2006 3035/2038/2039
f 327/581/581 307/566/566 972/2035/2036
f 972/2035/2036 307/566/566 971/2033/2034
f 307/566/566 328/582/582 971/2033/2034
f 971/2033/2034 978/584/584 970/2031/2032
f 978/584/584 976/1192/1193 970/2031/2032
f 328/582/582 978/584/584 971/2033/2034
f 595/1191/1192 973/2036/2037 976/1192/1193
f 589/1184/1185 962/2022/2023 591/1185/1186
f 591/1185/1186 962/2022/2023 975/1186/1187
f 592/1187/1188 964/2025/2026 974/1188/1189
f 964/2025/2026 592/1187/1188 975/1186/1187
f 595/1191/1192 977/1190/1191 973/2036/2037
f 977/1190/1191 967/2028/2029 973/2036/2037
f 2871/2039/2040 2903/2040/2041 2902/2041/2042
f 2877/2042/2043 2883/2043/2044 2878/2044/2045
f 979/2021/2022 527/1042/1043 980/1027/1028
f 2911/2045/2046 2904/2046/2047 2917/2047/2048
f 962/2022/2023 965/2024/2025 963/2023/2024
f 981/2048/2049 982/2049/2050 968/2027/2028
f 982/2049/2050 983/2050/2051 968/2027/2028
f 984/2030/2031 983/2050/2051 985/2051/2052
f 987/2034/2035 988/2052/2053 972/2035/2036
f 972/2035/2036 342/693/694 324/579/579
f 2904/2046/2047 2911/2045/2046 2910/2053/2054
f 984/2030/2031 968/2027/2028 983/2050/2051
f 324/579/579 326/580/580 972/2035/2036
f 987/2034/2035 971/2033/2034 986/2032/2033
f 986/2032/2033 970/2031/2032 985/2051/2052
f 970/2031/2032 969/2029/2030 985/2051/2052
f 985/2051/2052 969/2029/2030 984/2030/2031
f 980/1027/1028 989/2054/2055 979/2021/2022
f 989/2054/2055 962/2022/2023 979/2021/2022
f 519/1028/1029 521/1031/1032 980/1027/1028
f 521/1031/1032 989/2054/2055 980/1027/1028
f 2886/2055/2056 2890/2056/2057 2887/2057/2058
f 989/2054/2055 990/2058/2059 962/2022/2023
f 990/2058/2059 965/2024/2025 962/2022/2023
f 2887/2057/2058 2890/2056/2057 2930/2059/2060
f 2912/2060/2061 2914/2061/2062 2909/2062/2063
f 968/2027/2028 966/2026/2027 981/2048/2049
f 981/2048/2049 966/2026/2027 965/2024/2025
f 990/2058/2059 525/1091/1092 965/2024/2025
f 965/2024/2025 525/1091/1092 981/2048/2049
f 982/2049/2050 997/2063/2064 983/2050/2051
f 986/2032/2033 988/2052/2053 987/2034/2035
f 988/2052/2053 343/2064/2065 972/2035/2036
f 972/2035/2036 343/2064/2065 342/693/694
f 997/2063/2064 991/2065/2066 983/2050/2051
f 983/2050/2051 992/2066/2067 985/2051/2052
f 992/2066/2067 993/2067/2068 985/2051/2052
f 985/2051/2052 993/2067/2068 986/2032/2033
f 993/2067/2068 994/2068/2069 986/2032/2033
f 997/2063/2064 995/2069/2070 991/2065/2066
f 991/2065/2066 992/2066/2067 983/2050/2051
f 992/2066/2067 996/2070/2071 993/2067/2068
f 518/1026/1027 980/1027/1028 527/1042/1043
f 521/1031/1032 523/1090/1091 989/2054/2055
f 989/2054/2055 523/1090/1091 990/2058/2059
f 521/1031/1032 522/1088/1089 523/1090/1091
f 2907/2071/2072 2909/2062/2063 2894/2072/2073
f 525/1091/1092 982/2049/2050 981/2048/2049
f 523/1090/1091 525/1091/1092 990/2058/2059
f 525/1091/1092 526/1116/1117 982/2049/2050
f 2869/2073/2074 2899/2074/2075 2868/2075/2076
f 982/2049/2050 526/1116/1117 997/2063/2064
f 2882/2076/2077 2900/2077/2078 2893/2078/2079
f 2867/2079/2080 2877/2042/2043 2865/2080/2081
f 333/1201/1202 332/589/589 998/588/588
f 998/588/588 331/587/587 999/2081/2082
f 999/2081/2082 331/587/587 1000/2082/2083
f 331/587/587 310/1206/1207 1000/2082/2083
f 310/1206/1207 1001/2083/2084 1000/2082/2083
f 2855/2084/2085 2937/2085/2086 2840/2086/2087
f 2803/2087/2088 2820/2088/2089 2804/2089/2090
f 1010/2090/2091 1004/2091/2092 1003/2092/2093
f 1012/2093/2094 1005/2094/2095 1004/2091/2092
f 1005/2094/2095 1012/2093/2094 1006/2095/2096
f 1006/2095/2096 170/336/336 185/360/360
f 1003/2092/2093 880/1707/1708 1011/1706/1707
f 880/1707/1708 1003/2092/2093 1002/2096/2097
f 1010/2090/2091 1012/2093/2094 1004/2091/2092
f 1012/2093/2094 1010/2090/2091 1008/2097/2098
f 2862/2098/2099 2942/2099/2100 2863/2100/2101
f 1003/2092/2093 1011/1706/1707 1010/2090/2091
f 1010/2090/2091 1011/1706/1707 1007/2101/2102
f 2797/2102/2103 2811/2103/2104 2802/2104/2105
f 2802/2104/2105 2811/2103/2104 2794/2105/2106
f 1008/2097/2098 1007/2101/2102 1009/2106/2107
f 1007/2101/2102 872/1689/1690 1009/2106/2107
f 2795/2107/2108 2794/2105/2106 2793/2108/2109
f 872/1689/1690 874/1696/1697 1009/2106/2107
f 1009/2106/2107 874/1696/1697 1012/2093/2094
f 874/1696/1697 1006/2095/2096 1012/2093/2094
f 1009/2106/2107 1012/2093/2094 1008/2097/2098
f 2829/2109/2110 2819/2110/2111 2828/2111/2112
f 1023/2112/2113 1015/2113/2114 1014/2114/2115
f 1006/2095/2096 186/363/363 1005/2094/2095
f 1013/2115/2116 1005/2094/2095 1016/2116/2117
f 2806/2117/2118 2857/2118/2119 2805/2119/2120
f 309/569/569 308/568/568 1017/2120/2121
f 1013/2115/2116 1018/2121/2122 1023/2112/2113
f 1016/2116/2117 1018/2121/2122 1013/2115/2116
f 2814/2122/2123 2792/2123/2124 2812/2124/2125
f 2835/2125/2126 2837/2126/2127 2836/2127/2128
f 872/1689/1690 1007/2101/2102 1011/1706/1707
f 2815/2128/2129 2821/2129/2130 2803/2087/2088
f 1005/2094/2095 1019/2130/2131 1004/2091/2092
f 1021/2131/2132 1022/2132/2133 1020/2133/2134
f 1002/2096/2097 1003/2092/2093 1019/2130/2131
f 1019/2130/2131 1020/2133/2134 1002/2096/2097
f 1020/2133/2134 878/1711/1712 1002/2096/2097
f 1002/2096/2097 878/1711/1712 880/1707/1708
f 1004/2091/2092 1019/2130/2131 1003/2092/2093
f 1007/2101/2102 1008/2097/2098 1010/2090/2091
f 1020/2133/2134 1022/2132/2133 878/1711/1712
f 2840/2086/2087 2939/2134/2135 2838/2135/2136
f 577/1146/1147 341/627/627 340/382/382
f 2790/2136/2137 2789/2137/2138 2850/2138/2139
f 1023/2112/2113 1020/2133/2134 1019/2130/2131
f 1019/2130/2131 1013/2115/2116 1023/2112/2113
f 1023/2112/2113 1021/2131/2132 1020/2133/2134
f 1019/2130/2131 1005/2094/2095 1013/2115/2116
f 2684/2139/2140 2689/2140/2141 2683/2141/2142
f 2682/2142/2143 2681/2143/2144 2743/2144/2145
f 878/1711/1712 1022/2132/2133 879/1715/1716
f 186/363/363 187/370/370 1016/2116/2117
f 186/363/363 1006/2095/2096 185/360/360
f 1005/2094/2095 186/363/363 1016/2116/2117
f 2724/2145/2146 2720/2146/2147 2683/2141/2142
f 874/1696/1697 171/1018/1019 1006/2095/2096
f 171/1018/1019 170/336/336 1006/2095/2096
f 2680/2147/2148 2696/2148/2149 2679/2149/2150
f 1026/2150/2151 1024/2151/2152 447/807/808
f 447/807/808 1024/2151/2152 446/806/807
f 446/806/807 1024/2151/2152 454/815/816
f 454/815/816 1025/2152/2153 428/768/769
f 2690/2153/2154 2693/2154/2155 2686/2155/2156
f 1026/2150/2151 1027/2156/2157 1024/2151/2152
f 2752/2157/2158 2781/2158/2159 2753/2159/2160
f 2742/2160/2161 2738/2161/2162 2744/2162/2163
f 2744/2162/2163 2745/2163/2164 2742/2160/2161
f 267/508/508 255/507/507 268/510/510
f 1042/963/964 485/937/938 1028/2164/2165
f 1029/2165/2166 1030/2166/2167 208/414/414
f 1030/2166/2167 209/415/415 208/414/414
f 1031/2167/2168 490/945/946 1032/2168/2169
f 490/945/946 1031/2167/2168 489/939/940
f 489/939/940 1031/2167/2168 488/940/941
f 1031/2167/2168 1029/2165/2166 488/940/941
f 488/940/941 1029/2165/2166 1028/2164/2165
f 209/415/415 1030/2166/2167 210/2169/2170
f 211/2170/2171 210/2169/2170 1035/2171/2172
f 210/2169/2170 1036/2172/2173 1035/2171/2172
f 2657/2173/2174 2660/2174/2175 2666/2175/2176
f 1030/2166/2167 1032/2168/2169 210/2169/2170
f 210/2169/2170 1032/2168/2169 1036/2172/2173
f 1032/2168/2169 1033/2176/2177 1036/2172/2173
f 1036/2172/2173 1033/2176/2177 1037/2177/2178
f 1038/2178/2179 1039/2179/2180 1040/2180/2181
f 1037/2177/2178 1041/2181/2182 1036/2172/2173
f 2675/2182/2183 2673/2183/2184 2670/2184/2185
f 1038/2178/2179 1041/2181/2182 1037/2177/2178
f 2641/2185/2186 2774/2186/2187 2642/2187/2188
f 208/414/414 1043/401/401 1028/2164/2165
f 219/439/439 484/437/437 1042/963/964
f 1042/963/964 1028/2164/2165 207/400/400
f 207/400/400 1028/2164/2165 1043/401/401
f 1033/2176/2177 1034/943/944 1037/2177/2178
f 1034/943/944 1039/2179/2180 1038/2178/2179
f 1034/943/944 1038/2178/2179 1037/2177/2178
f 491/941/942 1034/943/944 1033/2176/2177
f 1033/2176/2177 490/945/946 491/941/942
f 2774/2186/2187 2773/2188/2189 2642/2187/2188
f 2773/2188/2189 2774/2186/2187 2775/2189/2190
f 1032/2168/2169 490/945/946 1033/2176/2177
f 2641/2185/2186 2656/2190/2191 2655/2191/2192
f 2641/2185/2186 2655/2191/2192 2640/2192/2193
f 2671/2193/2194 2674/2194/2195 2672/2195/2196
f 2663/2196/2197 2664/2197/2198 2662/2198/2199
f 2765/2199/2200 2763/2200/2201 2767/2201/2202
f 1032/2168/2169 1030/2166/2167 1031/2167/2168
f 1031/2167/2168 1030/2166/2167 1029/2165/2166
f 2704/2202/2203 2665/2203/2204 2653/2204/2205
f 164/352/352 165/351/351 507/333/333
f 2664/2197/2198 2663/2196/2197 2661/2205/2206
f 209/415/415 212/2206/2207 215/426/426
f 817/1568/1569 818/1558/1559 924/1887/1888
f 924/1887/1888 818/1558/1559 929/1560/1561
f 335/621/621 233/471/471 194/378/378
f 767/1490/1491 1044/1491/1492 769/1494/1495
f 140/295/295 475/888/889 1045/294/294
f 475/888/889 473/885/886 1045/294/294
f 474/884/885 1046/292/292 1045/294/294
f 1046/292/292 139/293/293 1045/294/294
f 2545/2207/2208 2538/2208/2209 2544/2209/2210
f 2609/2210/2211 2605/2211/2212 2610/2212/2213
f 2611/2213/2214 2610/2212/2213 2604/2214/2215
f 632/1289/1290 626/1274/1275 1047/2215/2216
f 633/1287/1288 1048/2216/2217 634/1284/1285
f 634/1284/1285 1048/2216/2217 635/1283/1284
f 635/1283/1284 1049/2217/2218 636/1281/1282
f 626/1274/1275 617/1260/1261 1047/2215/2216
f 632/1289/1290 1047/2215/2216 1050/2218/2219
f 633/1287/1288 1050/2218/2219 1048/2216/2217
f 1048/2216/2217 1051/2219/2220 635/1283/1284
f 635/1283/1284 1051/2219/2220 1049/2217/2218
f 617/1260/1261 1052/1268/1269 1047/2215/2216
f 1047/2215/2216 1052/1268/1269 1050/2218/2219
f 2624/2220/2221 2615/2221/2222 2606/2222/2223
f 613/1259/1260 1053/2223/2224 1052/1268/1269
f 1053/2223/2224 1054/2224/2225 1050/2218/2219
f 1050/2218/2219 1054/2224/2225 1048/2216/2217
f 632/1289/1290 1050/2218/2219 633/1287/1288
f 2633/2225/2226 2611/2213/2214 2604/2214/2215
f 2616/2226/2227 2637/2227/2228 2634/2228/2229
f 503/981/982 534/1059/1060 535/755/756
f 534/1059/1060 413/754/755 535/755/756
f 340/382/382 341/627/627 339/623/623
f 2525/2229/2230 2532/2230/2231 2524/2231/2232
f 907/484/484 908/1815/1816 247/927/928
f 2516/2232/2233 2518/2233/2234 2531/2234/2235
f 2519/2235/2236 2534/2236/2237 2518/2233/2234
f 307/566/566 293/513/513 328/582/582
f 293/513/513 329/583/583 328/582/582
f 2630/2237/2238 2629/2238/2239 2523/2239/2240
f 293/513/513 294/1210/1211 329/583/583
f 2525/2229/2230 2602/2240/2241 2527/2241/2242
f 2536/2242/2243 2552/2243/2244 2537/2244/2245
f 2536/2242/2243 2550/2245/2246 2552/2243/2244
f 956/1976/1977 921/1881/1882 955/1879/1880
f 2578/2246/2247 2582/2247/2248 2581/2248/2249
f 1056/2249/2250 500/935/936 481/934/935
f 142/367/367 475/888/889 140/295/295
f 960/458/458 227/459/459 1057/461/461
f 2586/2250/2251 2509/2251/2252 2587/2252/2253
f 978/584/584 330/585/585 976/1192/1193
f 595/1191/1192 594/586/586 977/1190/1191
f 977/1190/1191 593/1189/1190 974/1188/1189
f 936/1902/1903 934/1900/1901 821/1562/1563
f 821/1562/1563 934/1900/1901 819/1559/1560
f 2512/2253/2254 2591/2254/2255 2596/2255/2256
f 447/807/808 462/805/806 448/808/809
f 1015/2113/2114 138/291/291 137/290/290
f 1023/2112/2113 1018/2121/2122 1015/2113/2114
f 2570/2256/2257 2555/2257/2258 2569/2258/2259
f 1015/2113/2114 1018/2121/2122 138/291/291
f 2555/2257/2258 2556/2259/2260 2569/2258/2259
f 2557/2260/2261 2563/2261/2262 2559/2262/2263
f 1058/361/361 139/293/293 138/291/291
f 1018/2121/2122 1058/361/361 138/291/291
f 2595/2263/2264 2600/2264/2265 2599/2265/2266
f 2488/2266/2267 2497/2267/2268 2489/2268/2269
f 188/366/366 141/353/353 1058/361/361
f 2497/2267/2268 2488/2266/2267 2487/2269/2270
f 1059/2270/2271 1060/2271/2272 1061/1874/1875
f 1060/2271/2272 918/1872/1873 1061/1874/1875
f 1061/1874/1875 1062/2272/2273 1059/2270/2271
f 146/299/299 1063/2273/2274 1061/1874/1875
f 1061/1874/1875 1063/2273/2274 1062/2272/2273
f 1063/2273/2274 1064/2274/2275 1062/2272/2273
f 148/301/301 1064/2274/2275 1063/2273/2274
f 148/301/301 149/307/307 1064/2274/2275
f 2367/2275/2276 2358/2276/2277 2355/2277/2278
f 150/309/309 1064/2274/2275 149/307/307
f 1063/2273/2274 146/299/299 148/301/301
f 2342/2278/2279 2340/2279/2280 2341/2280/2281
f 2381/2281/2282 2373/2282/2283 2383/2283/2284
f 2357/2284/2285 2333/2285/2286 2350/2286/2287
f 917/1871/1872 1065/2287/2288 1068/2288/2289
f 1068/2288/2289 1065/2287/2288 1066/2289/2290
f 1066/2289/2290 1065/2287/2288 1067/2290/2291
f 1069/2291/2292 1071/2290/2293 1070/2292/2294
f 1075/2290/2295 1070/2292/2294 1071/2290/2293
f 2336/2293/2296 2349/2294/2297 2333/2285/2286
f 1067/2290/2291 1065/2287/2288 1070/2292/2294
f 1065/2287/2288 1069/2291/2292 1070/2292/2294
f 2361/2295/2298 2362/2296/2299 2359/2297/2300
f 2374/2298/2301 2385/2299/2302 2375/2300/2303
f 2347/2301/2304 2352/2302/2305 2348/2303/2306
f 2352/2302/2305 2356/2304/2307 2348/2303/2306
f 1070/2292/2294 1072/2290/2308 1067/2290/2291
f 1067/2290/2291 1069/2291/2292 1066/2289/2290
f 1067/2290/2291 1072/2290/2308 1069/2291/2292
f 1072/2290/2308 1071/2290/2293 1069/2291/2292
f 2361/2295/2298 2353/2305/2309 2356/2304/2307
f 2354/2306/2310 2349/2294/2297 2353/2305/2309
f 2345/2307/2311 2401/2308/2312 2400/2309/2313
f 2344/2310/2314 2340/2279/2280 2399/2311/2315
f 1075/2290/2295 1072/2290/2308 1070/2292/2294
f 1072/2290/2308 1075/2290/2295 1073/2290/2316
f 1073/2290/2316 1071/2290/2293 1072/2290/2308
f 2346/2312/2317 2351/2313/2318 2347/2301/2304
f 1073/2290/2316 1074/2290/2319 1071/2290/2293
f 1074/2290/2319 1075/2290/2295 1071/2290/2293
f 1065/2287/2288 1076/2314/2320 1069/2291/2292
f 107/239/239 109/241/241 118/236/236
f 2345/2307/2311 2400/2309/2313 2399/2311/2315
f 1065/2287/2288 917/1871/1872 1076/2314/2320
f 2453/2315/2321 2458/2316/2322 2477/2317/2323
f 917/1871/1872 918/1872/1873 1060/2271/2272
f 2457/2318/2324 2456/2319/2325 2455/2320/2326
f 2465/2321/2327 2449/2322/2328 2467/2323/2329
f 917/1871/1872 1077/2324/2330 1076/2314/2320
f 2427/2325/2331 2461/2326/2332 2413/2327/2333
f 917/1871/1872 1060/2271/2272 1077/2324/2330
f 1060/2271/2272 1079/2328/2334 1077/2324/2330
f 1080/2329/2335 1077/2324/2330 1079/2328/2334
f 2425/2330/2336 2447/2331/2337 2417/2332/2338
f 187/370/370 1058/361/361 1018/2121/2122
f 187/370/370 188/366/366 1058/361/361
f 160/328/328 164/352/352 1081/2333/2339
f 2463/2334/2340 2465/2321/2327 2464/2335/2341
f 187/370/370 1018/2121/2122 1016/2116/2117
f 505/2336/2342 1081/2333/2339 506/997/998
f 2428/2337/2343 2462/2338/2344 2427/2325/2331
f 506/997/998 1081/2333/2339 164/352/352
f 1068/2288/2289 750/1463/1464 917/1871/1872
f 2467/2323/2329 2466/2339/2345 2452/2340/2346
f 210/2169/2170 211/2170/2171 209/415/415
f 209/415/415 211/2170/2171 212/2206/2207
f 1083/2341/2347 117/237/237 103/232/232
f 2477/2317/2323 2455/2320/2326 2456/2319/2325
f 105/235/235 117/237/237 1083/2341/2347
f 901/475/475 337/470/470 341/627/627
f 2448/2342/2348 2465/2321/2327 2446/2343/2349
f 1084/2344/2350 1116/2345/2351 1085/2346/2352
f 1085/2346/2352 1086/2347/2353 1088/2348/2354
f 1087/2349/2355 1089/2350/2356 1088/2348/2354
f 1088/2348/2354 1089/2350/2356 1090/2351/2357
f 1088/2348/2354 1094/2352/2358 1085/2346/2352
f 1090/2351/2357 1095/2353/2359 1088/2348/2354
f 1585/2354/2360 1584/2355/2361 1586/2356/2362
f 1095/2353/2359 1113/2357/2363 1088/2348/2354
f 1113/2357/2363 1096/2358/2364 1088/2348/2354
f 1088/2348/2354 1096/2358/2364 1094/2352/2358
f 1093/2359/2365 1095/2353/2359 1091/2360/2366
f 1095/2353/2359 1089/2350/2356 1091/2360/2366
f 1363/2361/2367 1362/2362/2368 1364/2363/2369
f 1089/2350/2356 1097/2364/2370 1091/2360/2366
f 1091/2360/2366 1097/2364/2370 1092/2365/2371
f 1098/2366/2372 1100/2367/2373 1099/2368/2374
f 1101/2369/2375 1104/2370/2376 1103/2371/2377
f 1104/2370/2376 1105/2372/2378 1103/2371/2377
f 1105/2372/2378 731/2373/2379 1103/2371/2377
f 1103/2371/2377 1106/2374/2380 1101/2369/2375
f 1108/2375/2381 1099/2368/2374 1100/2367/2373
f 1395/2376/2382 1352/2377/2383 1353/2378/2384
f 1108/2375/2381 1109/2379/2385 1099/2368/2374
f 1109/2379/2385 1110/2380/2386 1099/2368/2374
f 1099/2368/2374 1110/2380/2386 1107/2381/2387
f 1107/2381/2387 1111/2382/2388 1092/2365/2371
f 1092/2365/2371 1111/2382/2388 1091/2360/2366
f 1335/2383/2389 1437/2384/2390 1346/2385/2391
f 1110/2380/2386 1111/2382/2388 1107/2381/2387
f 1111/2382/2388 1112/2386/2392 1091/2360/2366
f 1112/2386/2392 1093/2359/2365 1091/2360/2366
f 2092/2387/2393 2064/2388/2394 2063/2389/2395
f 1112/2386/2392 1111/2382/2388 1110/2380/2386
f 2101/2390/2396 2138/2391/2397 2099/2392/2398
f 2112/2393/2399 2287/2394/2400 2109/2395/2401
f 1095/2353/2359 1093/2359/2365 1113/2357/2363
f 2152/2396/2402 2151/2397/2403 2284/2398/2404
f 1110/2380/2386 1109/2379/2385 1114/2399/2405
f 2113/2400/2406 2117/2401/2407 2104/2402/2408
f 1108/2375/2381 1102/2403/2409 1115/2404/2410
f 1102/2403/2409 1106/2374/2380 1115/2404/2410
f 2074/2405/2411 2068/2406/2412 2067/2407/2413
f 2073/2408/2414 2097/2409/2415 2071/2410/2416
f 191/375/375 190/454/454 192/373/373
f 2084/2411/2417 2091/2412/2418 2089/2413/2419
f 1086/2347/2353 1116/2345/2351 1117/2414/2420
f 1119/2415/2421 1120/2416/2422 1121/2417/2423
f 1121/2417/2423 726/1418/1419 727/1420/1421
f 2070/2418/2424 2076/2419/2425 1256/2420/2426
f 1121/2417/2423 1122/2421/2427 1119/2415/2421
f 1119/2415/2421 1123/2422/2428 1118/2423/2429
f 1123/2422/2428 1117/2414/2420 1118/2423/2429
f 1234/2424/2430 1236/2425/2431 1235/2426/2432
f 1127/2427/2433 1098/2366/2372 1086/2347/2353
f 1086/2347/2353 1098/2366/2372 1087/2349/2355
f 1098/2366/2372 1089/2350/2356 1087/2349/2355
f 1123/2422/2428 1126/2428/2434 1125/2429/2435
f 1126/2428/2434 1127/2427/2433 1125/2429/2435
f 1098/2366/2372 1127/2427/2433 1100/2367/2373
f 1127/2427/2433 1126/2428/2434 1101/2369/2375
f 1105/2372/2378 729/1424/1425 730/1425/1426
f 1126/2428/2434 1123/2422/2428 1104/2370/2376
f 1123/2422/2428 1124/2430/2436 1104/2370/2376
f 1124/2430/2436 1105/2372/2378 1104/2370/2376
f 1124/2430/2436 1122/2421/2427 1105/2372/2378
f 1122/2421/2427 729/1424/1425 1105/2372/2378
f 1267/2431/2437 1997/2432/2438 1998/2433/2439
f 729/1424/1425 1122/2421/2427 728/1421/1422
f 1122/2421/2427 1121/2417/2423 728/1421/1422
f 728/1421/1422 1121/2417/2423 727/1420/1421
f 1288/2434/2440 1266/2435/2441 1285/2436/2442
f 1289/2437/2443 1264/2438/2444 1283/2439/2445
f 1122/2421/2427 1124/2430/2436 1119/2415/2421
f 1124/2430/2436 1123/2422/2428 1119/2415/2421
f 1266/2435/2441 1286/2440/2446 1267/2431/2437
f 1121/2417/2423 1128/2441/2447 726/1418/1419
f 1128/2441/2447 1129/2442/2448 726/1418/1419
f 723/1411/1412 1131/2443/2449 721/1414/1415
f 1131/2443/2449 1148/2444/2450 721/1414/1415
f 721/1414/1415 1148/2444/2450 1132/2445/2451
f 1128/2441/2447 1121/2417/2423 1120/2416/2422
f 1120/2416/2422 1119/2415/2421 1134/2446/2452
f 1116/2345/2351 1135/2447/2453 1118/2423/2429
f 1138/2448/2454 1120/2416/2422 1134/2446/2452
f 1120/2416/2422 1136/2449/2455 1128/2441/2447
f 1135/2447/2453 1137/2450/2456 1118/2423/2429
f 1137/2450/2456 1138/2448/2454 1118/2423/2429
f 1118/2423/2429 1138/2448/2454 1134/2446/2452
f 1136/2449/2455 1129/2442/2448 1128/2441/2447
f 1250/2451/2457 1281/2452/2458 1282/2453/2459
f 1137/2450/2456 1139/2454/2460 1138/2448/2454
f 1138/2448/2454 1140/2455/2461 1120/2416/2422
f 1140/2455/2461 1141/2456/2462 1120/2416/2422
f 1120/2416/2422 1141/2456/2462 1136/2449/2455
f 1136/2449/2455 1142/2457/2463 1129/2442/2448
f 1139/2454/2460 1140/2455/2461 1138/2448/2454
f 1141/2456/2462 1142/2457/2463 1136/2449/2455
f 1140/2455/2461 1143/2458/2464 1141/2456/2462
f 1143/2458/2464 1144/2459/2465 1141/2456/2462
f 1141/2456/2462 1144/2459/2465 1142/2457/2463
f 1142/2457/2463 1145/2460/2466 1130/2461/2467
f 1241/2462/2468 1204/2463/2469 1242/2464/2470
f 1143/2458/2464 1146/2465/2471 1144/2459/2465
f 1144/2459/2465 1145/2460/2466 1142/2457/2463
f 1145/2460/2466 723/1411/1412 1130/2461/2467
f 1874/2466/2472 1234/2424/2430 1235/2426/2432
f 1145/2460/2466 1144/2459/2465 1147/2467/2473
f 1144/2459/2465 1146/2465/2471 1147/2467/2473
f 1237/2468/2474 1232/2469/2475 1235/2426/2432
f 1300/2470/2476 1993/2471/2477 1294/2472/2478
f 1277/2473/2479 1994/2474/2480 1279/2475/2481
f 1131/2443/2449 723/1411/1412 1145/2460/2466
f 1300/2470/2476 1315/2476/2482 1301/2477/2483
f 1389/2478/2484 1406/2479/2485 1417/2480/2486
f 1329/2481/2487 1411/2482/2488 1389/2478/2484
f 145/1873/1874 144/298/298 1061/1874/1875
f 1194/2483/2489 1193/2484/2490 1200/2485/2491
f 1945/2486/2492 1199/2487/2493 1946/2488/2494
f 144/298/298 146/299/299 1061/1874/1875
f 1140/2455/2461 1139/2454/2460 1149/2489/2495
f 718/1405/1406 713/1393/1394 1133/2490/2496
f 713/1393/1394 720/1412/1413 1133/2490/2496
f 1133/2490/2496 720/1412/1413 721/1414/1415
f 723/1411/1412 724/1410/1411 1130/2461/2467
f 724/1410/1411 725/1416/1417 1130/2461/2467
f 725/1416/1417 726/1418/1419 1129/2442/2448
f 1893/2491/2497 1891/2492/2498 1892/2493/2499
f 1899/2494/2500 1914/2495/2501 1898/2496/2502
f 1919/2497/2503 1913/2498/2504 1920/2499/2505
f 986/2032/2033 994/2068/2069 988/2052/2053
f 1186/2500/2506 1913/2498/2504 1919/2497/2503
f 1101/2369/2375 1102/2403/2409 1127/2427/2433
f 1127/2427/2433 1102/2403/2409 1100/2367/2373
f 1206/2501/2507 1185/2502/2508 1205/2503/2509
f 1182/2504/2510 1210/2505/2511 1219/2506/2512
f 1213/2507/2513 1215/2508/2514 1210/2505/2511
f 1209/2509/2515 1208/2510/2516 1207/2511/2517
f 1104/2370/2376 1101/2369/2375 1126/2428/2434
f 1240/2512/2518 1228/2513/2519 1227/2514/2520
f 1231/2515/2521 1235/2426/2432 1232/2469/2475
f 1116/2345/2351 1084/2344/2350 1135/2447/2453
f 1314/2516/2522 1301/2477/2483 1445/2517/2523
f 1440/2518/2524 1443/2519/2525 1316/2520/2526
f 1442/2521/2527 1450/2522/2528 1444/2523/2529
f 1443/2519/2525 1444/2523/2529 1445/2517/2523
f 193/376/376 194/378/378 229/467/467
f 1303/2524/2530 1470/2525/2531 1476/2526/2532
f 1459/2527/2533 1470/2525/2531 1458/2528/2534
f 1458/2528/2534 1304/2529/2535 1305/2530/2536
f 1446/2531/2537 1450/2522/2528 1442/2521/2527
f 1438/2532/2538 1441/2533/2539 1439/2534/2540
f 731/2373/2379 1105/2372/2378 730/1425/1426
f 1416/2535/2541 1417/2480/2486 1406/2479/2485
f 1452/2536/2542 1308/2537/2543 1309/2538/2544
f 1346/2385/2391 1345/2539/2545 1335/2383/2389
f 549/1083/1084 598/1228/1229 513/1035/1036
f 1338/2540/2546 1345/2539/2545 1392/2541/2547
f 1097/2364/2370 1099/2368/2374 1092/2365/2371
f 1097/2364/2370 1098/2366/2372 1099/2368/2374
f 2241/2542/2548 2248/2543/2549 1379/2544/2550
f 2218/2545/2551 2219/2546/2552 2045/2547/2553
f 1090/2351/2357 1089/2350/2356 1095/2353/2359
f 1377/2548/2554 1482/2549/2555 1433/2550/2556
f 1382/2551/2557 1383/2552/2558 1375/2553/2559
f 1370/2554/2560 1383/2552/2558 1371/2555/2561
f 1151/2556/2562 1167/2557/2563 1152/2558/2564
f 1153/2559/2565 1154/2560/2566 1155/2561/2567
f 1155/2561/2567 1154/2560/2566 1156/2562/2568
f 1154/2560/2566 1157/2563/2569 1156/2562/2568
f 1157/2563/2569 1164/2564/2570 1158/2565/2571
f 1158/2565/2571 2022/2566/2572 1159/2567/2573
f 1160/2568/2574 1161/2569/2575 1159/2567/2573
f 1448/2570/2576 1312/2571/2577 1449/2572/2578
f 2022/2566/2572 1158/2565/2571 1163/2573/2579
f 1158/2565/2571 1164/2564/2570 1163/2573/2579
f 1157/2563/2569 1154/2560/2566 1165/2574/2580
f 1154/2560/2566 1153/2559/2565 1166/2575/2581
f 1153/2559/2565 1167/2557/2563 1166/2575/2581
f 1166/2575/2581 1167/2557/2563 1168/2576/2582
f 1168/2576/2582 1169/2577/2583 1738/2578/2584
f 1169/2577/2583 1170/2579/2585 1745/2580/2586
f 1170/2579/2585 1175/2581/2587 1745/2580/2586
f 1175/2581/2587 1171/2582/2588 1745/2580/2586
f 1745/2580/2586 1171/2582/2588 1172/2583/2589
f 1172/2583/2589 1171/2582/2588 1173/2584/2590
f 1173/2584/2590 1171/2582/2588 1174/2585/2591
f 1170/2579/2585 1168/2576/2582 1174/2585/2591
f 1170/2579/2585 1169/2577/2583 1168/2576/2582
f 1168/2576/2582 1167/2557/2563 1174/2585/2591
f 1174/2585/2591 1167/2557/2563 1176/2586/2592
f 1153/2559/2565 1152/2558/2564 1167/2557/2563
f 1207/2511/2517 1225/2587/2593 1218/2588/2594
f 1167/2557/2563 1151/2556/2562 1176/2586/2592
f 1220/2589/2595 1222/2590/2596 1211/2591/2597
f 1177/2592/2598 1178/2593/2599 1179/2594/2600
f 1179/2594/2600 1178/2593/2599 1180/2595/2601
f 1178/2593/2599 1181/2596/2602 1180/2595/2601
f 1181/2596/2602 1182/2504/2510 1950/2597/2603
f 1950/2597/2603 1182/2504/2510 1183/2598/2604
f 1182/2504/2510 1219/2506/2512 1183/2598/2604
f 1219/2506/2512 1184/2599/2605 1183/2598/2604
f 1919/2497/2503 1185/2502/2508 1186/2500/2506
f 1203/2600/2606 1228/2513/2519 1186/2500/2506
f 1186/2500/2506 1228/2513/2519 1921/2601/2607
f 1228/2513/2519 1187/2602/2608 1921/2601/2607
f 1891/2492/2498 1187/2602/2608 1188/2603/2609
f 1187/2602/2608 1202/2604/2610 1188/2603/2609
f 1189/2605/2611 1201/2606/2612 1190/2607/2613
f 1201/2606/2612 1191/2608/2614 1190/2607/2613
f 1191/2608/2614 1193/2484/2490 1192/2609/2615
f 1582/2610/2616 1180/2595/2601 1586/2356/2362
f 1194/2483/2489 1200/2485/2491 1199/2487/2493
f 1200/2485/2491 1201/2606/2612 1199/2487/2493
f 1201/2606/2612 1202/2604/2610 1874/2466/2472
f 1209/2509/2515 1210/2505/2511 1215/2508/2514
f 1213/2507/2513 1211/2591/2597 1212/2611/2617
f 1212/2611/2617 1214/2612/2618 1213/2507/2513
f 1214/2612/2618 1216/2613/2619 1215/2508/2514
f 1216/2613/2619 1217/2614/2620 1215/2508/2514
f 1208/2510/2516 1223/2615/2621 1207/2511/2517
f 1207/2511/2517 1218/2588/2594 1205/2503/2509
f 1201/2606/2612 1189/2605/2611 1202/2604/2610
f 1203/2600/2606 1185/2502/2508 1206/2501/2507
f 1185/2502/2508 1184/2599/2605 1205/2503/2509
f 1205/2503/2509 1184/2599/2605 1207/2511/2517
f 1184/2599/2605 1219/2506/2512 1207/2511/2517
f 1207/2511/2517 1219/2506/2512 1209/2509/2515
f 1219/2506/2512 1210/2505/2511 1209/2509/2515
f 1210/2505/2511 1221/2616/2622 1220/2589/2595
f 2177/2617/2623 2329/2618/2624 2178/2619/2625
f 1210/2505/2511 1220/2589/2595 1213/2507/2513
f 1213/2507/2513 1220/2589/2595 1211/2591/2597
f 1212/2611/2617 1222/2590/2596 1214/2612/2618
f 1222/2590/2596 1216/2613/2619 1214/2612/2618
f 2263/2620/2626 2262/2621/2627 2260/2622/2628
f 1381/2623/2629 1372/2624/2630 1371/2555/2561
f 1220/2589/2595 2008/2625/2631 1222/2590/2596
f 1211/2591/2597 1222/2590/2596 1212/2611/2617
f 1374/2626/2632 1375/2553/2559 2217/2627/2633
f 1347/2628/2634 1416/2535/2541 1434/2629/2635
f 2008/2625/2631 1977/2630/2636 1222/2590/2596
f 1977/2630/2636 1223/2615/2621 1222/2590/2596
f 1223/2615/2621 1216/2613/2619 1222/2590/2596
f 1217/2614/2620 1208/2510/2516 1209/2509/2515
f 1223/2615/2621 1224/2631/2637 1207/2511/2517
f 1224/2631/2637 1225/2587/2593 1207/2511/2517
f 1225/2587/2593 1243/2632/2638 1218/2588/2594
f 1218/2588/2594 1226/2633/2639 1205/2503/2509
f 1205/2503/2509 1226/2633/2639 1204/2463/2469
f 1228/2513/2519 1240/2512/2518 1229/2634/2640
f 1231/2515/2521 1230/2635/2641 1235/2426/2432
f 1852/2636/2642 1851/2637/2643 1849/2638/2644
f 1208/2510/2516 1217/2614/2620 1223/2615/2621
f 1223/2615/2621 1217/2614/2620 1216/2613/2619
f 1174/2585/2591 1171/2582/2588 1175/2581/2587
f 1763/2639/2645 1760/2640/2646 1757/2641/2647
f 1983/2642/2648 1243/2632/2638 1225/2587/2593
f 1243/2632/2638 1226/2633/2639 1218/2588/2594
f 1229/2634/2640 1248/2643/2649 1234/2424/2430
f 1235/2426/2432 1236/2425/2431 1237/2468/2474
f 1236/2425/2431 1238/2644/2650 1237/2468/2474
f 1237/2468/2474 2091/2412/2418 1239/2645/2651
f 1588/2646/2652 1634/2647/2653 1570/2648/2654
f 1236/2425/2431 1234/2424/2430 1248/2643/2649
f 1248/2643/2649 1229/2634/2640 1240/2512/2518
f 1240/2512/2518 1227/2514/2520 1241/2462/2468
f 1241/2462/2468 1227/2514/2520 1204/2463/2469
f 1242/2464/2470 1204/2463/2469 1226/2633/2639
f 1242/2464/2470 1226/2633/2639 1243/2632/2638
f 1746/2649/2655 1748/2650/2656 1976/2651/2657
f 1240/2512/2518 1241/2462/2468 1247/2652/2658
f 1249/2653/2659 1242/2464/2470 1250/2451/2457
f 1242/2464/2470 1249/2653/2659 1247/2652/2658
f 1247/2652/2658 2001/2654/2660 1248/2643/2649
f 1251/2655/2661 1252/2656/2662 2090/2657/2663
f 1253/2658/2664 1259/2659/2665 2080/2660/2666
f 1256/2420/2426 1260/2661/2667 1257/2662/2668
f 1739/2663/2669 1734/2664/2670 1737/2665/2671
f 1740/2666/2672 1727/2667/2673 1739/2663/2669
f 1251/2655/2661 1259/2659/2665 1253/2658/2664
f 1255/2668/2674 1271/2669/2675 1256/2420/2426
f 1271/2669/2675 1272/2670/2676 1256/2420/2426
f 1272/2670/2676 1260/2661/2667 1256/2420/2426
f 1274/2671/2677 1257/2662/2668 1260/2661/2667
f 1274/2671/2677 1258/2672/2678 1257/2662/2668
f 1715/2673/2679 1923/2674/2680 1924/2675/2681
f 1623/2676/2682 1501/2677/2683 1502/2678/2684
f 1178/2593/2599 1221/2616/2622 1181/2596/2602
f 1181/2596/2602 1210/2505/2511 1182/2504/2510
f 1185/2502/2508 1203/2600/2606 1186/2500/2506
f 1824/2679/2685 1835/2680/2686 1833/2681/2687
f 1243/2632/2638 1983/2642/2648 1261/2682/2688
f 1983/2642/2648 1262/2683/2689 1261/2682/2688
f 1861/2684/2690 2232/2685/2691 1827/2686/2692
f 1243/2632/2638 1250/2451/2457 1242/2464/2470
f 1250/2451/2457 1282/2453/2459 1249/2653/2659
f 1249/2653/2659 1282/2453/2459 1264/2438/2444
f 1265/2687/2693 1266/2435/2441 1998/2433/2439
f 1998/2433/2439 1266/2435/2441 1267/2431/2437
f 1267/2431/2437 1268/2688/2694 1269/2689/2695
f 1270/2690/2696 1269/2689/2695 1268/2688/2694
f 1272/2670/2676 1273/2691/2697 1260/2661/2667
f 1260/2661/2667 1273/2691/2697 1274/2671/2677
f 1275/2692/2698 1277/2473/2479 1276/2693/2699
f 1276/2693/2699 1277/2473/2479 1278/2694/2700
f 1277/2473/2479 1279/2475/2481 1278/2694/2700
f 2200/2695/2701 2199/2696/2702 2192/2697/2703
f 1281/2452/2458 1291/2698/2704 1282/2453/2459
f 1282/2453/2459 1291/2698/2704 1283/2439/2445
f 1264/2438/2444 1284/2699/2705 2002/2700/2706
f 1284/2699/2705 1285/2436/2442 2002/2700/2706
f 2002/2700/2706 1285/2436/2442 1265/2687/2693
f 1285/2436/2442 1266/2435/2441 1265/2687/2693
f 1286/2440/2446 1268/2688/2694 1267/2431/2437
f 2278/2701/2707 2273/2702/2708 2274/2703/2709
f 1268/2688/2694 1286/2440/2446 1271/2669/2675
f 1271/2669/2675 1287/2704/2710 1272/2670/2676
f 1272/2670/2676 1287/2704/2710 1273/2691/2697
f 1274/2671/2677 1273/2691/2697 1275/2692/2698
f 2270/2705/2711 2269/2706/2712 2267/2707/2713
f 1286/2440/2446 1266/2435/2441 1288/2434/2440
f 1264/2438/2444 1289/2437/2443 1284/2699/2705
f 1294/2472/2478 1285/2436/2442 1284/2699/2705
f 2202/2708/2714 2237/2709/2715 2234/2710/2716
f 1961/2711/2717 1841/2712/2718 1960/2713/2719
f 1290/2714/2720 1292/2715/2721 1283/2439/2445
f 1283/2439/2445 1292/2715/2721 1289/2437/2443
f 1289/2437/2443 1293/2716/2722 1284/2699/2705
f 1284/2699/2705 1293/2716/2722 1294/2472/2478
f 1295/2717/2723 1287/2704/2710 1288/2434/2440
f 1838/2718/2724 1836/2719/2725 1843/2720/2726
f 1295/2717/2723 1285/2436/2442 1294/2472/2478
f 1293/2716/2722 1289/2437/2443 1292/2715/2721
f 1290/2714/2720 1283/2439/2445 1291/2698/2704
f 1324/2721/2727 1291/2698/2704 1281/2452/2458
f 1842/2722/2728 1840/2723/2729 1841/2712/2718
f 1292/2715/2721 1297/2724/2730 1293/2716/2722
f 1294/2472/2478 1298/2725/2731 1295/2717/2723
f 1295/2717/2723 1298/2725/2731 1287/2704/2710
f 1298/2725/2731 1299/2726/2732 1287/2704/2710
f 1287/2704/2710 1299/2726/2732 1273/2691/2697
f 1300/2470/2476 1301/2477/2483 1302/2727/2733
f 1301/2477/2483 1314/2516/2522 1302/2727/2733
f 1306/2728/2734 1305/2530/2536 1307/2729/2735
f 1307/2729/2735 1308/2537/2543 1468/2730/2736
f 1309/2538/2544 1308/2537/2543 1310/2731/2737
f 1308/2537/2543 1311/2732/2738 1310/2731/2737
f 1307/2729/2735 1305/2530/2536 1311/2732/2738
f 1305/2530/2536 1304/2529/2535 1312/2571/2577
f 1304/2529/2535 1303/2524/2530 1313/2733/2739
f 1303/2524/2530 1314/2516/2522 1313/2733/2739
f 1301/2477/2483 1315/2476/2482 1445/2517/2523
f 1316/2520/2526 1322/2734/2740 1328/2735/2741
f 1328/2735/2741 1322/2734/2740 1317/2736/2742
f 1318/2737/2743 1292/2715/2721 1319/2738/2744
f 1319/2738/2744 1292/2715/2721 1290/2714/2720
f 1290/2714/2720 1323/2739/2745 1320/2740/2746
f 1320/2740/2746 1323/2739/2745 1321/2741/2747
f 1820/2742/2748 1836/2719/2725 1822/2743/2749
f 1322/2734/2740 1315/2476/2482 1300/2470/2476
f 1837/2744/2750 1810/2745/2751 1811/2746/2752
f 1300/2470/2476 1294/2472/2478 1322/2734/2740
f 1294/2472/2478 1293/2716/2722 1322/2734/2740
f 1297/2724/2730 1292/2715/2721 1318/2737/2743
f 1324/2721/2727 2055/2747/2753 1321/2741/2747
f 1819/2748/2754 1818/2749/2755 1810/2745/2751
f 1321/2741/2747 1323/2739/2745 1324/2721/2727
f 1262/2683/2689 1244/2750/2756 1325/2751/2757
f 1865/2752/2758 1864/2753/2759 1821/2754/2760
f 1262/2683/2689 1325/2751/2757 1263/2755/2761
f 1544/2756/2762 1543/2757/2763 1635/2758/2764
f 1512/2759/2765 1876/2760/2766 1514/2761/2767
f 1554/2762/2768 1509/2763/2769 1542/2764/2770
f 1296/2765/2771 2055/2747/2753 1263/2755/2761
f 2055/2747/2753 1281/2452/2458 1263/2755/2761
f 1321/2741/2747 1326/2766/2772 1320/2740/2746
f 1319/2738/2744 1327/2767/2773 1318/2737/2743
f 1318/2737/2743 1327/2767/2773 1297/2724/2730
f 1317/2736/2742 1388/2768/2774 1328/2735/2741
f 1388/2768/2774 1329/2481/2487 1328/2735/2741
f 1328/2735/2741 1329/2481/2487 1330/2769/2775
f 1332/2770/2776 1348/2771/2777 1438/2532/2538
f 1438/2532/2538 1348/2771/2777 1333/2772/2778
f 1336/2773/2779 1335/2383/2389 1337/2774/2780
f 1335/2383/2389 1338/2540/2546 1337/2774/2780
f 1337/2774/2780 1338/2540/2546 1427/2775/2781
f 1427/2775/2781 1338/2540/2546 1339/2776/2782
f 1338/2540/2546 1340/2777/2783 1339/2776/2782
f 1340/2777/2783 1341/2778/2784 1339/2776/2782
f 1339/2776/2782 1341/2778/2784 1342/2779/2785
f 1341/2778/2784 1343/2780/2786 1342/2779/2785
f 1347/2628/2634 1333/2772/2778 1348/2771/2777
f 1346/2385/2391 1334/2781/2787 1345/2539/2545
f 1334/2781/2787 1392/2541/2547 1345/2539/2545
f 1345/2539/2545 1338/2540/2546 1335/2383/2389
f 1338/2540/2546 1393/2782/2788 1340/2777/2783
f 1340/2777/2783 1393/2782/2788 1350/2783/2789
f 1351/2784/2790 1395/2376/2382 1358/2785/2791
f 1352/2377/2383 1419/2786/2792 1353/2378/2384
f 1419/2786/2792 1354/2787/2793 1353/2378/2384
f 1353/2378/2384 1354/2787/2793 1355/2788/2794
f 1542/2764/2770 1543/2757/2763 1544/2756/2762
f 1512/2759/2765 1539/2789/2795 1511/2790/2796
f 1357/2791/2797 1353/2378/2384 1355/2788/2794
f 1358/2785/2791 1395/2376/2382 1353/2378/2384
f 1351/2784/2790 1359/2792/2798 1350/2783/2789
f 1806/2793/2799 1636/2794/2800 1543/2757/2763
f 1768/2795/2801 1770/2796/2802 1769/2797/2803
f 1359/2792/2798 1351/2784/2790 1358/2785/2791
f 1359/2792/2798 1360/2798/2804 1350/2783/2789
f 1360/2798/2804 1361/2799/2805 1350/2783/2789
f 1361/2799/2805 1340/2777/2783 1350/2783/2789
f 1772/2800/2806 1547/2801/2807 1546/2802/2808
f 1353/2378/2384 1362/2362/2368 1358/2785/2791
f 1362/2362/2368 1359/2792/2798 1358/2785/2791
f 1340/2777/2783 1361/2799/2805 1341/2778/2784
f 1547/2801/2807 1773/2803/2809 1794/2804/2810
f 1362/2362/2368 1360/2798/2804 1359/2792/2798
f 1363/2361/2367 1341/2778/2784 1361/2799/2805
f 1362/2362/2368 1363/2361/2367 1360/2798/2804
f 1360/2798/2804 1363/2361/2367 1361/2799/2805
f 1341/2778/2784 1363/2361/2367 1343/2780/2786
f 1363/2361/2367 1366/2805/2811 1343/2780/2786
f 1366/2805/2811 1344/2806/2812 1343/2780/2786
f 1503/2807/2813 1561/2808/2814 1502/2678/2684
f 1369/2809/2815 1364/2363/2369 1362/2362/2368
f 1365/2810/2816 1366/2805/2811 1363/2361/2367
f 1366/2805/2811 1367/2811/2817 1344/2806/2812
f 1872/2812/2818 1868/2813/2819 1853/2814/2820
f 1364/2363/2369 1369/2809/2815 1368/2815/2821
f 1371/2555/2561 1372/2624/2630 1370/2554/2560
f 1372/2624/2630 1381/2623/2629 1369/2809/2815
f 1381/2623/2629 1368/2815/2821 1369/2809/2815
f 1381/2623/2629 1373/2816/2822 1368/2815/2821
f 1373/2816/2822 1382/2551/2557 1374/2626/2632
f 1382/2551/2557 1375/2553/2559 1374/2626/2632
f 1377/2548/2554 1379/2544/2550 1378/2817/2823
f 1807/2818/2824 1867/2819/2825 1636/2794/2800
f 1371/2555/2561 1383/2552/2558 1382/2551/2557
f 1370/2554/2560 1369/2809/2815 1384/2820/2826
f 1384/2820/2826 1369/2809/2815 1385/2821/2827
f 1385/2821/2827 1369/2809/2815 1396/2822/2828
f 1396/2822/2828 1369/2809/2815 1362/2362/2368
f 1371/2555/2561 1382/2551/2557 1381/2623/2629
f 2311/2823/2829 1639/2824/2830 2310/2825/2831
f 2311/2823/2829 2314/2826/2832 2313/2827/2833
f 1381/2623/2629 1382/2551/2557 1373/2816/2822
f 1320/2740/2746 1386/2828/2834 1319/2738/2744
f 1319/2738/2744 1386/2828/2834 1327/2767/2773
f 1326/2766/2772 1387/2829/2835 1320/2740/2746
f 1320/2740/2746 1387/2829/2835 1386/2828/2834
f 1386/2828/2834 1388/2768/2774 1327/2767/2773
f 1327/2767/2773 1388/2768/2774 1317/2736/2742
f 1765/2830/2836 1766/2831/2837 1798/2832/2838
f 1780/2833/2839 1801/2834/2840 1779/2835/2841
f 1349/2836/2842 1417/2480/2486 1348/2771/2777
f 1390/2837/2843 1391/2838/2844 1392/2541/2547
f 1392/2541/2547 1391/2838/2844 1393/2782/2788
f 1391/2838/2844 1394/2839/2845 1393/2782/2788
f 1393/2782/2788 1394/2839/2845 1350/2783/2789
f 1350/2783/2789 1394/2839/2845 1351/2784/2790
f 1394/2839/2845 1395/2376/2382 1351/2784/2790
f 1347/2628/2634 1390/2837/2843 1333/2772/2778
f 1333/2772/2778 1390/2837/2843 1334/2781/2787
f 1334/2781/2787 1390/2837/2843 1392/2541/2547
f 1392/2541/2547 1393/2782/2788 1338/2540/2546
f 1353/2378/2384 1396/2822/2828 1362/2362/2368
f 1353/2378/2384 1357/2791/2797 1396/2822/2828
f 1403/2840/2846 1402/2841/2847 1397/2842/2848
f 1397/2842/2848 1398/2843/2849 1399/2844/2850
f 1398/2843/2849 1401/2845/2851 1400/2846/2852
f 1401/2845/2851 1398/2843/2849 1402/2841/2847
f 1402/2841/2847 1396/2822/2828 1357/2791/2797
f 1398/2843/2849 1397/2842/2848 1402/2841/2847
f 1402/2841/2847 1403/2840/2846 1396/2822/2828
f 2016/2847/2853 1500/2848/2854 2015/2849/2855
f 1417/2480/2486 1347/2628/2634 1348/2771/2777
f 1620/2850/2856 1617/2851/2857 1612/2852/2858
f 1617/2851/2857 1620/2850/2856 1621/2853/2859
f 1617/2851/2857 2011/2854/2860 2009/2855/2861
f 1624/2856/2862 2013/2857/2863 1623/2676/2682
f 1625/2858/2864 2011/2854/2860 2013/2857/2863
f 1369/2809/2815 1370/2554/2560 1372/2624/2630
f 2010/2859/2865 1572/2860/2866 2009/2855/2861
f 1321/2741/2747 1404/2861/2867 1326/2766/2772
f 1387/2829/2835 1405/2862/2868 1386/2828/2834
f 1386/2828/2834 1405/2862/2868 1406/2479/2485
f 1407/2863/2869 1408/2864/2870 1409/2865/2871
f 1386/2828/2834 1406/2479/2485 1411/2482/2488
f 1406/2479/2485 1407/2863/2869 1416/2535/2541
f 1410/2866/2872 1412/2867/2873 1409/2865/2871
f 1412/2867/2873 1413/2868/2874 1422/2869/2875
f 1422/2869/2875 1413/2868/2874 1414/2870/2876
f 1414/2870/2876 1415/2871/2877 1354/2787/2793
f 1411/2482/2488 1388/2768/2774 1386/2828/2834
f 1683/2872/2878 1679/2873/2879 1675/2874/2880
f 1349/2836/2842 1389/2478/2484 1417/2480/2486
f 1676/2875/2881 1685/2876/2882 1677/2877/2883
f 1417/2480/2486 1416/2535/2541 1347/2628/2634
f 1416/2535/2541 1409/2865/2871 1434/2629/2635
f 1418/2878/2884 1419/2786/2792 1352/2377/2383
f 1641/2879/2885 1643/2880/2886 1677/2877/2883
f 1354/2787/2793 1420/2881/2887 1355/2788/2794
f 1355/2788/2794 1420/2881/2887 1356/2882/2888
f 1421/2883/2889 1420/2881/2887 1354/2787/2793
f 1677/2877/2883 1655/2884/2890 1676/2875/2881
f 1354/2787/2793 1422/2869/2875 1414/2870/2876
f 1354/2787/2793 1419/2786/2792 1422/2869/2875
f 1422/2869/2875 1419/2786/2792 1418/2878/2884
f 1671/2885/2891 1681/2886/2892 1668/2887/2893
f 1412/2867/2873 1418/2878/2884 1409/2865/2871
f 1681/2886/2892 1671/2885/2891 1695/2888/2894
f 1714/2889/2895 1712/2890/2896 1715/2673/2679
f 1412/2867/2873 1422/2869/2875 1418/2878/2884
f 1705/2891/2897 1659/2892/2898 1708/2893/2899
f 1722/2894/2900 1792/2895/2901 1723/2896/2902
f 1406/2479/2485 1389/2478/2484 1411/2482/2488
f 1411/2482/2488 1329/2481/2487 1388/2768/2774
f 1727/2667/2673 1728/2897/2903 1739/2663/2669
f 1357/2791/2797 1423/2898/2904 1402/2841/2847
f 1402/2841/2847 1423/2898/2904 1401/2845/2851
f 1423/2898/2904 1400/2846/2852 1401/2845/2851
f 1424/2899/2905 1399/2844/2850 1400/2846/2852
f 1400/2846/2852 1399/2844/2850 1398/2843/2849
f 1421/2883/2889 1354/2787/2793 1415/2871/2877
f 1403/2840/2846 1385/2821/2827 1396/2822/2828
f 1782/2900/2906 1787/2901/2907 1783/2902/2908
f 1783/2902/2908 1788/2903/2909 1784/2904/2910
f 1749/2905/2911 1755/2906/2912 1753/2907/2913
f 1344/2806/2812 1426/2908/2914 1343/2780/2786
f 1343/2780/2786 1426/2908/2914 1342/2779/2785
f 1342/2779/2785 1427/2775/2781 1339/2776/2782
f 1159/2567/2573 2229/2909/2915 1158/2565/2571
f 1342/2779/2785 1426/2908/2914 1427/2775/2781
f 1428/2910/2916 1429/2911/2917 1426/2908/2914
f 1426/2908/2914 1429/2911/2917 1431/2912/2918
f 1429/2911/2917 1430/2913/2919 1431/2912/2918
f 2034/2914/2920 1152/2558/2564 2028/2915/2921
f 1154/2560/2566 2057/2916/2922 1165/2574/2580
f 1366/2805/2811 1432/2917/2923 1367/2811/2817
f 1176/2586/2592 1173/2584/2590 1174/2585/2591
f 1366/2805/2811 1365/2810/2816 1432/2917/2923
f 1433/2550/2556 1373/2816/2822 1374/2626/2632
f 1173/2584/2590 2054/2918/2924 1172/2583/2589
f 1363/2361/2367 1364/2363/2369 1365/2810/2816
f 1365/2810/2816 1364/2363/2369 1433/2550/2556
f 1433/2550/2556 1364/2363/2369 1373/2816/2822
f 1364/2363/2369 1368/2815/2821 1373/2816/2822
f 1741/2919/2925 1752/2920/2926 1749/2905/2911
f 1704/2921/2927 1703/2922/2928 1790/2923/2929
f 1428/2910/2916 1426/2908/2914 1425/2924/2930
f 1425/2924/2930 1426/2908/2914 1344/2806/2812
f 1663/2925/2931 1722/2894/2900 1664/2926/2932
f 1395/2376/2382 1394/2839/2845 1434/2629/2635
f 1434/2629/2635 1435/2927/2933 1395/2376/2382
f 1395/2376/2382 1435/2927/2933 1352/2377/2383
f 1660/2928/2934 1661/2929/2935 1662/2930/2936
f 1435/2927/2933 1409/2865/2871 1418/2878/2884
f 1435/2927/2933 1434/2629/2635 1409/2865/2871
f 1390/2837/2843 1347/2628/2634 1434/2629/2635
f 1434/2629/2635 1391/2838/2844 1390/2837/2843
f 1931/2931/2937 1929/2932/2938 1647/2933/2939
f 1696/2934/2940 1803/2935/2941 1795/2936/2942
f 1802/2937/2943 1795/2936/2942 1803/2935/2941
f 1418/2878/2884 1352/2377/2383 1435/2927/2933
f 1594/2938/2944 1573/2939/2945 1604/2940/2946
f 1337/2774/2780 1427/2775/2781 1426/2908/2914
f 1431/2912/2918 1451/2941/2947 1426/2908/2914
f 1451/2941/2947 1337/2774/2780 1426/2908/2914
f 1336/2773/2779 1436/2942/2948 1335/2383/2389
f 1335/2383/2389 1436/2942/2948 1437/2384/2390
f 1346/2385/2391 1438/2532/2538 1334/2781/2787
f 1334/2781/2787 1438/2532/2538 1333/2772/2778
f 1332/2770/2776 1438/2532/2538 1439/2534/2540
f 1439/2534/2540 1441/2533/2539 1440/2518/2524
f 1441/2533/2539 1442/2521/2527 1443/2519/2525
f 1443/2519/2525 1442/2521/2527 1444/2523/2529
f 1445/2517/2523 1313/2733/2739 1314/2516/2522
f 1336/2773/2779 1446/2531/2537 1436/2942/2948
f 1346/2385/2391 1437/2384/2390 1438/2532/2538
f 1958/2943/2949 2328/2944/2950 1957/2945/2951
f 1573/2939/2945 1958/2943/2949 1574/2946/2952
f 1583/2947/2953 1608/2948/2954 1609/2949/2955
f 1336/2773/2779 1447/2950/2956 1446/2531/2537
f 1438/2532/2538 1437/2384/2390 1441/2533/2539
f 1934/2951/2957 1938/2952/2958 1932/2953/2959
f 1437/2384/2390 1442/2521/2527 1441/2533/2539
f 1633/2954/2960 1631/2955/2961 1609/2949/2955
f 1436/2942/2948 1446/2531/2537 1437/2384/2390
f 1437/2384/2390 1446/2531/2537 1442/2521/2527
f 2190/2956/2962 2191/2957/2963 2308/2958/2964
f 1564/2959/2965 1590/2960/2966 1565/2961/2967
f 1448/2570/2576 1449/2572/2578 1447/2950/2956
f 1447/2950/2956 1449/2572/2578 1446/2531/2537
f 1449/2572/2578 1450/2522/2528 1446/2531/2537
f 1448/2570/2576 1451/2941/2947 1310/2731/2737
f 1310/2731/2737 1451/2941/2947 1431/2912/2918
f 1159/2567/2573 2017/2962/2968 1160/2568/2574
f 1311/2732/2738 1305/2530/2536 1448/2570/2576
f 1448/2570/2576 1305/2530/2536 1312/2571/2577
f 1449/2572/2578 1312/2571/2577 1450/2522/2528
f 1450/2522/2528 1313/2733/2739 1444/2523/2529
f 1444/2523/2529 1313/2733/2739 1445/2517/2523
f 2034/2914/2920 2023/2963/2969 2039/2964/2970
f 1311/2732/2738 1448/2570/2576 1310/2731/2737
f 1310/2731/2737 1431/2912/2918 1309/2538/2544
f 1309/2538/2544 1431/2912/2918 1430/2913/2919
f 1077/2324/2330 1080/2329/2335 1078/2965/2971
f 750/1463/1464 1068/2288/2289 1082/1464/1465
f 1454/2966/2972 1455/2967/2973 1309/2538/2544
f 1309/2538/2544 1455/2967/2973 1452/2536/2542
f 1309/2538/2544 1430/2913/2919 1454/2966/2972
f 167/332/332 183/358/358 170/336/336
f 174/339/339 179/362/362 172/340/340
f 877/1705/1706 1055/2968/2974 876/1704/1705
f 1448/2570/2576 1447/2950/2956 1451/2941/2947
f 1014/2114/2115 1021/2131/2132 1023/2112/2113
f 1336/2773/2779 1337/2774/2780 1447/2950/2956
f 1447/2950/2956 1337/2774/2780 1451/2941/2947
f 1434/2629/2635 1394/2839/2845 1391/2838/2844
f 1365/2810/2816 1433/2550/2556 1456/2969/2975
f 140/295/295 141/353/353 142/367/367
f 1377/2548/2554 1433/2550/2556 1376/2970/2976
f 1433/2550/2556 1374/2626/2632 1376/2970/2976
f 1306/2728/2734 1457/2971/2977 1458/2528/2534
f 1457/2971/2977 1461/2972/2978 1458/2528/2534
f 1458/2528/2534 1461/2972/2978 1459/2527/2533
f 1461/2972/2978 1460/2973/2979 1459/2527/2533
f 1460/2973/2979 1461/2972/2978 1462/2974/2980
f 1461/2972/2978 1457/2971/2977 1464/2975/2981
f 1045/294/294 473/885/886 474/884/885
f 1307/2729/2735 1465/2976/2982 1457/2971/2977
f 1465/2976/2982 1467/2977/2983 1457/2971/2977
f 1457/2971/2977 1467/2977/2983 1464/2975/2981
f 1461/2972/2978 1464/2975/2981 1462/2974/2980
f 1462/2974/2980 1464/2975/2981 1466/2978/2984
f 1466/2978/2984 1464/2975/2981 1467/2977/2983
f 1099/2368/2374 1107/2381/2387 1092/2365/2371
f 1125/2429/2435 1127/2427/2433 1086/2347/2353
f 1463/2979/2985 1469/2980/2986 1462/2974/2980
f 1462/2974/2980 1469/2980/2986 1460/2973/2979
f 1117/2414/2420 1125/2429/2435 1086/2347/2353
f 1470/2525/2531 1304/2529/2535 1458/2528/2534
f 1458/2528/2534 1305/2530/2536 1306/2728/2734
f 1130/2461/2467 725/1416/1417 1129/2442/2448
f 721/1414/1415 722/1409/1410 723/1411/1412
f 1304/2529/2535 1313/2733/2739 1312/2571/2577
f 1312/2571/2577 1313/2733/2739 1450/2522/2528
f 707/1367/1368 687/1350/1351 688/1351/1352
f 1457/2971/2977 1306/2728/2734 1307/2729/2735
f 698/1364/1365 685/1348/1349 697/1369/1370
f 1471/2981/2987 1466/2978/2984 1467/2977/2983
f 1467/2977/2983 1472/2982/2988 1471/2981/2987
f 1472/2982/2988 1474/2983/2989 1473/2984/2990
f 1474/2983/2989 1468/2730/2736 1453/2985/2991
f 1468/2730/2736 1452/2536/2542 1453/2985/2991
f 645/1294/1295 657/1303/1304 647/1295/1296
f 1474/2983/2989 1472/2982/2988 1465/2976/2982
f 1465/2976/2982 1472/2982/2988 1467/2977/2983
f 647/1295/1296 658/1304/1305 648/1296/1297
f 642/1288/1289 661/1307/1308 651/1299/1300
f 1463/2979/2985 2326/2986/2992 1469/2980/2986
f 1469/2980/2986 1475/2987/2993 1460/2973/2979
f 1475/2987/2993 1476/2526/2532 1460/2973/2979
f 1470/2525/2531 1303/2524/2530 1304/2529/2535
f 1460/2973/2979 1476/2526/2532 1470/2525/2531
f 1460/2973/2979 1470/2525/2531 1459/2527/2533
f 1472/2982/2988 1478/2988/2994 1471/2981/2987
f 658/1304/1305 673/1327/1328 667/1315/1316
f 1478/2988/2994 1472/2982/2988 1473/2984/2990
f 666/1314/1315 674/1328/1329 658/1304/1305
f 1473/2984/2990 1474/2983/2989 1479/2989/2995
f 1479/2989/2995 1474/2983/2989 1480/2990/2996
f 1480/2990/2996 1474/2983/2989 1453/2985/2991
f 1478/2988/2994 1473/2984/2990 1481/2991/2997
f 1452/2536/2542 1468/2730/2736 1308/2537/2543
f 1365/2810/2816 1456/2969/2975 1432/2917/2923
f 1456/2969/2975 1433/2550/2556 1482/2549/2555
f 1482/2549/2555 1377/2548/2554 1378/2817/2823
f 1378/2817/2823 1483/2992/2998 1482/2549/2555
f 1101/2369/2375 1106/2374/2380 1102/2403/2409
f 1378/2817/2823 1380/2993/2999 1483/2992/2998
f 1088/2348/2354 1086/2347/2353 1087/2349/2355
f 1380/2993/2999 1484/2994/3000 1483/2992/2998
f 1409/2865/2871 1416/2535/2541 1407/2863/2869
f 742/1441/1442 739/1434/1435 745/1444/1445
f 1356/2882/2888 1485/2995/3001 1355/2788/2794
f 1485/2995/3001 1357/2791/2797 1355/2788/2794
f 741/1437/1438 743/1442/1443 733/1415/1416
f 714/1394/1395 703/1375/1376 713/1393/1394
f 1357/2791/2797 1485/2995/3001 1423/2898/2904
f 781/1500/1501 785/2996/3002 777/1503/1504
f 785/2996/3002 781/1500/1501 784/1511/1512
f 1485/2995/3001 1486/2997/3003 1423/2898/2904
f 1486/2997/3003 1400/2846/2852 1423/2898/2904
f 783/1329/1330 776/1502/1503 665/1311/1312
f 678/1335/1336 673/1327/1328 674/1328/1329
f 1229/2634/2640 1234/2424/2430 1874/2466/2472
f 679/1336/1337 667/1315/1316 678/1335/1336
f 680/1337/1338 672/1326/1327 679/1336/1337
f 1874/2466/2472 1235/2426/2432 1230/2635/2641
f 767/1490/1491 768/1249/1250 609/1248/1249
f 1487/2998/3004 1414/2870/2876 1413/2868/2874
f 1489/2999/3005 1918/3000/3006 1488/3001/3007
f 1918/3000/3006 1490/3002/3008 1488/3001/3007
f 1491/3003/3009 1493/3004/3010 1492/3005/3011
f 1493/3004/3010 1495/3006/3012 1494/3007/3013
f 1494/3007/3013 1524/3008/3014 1496/3009/3015
f 1496/3009/3015 1497/3010/3016 1615/3011/3017
f 1497/3010/3016 1525/3012/3018 1615/3011/3017
f 1498/3013/3019 1527/3014/3020 1499/3015/3021
f 1527/3014/3020 1500/2848/2854 1499/3015/3021
f 1503/2807/2813 1505/3016/3022 1504/3017/3023
f 1545/3018/3024 1507/3019/3025 1508/3020/3026
f 1511/2790/2796 1513/3021/3027 1512/2759/2765
f 1513/3021/3027 1876/2760/2766 1512/2759/2765
f 1516/3022/3028 1518/3023/3029 1517/3024/3030
f 1523/3025/3031 1896/3026/3032 1524/3008/3014
f 1524/3008/3014 1896/3026/3032 1497/3010/3016
f 1525/3012/3018 1526/3027/3033 1527/3014/3020
f 1526/3027/3033 1528/3028/3034 1527/3014/3020
f 1500/2848/2854 1877/3029/3035 1622/3030/3036
f 1622/3030/3036 1907/3031/3037 1501/2677/2683
f 1907/3031/3037 1529/3032/3038 1501/2677/2683
f 1554/2762/2768 1530/3033/3039 1509/2763/2769
f 1530/3033/3039 1531/3034/3040 1509/2763/2769
f 1509/2763/2769 1513/3021/3027 1511/2790/2796
f 849/1623/1624 850/1626/1627 851/1625/1626
f 1524/3008/3014 1495/3006/3012 1523/3025/3031
f 1495/3006/3012 1532/3035/3041 1522/3036/3042
f 1522/3036/3042 1532/3035/3041 1520/3037/3043
f 1532/3035/3041 1491/3003/3009 1520/3037/3043
f 1491/3003/3009 1490/3002/3008 1533/3038/3044
f 861/1624/1625 849/1623/1624 860/1640/1641
f 1495/3006/3012 1493/3004/3010 1532/3035/3041
f 1532/3035/3041 1493/3004/3010 1491/3003/3009
f 763/1485/1486 765/1489/1490 764/1477/1478
f 606/1246/1247 622/1270/1271 615/1254/1255
f 1195/3039/3045 1194/2483/2489 1199/2487/2493
f 1053/2223/2224 1050/2218/2219 1052/1268/1269
f 1193/2484/2490 1191/2608/2614 1200/2485/2491
f 1201/2606/2612 1200/2485/2491 1191/2608/2614
f 669/1317/1318 650/1298/1299 668/1316/1317
f 1515/3040/3046 1516/3022/3028 1534/3041/3047
f 1534/3041/3047 1535/3042/3048 2056/3043/3049
f 658/1304/1305 657/1303/1304 666/1314/1315
f 1534/3041/3047 1514/2761/2767 1515/3040/3046
f 1538/3044/3050 1539/2789/2795 1512/2759/2765
f 1539/2789/2795 1540/3045/3051 1511/2790/2796
f 1511/2790/2796 1540/3045/3051 1510/3046/3052
f 1541/3047/3053 1543/2757/2763 1542/2764/2770
f 1544/2756/2762 1686/3048/3054 1508/3020/3026
f 1508/3020/3026 1686/3048/3054 1545/3018/3024
f 1686/3048/3054 1769/2797/2803 1545/3018/3024
f 1769/2797/2803 1506/3049/3055 1545/3018/3024
f 1546/2802/2808 1547/2801/2807 1548/3050/3056
f 1547/2801/2807 1549/3051/3057 1548/3050/3056
f 1563/3052/3058 1503/2807/2813 1504/3017/3023
f 1504/3017/3023 1505/3016/3022 1548/3050/3056
f 1505/3016/3022 1506/3049/3055 1548/3050/3056
f 1508/3020/3026 1554/2762/2768 1544/2756/2762
f 1554/2762/2768 1542/2764/2770 1544/2756/2762
f 1542/2764/2770 1510/3046/3052 1541/3047/3053
f 689/1354/1355 706/1378/1379 696/1353/1354
f 1542/2764/2770 1509/2763/2769 1510/3046/3052
f 705/1377/1378 689/1354/1355 704/1376/1377
f 690/1356/1357 704/1376/1377 689/1354/1355
f 692/1357/1358 703/1375/1376 690/1356/1357
f 1545/3018/3024 1506/3049/3055 1505/3016/3022
f 1503/2807/2813 1502/2678/2684 1529/3032/3038
f 1529/3032/3038 1502/2678/2684 1501/2677/2683
f 721/1414/1415 1132/2445/2451 1133/2490/2496
f 1129/2442/2448 1142/2457/2463 1130/2461/2467
f 1534/3041/3047 1555/3053/3059 1535/3042/3048
f 1116/2345/2351 1086/2347/2353 1085/2346/2352
f 1534/3041/3047 1516/3022/3028 1555/3053/3059
f 1516/3022/3028 1517/3024/3030 1555/3053/3059
f 1097/2364/2370 1089/2350/2356 1098/2366/2372
f 1525/3012/3018 1527/3014/3020 1498/3013/3019
f 1102/2403/2409 1108/2375/2381 1100/2367/2373
f 1123/2422/2428 1125/2429/2435 1117/2414/2420
f 1118/2423/2429 1134/2446/2452 1119/2415/2421
f 1547/2801/2807 1794/2804/2810 1549/3051/3057
f 1794/2804/2810 1775/3054/3060 1559/3055/3061
f 1549/3051/3057 1558/3056/3062 1504/3017/3023
f 1504/3017/3023 1558/3056/3062 1550/3057/3063
f 1552/3058/3064 1551/3059/3065 1553/3060/3066
f 1551/3059/3065 1556/3061/3067 1557/3062/3068
f 1558/3056/3062 1549/3051/3057 1559/3055/3061
f 1550/3057/3063 1558/3056/3062 1556/3061/3067
f 1549/3051/3057 1794/2804/2810 1559/3055/3061
f 1549/3051/3057 1504/3017/3023 1548/3050/3056
f 1504/3017/3023 1550/3057/3063 1563/3052/3058
f 774/1501/1502 779/1505/1506 691/1355/1356
f 674/1328/1329 681/1341/1342 678/1335/1336
f 678/1335/1336 682/1343/1344 679/1336/1337
f 634/1284/1285 640/1285/1286 633/1287/1288
f 633/1287/1288 641/1286/1287 632/1289/1290
f 1560/3063/3069 1558/3056/3062 1559/3055/3061
f 1558/3056/3062 1557/3062/3068 1556/3061/3067
f 794/1525/1526 795/1527/1528 835/1594/1595
f 1502/2678/2684 1561/2808/2814 1625/2858/2864
f 1561/2808/2814 1562/3064/3070 1625/2858/2864
f 1563/3052/3058 1564/2959/2965 1562/3064/3070
f 1564/2959/2965 1565/2961/2967 2012/3065/3071
f 2012/3065/3071 1565/2961/2967 1589/3066/3072
f 1566/3067/3073 1567/3068/3074 2010/2859/2865
f 1567/3068/3074 1568/3069/3075 1619/3070/3076
f 1619/3070/3076 1570/2648/2654 1569/3071/3077
f 1571/3072/3078 1593/3073/3079 1569/3071/3077
f 1569/3071/3077 1593/3073/3079 1572/2860/2866
f 1593/3073/3079 1573/2939/2945 1572/2860/2866
f 1572/2860/2866 1573/2939/2945 1574/2946/2952
f 1576/3074/3080 1575/3075/3081 1577/3076/3082
f 1575/3075/3081 1578/3077/3083 1577/3076/3082
f 1577/3076/3082 1578/3077/3083 1579/3078/3084
f 1580/3079/3085 1581/3080/3086 1579/3078/3084
f 1579/3078/3084 1581/3080/3086 1582/2610/2616
f 1583/2947/2953 1584/2355/2361 1585/2354/2360
f 1585/2354/2360 1587/3081/3087 1583/2947/2953
f 1585/2354/2360 1586/2356/2362 1587/3081/3087
f 1180/2595/2601 1582/2610/2616 1581/3080/3086
f 1619/3070/3076 1568/3069/3075 1570/2648/2654
f 1570/2648/2654 1568/3069/3075 1588/2646/2652
f 1568/3069/3075 1567/3068/3074 1589/3066/3072
f 1567/3068/3074 1566/3067/3073 1589/3066/3072
f 823/1565/1566 815/1564/1565 822/1563/1564
f 1588/2646/2652 1568/3069/3075 1589/3066/3072
f 1590/2960/2966 1556/3061/3067 1551/3059/3065
f 1551/3059/3065 1591/3082/3088 1590/2960/2966
f 1590/2960/2966 1592/3083/3089 1565/2961/2967
f 1565/2961/2967 1592/3083/3089 1589/3066/3072
f 1592/3083/3089 1588/2646/2652 1589/3066/3072
f 1634/2647/2653 1588/2646/2652 1571/3072/3078
f 1588/2646/2652 1604/2940/2946 1593/3073/3079
f 1596/3084/3090 1607/3085/3091 1597/3086/3092
f 1598/3087/3093 1597/3086/3092 1599/3088/3094
f 1599/3088/3094 1601/3089/3095 1600/3090/3096
f 1601/3089/3095 1607/3085/3091 1552/3058/3064
f 1591/3082/3088 1602/3091/3097 1590/2960/2966
f 1602/3091/3097 1603/3092/3098 1590/2960/2966
f 1603/3092/3098 1592/3083/3089 1590/2960/2966
f 1603/3092/3098 1606/3093/3099 1592/3083/3089
f 1606/3093/3099 1604/2940/2946 1592/3083/3089
f 1604/2940/2946 1573/2939/2945 1593/3073/3079
f 1604/2940/2946 1605/3094/3100 1594/2938/2944
f 1594/2938/2944 1605/3094/3100 1595/3095/3101
f 1605/3094/3100 1596/3084/3090 1595/3095/3101
f 1597/3086/3092 1607/3085/3091 1601/3089/3095
f 940/1912/1913 941/1913/1914 942/1925/1926
f 1606/3093/3099 1605/3094/3100 1604/2940/2946
f 1596/3084/3090 1605/3094/3100 1606/3093/3099
f 822/1563/1564 829/1579/1580 823/1565/1566
f 1606/3093/3099 1602/3091/3097 1591/3082/3088
f 802/1543/1544 808/1550/1551 806/1547/1548
f 1596/3084/3090 1606/3093/3099 1607/3085/3091
f 1607/3085/3091 1606/3093/3099 1591/3082/3088
f 1582/2610/2616 1583/2947/2953 1579/3078/3084
f 1609/2949/2955 1610/3096/3102 1611/3097/3103
f 1629/3098/3104 1614/3099/3105 1613/3100/3106
f 1612/2852/2858 1617/2851/2857 1616/3101/3107
f 1572/2860/2866 1619/3070/3076 1569/3071/3077
f 1620/2850/2856 1626/3102/3108 1621/2853/2859
f 1626/3102/3108 1498/3013/3019 1621/2853/2859
f 1499/3015/3021 1622/3030/3036 2014/3103/3109
f 2014/3103/3109 1622/3030/3036 1623/2676/2682
f 603/1242/1243 848/1622/1623 861/1624/1625
f 848/1622/1623 603/1242/1243 601/1241/1242
f 1625/2858/2864 1624/2856/2862 1502/2678/2684
f 1502/2678/2684 1624/2856/2862 1623/2676/2682
f 1622/3030/3036 1499/3015/3021 1500/2848/2854
f 1498/3013/3019 1626/3102/3108 1615/3011/3017
f 1626/3102/3108 1627/3104/3110 1615/3011/3017
f 1615/3011/3017 1627/3104/3110 1614/3099/3105
f 1614/3099/3105 1627/3104/3110 1613/3100/3106
f 859/1639/1640 853/1627/1628 858/1638/1639
f 1615/3011/3017 1525/3012/3018 1498/3013/3019
f 854/1629/1630 857/1632/1633 855/1630/1631
f 857/1632/1633 838/1597/1598 837/1596/1597
f 1586/2356/2362 1584/2355/2361 1582/2610/2616
f 1584/2355/2361 1583/2947/2953 1582/2610/2616
f 1583/2947/2953 1587/3081/3087 1608/2948/2954
f 1587/3081/3087 1628/3105/3111 1608/2948/2954
f 1493/3004/3010 1630/3106/3112 1492/3005/3011
f 1492/3005/3011 1630/3106/3112 1614/3099/3105
f 1630/3106/3112 1493/3004/3010 1496/3009/3015
f 1493/3004/3010 1494/3007/3013 1496/3009/3015
f 944/1921/1922 946/1929/1930 945/1922/1923
f 1628/3105/3111 1949/3107/3113 1608/2948/2954
f 1608/2948/2954 1949/3107/3113 1610/3096/3102
f 1610/3096/3102 1629/3098/3104 1612/2852/2858
f 1612/2852/2858 1629/3098/3104 1613/3100/3106
f 1492/3005/3011 1614/3099/3105 1629/3098/3104
f 1614/3099/3105 1630/3106/3112 1615/3011/3017
f 1630/3106/3112 1496/3009/3015 1615/3011/3017
f 1561/2808/2814 1563/3052/3058 1562/3064/3070
f 1563/3052/3058 1590/2960/2966 1564/2959/2965
f 817/1568/1569 924/1887/1888 922/1882/1883
f 943/1914/1915 923/1884/1885 940/1912/1913
f 1561/2808/2814 1503/2807/2813 1563/3052/3058
f 1563/3052/3058 1550/3057/3063 1590/2960/2966
f 1550/3057/3063 1556/3061/3067 1590/2960/2966
f 1616/3101/3107 1611/3097/3103 1610/3096/3102
f 800/1534/1535 788/1529/1530 803/1544/1545
f 1611/3097/3103 1616/3101/3107 1576/3074/3080
f 1577/3076/3082 1579/3078/3084 1631/2955/2961
f 1631/2955/2961 1579/3078/3084 1583/2947/2953
f 839/1598/1599 843/1604/1605 838/1597/1598
f 1632/3108/3114 1576/3074/3080 1633/2954/2960
f 857/1632/1633 854/1629/1630 840/1599/1600
f 1609/2949/2955 1632/3108/3114 1633/2954/2960
f 1633/2954/2960 1577/3076/3082 1631/2955/2961
f 1577/3076/3082 1633/2954/2960 1576/3074/3080
f 652/1300/1301 644/1291/1292 651/1299/1300
f 1593/3073/3079 1571/3072/3078 1588/2646/2652
f 650/1298/1299 641/1286/1287 649/1297/1298
f 1571/3072/3078 1569/3071/3077 1634/2647/2653
f 1569/3071/3077 1570/2648/2654 1634/2647/2653
f 649/1297/1298 640/1285/1286 648/1296/1297
f 677/1334/1335 684/1344/1345 681/1341/1342
f 1576/3074/3080 1632/3108/3114 1611/3097/3103
f 1611/3097/3103 1632/3108/3114 1609/2949/2955
f 1609/2949/2955 1631/2955/2961 1583/2947/2953
f 1576/3074/3080 1616/3101/3107 1575/3075/3081
f 1616/3101/3107 1574/2946/2952 1575/3075/3081
f 691/1355/1356 689/1354/1355 774/1501/1502
f 1618/3109/3115 1572/2860/2866 1574/2946/2952
f 1618/3109/3115 1574/2946/2952 1616/3101/3107
f 732/1413/1414 720/1412/1413 713/1393/1394
f 1616/3101/3107 1617/2851/2857 1618/3109/3115
f 734/1417/1418 725/1416/1417 724/1410/1411
f 735/1419/1420 726/1418/1419 734/1417/1418
f 737/1423/1424 728/1421/1422 736/1422/1423
f 1867/2819/2825 1637/3110/3116 1636/2794/2800
f 1636/2794/2800 1637/3110/3116 1651/3111/3117
f 1651/3111/3117 1637/3110/3116 1638/3112/3118
f 1639/2824/2830 2313/2827/2833 1640/3113/3119
f 1640/3113/3119 1642/3114/3120 1641/2879/2885
f 1641/2879/2885 1642/3114/3120 1643/2880/2886
f 1643/2880/2886 1642/3114/3120 1644/3115/3121
f 1644/3115/3121 1642/3114/3120 1645/3116/3122
f 1647/2933/2939 1648/3117/3123 1646/3118/3124
f 1646/3118/3124 1648/3117/3123 1645/3116/3122
f 1649/3119/3125 1650/3120/3126 1639/2824/2830
f 1651/3111/3117 1652/3121/3127 1653/3122/3128
f 1653/3122/3128 1686/3048/3054 1635/2758/2764
f 1635/2758/2764 1686/3048/3054 1544/2756/2762
f 1118/2423/2429 1117/2414/2420 1116/2345/2351
f 1639/2824/2830 1640/3113/3119 1649/3119/3125
f 1649/3119/3125 1640/3113/3119 1641/2879/2885
f 1643/2880/2886 1654/3123/3129 1655/2884/2890
f 1657/3124/3130 1659/2892/2898 1658/3125/3131
f 1664/2926/2932 1665/3126/3132 1666/3127/3133
f 1669/3128/3134 1670/3129/3135 1668/2887/2893
f 1668/2887/2893 1670/3129/3135 1671/2885/2891
f 1667/3130/3136 1672/3131/3137 1665/3126/3132
f 1672/3131/3137 1666/3127/3133 1665/3126/3132
f 1666/3127/3133 1663/2925/2931 1664/2926/2932
f 1660/2928/2934 1673/3132/3138 1658/3125/3131
f 1673/3132/3138 1657/3124/3130 1658/3125/3131
f 1657/3124/3130 1655/2884/2890 1656/3133/3139
f 1666/3127/3133 1680/3134/3140 1663/2925/2931
f 1674/3135/3141 1675/2874/2880 1663/2925/2931
f 1663/2925/2931 1675/2874/2880 1662/2930/2936
f 1675/2874/2880 1679/2873/2879 1662/2930/2936
f 1662/2930/2936 1679/2873/2879 1660/2928/2934
f 1660/2928/2934 1679/2873/2879 1673/3132/3138
f 1673/3132/3138 1676/2875/2881 1657/3124/3130
f 1676/2875/2881 1655/2884/2890 1657/3124/3130
f 1677/2877/2883 1643/2880/2886 1655/2884/2890
f 1676/2875/2881 1673/3132/3138 1678/3136/3142
f 1678/3136/3142 1673/3132/3138 1679/2873/2879
f 1674/3135/3141 1663/2925/2931 1680/3134/3140
f 1666/3127/3133 1672/3131/3137 1694/3137/3143
f 1667/3130/3136 1668/2887/2893 1681/2886/2892
f 1674/3135/3141 1682/3138/3144 1675/2874/2880
f 1679/2873/2879 1683/2872/2878 1678/3136/3142
f 1683/2872/2878 1684/3139/3145 1678/3136/3142
f 1678/3136/3142 1684/3139/3145 1676/2875/2881
f 1684/3139/3145 1685/2876/2882 1676/2875/2881
f 1685/2876/2882 1690/3140/3146 1677/2877/2883
f 1677/2877/2883 1690/3140/3146 1641/2879/2885
f 1690/3140/3146 1649/3119/3125 1641/2879/2885
f 1650/3120/3126 1689/3141/3147 1638/3112/3118
f 1638/3112/3118 1652/3121/3127 1651/3111/3117
f 459/822/823 463/839/840 460/830/831
f 1690/3140/3146 1685/2876/2882 1687/3142/3148
f 1675/2874/2880 1682/3138/3144 1683/2872/2878
f 1682/3138/3144 1691/3143/3149 1683/2872/2878
f 1683/2872/2878 1691/3143/3149 1688/3144/3150
f 1688/3144/3150 1689/3141/3147 1687/3142/3148
f 1687/3142/3148 1689/3141/3147 1690/3140/3146
f 1690/3140/3146 1689/3141/3147 1650/3120/3126
f 1692/3145/3151 1674/3135/3141 1693/3146/3152
f 1693/3146/3152 1674/3135/3141 1680/3134/3140
f 1680/3134/3140 1666/3127/3133 1693/3146/3152
f 1693/3146/3152 1666/3127/3133 1694/3137/3143
f 1695/2888/2894 1697/3147/3153 1696/2934/2940
f 1672/3131/3137 1667/3130/3136 1796/3148/3154
f 1796/3148/3154 1667/3130/3136 1681/2886/2892
f 1034/943/944 492/944/945 1039/2179/2180
f 1662/2930/2936 1698/3149/3155 1663/2925/2931
f 1661/2929/2935 1700/3150/3156 1699/3151/3157
f 1700/3150/3156 1701/3152/3158 1699/3151/3157
f 1698/3149/3155 1662/2930/2936 1699/3151/3157
f 1662/2930/2936 1661/2929/2935 1699/3151/3157
f 1701/3152/3158 1704/2921/2927 1702/3153/3159
f 1661/2929/2935 1660/2928/2934 1700/3150/3156
f 1660/2928/2934 1705/2891/2897 1700/3150/3156
f 1705/2891/2897 1701/3152/3158 1700/3150/3156
f 1701/3152/3158 1708/2893/2899 1704/2921/2927
f 1706/3154/3160 1707/3155/3161 1704/2921/2927
f 1704/2921/2927 1707/3155/3161 1703/2922/2928
f 1705/2891/2897 1708/2893/2899 1701/3152/3158
f 1708/2893/2899 1706/3154/3160 1704/2921/2927
f 1706/3154/3160 1709/3156/3162 1707/3155/3161
f 1712/2890/2896 1710/3157/3163 1709/3156/3162
f 1659/2892/2898 1711/3158/3164 1708/2893/2899
f 1708/2893/2899 1711/3158/3164 1706/3154/3160
f 1706/3154/3160 1711/3158/3164 1709/3156/3162
f 1711/3158/3164 1712/2890/2896 1709/3156/3162
f 1710/3157/3163 1712/2890/2896 1713/3159/3165
f 1713/3159/3165 1712/2890/2896 1714/2889/2895
f 1718/3160/3166 1720/3161/3167 1719/3162/3168
f 1718/3160/3166 1719/3162/3168 1717/3163/3169
f 1717/3163/3169 1714/2889/2895 1716/3164/3170
f 1716/3164/3170 1714/2889/2895 1715/2673/2679
f 224/455/455 191/375/375 200/374/374
f 190/454/454 191/375/375 111/243/243
f 111/243/243 114/242/242 109/241/241
f 206/397/397 196/379/379 205/396/396
f 196/379/379 206/397/397 197/381/381
f 1682/3138/3144 1692/3145/3151 1691/3143/3149
f 337/470/470 234/473/473 231/472/472
f 1692/3145/3151 1682/3138/3144 1674/3135/3141
f 1698/3149/3155 1699/3151/3157 1721/3165/3171
f 1721/3165/3171 1792/2895/2901 1722/2894/2900
f 1728/2897/2903 1782/2900/2906 1729/3166/3172
f 1729/3166/3172 1783/2902/2908 1730/3167/3173
f 1730/3167/3173 1731/3168/3174 1733/3169/3175
f 1731/3168/3174 1732/3170/3176 1733/3169/3175
f 1734/2664/2670 1728/2897/2903 1729/3166/3172
f 1735/3171/3177 1725/3172/3178 1726/3173/3179
f 1735/3171/3177 1736/3174/3180 1725/3172/3178
f 1736/3174/3180 1668/2887/2893 1725/3172/3178
f 1725/3172/3178 1668/2887/2893 1724/3175/3181
f 1724/3175/3181 1665/3126/3132 1723/2896/2902
f 1665/3126/3132 1664/2926/2932 1723/2896/2902
f 1723/2896/2902 1664/2926/2932 1722/2894/2900
f 1730/3167/3173 1734/2664/2670 1729/3166/3172
f 1734/2664/2670 1739/2663/2669 1728/2897/2903
f 1740/2666/2672 1726/3173/3179 1727/2667/2673
f 1735/3171/3177 1742/3176/3182 1736/3174/3180
f 1668/2887/2893 1667/3130/3136 1724/3175/3181
f 1667/3130/3136 1665/3126/3132 1724/3175/3181
f 1722/2894/2900 1663/2925/2931 1698/3149/3155
f 1734/2664/2670 1730/3167/3173 1737/2665/2671
f 1730/3167/3173 1733/3169/3175 1738/2578/2584
f 1738/2578/2584 1733/3169/3175 1166/2575/2581
f 1738/2578/2584 1737/2665/2671 1730/3167/3173
f 1726/3173/3179 1741/2919/2925 1735/3171/3177
f 1742/3176/3182 1743/3177/3183 1736/3174/3180
f 1736/3174/3180 1743/3177/3183 1744/3178/3184
f 1744/3178/3184 1668/2887/2893 1736/3174/3180
f 485/937/938 488/940/941 1028/2164/2165
f 1740/2666/2672 1741/2919/2925 1726/3173/3179
f 219/439/439 1042/963/964 207/400/400
f 1738/2578/2584 1745/2580/2586 1737/2665/2671
f 1741/2919/2925 1742/3176/3182 1735/3171/3177
f 1742/3176/3182 1749/2905/2911 1743/3177/3183
f 1749/2905/2911 1746/2649/2655 1743/3177/3183
f 1749/2905/2911 1747/3179/3185 1746/2649/2655
f 1740/2666/2672 1739/2663/2669 1737/2665/2671
f 208/414/414 213/402/402 1043/401/401
f 334/246/246 961/2002/2003 113/248/248
f 1737/2665/2671 1741/2919/2925 1740/2666/2672
f 1741/2919/2925 1749/2905/2911 1742/3176/3182
f 233/471/471 336/622/622 232/468/468
f 1745/2580/2586 1750/3180/3186 1737/2665/2671
f 1737/2665/2671 1750/3180/3186 1741/2919/2925
f 1750/3180/3186 1751/3181/3187 1741/2919/2925
f 1753/2907/2913 1747/3179/3185 1749/2905/2911
f 1751/3181/3187 1752/2920/2926 1741/2919/2925
f 1750/3180/3186 1756/3182/3188 1751/3181/3187
f 1758/3183/3189 1757/2641/2647 1759/3184/3190
f 1757/2641/2647 1760/2640/2646 1759/3184/3190
f 1760/2640/2646 1761/3185/3191 1759/3184/3190
f 1759/3184/3190 1761/3185/3191 1758/3183/3189
f 1758/3183/3189 1761/3185/3191 1762/3186/3192
f 1756/3182/3188 1763/2639/2645 1757/2641/2647
f 1756/3182/3188 1750/3180/3186 1754/3187/3193
f 1028/2164/2165 1029/2165/2166 208/414/414
f 1638/3112/3118 1689/3141/3147 1652/3121/3127
f 1652/3121/3127 1689/3141/3147 1764/3188/3194
f 1692/3145/3151 1767/3189/3195 1799/3190/3196
f 1767/3189/3195 1694/3137/3143 1672/3131/3137
f 334/246/246 191/375/375 225/457/457
f 1689/3141/3147 1688/3144/3150 1764/3188/3194
f 1688/3144/3150 1691/3143/3149 1764/3188/3194
f 1692/3145/3151 1694/3137/3143 1767/3189/3195
f 1694/3137/3143 1692/3145/3151 1693/3146/3152
f 960/458/458 1057/461/461 961/2002/2003
f 1692/3145/3151 1766/2831/2837 1691/3143/3149
f 1651/3111/3117 1653/3122/3128 1636/2794/2800
f 218/436/436 221/438/438 222/398/398
f 1636/2794/2800 1653/3122/3128 1635/2758/2764
f 116/257/257 104/233/233 117/237/237
f 222/398/398 221/438/438 220/399/399
f 1698/3149/3155 1721/3165/3171 1722/2894/2900
f 1723/2896/2902 1793/3191/3197 1724/3175/3181
f 201/388/388 207/400/400 202/389/389
f 1764/3188/3194 1768/2795/2801 1652/3121/3127
f 1768/2795/2801 1769/2797/2803 1652/3121/3127
f 1768/2795/2801 1771/3192/3198 1770/2796/2802
f 1772/2800/2806 1546/2802/2808 1771/3192/3198
f 1771/3192/3198 1546/2802/2808 1770/2796/2802
f 1546/2802/2808 1506/3049/3055 1770/2796/2802
f 1770/2796/2802 1506/3049/3055 1769/2797/2803
f 199/384/384 571/1130/1131 576/1672/1673
f 578/1145/1146 582/1147/1148 579/1669/1670
f 1773/2803/2809 1774/3193/3199 1775/3054/3060
f 1774/3193/3199 1776/3194/3200 1775/3054/3060
f 1776/3194/3200 1777/3195/3201 1775/3054/3060
f 886/1769/1770 236/476/476 901/475/475
f 1778/3196/3202 1779/2835/2841 1801/2834/2840
f 1780/2833/2839 1765/2830/2836 1801/2834/2840
f 1778/3196/3202 1774/3193/3199 1772/2800/2806
f 1772/2800/2806 1774/3193/3199 1773/2803/2809
f 889/1762/1763 890/1761/1762 891/1763/1764
f 1772/2800/2806 1771/3192/3198 1778/3196/3202
f 1778/3196/3202 1771/3192/3198 1779/2835/2841
f 1780/2833/2839 1768/2795/2801 1764/3188/3194
f 1771/3192/3198 1780/2833/2839 1779/2835/2841
f 1768/2795/2801 1780/2833/2839 1771/3192/3198
f 907/484/484 244/483/483 906/1806/1807
f 247/927/928 908/1815/1816 249/487/487
f 1725/3172/3178 1724/3175/3181 1726/3173/3179
f 1724/3175/3181 1781/3197/3203 1726/3173/3179
f 1726/3173/3179 1781/3197/3203 1727/2667/2673
f 1781/3197/3203 1728/2897/2903 1727/2667/2673
f 1782/2900/2906 1783/2902/2908 1729/3166/3172
f 1783/2902/2908 1784/2904/2910 1730/3167/3173
f 1784/2904/2910 1731/3168/3174 1730/3167/3173
f 1731/3168/3174 1785/3198/3204 1732/3170/3176
f 1786/3199/3205 1782/2900/2906 1728/2897/2903
f 1784/2904/2910 1789/3200/3206 1731/3168/3174
f 1789/3200/3206 1785/3198/3204 1731/3168/3174
f 252/491/491 253/492/492 254/506/506
f 1786/3199/3205 1791/3201/3207 1782/2900/2906
f 1791/3201/3207 1787/2901/2907 1782/2900/2906
f 1787/2901/2907 1788/2903/2909 1783/2902/2908
f 1791/3201/3207 1702/3153/3159 1787/2901/2907
f 1702/3153/3159 1788/2903/2909 1787/2901/2907
f 1788/2903/2909 1704/2921/2927 1784/2904/2910
f 1704/2921/2927 1789/3200/3206 1784/2904/2910
f 1702/3153/3159 1704/2921/2927 1788/2903/2909
f 1704/2921/2927 1790/2923/2929 1789/3200/3206
f 295/567/567 329/583/583 294/1210/1211
f 1701/3152/3158 1702/3153/3159 1791/3201/3207
f 1791/3201/3207 1786/3199/3205 1792/2895/2901
f 1786/3199/3205 1793/3191/3197 1792/2895/2901
f 1701/3152/3158 1791/3201/3207 1699/3151/3157
f 1699/3151/3157 1791/3201/3207 1721/3165/3171
f 1791/3201/3207 1792/2895/2901 1721/3165/3171
f 310/1206/1207 594/586/586 309/569/569
f 1792/2895/2901 1793/3191/3197 1723/2896/2902
f 1793/3191/3197 1781/3197/3203 1724/3175/3181
f 1793/3191/3197 1786/3199/3205 1781/3197/3203
f 1786/3199/3205 1728/2897/2903 1781/3197/3203
f 1775/3054/3060 1794/2804/2810 1773/2803/2809
f 1773/2803/2809 1547/2801/2807 1772/2800/2806
f 520/1030/1031 1150/3202/3208 558/1096/1097
f 530/1043/1044 527/1042/1043 979/2021/2022
f 1695/2888/2894 1696/2934/2940 1681/2886/2892
f 1696/2934/2940 1795/2936/2942 1681/2886/2892
f 1795/2936/2942 1796/3148/3154 1681/2886/2892
f 1798/2832/2838 1799/3190/3196 1797/3203/3209
f 1797/3203/3209 1799/3190/3196 1767/3189/3195
f 1797/3203/3209 1800/3204/3210 1798/2832/2838
f 1798/2832/2838 1800/3204/3210 1801/2834/2840
f 1800/3204/3210 1778/3196/3202 1801/2834/2840
f 514/1034/1035 515/1023/1024 516/1025/1026
f 1798/2832/2838 1766/2831/2837 1799/3190/3196
f 529/1036/1037 513/1035/1036 514/1034/1035
f 1798/2832/2838 1801/2834/2840 1765/2830/2836
f 127/265/265 540/1072/1073 129/267/267
f 132/278/278 504/982/983 131/276/276
f 1796/3148/3154 1767/3189/3195 1672/3131/3137
f 131/276/276 416/269/269 130/268/268
f 127/265/265 126/264/264 125/273/273
f 1796/3148/3154 1797/3203/3209 1767/3189/3195
f 1802/2937/2943 1774/3193/3199 1800/3204/3210
f 1800/3204/3210 1774/3193/3199 1778/3196/3202
f 1802/2937/2943 1776/3194/3200 1774/3193/3199
f 1802/2937/2943 1777/3195/3201 1776/3194/3200
f 439/782/783 437/781/782 421/779/780
f 434/780/781 373/705/706 429/769/770
f 1766/2831/2837 1692/3145/3151 1799/3190/3196
f 396/728/729 388/721/722 403/738/739
f 407/746/747 403/738/739 405/745/746
f 367/699/700 365/697/698 364/695/696
f 1797/3203/3209 1796/3148/3154 1800/3204/3210
f 1800/3204/3210 1795/2936/2942 1802/2937/2943
f 418/760/761 123/263/263 124/271/271
f 1800/3204/3210 1796/3148/3154 1795/2936/2942
f 404/744/745 417/756/757 408/748/749
f 1688/3144/3150 1687/3142/3148 1684/3139/3145
f 1684/3139/3145 1687/3142/3148 1685/2876/2882
f 1650/3120/3126 1649/3119/3125 1690/3140/3146
f 1652/3121/3127 1686/3048/3054 1653/3122/3128
f 450/1234/1235 457/823/824 464/845/846
f 1684/3139/3145 1683/2872/2878 1688/3144/3150
f 1024/2151/2152 1027/2156/2157 454/815/816
f 445/804/805 446/806/807 454/815/816
f 1646/3118/3124 1805/3205/3211 1804/3206/3212
f 1804/3206/3212 1805/3205/3211 2316/3207/3213
f 376/707/708 387/719/720 378/708/709
f 1640/3113/3119 1805/3205/3211 1642/3114/3120
f 1642/3114/3120 1805/3205/3211 1646/3118/3124
f 373/705/706 434/780/781 430/770/771
f 1642/3114/3120 1646/3118/3124 1645/3116/3122
f 1652/3121/3127 1769/2797/2803 1686/3048/3054
f 121/261/261 364/695/696 365/697/698
f 1635/2758/2764 1543/2757/2763 1636/2794/2800
f 1636/2794/2800 1806/2793/2799 1807/2818/2824
f 1811/2746/2752 1812/3208/3214 1813/3209/3215
f 1809/3210/3216 1539/2789/2795 1818/2749/2755
f 1539/2789/2795 1810/2745/2751 1818/2749/2755
f 435/777/778 438/783/784 436/778/779
f 399/731/732 397/729/730 398/730/731
f 1539/2789/2795 1538/3044/3050 1810/2745/2751
f 1538/3044/3050 1537/3211/3217 1810/2745/2751
f 1537/3211/3217 1536/3212/3218 1810/2745/2751
f 1810/2745/2751 1536/3212/3218 1811/2746/2752
f 1812/3208/3214 1814/3213/3219 1813/3209/3215
f 374/704/705 384/718/719 376/707/708
f 1536/3212/3218 1816/3214/3220 1811/2746/2752
f 1816/3214/3220 1812/3208/3214 1811/2746/2752
f 1812/3208/3214 1817/3215/3221 1814/3213/3219
f 1814/3213/3219 1817/3215/3221 1815/3216/3222
f 419/761/762 420/819/820 421/779/780
f 421/779/780 422/820/821 423/762/763
f 1816/3214/3220 1534/3041/3047 1812/3208/3214
f 1534/3041/3047 1817/3215/3221 1812/3208/3214
f 911/825/826 457/823/824 450/1234/1235
f 1819/2748/2754 1820/2742/2748 1818/2749/2755
f 1820/2742/2748 1822/2743/2749 1821/2754/2760
f 1823/3217/3223 1824/2679/2685 1859/3218/3224
f 1859/3218/3224 1824/2679/2685 1825/3219/3225
f 1833/2681/2687 1826/3220/3226 1825/3219/3225
f 1825/3219/3225 1826/3220/3226 1827/2686/2692
f 1827/2686/2692 1826/3220/3226 1828/3221/3227
f 1829/3222/3228 1830/3223/3229 1831/3224/3230
f 1833/2681/2687 1825/3219/3225 1824/2679/2685
f 1823/3217/3223 1822/2743/2749 1834/3225/3231
f 910/1848/1849 911/825/826 451/1840/1841
f 445/804/805 428/768/769 427/766/767
f 1824/2679/2685 1823/3217/3223 1835/2680/2686
f 1835/2680/2686 1823/3217/3223 1834/3225/3231
f 1834/3225/3231 1822/2743/2749 1836/2719/2725
f 1820/2742/2748 1819/2748/2754 1836/2719/2725
f 1840/2723/2729 1819/2748/2754 1837/2744/2750
f 1819/2748/2754 1810/2745/2751 1837/2744/2750
f 465/844/845 422/820/821 420/819/820
f 1835/2680/2686 1834/3225/3231 1838/2718/2724
f 1839/3226/3232 1836/2719/2725 1840/2723/2729
f 1836/2719/2725 1819/2748/2754 1840/2723/2729
f 1837/2744/2750 1811/2746/2752 1813/3209/3215
f 386/717/718 397/729/730 400/732/733
f 1837/2744/2750 1841/2712/2718 1840/2723/2729
f 1840/2723/2729 1842/2722/2728 1839/3226/3232
f 1839/3226/3232 1843/2720/2726 1836/2719/2725
f 1836/2719/2725 1838/2718/2724 1834/3225/3231
f 1838/2718/2724 1844/3227/3233 1835/2680/2686
f 1844/3227/3233 1845/3228/3234 1835/2680/2686
f 1826/3220/3226 1846/3229/3235 1828/3221/3227
f 1828/3221/3227 1846/3229/3235 1847/3230/3236
f 1847/3230/3236 1849/2638/2644 1848/3231/3237
f 1833/2681/2687 1851/2637/2643 1826/3220/3226
f 1851/2637/2643 1846/3229/3235 1826/3220/3226
f 1851/2637/2643 1852/2636/2642 1846/3229/3235
f 1846/3229/3235 1852/2636/2642 1847/3230/3236
f 1847/3230/3236 1852/2636/2642 1849/2638/2644
f 402/737/738 394/724/725 401/736/737
f 1821/2754/2760 1857/3232/3238 1865/2752/2758
f 1865/2752/2758 1857/3232/3238 1853/2814/2820
f 1853/2814/2820 1854/3233/3239 1873/3234/3240
f 1854/3233/3239 1855/3235/3241 1856/3236/3242
f 1821/2754/2760 1822/2743/2749 1857/3232/3238
f 1857/3232/3238 1822/2743/2749 1858/3237/3243
f 1822/2743/2749 1823/3217/3223 1858/3237/3243
f 1858/3237/3243 1823/3217/3223 1859/3218/3224
f 1825/3219/3225 1827/2686/2692 1860/3238/3244
f 574/1158/1159 571/1130/1131 573/1135/1136
f 217/899/900 482/903/904 483/435/435
f 1860/3238/3244 1863/3239/3245 1825/3219/3225
f 1863/3239/3245 1859/3218/3224 1825/3219/3225
f 1858/3237/3243 1855/3235/3241 1857/3232/3238
f 1863/3239/3245 1858/3237/3243 1859/3218/3224
f 1863/3239/3245 1856/3236/3242 1858/3237/3243
f 1858/3237/3243 1856/3236/3242 1855/3235/3241
f 1855/3235/3241 1854/3233/3239 1857/3232/3238
f 1857/3232/3238 1854/3233/3239 1853/2814/2820
f 62/88/88 78/123/123 76/122/122
f 1821/2754/2760 1864/2753/2759 1820/2742/2748
f 1820/2742/2748 1864/2753/2759 1818/2749/2755
f 1808/3240/3246 1865/2752/2758 1806/2793/2799
f 1865/2752/2758 1807/2818/2824 1806/2793/2799
f 1807/2818/2824 1866/3241/3247 1867/2819/2825
f 38/47/47 33/40/40 37/50/50
f 1818/2749/2755 1864/2753/2759 1809/3210/3216
f 1809/3210/3216 1864/2753/2759 1808/3240/3246
f 1864/2753/2759 1865/2752/2758 1808/3240/3246
f 1865/2752/2758 1866/3241/3247 1807/2818/2824
f 1868/2813/2819 1869/3242/3248 1870/3243/3249
f 1869/3242/3248 1871/3244/3250 1870/3243/3249
f 55/185/185 51/70/70 50/76/76
f 1866/3241/3247 1865/2752/2758 1853/2814/2820
f 40/52/52 47/65/65 41/53/53
f 1866/3241/3247 1853/2814/2820 1868/2813/2819
f 1868/2813/2819 1872/2812/2818 1869/3242/3248
f 25/27/27 67/108/108 26/28/28
f 1853/2814/2820 1873/3234/3240 1872/2812/2818
f 36/48/48 38/47/47 41/53/53
f 97/21/21 15/20/20 98/197/197
f 59/98/98 21/34/34 66/97/97
f 66/97/97 21/34/34 22/35/35
f 29/36/36 37/50/50 31/38/38
f 94/184/184 101/217/217 56/79/79
f 3/103/103 2/2/2 71/1/1
f 1215/2508/2514 1217/2614/2620 1209/2509/2515
f 1214/2612/2618 1215/2508/2514 1213/2507/2513
f 28/31/31 35/46/46 21/34/34
f 1204/2463/2469 1227/2514/2520 1203/2600/2606
f 1203/2600/2606 1227/2514/2520 1228/2513/2519
f 1875/3245/3251 1201/2606/2612 1230/2635/2641
f 1874/2466/2472 1187/2602/2608 1229/2634/2640
f 1229/2634/2640 1187/2602/2608 1228/2513/2519
f 9/5/5 45/60/60 49/67/67
f 77/124/124 76/122/122 78/123/123
f 16/23/23 28/31/31 18/25/25
f 34/82/82 16/23/23 97/21/21
f 97/21/21 90/177/177 34/82/82
f 1187/2602/2608 1874/2466/2472 1202/2604/2610
f 67/108/108 25/27/27 27/30/30
f 44/59/59 48/66/66 45/60/60
f 48/66/66 52/75/75 49/67/67
f 1230/2635/2641 1201/2606/2612 1874/2466/2472
f 75/119/119 77/124/124 74/114/114
f 1777/3195/3201 1802/2937/2943 1803/2935/2941
f 27/30/30 72/106/106 67/108/108
f 1906/3246/3252 1907/3031/3037 1876/2760/2766
f 1907/3031/3037 1877/3029/3035 1876/2760/2766
f 1905/3247/3253 1877/3029/3035 1878/3248/3254
f 1883/3249/3255 1882/3250/3256 1884/3251/3257
f 1882/3250/3256 1942/3252/3258 1884/3251/3257
f 1886/3253/3259 1888/3254/3260 1887/3255/3261
f 1887/3255/3261 1888/3254/3260 1889/3256/3262
f 1888/3254/3260 1932/2953/2959 1889/3256/3262
f 1932/2953/2959 1890/3257/3263 1889/3256/3262
f 1889/3256/3262 1890/3257/3263 1188/2603/2609
f 1891/2492/2498 1188/2603/2609 1892/2493/2499
f 1892/2493/2499 1894/3258/3264 1893/2491/2497
f 1894/3258/3264 1936/3259/3265 1893/2491/2497
f 1893/2491/2497 1936/3259/3265 1895/3260/3266
f 1895/3260/3266 1897/3261/3267 1896/3026/3032
f 1897/3261/3267 1525/3012/3018 1497/3010/3016
f 1942/3252/3258 1885/3262/3268 1884/3251/3257
f 1885/3262/3268 1886/3253/3259 1192/2609/2615
f 1889/3256/3262 1188/2603/2609 1190/2607/2613
f 1885/3262/3268 1901/3263/3269 1884/3251/3257
f 1901/3263/3269 1902/3264/3270 1884/3251/3257
f 1902/3264/3270 1883/3249/3255 1884/3251/3257
f 1883/3249/3255 1903/3265/3271 1882/3250/3256
f 1882/3250/3256 1903/3265/3271 1880/3266/3272
f 1880/3266/3272 1903/3265/3271 1881/3267/3273
f 1881/3267/3273 1516/3022/3028 1904/3268/3274
f 1516/3022/3028 1515/3040/3046 1904/3268/3274
f 1904/3268/3274 1515/3040/3046 1879/3269/3275
f 1906/3246/3252 1876/2760/2766 1513/3021/3027
f 1531/3034/3040 1513/3021/3027 1509/2763/2769
f 1905/3247/3253 1878/3248/3254 1515/3040/3046
f 1515/3040/3046 1878/3248/3254 1879/3269/3275
f 5703/3270/3276 5702/3271/3277 5738/17/17
f 1876/2760/2766 1877/3029/3035 1905/3247/3253
f 5762/3272/3278 5703/3270/3276 5738/17/17
f 5704/3273/3279 5703/3270/3276 5762/3272/3278
f 1554/2762/2768 1507/3019/3025 1530/3033/3039
f 1505/3016/3022 1503/2807/2813 1906/3246/3252
f 1503/2807/2813 1529/3032/3038 1906/3246/3252
f 5738/17/17 5761/16/16 5762/3272/3278
f 5707/3274/3280 5718/49/49 5709/3275/3281
f 1906/3246/3252 1531/3034/3040 1530/3033/3039
f 1906/3246/3252 1529/3032/3038 1907/3031/3037
f 5688/3276/3282 5658/3277/3283 5656/3278/3284
f 5691/3279/3285 5692/3280/3286 5689/74/74
f 5653/3281/3287 5652/3282/3288 5696/3283/3289
f 5689/74/74 5692/3280/3286 5694/3284/3290
f 1900/3285/3291 1899/2494/2500 1523/3025/3031
f 1899/2494/2500 1896/3026/3032 1523/3025/3031
f 1896/3026/3032 1899/2494/2500 1895/3260/3266
f 1899/2494/2500 1898/2496/2502 1895/3260/3266
f 1898/2496/2502 1893/2491/2497 1895/3260/3266
f 5760/3286/3292 5707/3274/3280 5708/3287/3293
f 5654/3288/3294 5707/3274/3280 5760/3286/3292
f 5657/3289/3295 5707/3274/3280 5654/3288/3294
f 1897/3261/3267 1497/3010/3016 1896/3026/3032
f 1505/3016/3022 1507/3019/3025 1545/3018/3024
f 5655/3290/3296 5657/3289/3295 5654/3288/3294
f 1190/2607/2613 1887/3255/3261 1889/3256/3262
f 1192/2609/2615 1901/3263/3269 1885/3262/3268
f 5657/3289/3295 5655/3290/3296 5656/3278/3284
f 5752/127/127 5758/3291/3297 5759/128/128
f 1192/2609/2615 1193/2484/2490 1901/3263/3269
f 1883/3249/3255 1902/3264/3270 1903/3265/3271
f 1881/3267/3273 1518/3023/3029 1516/3022/3028
f 5757/3292/3298 5748/3293/3299 5746/3294/3300
f 1193/2484/2490 1908/3295/3301 1901/3263/3269
f 1901/3263/3269 1908/3295/3301 1902/3264/3270
f 1902/3264/3270 1909/3296/3302 1903/3265/3271
f 1903/3265/3271 1910/3297/3303 1881/3267/3273
f 1910/3297/3303 1518/3023/3029 1881/3267/3273
f 5756/3298/3304 5757/3292/3298 5746/3294/3300
f 5749/3299/3305 5756/3298/3304 5746/3294/3300
f 1910/3297/3303 1903/3265/3271 1909/3296/3302
f 1902/3264/3270 1908/3295/3301 1194/2483/2489
f 5749/3299/3305 5746/3294/3300 5699/3300/3306
f 1910/3297/3303 1911/3301/3307 1518/3023/3029
f 1902/3264/3270 1194/2483/2489 1909/3296/3302
f 1194/2483/2489 1195/3039/3045 1909/3296/3302
f 1195/3039/3045 1196/3302/3308 1909/3296/3302
f 1196/3302/3308 1197/3303/3309 1909/3296/3302
f 1197/3303/3309 1198/3304/3310 1912/3305/3311
f 5755/3306/3312 5691/3279/3285 5690/3307/3313
f 1909/3296/3302 1197/3303/3309 1910/3297/3303
f 1197/3303/3309 1912/3305/3311 1910/3297/3303
f 5755/3306/3312 5690/3307/3313 5699/3300/3306
f 5746/3294/3300 5755/3306/3312 5699/3300/3306
f 5747/3308/3314 5755/3306/3312 5746/3294/3300
f 1910/3297/3303 1912/3305/3311 1911/3301/3307
f 5703/3270/3276 5733/3309/3315 5702/3271/3277
f 1189/2605/2611 1188/2603/2609 1202/2604/2610
f 1891/2492/2498 1898/2496/2502 1913/2498/2504
f 1900/3285/3291 1523/3025/3031 1522/3036/3042
f 5754/3310/3316 5703/3270/3276 5704/3273/3279
f 5753/3311/3317 5703/3270/3276 5754/3310/3316
f 5733/3309/3315 5703/3270/3276 5753/3311/3317
f 1188/2603/2609 1189/2605/2611 1190/2607/2613
f 5752/127/127 5733/3309/3315 5753/3311/3317
f 1891/2492/2498 1893/2491/2497 1898/2496/2502
f 5736/129/129 5733/3309/3315 5752/127/127
f 1522/3036/3042 1521/3312/3318 1900/3285/3291
f 1900/3285/3291 1521/3312/3318 1915/3313/3319
f 5688/3276/3282 5697/3314/3320 5751/3315/3321
f 5698/3316/3322 5688/3276/3282 5751/3315/3321
f 1520/3037/3043 1915/3313/3319 1521/3312/3318
f 1915/3313/3319 1914/2495/2501 1900/3285/3291
f 1900/3285/3291 1914/2495/2501 1899/2494/2500
f 1915/3313/3319 1916/3317/3323 1914/2495/2501
f 1914/2495/2501 1916/3317/3323 1898/2496/2502
f 1913/2498/2504 1921/2601/2607 1891/2492/2498
f 1891/2492/2498 1921/2601/2607 1187/2602/2608
f 5699/3300/3306 5698/3316/3322 5750/3318/3324
f 5749/3299/3305 5699/3300/3306 5750/3318/3324
f 1915/3313/3319 1519/3319/3325 1916/3317/3323
f 1519/3319/3325 1917/3320/3326 1916/3317/3323
f 5747/3308/3314 5746/3294/3300 5748/3293/3299
f 1915/3313/3319 1520/3037/3043 1519/3319/3325
f 1887/3255/3261 1192/2609/2615 1886/3253/3259
f 1192/2609/2615 1887/3255/3261 1191/2608/2614
f 1489/2999/3005 1183/2598/2604 1919/2497/2503
f 5730/126/126 5733/3309/3315 5736/129/129
f 1183/2598/2604 1184/2599/2605 1919/2497/2503
f 1920/2499/2505 1916/3317/3323 1918/3000/3006
f 1918/3000/3006 1916/3317/3323 1917/3320/3326
f 1184/2599/2605 1185/2502/2508 1919/2497/2503
f 1919/2497/2503 1920/2499/2505 1489/2999/3005
f 1920/2499/2505 1918/3000/3006 1489/2999/3005
f 5669/3321/3327 5671/3322/3328 5740/15/15
f 5723/3323/3329 5732/3324/3330 5735/3325/3331
f 1920/2499/2505 1913/2498/2504 1916/3317/3323
f 1916/3317/3323 1913/2498/2504 1898/2496/2502
f 5729/3326/3332 5723/3323/3329 5735/3325/3331
f 5738/17/17 5741/3327/3333 5742/18/18
f 5739/13/13 5741/3327/3333 5738/17/17
f 1913/2498/2504 1186/2500/2506 1921/2601/2607
f 1513/3021/3027 1531/3034/3040 1906/3246/3252
f 5701/105/105 5737/104/104 5738/17/17
f 5700/68/68 5663/3328/3334 5664/99/99
f 5665/69/69 5700/68/68 5664/99/99
f 5666/62/62 5744/61/61 5700/68/68
f 1918/3000/3006 1917/3320/3326 1490/3002/3008
f 1922/3329/3335 1383/2552/2558 1384/2820/2826
f 1383/2552/2558 1370/2554/2560 1384/2820/2826
f 5667/116/116 5743/14/14 5745/63/63
f 5668/118/118 5669/3321/3327 5743/14/14
f 1203/2600/2606 1206/2501/2507 1204/2463/2469
f 1204/2463/2469 1206/2501/2507 1205/2503/2509
f 5743/14/14 5667/116/116 5668/118/118
f 1519/3319/3325 1533/3038/3044 1917/3320/3326
f 1917/3320/3326 1533/3038/3044 1490/3002/3008
f 1491/3003/3009 1533/3038/3044 1520/3037/3043
f 1533/3038/3044 1519/3319/3325 1520/3037/3043
f 5744/61/61 5737/104/104 5700/68/68
f 1521/3312/3318 1522/3036/3042 1520/3037/3043
f 5745/63/63 5737/104/104 5744/61/61
f 1657/3124/3130 1656/3133/3139 1659/2892/2898
f 1656/3133/3139 1923/2674/2680 1659/2892/2898
f 5739/13/13 5737/104/104 5745/63/63
f 1923/2674/2680 1715/2673/2679 1711/3158/3164
f 1711/3158/3164 1715/2673/2679 1712/2890/2896
f 5740/15/15 5743/14/14 5669/3321/3327
f 5745/63/63 5743/14/14 5739/13/13
f 1924/2675/2681 1656/3133/3139 1925/3330/3336
f 1925/3330/3336 1928/3331/3337 1924/2675/2681
f 1715/2673/2679 1924/2675/2681 1716/3164/3170
f 1924/2675/2681 1926/3332/3338 1716/3164/3170
f 1718/3160/3166 1927/3333/3339 1720/3161/3167
f 1926/3332/3338 1924/2675/2681 1928/3331/3337
f 1928/3331/3337 1925/3330/3336 1654/3123/3129
f 1925/3330/3336 1656/3133/3139 1654/3123/3129
f 1654/3123/3129 1656/3133/3139 1655/2884/2890
f 1648/3117/3123 1929/2932/2938 1928/3331/3337
f 1928/3331/3337 1929/2932/2938 1926/3332/3338
f 1926/3332/3338 1929/2932/2938 1930/3334/3340
f 1929/2932/2938 1931/2931/2937 1930/3334/3340
f 1930/3334/3340 1931/2931/2937 1940/3335/3341
f 5740/15/15 5741/3327/3333 5739/13/13
f 1648/3117/3123 1928/3331/3337 1645/3116/3122
f 1645/3116/3122 1928/3331/3337 1654/3123/3129
f 1648/3117/3123 1647/2933/2939 1929/2932/2938
f 5737/104/104 5739/13/13 5738/17/17
f 1932/2953/2959 1888/3254/3260 1933/3336/3342
f 1934/2951/2957 1933/3336/3342 1528/3028/3034
f 1894/3258/3264 1937/3337/3343 1936/3259/3265
f 1936/3259/3265 1937/3337/3343 1935/3338/3344
f 1935/3338/3344 1934/2951/2957 1528/3028/3034
f 5722/41/41 5723/3323/3329 5729/3326/3332
f 1934/2951/2957 1932/2953/2959 1933/3336/3342
f 1935/3338/3344 1937/3337/3343 1934/2951/2957
f 1934/2951/2957 1937/3337/3343 1938/2952/2958
f 1932/2953/2959 1938/2952/2958 1890/3257/3263
f 1890/3257/3263 1892/2493/2499 1188/2603/2609
f 1717/3163/3169 1716/3164/3170 1718/3160/3166
f 1718/3160/3166 1716/3164/3170 1926/3332/3338
f 1927/3333/3339 1940/3335/3341 1939/3339/3345
f 5730/126/126 5734/3340/3346 5731/125/125
f 1930/3334/3340 1718/3160/3166 1926/3332/3338
f 5736/129/129 5734/3340/3346 5730/126/126
f 1930/3334/3340 1940/3335/3341 1927/3333/3339
f 1718/3160/3166 1930/3334/3340 1927/3333/3339
f 1888/3254/3260 1886/3253/3259 1941/3341/3347
f 1886/3253/3259 1885/3262/3268 1941/3341/3347
f 1941/3341/3347 1885/3262/3268 2015/2849/2855
f 1885/3262/3268 1942/3252/3258 2015/2849/2855
f 5734/3340/3346 5735/3325/3331 5732/3324/3330
f 5731/125/125 5734/3340/3346 5732/3324/3330
f 1924/2675/2681 1923/2674/2680 1656/3133/3139
f 5726/3342/3348 5733/3309/3315 5730/126/126
f 5726/3342/3348 5702/3271/3277 5733/3309/3315
f 1540/3045/3051 1809/3210/3216 1541/3047/3053
f 1809/3210/3216 1808/3240/3246 1541/3047/3053
f 1541/3047/3053 1808/3240/3246 1806/2793/2799
f 1540/3045/3051 1539/2789/2795 1809/3210/3216
f 5728/3343/3349 5732/3324/3330 5723/3323/3329
f 5731/125/125 5732/3324/3330 5728/3343/3349
f 1548/3050/3056 1506/3049/3055 1546/2802/2808
f 5725/3344/3350 5730/126/126 5727/113/113
f 1806/2793/2799 1543/2757/2763 1541/3047/3053
f 5722/41/41 5729/3326/3332 5718/49/49
f 1541/3047/3053 1510/3046/3052 1540/3045/3051
f 5728/3343/3349 5723/3323/3329 5721/43/43
f 1196/3302/3308 1195/3039/3045 1945/2486/2492
f 1195/3039/3045 1199/2487/2493 1945/2486/2492
f 5727/113/113 5731/125/125 5728/3343/3349
f 5727/113/113 5724/3345/3351 5725/3344/3350
f 1946/2488/2494 1875/3245/3251 1945/2486/2492
f 1943/3346/3352 1945/2486/2492 1947/3347/3353
f 1945/2486/2492 1875/3245/3251 1947/3347/3353
f 1875/3245/3251 1946/2488/2494 1201/2606/2612
f 5726/3342/3348 5730/126/126 5725/3344/3350
f 1947/3347/3353 1948/3348/3354 1943/3346/3352
f 1943/3346/3352 1948/3348/3354 1944/3349/3355
f 1231/2515/2521 1947/3347/3353 1875/3245/3251
f 5718/49/49 5729/3326/3332 5709/3275/3281
f 1875/3245/3251 1230/2635/2641 1231/2515/2521
f 1231/2515/2521 1232/2469/2475 1947/3347/3353
f 1945/2486/2492 1943/3346/3352 1196/3302/3308
f 1196/3302/3308 1943/3346/3352 1197/3303/3309
f 5727/113/113 5728/3343/3349 5721/43/43
f 1943/3346/3352 1198/3304/3310 1197/3303/3309
f 5724/3345/3351 5727/113/113 5720/112/112
f 5726/3342/3348 5725/3344/3350 5719/3350/3356
f 1906/3246/3252 1530/3033/3039 1507/3019/3025
f 5726/3342/3348 5716/3351/3357 5701/105/105
f 1906/3246/3252 1507/3019/3025 1505/3016/3022
f 5719/3350/3356 5716/3351/3357 5726/3342/3348
f 5717/110/110 5719/3350/3356 5725/3344/3350
f 5724/3345/3351 5717/110/110 5725/3344/3350
f 5720/112/112 5717/110/110 5724/3345/3351
f 5723/3323/3329 5722/41/41 5721/43/43
f 1923/2674/2680 1711/3158/3164 1659/2892/2898
f 1705/2891/2897 1658/3125/3131 1659/2892/2898
f 1658/3125/3131 1705/2891/2897 1660/2928/2934
f 5721/43/43 5714/42/42 5713/45/45
f 5717/110/110 5721/43/43 5713/45/45
f 5720/112/112 5721/43/43 5717/110/110
f 1441/2533/2539 1443/2519/2525 1440/2518/2524
f 1443/2519/2525 1315/2476/2482 1316/2520/2526
f 5719/3350/3356 5717/110/110 5712/109/109
f 1443/2519/2525 1445/2517/2523 1315/2476/2482
f 5716/3351/3357 5719/3350/3356 5715/93/93
f 5714/42/42 5718/49/49 5707/3274/3280
f 1193/2484/2490 1194/2483/2489 1908/3295/3301
f 5719/3350/3356 5712/109/109 5715/93/93
f 1887/3255/3261 1190/2607/2613 1191/2608/2614
f 5716/3351/3357 5715/93/93 5710/95/95
f 5701/105/105 5716/3351/3357 5710/95/95
f 5700/68/68 5701/105/105 5710/95/95
f 1491/3003/3009 1949/3107/3113 1490/3002/3008
f 1950/2597/2603 1183/2598/2604 1488/3001/3007
f 1492/3005/3011 1629/3098/3104 1491/3003/3009
f 1629/3098/3104 1949/3107/3113 1491/3003/3009
f 1949/3107/3113 1628/3105/3111 1490/3002/3008
f 1490/3002/3008 1628/3105/3111 1488/3001/3007
f 1628/3105/3111 1587/3081/3087 1950/2597/2603
f 1628/3105/3111 1950/2597/2603 1488/3001/3007
f 5711/94/94 5715/93/93 5712/109/109
f 1950/2597/2603 1180/2595/2601 1181/2596/2602
f 1180/2595/2601 1951/3352/3358 1179/2594/2600
f 1951/3352/3358 1952/3353/3359 1179/2594/2600
f 1180/2595/2601 1950/2597/2603 1586/2356/2362
f 1950/2597/2603 1587/3081/3087 1586/2356/2362
f 5714/42/42 5707/3274/3280 5706/3354/3360
f 1629/3098/3104 1610/3096/3102 1949/3107/3113
f 5659/44/44 5714/42/42 5706/3354/3360
f 5660/120/120 5713/45/45 5659/44/44
f 5712/109/109 5713/45/45 5660/120/120
f 1581/3080/3086 1953/3355/3361 1180/2595/2601
f 1180/2595/2601 1953/3355/3361 1951/3352/3358
f 1953/3355/3361 1954/3356/3362 1951/3352/3358
f 5661/121/121 5712/109/109 5660/120/120
f 5711/94/94 5712/109/109 5661/121/121
f 1581/3080/3086 1580/3079/3085 1953/3355/3361
f 5705/3357/3363 5711/94/94 5661/121/121
f 5710/95/95 5711/94/94 5705/3357/3363
f 5700/68/68 5710/95/95 5705/3357/3363
f 5707/3274/3280 5709/3275/3281 5708/3287/3293
f 1580/3079/3085 1578/3077/3083 1953/3355/3361
f 1953/3355/3361 1578/3077/3083 1955/3358/3364
f 1575/3075/3081 1955/3358/3364 1578/3077/3083
f 5706/3354/3360 5707/3274/3280 5657/3289/3295
f 1955/3358/3364 1575/3075/3081 1956/3359/3365
f 1575/3075/3081 1958/2943/2949 1957/2945/2951
f 1575/3075/3081 1574/2946/2952 1958/2943/2949
f 1644/3115/3121 1645/3116/3122 1654/3123/3129
f 1575/3075/3081 1957/2945/2951 1956/3359/3365
f 1957/2945/2951 1959/3360/3366 1956/3359/3365
f 5705/3357/3363 5661/121/121 5662/85/85
f 5700/68/68 5705/3357/3363 5662/85/85
f 5663/3328/3334 5700/68/68 5662/85/85
f 1307/2729/2735 1311/2732/2738 1308/2537/2543
f 5738/17/17 5702/3271/3277 5726/3342/3348
f 5701/105/105 5738/17/17 5726/3342/3348
f 1813/3209/3215 1960/2713/2719 1837/2744/2750
f 1960/2713/2719 1841/2712/2718 1837/2744/2750
f 1841/2712/2718 1961/2711/2717 1842/2722/2728
f 1814/3213/3219 1960/2713/2719 1813/3209/3215
f 1839/3226/3232 1842/2722/2728 1843/2720/2726
f 1842/2722/2728 1962/3361/3367 1843/2720/2726
f 5688/3276/3282 5699/3300/3306 5678/3362/3368
f 5678/3362/3368 5690/3307/3313 5687/3363/3369
f 5699/3300/3306 5690/3307/3313 5678/3362/3368
f 1962/3361/3367 1963/3364/3370 1843/2720/2726
f 5698/3316/3322 5699/3300/3306 5688/3276/3282
f 1843/2720/2726 1964/3365/3371 1838/2718/2724
f 1964/3365/3371 1965/3366/3372 1838/2718/2724
f 1965/3366/3372 1844/3227/3233 1838/2718/2724
f 1965/3366/3372 1850/3367/3373 1844/3227/3233
f 5697/3314/3320 5688/3276/3282 5656/3278/3284
f 5695/3368/3374 5697/3314/3320 5656/3278/3284
f 1842/2722/2728 1961/2711/2717 1966/3369/3375
f 1961/2711/2717 1967/3370/3376 1966/3369/3375
f 1970/3371/3377 1975/3372/3378 1969/3373/3379
f 1969/3373/3379 1975/3372/3378 1971/3374/3380
f 5695/3368/3374 5656/3278/3284 5655/3290/3296
f 1968/3375/3381 1967/3370/3376 1972/3376/3382
f 1972/3376/3382 1967/3370/3376 1961/2711/2717
f 5653/3281/3287 5695/3368/3374 5655/3290/3296
f 5653/3281/3287 5696/3283/3289 5695/3368/3374
f 1970/3371/3377 1972/3376/3382 1973/3377/3383
f 1972/3376/3382 1960/2713/2719 1973/3377/3383
f 1960/2713/2719 1814/3213/3219 1973/3377/3383
f 1973/3377/3383 1814/3213/3219 1974/3378/3384
f 1814/3213/3219 1815/3216/3222 1974/3378/3384
f 1960/2713/2719 1972/3376/3382 1961/2711/2717
f 5684/3379/3385 5694/3284/3290 5685/3380/3386
f 5683/72/72 5694/3284/3290 5684/3379/3385
f 1973/3377/3383 1975/3372/3378 1970/3371/3377
f 1970/3371/3377 1969/3373/3379 1972/3376/3382
f 1972/3376/3382 1969/3373/3379 1968/3375/3381
f 5694/3284/3290 5683/72/72 5689/74/74
f 1510/3046/3052 1509/2763/2769 1511/2790/2796
f 5691/3279/3285 5693/3381/3387 5692/3280/3286
f 5690/3307/3313 5691/3279/3285 5687/3363/3369
f 1508/3020/3026 1507/3019/3025 1554/2762/2768
f 5687/3363/3369 5691/3279/3285 5689/74/74
f 1669/3128/3134 1668/2887/2893 1744/3178/3184
f 1744/3178/3184 1743/3177/3183 1976/2651/2657
f 1743/3177/3183 1746/2649/2655 1976/2651/2657
f 1262/2683/2689 1263/2755/2761 1261/2682/2688
f 5689/74/74 5686/3382/3388 5687/3363/3369
f 1281/2452/2458 1250/2451/2457 1263/2755/2761
f 1263/2755/2761 1250/2451/2457 1261/2682/2688
f 1223/2615/2621 1977/2630/2636 1224/2631/2637
f 1977/2630/2636 1979/3383/3389 1978/3384/3390
f 2008/2625/2631 2288/3385/3391 1980/3386/3392
f 1980/3386/3392 2288/3385/3391 1981/3387/3393
f 1979/3383/3389 1982/3388/3394 1978/3384/3390
f 1983/2642/2648 1224/2631/2637 1977/2630/2636
f 5682/73/73 5686/3382/3388 5689/74/74
f 1978/3384/3390 1982/3388/3394 1983/2642/2648
f 1983/2642/2648 1225/2587/2593 1224/2631/2637
f 1979/3383/3389 1980/3386/3392 1985/3389/3395
f 1245/3390/3396 1244/2750/2756 1984/3391/3397
f 1984/3391/3397 1244/2750/2756 1983/2642/2648
f 1980/3386/3392 1981/3387/3393 1985/3389/3395
f 5679/3392/3398 5687/3363/3369 5686/3382/3388
f 5673/84/84 5687/3363/3369 5679/3392/3398
f 1986/3393/3399 1245/3390/3396 1984/3391/3397
f 1986/3393/3399 1985/3389/3395 1987/3394/3400
f 5658/3277/3283 5688/3276/3282 5678/3362/3368
f 1987/3394/3400 1989/3395/3401 1986/3393/3399
f 1986/3393/3399 1989/3395/3401 1245/3390/3396
f 1245/3390/3396 1989/3395/3401 1246/3396/3402
f 5673/84/84 5678/3362/3368 5687/3363/3369
f 1320/2740/2746 1319/2738/2744 1290/2714/2720
f 5686/3382/3388 5682/73/73 5679/3392/3398
f 1297/2724/2730 1327/2767/2773 1317/2736/2742
f 5680/57/57 5682/73/73 5683/72/72
f 1328/2735/2741 1330/2769/2775 1316/2520/2526
f 1316/2520/2526 1330/2769/2775 1440/2518/2524
f 1983/2642/2648 1977/2630/2636 1978/3384/3390
f 5685/3380/3386 5681/115/115 5677/117/117
f 1983/2642/2648 1982/3388/3394 1984/3391/3397
f 5684/3379/3385 5685/3380/3386 5677/117/117
f 5676/58/58 5684/3379/3385 5677/117/117
f 5683/72/72 5684/3379/3385 5676/58/58
f 5680/57/57 5683/72/72 5676/58/58
f 1984/3391/3397 1979/3383/3389 1986/3393/3399
f 1986/3393/3399 1979/3383/3389 1985/3389/3395
f 5682/73/73 5680/57/57 5675/56/56
f 5674/100/100 5682/73/73 5675/56/56
f 1984/3391/3397 1982/3388/3394 1979/3383/3389
f 1988/3397/3403 1990/3398/3404 1987/3394/3400
f 1987/3394/3400 1990/3398/3404 1989/3395/3401
f 1990/3398/3404 1991/3399/3405 1989/3395/3401
f 5679/3392/3398 5682/73/73 5664/99/99
f 1476/2526/2532 1477/3400/3406 1302/2727/2733
f 1992/3401/3407 1993/2471/2477 1300/2470/2476
f 1993/2471/2477 1298/2725/2731 1294/2472/2478
f 1477/3400/3406 1994/2474/2480 1992/3401/3407
f 5678/3362/3368 5673/84/84 5672/83/83
f 1477/3400/3406 1475/2987/2993 1994/2474/2480
f 1994/2474/2480 1993/2471/2477 1992/3401/3407
f 1994/2474/2480 1475/2987/2993 2322/3402/3408
f 1477/3400/3406 1476/2526/2532 1475/2987/2993
f 1476/2526/2532 1302/2727/2733 1303/2524/2530
f 1303/2524/2530 1302/2727/2733 1314/2516/2522
f 1302/2727/2733 1477/3400/3406 1992/3401/3407
f 5673/84/84 5679/3392/3398 5664/99/99
f 1302/2727/2733 1992/3401/3407 1300/2470/2476
f 5658/3277/3283 5678/3362/3368 5672/83/83
f 1275/2692/2698 1995/3403/3409 1274/2671/2677
f 5676/58/58 5677/117/117 5667/116/116
f 1255/2668/2674 1254/3404/3410 1268/2688/2694
f 1254/3404/3410 1270/2690/2696 1268/2688/2694
f 1269/2689/2695 1996/3405/3411 1997/2432/2438
f 1998/2433/2439 1999/3406/3412 1265/2687/2693
f 5666/62/62 5676/58/58 5667/116/116
f 5675/56/56 5676/58/58 5666/62/62
f 1998/2433/2439 1997/2432/2438 2000/3407/3413
f 2000/3407/3413 1997/2432/2438 2001/2654/2660
f 1997/2432/2438 1996/3405/3411 2001/2654/2660
f 1996/3405/3411 1269/2689/2695 1270/2690/2696
f 5674/100/100 5675/56/56 5665/69/69
f 1251/2655/2661 2001/2654/2660 1996/3405/3411
f 2000/3407/3413 1247/2652/2658 1999/3406/3412
f 1251/2655/2661 1248/2643/2649 2001/2654/2660
f 1247/2652/2658 1249/2653/2659 1999/3406/3412
f 1999/3406/3412 1249/2653/2659 2002/2700/2706
f 5664/99/99 5674/100/100 5665/69/69
f 2000/3407/3413 2001/2654/2660 1247/2652/2658
f 5662/85/85 5664/99/99 5663/3328/3334
f 1999/3406/3412 2002/2700/2706 1265/2687/2693
f 5673/84/84 5664/99/99 5662/85/85
f 1999/3406/3412 1998/2433/2439 2000/3407/3413
f 1270/2690/2696 1259/2659/2665 1996/3405/3411
f 1996/3405/3411 1259/2659/2665 1251/2655/2661
f 1270/2690/2696 1254/3404/3410 1259/2659/2665
f 5658/3277/3283 5672/83/83 5660/120/120
f 1410/2866/2872 1409/2865/2871 2003/3408/3414
f 1409/2865/2871 1408/2864/2870 2003/3408/3414
f 5656/3278/3284 5658/3277/3283 5706/3354/3360
f 1407/2863/2869 2004/3409/3415 1408/2864/2870
f 2004/3409/3415 2005/3410/3416 2006/3411/3417
f 1407/2863/2869 2005/3410/3416 2004/3409/3415
f 5669/3321/3327 5670/3412/3418 5671/3322/3328
f 2005/3410/3416 1407/2863/2869 1405/2862/2868
f 1407/2863/2869 1406/2479/2485 1405/2862/2868
f 1405/2862/2868 1387/2829/2835 2007/3413/3419
f 1387/2829/2835 1404/2861/2867 2007/3413/3419
f 2007/3413/3419 2005/3410/3416 1405/2862/2868
f 1995/3403/3409 1258/2672/2678 1274/2671/2677
f 1267/2431/2437 1269/2689/2695 1997/2432/2438
f 5666/62/62 5667/116/116 5745/63/63
f 5665/69/69 5675/56/56 5666/62/62
f 1331/3414/3420 1349/2836/2842 1348/2771/2777
f 1331/3414/3420 1348/2771/2777 1332/2770/2776
f 1977/2630/2636 2008/2625/2631 1979/3383/3389
f 1979/3383/3389 2008/2625/2631 1980/3386/3392
f 5661/121/121 5672/83/83 5662/85/85
f 1330/2769/2775 1439/2534/2540 1440/2518/2524
f 5658/3277/3283 5660/120/120 5659/44/44
f 5706/3354/3360 5658/3277/3283 5659/44/44
f 1330/2769/2775 1331/3414/3420 1439/2534/2540
f 5657/3289/3295 5656/3278/3284 5706/3354/3360
f 1331/3414/3420 1332/2770/2776 1439/2534/2540
f 5654/3288/3294 5653/3281/3287 5655/3290/3296
f 1892/2493/2499 1890/3257/3263 1894/3258/3264
f 1890/3257/3263 1938/2952/2958 1894/3258/3264
f 1894/3258/3264 1938/2952/2958 1937/3337/3343
f 1766/2831/2837 1765/2830/2836 1764/3188/3194
f 5643/3415/3421 5644/3416/3422 5651/3417/3423
f 1766/2831/2837 1764/3188/3194 1691/3143/3149
f 5642/3418/3424 5597/3419/3425 5643/3415/3421
f 1623/2676/2682 1622/3030/3036 1501/2677/2683
f 5650/3420/3426 5590/3421/3427 5586/152/152
f 1515/3040/3046 1514/2761/2767 1905/3247/3253
f 1905/3247/3253 1514/2761/2767 1876/2760/2766
f 5562/3422/3428 5563/136/136 5609/3423/3429
f 5649/3424/3430 5650/3420/3426 5599/3425/3431
f 5575/3426/3432 5567/3427/3433 5566/3428/3434
f 1608/2948/2954 1610/3096/3102 1609/2949/2955
f 1617/2851/2857 2009/2855/2861 1618/3109/3115
f 2009/2855/2861 1572/2860/2866 1618/3109/3115
f 5590/3421/3427 5646/165/165 5598/3429/3435
f 1621/2853/2859 2011/2854/2860 1617/2851/2857
f 2009/2855/2861 2012/3065/3071 2010/2859/2865
f 2010/2859/2865 2012/3065/3071 1566/3067/3073
f 5590/3421/3427 5650/3420/3426 5648/166/166
f 1621/2853/2859 2013/2857/2863 2011/2854/2860
f 2011/2854/2860 2012/3065/3071 2009/2855/2861
f 1566/3067/3073 2012/3065/3071 1589/3066/3072
f 1625/2858/2864 2012/3065/3071 2011/2854/2860
f 5648/166/166 5650/3420/3426 5649/3424/3430
f 1498/3013/3019 2014/3103/3109 1621/2853/2859
f 1621/2853/2859 2014/3103/3109 2013/2857/2863
f 2013/2857/2863 1624/2856/2862 1625/2858/2864
f 2014/3103/3109 1623/2676/2682 2013/2857/2863
f 5646/165/165 5590/3421/3427 5648/166/166
f 1499/3015/3021 2014/3103/3109 1498/3013/3019
f 5597/3419/3425 5595/3430/3436 5598/3429/3435
f 5590/3421/3427 5598/3429/3435 5587/3431/3437
f 1198/3304/3310 1943/3346/3352 1944/3349/3355
f 5598/3429/3435 5646/165/165 5597/3419/3425
f 1933/3336/3342 1941/3341/3347 2015/2849/2855
f 2015/2849/2855 1942/3252/3258 2016/2847/2853
f 2016/2847/2853 1942/3252/3258 1878/3248/3254
f 5645/3432/3438 5646/165/165 5647/167/167
f 1878/3248/3254 1942/3252/3258 1879/3269/3275
f 1879/3269/3275 1942/3252/3258 1880/3266/3272
f 1942/3252/3258 1882/3250/3256 1880/3266/3272
f 5644/3416/3422 5646/165/165 5645/3432/3438
f 5643/3415/3421 5646/165/165 5644/3416/3422
f 5597/3419/3425 5646/165/165 5643/3415/3421
f 1877/3029/3035 1500/2848/2854 1878/3248/3254
f 1878/3248/3254 1500/2848/2854 2016/2847/2853
f 1500/2848/2854 1527/3014/3020 2015/2849/2855
f 1527/3014/3020 1528/3028/3034 1933/3336/3342
f 5596/3433/3439 5597/3419/3425 5642/3418/3424
f 1933/3336/3342 2015/2849/2855 1527/3014/3020
f 2017/2962/2968 2019/3434/3440 2018/3435/3441
f 2020/3436/3442 2019/3434/3440 2021/3437/3443
f 2019/3434/3440 2017/2962/2968 2021/3437/3443
f 2017/2962/2968 2022/2566/2572 2021/3437/3443
f 2021/3437/3443 2022/2566/2572 1163/2573/2579
f 5601/3438/3444 5552/3439/3445 5602/3440/3446
f 5554/151/151 5553/3441/3447 5552/3439/3445
f 5551/3442/3448 5554/151/151 5552/3439/3445
f 2017/2962/2968 1159/2567/2573 2022/2566/2572
f 5631/3443/3449 5629/3444/3450 5630/3445/3451
f 5637/3446/3452 5629/3444/3450 5631/3443/3449
f 1526/3027/3033 1935/3338/3344 1528/3028/3034
f 1526/3027/3033 1936/3259/3265 1935/3338/3344
f 5641/3447/3453 5640/3448/3454 5639/3449/3455
f 2025/3450/3456 2026/3451/3457 2027/3452/3458
f 2038/3453/3459 2028/2915/2921 2027/3452/3458
f 2029/3454/3460 1155/2561/2567 2030/3455/3461
f 1155/2561/2567 1156/2562/2568 2030/3455/3461
f 5640/3448/3454 5617/3456/3462 5616/3457/3463
f 2025/3450/3456 2027/3452/3458 2031/3458/3464
f 2031/3458/3464 2027/3452/3458 2032/3459/3465
f 2027/3452/3458 2028/2915/2921 2032/3459/3465
f 2028/2915/2921 2029/3454/3460 2032/3459/3465
f 2032/3459/3465 2029/3454/3460 2033/3460/3466
f 5639/3449/3455 5640/3448/3454 5616/3457/3463
f 5638/3461/3467 5639/3449/3455 5616/3457/3463
f 5637/3446/3452 5638/3461/3467 5628/3462/3468
f 5629/3444/3450 5637/3446/3452 5628/3462/3468
f 2029/3454/3460 2028/2915/2921 1155/2561/2567
f 1152/2558/2564 2034/2914/2920 2035/3463/3469
f 5628/3462/3468 5638/3461/3467 5616/3457/3463
f 2038/3453/3459 2027/3452/3458 2026/3451/3457
f 1322/2734/2740 1316/2520/2526 1315/2476/2482
f 2029/3454/3460 2030/3455/3461 2033/3460/3466
f 2035/3463/3469 2034/2914/2920 2036/3464/3470
f 2036/3464/3470 2034/2914/2920 2039/2964/2970
f 2034/2914/2920 2028/2915/2921 2038/3453/3459
f 5577/3465/3471 5635/3466/3472 5636/3467/3473
f 2034/2914/2920 2024/3468/3474 2023/2963/2969
f 2024/3468/3474 2026/3451/3457 2025/3450/3456
f 2024/3468/3474 2034/2914/2920 2026/3451/3457
f 2034/2914/2920 2038/3453/3459 2026/3451/3457
f 5573/137/137 5636/3467/3473 5574/3469/3475
f 5565/138/138 5573/137/137 5574/3469/3475
f 2036/3464/3470 2039/2964/2970 2037/3470/3476
f 2039/2964/2970 2040/3471/3477 2037/3470/3476
f 2037/3470/3476 2040/3471/3477 2041/3472/3478
f 5636/3467/3473 5573/137/137 5577/3465/3471
f 1993/2471/2477 1299/2726/2732 1298/2725/2731
f 5578/3473/3479 5635/3466/3472 5577/3465/3471
f 5631/3443/3449 5566/3428/3434 5632/3474/3480
f 5630/3445/3451 5566/3428/3434 5631/3443/3449
f 1964/3365/3371 1843/2720/2726 2042/3475/3481
f 1843/2720/2726 1963/3364/3370 2042/3475/3481
f 2043/3476/3482 2044/3477/3483 2045/2547/2553
f 2045/2547/2553 2047/3478/3484 2046/3479/3485
f 2047/3478/3484 2050/3480/3486 2051/3481/3487
f 2050/3480/3486 2047/3478/3484 2044/3477/3483
f 2044/3477/3483 2047/3478/3484 2045/2547/2553
f 5634/3482/3488 5616/3457/3463 5615/173/173
f 2209/3483/3489 2051/3481/3487 2049/3484/3490
f 2049/3484/3490 2051/3481/3487 2052/3485/3491
f 2051/3481/3487 2050/3480/3486 2052/3485/3491
f 5628/3462/3468 5616/3457/3463 5634/3482/3488
f 2051/3481/3487 2209/3483/3489 2046/3479/3485
f 2046/3479/3485 2047/3478/3484 2051/3481/3487
f 5634/3482/3488 5615/173/173 5610/172/172
f 2028/2915/2921 1152/2558/2564 1155/2561/2567
f 1152/2558/2564 1153/2559/2565 1155/2561/2567
f 5609/3423/3429 5634/3482/3488 5610/172/172
f 5563/136/136 5634/3482/3488 5609/3423/3429
f 5628/3462/3468 5634/3482/3488 5563/136/136
f 5564/3486/3492 5628/3462/3468 5563/136/136
f 5629/3444/3450 5628/3462/3468 5564/3486/3492
f 5633/3487/3493 5566/3428/3434 5567/3427/3433
f 5566/3428/3434 5633/3487/3493 5632/3474/3480
f 5564/3486/3492 5566/3428/3434 5630/3445/3451
f 5629/3444/3450 5564/3486/3492 5630/3445/3451
f 1512/2759/2765 1536/3212/3218 1537/3211/3217
f 1512/2759/2765 1514/2761/2767 1536/3212/3218
f 1756/3182/3188 1754/3187/3193 1763/2639/2645
f 1754/3187/3193 1750/3180/3186 2053/3488/3494
f 1750/3180/3186 1745/2580/2586 2053/3488/3494
f 5606/146/146 5553/3441/3447 5555/3489/3495
f 5556/3490/3496 5606/146/146 5555/3489/3495
f 5609/3423/3429 5560/155/155 5562/3422/3428
f 1745/2580/2586 1738/2578/2584 1169/2577/2583
f 1983/2642/2648 1244/2750/2756 1262/2683/2689
f 5622/159/159 5613/158/158 5623/3491/3497
f 1246/3396/3402 1244/2750/2756 1245/3390/3396
f 5614/176/176 5627/175/175 5613/158/158
f 5614/176/176 5617/3456/3462 5618/174/174
f 1745/2580/2586 1172/2583/2589 2053/3488/3494
f 1835/2680/2686 1845/3228/3234 1833/2681/2687
f 5627/175/175 5626/140/140 5623/3491/3497
f 5613/158/158 5627/175/175 5623/3491/3497
f 1936/3259/3265 1526/3027/3033 1897/3261/3267
f 1526/3027/3033 1525/3012/3018 1897/3261/3267
f 1936/3259/3265 1897/3261/3267 1895/3260/3266
f 1291/2698/2704 1323/2739/2745 1290/2714/2720
f 1323/2739/2745 1291/2698/2704 1324/2721/2727
f 5623/3491/3497 5626/140/140 5625/139/139
f 1762/3186/3192 1756/3182/3188 1758/3183/3189
f 1756/3182/3188 1757/2641/2647 1758/3183/3189
f 1616/3101/3107 1610/3096/3102 1612/2852/2858
f 5623/3491/3497 5625/139/139 5620/169/169
f 1465/2976/2982 1307/2729/2735 1468/2730/2736
f 5625/139/139 5624/141/141 5621/3492/3498
f 5604/168/168 5625/139/139 5621/3492/3498
f 2055/2747/2753 1324/2721/2727 1281/2452/2458
f 5622/159/159 5623/3491/3497 5620/169/169
f 5619/147/147 5622/159/159 5620/169/169
f 5611/161/161 5622/159/159 5619/147/147
f 5612/157/157 5622/159/159 5611/161/161
f 1607/3085/3091 1591/3082/3088 1552/3058/3064
f 5603/3493/3499 5624/141/141 5602/3440/3446
f 5621/3492/3498 5624/141/141 5603/3493/3499
f 5604/168/168 5621/3492/3498 5603/3493/3499
f 5620/169/169 5604/168/168 5605/148/148
f 1817/3215/3221 1534/3041/3047 2056/3043/3049
f 1534/3041/3047 1816/3214/3220 1514/2761/2767
f 1816/3214/3220 1536/3212/3218 1514/2761/2767
f 5611/161/161 5619/147/147 5607/162/162
f 1154/2560/2566 1166/2575/2581 2057/2916/2922
f 1165/2574/2580 2057/2916/2922 2058/3494/3500
f 1733/3169/3175 2059/3495/3501 1166/2575/2581
f 2059/3495/3501 2057/2916/2922 1166/2575/2581
f 1733/3169/3175 1732/3170/3176 2059/3495/3501
f 5619/147/147 5620/169/169 5605/148/148
f 5607/162/162 5619/147/147 5606/146/146
f 1620/2850/2856 1612/2852/2858 1627/3104/3110
f 1612/2852/2858 1613/3100/3106 1627/3104/3110
f 1620/2850/2856 1627/3104/3110 1626/3102/3108
f 5610/172/172 5611/161/161 5608/160/160
f 5617/3456/3462 5640/3448/3454 5618/174/174
f 5614/176/176 5616/3457/3463 5617/3456/3462
f 1497/3010/3016 1496/3009/3015 1524/3008/3014
f 5615/173/173 5616/3457/3463 5614/176/176
f 5613/158/158 5615/173/173 5614/176/176
f 1524/3008/3014 1494/3007/3013 1495/3006/3012
f 5612/157/157 5615/173/173 5613/158/158
f 1851/2637/2643 1833/2681/2687 1849/2638/2644
f 1833/2681/2687 1845/3228/3234 1849/2638/2644
f 1168/2576/2582 1738/2578/2584 1166/2575/2581
f 5610/172/172 5612/157/157 5611/161/161
f 5609/3423/3429 5610/172/172 5608/160/160
f 5559/164/164 5609/3423/3429 5608/160/160
f 1285/2436/2442 1295/2717/2723 1288/2434/2440
f 1288/2434/2440 1287/2704/2710 1286/2440/2446
f 2060/3496/3502 2086/3497/3503 2061/3498/3504
f 2086/3497/3503 2062/3499/3505 2061/3498/3504
f 2064/2388/2394 2066/3500/3506 2065/3501/3507
f 2065/3501/3507 2066/3500/3506 2067/2407/2413
f 2069/3502/3508 2075/3503/3509 2070/2418/2424
f 2071/2410/2416 2070/2418/2424 2072/3504/3510
f 2070/2418/2424 1256/2420/2426 2072/3504/3510
f 2072/3504/3510 1256/2420/2426 2073/2408/2414
f 1256/2420/2426 1257/2662/2668 2073/2408/2414
f 5559/164/164 5560/155/155 5609/3423/3429
f 2092/2387/2393 2066/3500/3506 2064/2388/2394
f 2068/2406/2412 2074/2405/2411 2069/3502/3508
f 2074/2405/2411 2075/3503/3509 2069/3502/3508
f 2066/3500/3506 2077/3505/3511 2067/2407/2413
f 2077/3505/3511 2074/2405/2411 2067/2407/2413
f 2075/3503/3509 2078/3506/3512 2070/2418/2424
f 2070/2418/2424 2078/3506/3512 2076/2419/2425
f 5556/3490/3496 5608/160/160 5607/162/162
f 2074/2405/2411 2079/3507/3513 2075/3503/3509
f 2079/3507/3513 2080/2660/2666 2075/3503/3509
f 2075/3503/3509 2080/2660/2666 2078/3506/3512
f 2078/3506/3512 1259/2659/2665 1254/3404/3410
f 2078/3506/3512 2080/2660/2666 1259/2659/2665
f 5553/3441/3447 5606/146/146 5605/148/148
f 2080/2660/2666 2079/3507/3513 2081/3508/3514
f 2079/3507/3513 2083/3509/3515 2082/3510/3516
f 2082/3510/3516 2083/3509/3515 2084/2411/2417
f 2083/3509/3515 2085/3511/3517 2084/2411/2417
f 2085/3511/3517 2062/3499/3505 2086/3497/3503
f 2086/3497/3503 2087/3512/3518 2085/3511/3517
f 2087/3512/3518 2084/2411/2417 2085/3511/3517
f 2082/3510/3516 2081/3508/3514 2079/3507/3513
f 2087/3512/3518 2088/3513/3519 2084/2411/2417
f 2089/2413/2419 2081/3508/3514 2082/3510/3516
f 2084/2411/2417 2089/2413/2419 2082/3510/3516
f 2081/3508/3514 2090/2657/2663 2080/2660/2666
f 2090/2657/2663 1252/2656/2662 2080/2660/2666
f 2080/2660/2666 1252/2656/2662 1253/2658/2664
f 5552/3439/3445 5553/3441/3447 5603/3493/3499
f 2088/3513/3519 2091/2412/2418 2084/2411/2417
f 2089/2413/2419 1238/2644/2650 2081/3508/3514
f 2081/3508/3514 1238/2644/2650 2090/2657/2663
f 2091/2412/2418 1237/2468/2474 2089/2413/2419
f 2089/2413/2419 1237/2468/2474 1238/2644/2650
f 1252/2656/2662 1251/2655/2661 1253/2658/2664
f 2078/3506/3512 1254/3404/3410 2076/2419/2425
f 1254/3404/3410 1255/2668/2674 2076/2419/2425
f 2076/2419/2425 1255/2668/2674 1256/2420/2426
f 2074/2405/2411 2077/3505/3511 2079/3507/3513
f 2079/3507/3513 2077/3505/3511 2083/3509/3515
f 2083/3509/3515 2092/2387/2393 2085/3511/3517
f 2092/2387/2393 2062/3499/3505 2085/3511/3517
f 2077/3505/3511 2066/3500/3506 2083/3509/3515
f 2083/3509/3515 2066/3500/3506 2092/2387/2393
f 2092/2387/2393 2061/3498/3504 2062/3499/3505
f 5606/146/146 5556/3490/3496 5607/162/162
f 2092/2387/2393 2063/2389/2395 2061/3498/3504
f 5604/168/168 5553/3441/3447 5605/148/148
f 5603/3493/3499 5553/3441/3447 5604/168/168
f 2068/2406/2412 2172/3514/3520 2067/2407/2413
f 2067/2407/2413 2172/3514/3520 2093/3515/3521
f 2172/3514/3520 2094/3516/3522 2093/3515/3521
f 2068/2406/2412 2069/3502/3508 2172/3514/3520
f 2069/3502/3508 2070/2418/2424 2071/2410/2416
f 2073/2408/2414 2096/3517/3523 2095/3518/3524
f 5602/3440/3446 5552/3439/3445 5603/3493/3499
f 2102/3519/3525 2103/3520/3526 2181/3521/3527
f 2104/2402/2408 2105/3522/3528 2180/3523/3529
f 2106/3524/3530 2107/3525/3531 2105/3522/3528
f 2109/2395/2401 2110/3526/3532 2108/3527/3533
f 2110/3526/3532 2105/3522/3528 2107/3525/3531
f 2110/3526/3532 2109/2395/2401 2111/3528/3534
f 2108/3527/3533 2107/3525/3531 2112/2393/2399
f 2107/3525/3531 2106/3524/3530 2112/2393/2399
f 2105/3522/3528 2104/2402/2408 2106/3524/3530
f 2104/2402/2408 2103/3520/3526 2113/2400/2406
f 2113/2400/2406 2103/3520/3526 2114/3529/3535
f 2103/3520/3526 2115/3530/3536 2114/3529/3535
f 5550/3531/3537 5552/3439/3445 5601/3438/3444
f 2104/2402/2408 2116/3532/3538 2106/3524/3530
f 2116/3532/3538 2104/2402/2408 2117/2401/2407
f 5554/151/151 5551/3442/3448 5600/3533/3539
f 2116/3532/3538 2118/3534/3540 2106/3524/3530
f 2122/3535/3541 2112/2393/2399 2106/3524/3530
f 2119/3536/3542 2112/2393/2399 2120/3537/3543
f 2112/2393/2399 2122/3535/3541 2120/3537/3543
f 2122/3535/3541 2118/3534/3540 2121/3538/3544
f 2123/3539/3545 2122/3535/3541 2124/3540/3546
f 2122/3535/3541 2125/3541/3547 2124/3540/3546
f 5600/3533/3539 5650/3420/3426 5586/152/152
f 5554/151/151 5600/3533/3539 5586/152/152
f 2126/3542/3548 2120/3537/3543 2122/3535/3541
f 5599/3425/3431 5650/3420/3426 5600/3533/3539
f 5551/3442/3448 5599/3425/3431 5600/3533/3539
f 2122/3535/3541 2123/3539/3545 2126/3542/3548
f 2126/3542/3548 2123/3539/3545 2127/3543/3549
f 5550/3531/3537 5549/3544/3550 5551/3442/3448
f 2071/2410/2416 2128/3545/3551 2069/3502/3508
f 5587/3431/3437 5585/3546/3552 5590/3421/3427
f 2099/2392/2398 2100/3547/3553 2101/2390/2396
f 2131/3548/3554 2130/3549/3555 2132/3550/3556
f 2132/3550/3556 2150/3551/3557 2133/3552/3558
f 2150/3551/3557 2134/3553/3559 2135/3554/3560
f 2135/3554/3560 2134/3553/3559 2136/3555/3561
f 2134/3553/3559 2137/3556/3562 2136/3555/3561
f 2136/3555/3561 2137/3556/3562 2138/2391/2397
f 2137/3556/3562 2130/3549/3555 2138/2391/2397
f 2138/2391/2397 2139/3557/3563 2136/3555/3561
f 2139/3557/3563 2135/3554/3560 2136/3555/3561
f 2135/3554/3560 2133/3552/3558 2150/3551/3557
f 2138/2391/2397 2101/2390/2396 2139/3557/3563
f 2139/3557/3563 2101/2390/2396 2140/3558/3564
f 2101/2390/2396 2141/3559/3565 2140/3558/3564
f 2141/3559/3565 2143/3560/3566 2140/3558/3564
f 2140/3558/3564 2143/3560/3566 2144/3561/3567
f 5597/3419/3425 5596/3433/3439 5595/3430/3436
f 2140/3558/3564 2144/3561/3567 2146/3562/3568
f 2140/3558/3564 2146/3562/3568 2139/3557/3563
f 2139/3557/3563 2146/3562/3568 2135/3554/3560
f 2146/3562/3568 2133/3552/3558 2135/3554/3560
f 5596/3433/3439 5578/3473/3479 5593/3563/3569
f 2132/3550/3556 2147/3564/3570 2131/3548/3554
f 2147/3564/3570 2148/3565/3571 2131/3548/3554
f 2148/3565/3571 2069/3502/3508 2128/3545/3551
f 5595/3430/3436 5596/3433/3439 5593/3563/3569
f 5591/3566/3572 5595/3430/3436 5593/3563/3569
f 2128/3545/3551 2131/3548/3554 2148/3565/3571
f 2149/3567/3573 2130/3549/3555 2131/3548/3554
f 2128/3545/3551 2129/3568/3574 2131/3548/3554
f 2129/3568/3574 2149/3567/3573 2131/3548/3554
f 5593/3563/3569 5578/3473/3479 5594/3569/3575
f 2149/3567/3573 2099/2392/2398 2130/3549/3555
f 2129/3568/3574 2098/3570/3576 2149/3567/3573
f 2098/3570/3576 2099/2392/2398 2149/3567/3573
f 2150/3551/3557 2130/3549/3555 2137/3556/3562
f 2130/3549/3555 2150/3551/3557 2132/3550/3556
f 5587/3431/3437 5595/3430/3436 5591/3566/3572
f 5598/3429/3435 5595/3430/3436 5587/3431/3437
f 2101/2390/2396 2102/3519/3525 2141/3559/3565
f 2102/3519/3525 2142/3571/3577 2141/3559/3565
f 5592/3572/3578 5594/3569/3575 5578/3473/3479
f 2142/3571/3577 2284/2398/2404 2151/2397/2403
f 2284/2398/2404 2153/3573/3579 2152/2396/2402
f 2153/3573/3579 2155/3574/3580 2154/3575/3581
f 2155/3574/3580 2156/3576/3582 2154/3575/3581
f 2154/3575/3581 2152/2396/2402 2153/3573/3579
f 5593/3563/3569 5594/3569/3575 5592/3572/3578
f 2157/3577/3583 2158/3578/3584 2156/3576/3582
f 2158/3578/3584 2159/3579/3585 2156/3576/3582
f 2156/3576/3582 2159/3579/3585 2154/3575/3581
f 2159/3579/3585 2152/2396/2402 2154/3575/3581
f 5591/3566/3572 5593/3563/3569 5592/3572/3578
f 5587/3431/3437 5591/3566/3572 5588/3580/3586
f 2151/2397/2403 2160/3581/3587 2142/3571/3577
f 2160/3581/3587 2141/3559/3565 2142/3571/3577
f 5582/171/171 5592/3572/3578 5578/3473/3479
f 2160/3581/3587 2143/3560/3566 2141/3559/3565
f 2143/3560/3566 2161/3582/3588 2144/3561/3567
f 2144/3561/3567 2161/3582/3588 2145/3583/3589
f 2161/3582/3588 2162/3584/3590 2145/3583/3589
f 5589/170/170 5592/3572/3578 5582/171/171
f 2161/3582/3588 2164/3585/3591 2163/3586/3592
f 2165/3587/3593 2166/3588/3594 2163/3586/3592
f 2163/3586/3592 2166/3588/3594 2167/3589/3595
f 2166/3588/3594 2165/3587/3593 2168/3590/3596
f 2168/3590/3596 2164/3585/3591 2143/3560/3566
f 5591/3566/3572 5592/3572/3578 5589/170/170
f 2165/3587/3593 2164/3585/3591 2168/3590/3596
f 2164/3585/3591 2161/3582/3588 2143/3560/3566
f 5588/3580/3586 5591/3566/3572 5589/170/170
f 2165/3587/3593 2163/3586/3592 2164/3585/3591
f 5587/3431/3437 5588/3580/3586 5583/132/132
f 2147/3564/3570 2132/3550/3556 2133/3552/3558
f 5586/152/152 5590/3421/3427 5585/3546/3552
f 5582/171/171 5578/3473/3479 5577/3465/3471
f 2099/2392/2398 2138/2391/2397 2130/3549/3555
f 2170/3591/3597 2096/3517/3523 1257/2662/2668
f 2096/3517/3523 2073/2408/2414 1257/2662/2668
f 5588/3580/3586 5589/170/170 5581/130/130
f 5588/3580/3586 5581/130/130 5583/132/132
f 2069/3502/3508 2148/3565/3571 2172/3514/3520
f 2094/3516/3522 2172/3514/3520 2171/3592/3598
f 2172/3514/3520 2148/3565/3571 2173/3593/3599
f 5584/3594/3600 5587/3431/3437 5583/132/132
f 5585/3546/3552 5587/3431/3437 5584/3594/3600
f 2073/2408/2414 2071/2410/2416 2072/3504/3510
f 2071/2410/2416 2129/3568/3574 2128/3545/3551
f 5579/153/153 5586/152/152 5585/3546/3552
f 2071/2410/2416 2097/2409/2415 2129/3568/3574
f 2129/3568/3574 2097/2409/2415 2098/3570/3576
f 5572/3595/3601 5582/171/171 5577/3465/3471
f 2101/2390/2396 2115/3530/3536 2102/3519/3525
f 2115/3530/3536 2103/3520/3526 2102/3519/3525
f 2122/3535/3541 2106/3524/3530 2118/3534/3540
f 5584/3594/3600 5583/132/132 5580/3596/3602
f 2122/3535/3541 2121/3538/3544 2174/3597/3603
f 2174/3597/3603 2175/3598/3604 2122/3535/3541
f 2122/3535/3541 2175/3598/3604 2125/3541/3547
f 2175/3598/3604 2176/3599/3605 2125/3541/3547
f 2101/2390/2396 2100/3547/3553 2115/3530/3536
f 2157/3577/3583 2177/2617/2623 2158/3578/3584
f 2177/2617/2623 2178/2619/2625 2158/3578/3584
f 2067/2407/2413 2094/3600/3606 2065/3501/3507
f 2117/2401/2407 2113/2400/2406 2179/3601/3607
f 5585/3546/3552 5569/3602/3608 5579/153/153
f 5584/3594/3600 5569/3602/3608 5585/3546/3552
f 5570/154/154 5569/3602/3608 5584/3594/3600
f 5584/3594/3600 5580/3596/3602 5570/154/154
f 5576/131/131 5580/3596/3602 5583/132/132
f 2110/3526/3532 2111/3528/3534 2180/3523/3529
f 2111/3528/3534 2109/2395/2401 2181/3521/3527
f 2103/3520/3526 2180/3523/3529 2111/3528/3534
f 2105/3522/3528 2110/3526/3532 2180/3523/3529
f 2103/3520/3526 2104/2402/2408 2180/3523/3529
f 5572/3595/3601 5571/3603/3609 5582/171/171
f 2182/3604/3610 2184/3605/3611 2183/3606/3612
f 5571/3603/3609 5581/130/130 5582/171/171
f 5576/131/131 5581/130/130 5571/3603/3609
f 2184/3605/3611 2182/3604/3610 2185/3607/3613
f 2182/3604/3610 2186/3608/3614 2185/3607/3613
f 2186/3608/3614 2187/3609/3615 2185/3607/3613
f 5561/3610/3616 5576/131/131 5571/3603/3609
f 2184/3605/3611 2185/3607/3613 2188/3611/3617
f 2185/3607/3613 2189/3612/3618 2188/3611/3617
f 2189/3612/3618 2185/3607/3613 2190/2956/2962
f 2190/2956/2962 2185/3607/3613 2191/2957/2963
f 2191/2957/2963 2185/3607/3613 2192/2697/2703
f 2185/3607/3613 2193/3613/3619 2192/2697/2703
f 2192/2697/2703 2193/3613/3619 2200/2695/2701
f 2193/3613/3619 2194/3614/3620 2200/2695/2701
f 2197/3615/3621 2198/3616/3622 2196/3617/3623
f 2199/2696/2702 2200/2695/2701 2198/3616/3622
f 2199/2696/2702 2197/3615/3621 2192/2697/2703
f 2197/3615/3621 2201/3618/3624 2192/2697/2703
f 2198/3616/3622 2197/3615/3621 2199/2696/2702
f 2196/3617/3623 2195/3619/3625 2233/3620/3626
f 2233/3620/3626 2195/3619/3625 2202/2708/2714
f 2195/3619/3625 2194/3614/3620 2202/2708/2714
f 2202/2708/2714 2194/3614/3620 2193/3613/3619
f 2185/3607/3613 2203/3621/3627 2193/3613/3619
f 2185/3607/3613 2187/3609/3615 2203/3621/3627
f 5579/153/153 5569/3602/3608 5555/3489/3495
f 5568/3622/3628 5579/153/153 5555/3489/3495
f 1599/3088/3094 1597/3086/3092 1601/3089/3095
f 5554/151/151 5579/153/153 5568/3622/3628
f 2194/3614/3620 2195/3619/3625 2198/3616/3622
f 2195/3619/3625 2196/3617/3623 2198/3616/3622
f 2198/3616/3622 2200/2695/2701 2194/3614/3620
f 2190/2956/2962 2204/3623/3629 2205/3624/3630
f 2204/3623/3629 2206/3625/3631 2205/3624/3630
f 5573/137/137 5572/3595/3601 5577/3465/3471
f 2206/3625/3631 2207/3626/3632 2205/3624/3630
f 2205/3624/3630 2208/3627/3633 2190/2956/2962
f 2208/3627/3633 2189/3612/3618 2190/2956/2962
f 1210/2505/2511 1181/2596/2602 1221/2616/2622
f 5562/3422/3428 5561/3610/3616 5571/3603/3609
f 5580/3596/3602 5576/131/131 5561/3610/3616
f 5570/154/154 5580/3596/3602 5561/3610/3616
f 1170/2579/2585 1174/2585/2591 1175/2581/2587
f 5569/3602/3608 5570/154/154 5558/156/156
f 5555/3489/3495 5569/3602/3608 5557/163/163
f 1329/2481/2487 1389/2478/2484 1330/2769/2775
f 1389/2478/2484 1349/2836/2842 1330/2769/2775
f 1349/2836/2842 1331/3414/3420 1330/2769/2775
f 5554/151/151 5568/3622/3628 5553/3441/3447
f 1567/3068/3074 1619/3070/3076 2010/2859/2865
f 1619/3070/3076 1572/2860/2866 2010/2859/2865
f 5566/3428/3434 5574/3469/3475 5575/3426/3432
f 5565/138/138 5574/3469/3475 5566/3428/3434
f 5563/136/136 5572/3595/3601 5573/137/137
f 1588/2646/2652 1592/3083/3089 1604/2940/2946
f 5562/3422/3428 5571/3603/3609 5572/3595/3601
f 1579/3078/3084 1578/3077/3083 1580/3079/3085
f 2046/3479/3485 2209/3483/3489 2045/2547/2553
f 2209/3483/3489 2218/2545/2551 2045/2547/2553
f 5560/155/155 5570/154/154 5561/3610/3616
f 2209/3483/3489 2210/3628/3634 2218/2545/2551
f 2218/2545/2551 2210/3628/3634 1376/2970/2976
f 2210/3628/3634 1377/2548/2554 1376/2970/2976
f 2210/3628/3634 2211/3629/3635 1377/2548/2554
f 2211/3629/3635 2244/3630/3636 1377/2548/2554
f 1377/2548/2554 2244/3630/3636 1379/2544/2550
f 1379/2544/2550 2248/2543/2549 1378/2817/2823
f 1378/2817/2823 2248/2543/2549 1380/2993/2999
f 5569/3602/3608 5558/156/156 5557/163/163
f 5555/3489/3495 5557/163/163 5556/3490/3496
f 2212/3631/3637 2213/3632/3638 2214/3633/3639
f 2212/3631/3637 2215/3634/3640 2213/3632/3638
f 2215/3634/3640 2126/3542/3548 2213/3632/3638
f 2126/3542/3548 2127/3543/3549 2213/3632/3638
f 5553/3441/3447 5568/3622/3628 5555/3489/3495
f 2215/3634/3640 2216/3635/3641 2126/3542/3548
f 2216/3635/3641 2120/3537/3543 2126/3542/3548
f 5564/3486/3492 5565/138/138 5566/3428/3434
f 2218/2545/2551 1374/2626/2632 2217/2627/2633
f 5563/136/136 5565/138/138 5564/3486/3492
f 1374/2626/2632 2218/2545/2551 1376/2970/2976
f 5572/3595/3601 5563/136/136 5562/3422/3428
f 2219/2546/2552 2220/3636/3642 2045/2547/2553
f 2045/2547/2553 2221/3637/3643 2043/3476/3482
f 5560/155/155 5561/3610/3616 5562/3422/3428
f 2045/2547/2553 2220/3636/3642 2221/3637/3643
f 2221/3637/3643 2220/3636/3642 2222/3638/3644
f 2221/3637/3643 2222/3638/3644 2223/3639/3645
f 2222/3638/3644 2224/3640/3646 2223/3639/3645
f 5558/156/156 5560/155/155 5559/164/164
f 5557/163/163 5558/156/156 5559/164/164
f 5556/3490/3496 5557/163/163 5608/160/160
f 1237/2468/2474 2225/3641/3647 1233/3642/3648
f 1233/3642/3648 1232/2469/2475 1237/2468/2474
f 1163/2573/2579 1164/2564/2570 2021/3437/3443
f 2021/3437/3443 1164/2564/2570 2020/3436/3442
f 2020/3436/3442 1164/2564/2570 2226/3643/3649
f 2226/3643/3649 2019/3434/3440 2020/3436/3442
f 5550/3531/3537 5551/3442/3448 5552/3439/3445
f 2226/3643/3649 2018/3435/3441 2019/3434/3440
f 5549/3544/3550 5550/3531/3537 5548/3644/3650
f 1879/3269/3275 1880/3266/3272 1904/3268/3274
f 1880/3266/3272 1881/3267/3273 1904/3268/3274
f 5490/3645/3651 5542/3646/3652 5547/3647/3653
f 5543/3648/3654 5490/3645/3651 5547/3647/3653
f 2228/3649/3655 2229/2909/2915 1159/2567/2573
f 1159/2567/2573 1162/3650/3656 2228/3649/3655
f 1159/2567/2573 1161/2569/2575 1162/3650/3656
f 5531/3651/3657 5456/218/218 5530/210/210
f 2169/3652/3658 2230/3653/3659 2147/3564/3570
f 2230/3653/3659 2148/3565/3571 2147/3564/3570
f 2148/3565/3571 2230/3653/3659 2173/3593/3599
f 5456/218/218 5531/3651/3657 5465/3654/3660
f 2173/3593/3599 2231/3655/3661 2172/3514/3520
f 2172/3514/3520 2231/3655/3661 2171/3592/3598
f 5448/214/214 5450/216/216 5456/218/218
f 1183/2598/2604 1489/2999/3005 1488/3001/3007
f 1297/2724/2730 1322/2734/2740 1293/2716/2722
f 5530/210/210 5455/209/209 5539/3656/3662
f 5527/3657/3663 5530/210/210 5539/3656/3662
f 1322/2734/2740 1297/2724/2730 1317/2736/2742
f 1257/2662/2668 1258/2672/2678 2170/3591/3597
f 5490/3645/3651 5492/3658/3664 5491/3659/3665
f 2225/3641/3647 1237/2468/2474 1239/2645/2651
f 5512/3660/3666 5546/3661/3667 5496/3662/3668
f 5508/187/187 5512/3660/3666 5496/3662/3668
f 5437/3663/3669 5439/3664/3670 5438/219/219
f 5436/3665/3671 5437/3663/3669 5438/219/219
f 5541/3666/3672 5542/3646/3652 5491/3659/3665
f 1240/2512/2518 1247/2652/2658 1248/2643/2649
f 5489/201/201 5545/3667/3673 5487/3668/3674
f 5489/201/201 5544/3669/3675 5545/3667/3673
f 5486/202/202 5544/3669/3675 5489/201/201
f 5543/3648/3654 5486/202/202 5490/3645/3651
f 5486/202/202 5543/3648/3654 5544/3669/3675
f 5542/3646/3652 5490/3645/3651 5491/3659/3665
f 1946/2488/2494 1199/2487/2493 1201/2606/2612
f 5540/3670/3676 5541/3666/3672 5491/3659/3665
f 5533/3671/3677 5540/3670/3676 5491/3659/3665
f 5493/3672/3678 5492/3658/3664 5480/3673/3679
f 5532/3674/3680 5492/3658/3664 5493/3672/3678
f 5537/223/223 5535/222/222 5538/3675/3681
f 5465/3654/3660 5493/3672/3678 5494/3676/3682
f 5539/3656/3662 5526/3677/3683 5529/3678/3684
f 5535/222/222 5531/3651/3657 5530/210/210
f 1264/2438/2444 2002/2700/2706 1249/2653/2659
f 5535/222/222 5528/3679/3685 5538/3675/3681
f 2233/3620/3626 2234/2710/2716 2235/3680/3686
f 5532/3674/3680 5536/224/224 5534/3681/3687
f 2232/2685/2691 1861/2684/2690 2233/3620/3626
f 2233/3620/3626 1861/2684/2690 1862/3682/3688
f 1862/3682/3688 2196/3617/3623 2233/3620/3626
f 5535/222/222 5536/224/224 5532/3674/3680
f 5532/3674/3680 5531/3651/3657 5535/222/222
f 5532/3674/3680 5534/3681/3687 5533/3671/3677
f 2233/3620/3626 2202/2708/2714 2234/2710/2716
f 5531/3651/3657 5532/3674/3680 5493/3672/3678
f 5465/3654/3660 5531/3651/3657 5493/3672/3678
f 2236/3683/3689 2237/2709/2715 2202/2708/2714
f 2236/3683/3689 2202/2708/2714 2193/3613/3619
f 2236/3683/3689 2193/3613/3619 2203/3621/3627
f 5492/3658/3664 5533/3671/3677 5491/3659/3665
f 5532/3674/3680 5533/3671/3677 5492/3658/3664
f 2233/3620/3626 2235/3680/3686 2232/2685/2691
f 2234/2710/2716 2237/2709/2715 2238/3684/3690
f 2232/2685/2691 1860/3238/3244 1827/2686/2692
f 5527/3657/3663 5535/222/222 5530/210/210
f 1495/3006/3012 1522/3036/3042 1523/3025/3031
f 5528/3679/3685 5535/222/222 5527/3657/3663
f 2239/3685/3691 2240/3686/3692 2262/2621/2627
f 2262/2621/2627 2240/3686/3692 2242/3687/3693
f 5539/3656/3662 5529/3678/3684 5528/3679/3685
f 2240/3686/3692 2241/2542/2548 2242/3687/3693
f 2241/2542/2548 1379/2544/2550 2242/3687/3693
f 2242/3687/3693 1379/2544/2550 2243/3688/3694
f 2243/3688/3694 2244/3630/3636 2245/3689/3695
f 2245/3689/3695 2247/3690/3696 2246/3691/3697
f 5527/3657/3663 5539/3656/3662 5528/3679/3685
f 2239/3685/3691 2248/2543/2549 2240/3686/3692
f 2248/2543/2549 2241/2542/2548 2240/3686/3692
f 1379/2544/2550 2244/3630/3636 2243/3688/3694
f 2244/3630/3636 2211/3629/3635 2249/3692/3698
f 5455/209/209 5526/3677/3683 5539/3656/3662
f 2211/3629/3635 2210/3628/3634 2250/3693/3699
f 2210/3628/3634 2048/3694/3700 2250/3693/3699
f 5451/208/208 5452/3695/3701 5455/209/209
f 2209/3483/3489 2049/3484/3490 2048/3694/3700
f 2048/3694/3700 2049/3484/3490 2251/3696/3702
f 5499/221/221 5509/205/205 5503/249/249
f 2048/3694/3700 2210/3628/3634 2209/3483/3489
f 2251/3696/3702 2250/3693/3699 2048/3694/3700
f 1553/3060/3066 1601/3089/3095 1552/3058/3064
f 5511/207/207 5516/3697/3703 5525/3698/3704
f 5524/3699/3705 5511/207/207 5525/3698/3704
f 1643/2880/2886 1644/3115/3121 1654/3123/3129
f 5517/3700/3706 5511/207/207 5524/3699/3705
f 5517/3700/3706 5524/3699/3705 5523/3701/3707
f 5460/213/213 5440/250/250 5441/194/194
f 1255/2668/2674 1268/2688/2694 1271/2669/2675
f 5460/213/213 5438/219/219 5440/250/250
f 5461/3702/3708 5438/219/219 5460/213/213
f 5520/3703/3709 5461/3702/3708 5462/3704/3710
f 1233/3642/3648 2252/3705/3711 1232/2469/2475
f 2252/3705/3711 1948/3348/3354 1232/2469/2475
f 1232/2469/2475 1948/3348/3354 1947/3347/3353
f 5440/250/250 5438/219/219 5499/221/221
f 1157/2563/2569 1158/2565/2571 1156/2562/2568
f 1158/2565/2571 2253/3706/3712 1156/2562/2568
f 5522/3707/3713 5521/3708/3714 5463/212/212
f 1158/2565/2571 2229/2909/2915 2253/3706/3712
f 5522/3707/3713 5463/212/212 5464/3709/3715
f 5462/3704/3710 5463/212/212 5521/3708/3714
f 5462/3704/3710 5521/3708/3714 5520/3703/3709
f 5461/3702/3708 5520/3703/3709 5519/3710/3716
f 1849/2638/2644 1845/3228/3234 1848/3231/3237
f 1845/3228/3234 1844/3227/3233 1848/3231/3237
f 5461/3702/3708 5460/213/213 5462/3704/3710
f 1760/2640/2646 2254/3711/3717 1761/3185/3191
f 5519/3710/3716 5438/219/219 5461/3702/3708
f 5436/3665/3671 5438/219/219 5519/3710/3716
f 2050/3480/3486 2044/3477/3483 2052/3485/3491
f 5518/3712/3718 5508/187/187 5511/207/207
f 5508/187/187 5518/3712/3718 5512/3660/3666
f 1761/3185/3191 2255/3713/3719 1762/3186/3192
f 2255/3713/3719 2256/3714/3720 1762/3186/3192
f 2256/3714/3720 1751/3181/3187 1762/3186/3192
f 1751/3181/3187 1756/3182/3188 1762/3186/3192
f 5518/3712/3718 5511/207/207 5517/3700/3706
f 1751/3181/3187 2256/3714/3720 1752/2920/2926
f 1752/2920/2926 2256/3714/3720 2257/3715/3721
f 2257/3715/3721 1755/2906/2912 1752/2920/2926
f 1755/2906/2912 1749/2905/2911 1752/2920/2926
f 5515/206/206 5516/3697/3703 5511/207/207
f 5509/205/205 5510/3716/3722 5515/206/206
f 5500/3717/3723 5510/3716/3722 5509/205/205
f 5496/3662/3668 5513/215/215 5495/3718/3724
f 2246/3691/3697 2259/3719/3725 2245/3689/3695
f 2260/2622/2628 2242/3687/3693 2258/3720/3726
f 5546/3661/3667 5514/3721/3727 5513/215/215
f 5496/3662/3668 5546/3661/3667 5513/215/215
f 2260/2622/2628 2258/3720/3726 2245/3689/3695
f 2258/3720/3726 2243/3688/3694 2245/3689/3695
f 2243/3688/3694 2258/3720/3726 2242/3687/3693
f 5514/3721/3727 5451/208/208 5450/216/216
f 2259/3719/3725 2261/3722/3728 2245/3689/3695
f 2245/3689/3695 2261/3722/3728 2260/2622/2628
f 5514/3721/3727 5450/216/216 5513/215/215
f 2261/3722/3728 2263/2620/2626 2260/2622/2628
f 5514/3721/3727 5452/3695/3701 5451/208/208
f 2242/3687/3693 2260/2622/2628 2262/2621/2627
f 5495/3718/3724 5513/215/215 5449/3723/3729
f 1164/2564/2570 1165/2574/2580 2226/3643/3649
f 2226/3643/3649 1165/2574/2580 2227/3724/3730
f 1164/2564/2570 1157/2563/2569 1165/2574/2580
f 2058/3494/3500 2227/3724/3730 1165/2574/2580
f 2058/3494/3500 2264/3725/3731 2227/3724/3730
f 5507/3726/3732 5511/207/207 5508/187/187
f 1828/3221/3227 1829/3222/3228 1827/2686/2692
f 1827/2686/2692 1829/3222/3228 2265/3727/3733
f 2265/3727/3733 1829/3222/3228 2267/2707/2713
f 1829/3222/3228 1831/3224/3230 2267/2707/2713
f 5509/205/205 5511/207/207 5507/3726/3732
f 1832/3728/3734 2268/3729/3735 1831/3224/3230
f 2268/3729/3735 2267/2707/2713 1831/3224/3230
f 2267/2707/2713 2269/2706/2712 2265/3727/3733
f 2269/2706/2712 2266/3730/3736 2265/3727/3733
f 5500/3717/3723 5509/205/205 5499/221/221
f 2267/2707/2713 2277/3731/3737 2270/2705/2711
f 2270/2705/2711 2271/3732/3738 2272/3733/3739
f 2273/2702/2708 2272/3733/3739 2274/2703/2709
f 2272/3733/3739 2271/3732/3738 2274/2703/2709
f 2274/2703/2709 2268/3729/3735 2275/3734/3740
f 2268/3729/3735 2276/3735/3741 2275/3734/3740
f 2277/3731/3737 2274/2703/2709 2271/3732/3738
f 2271/3732/3738 2270/2705/2711 2277/3731/3737
f 2277/3731/3737 2267/2707/2713 2268/3729/3735
f 5507/3726/3732 5503/249/249 5509/205/205
f 1650/3120/3126 1638/3112/3118 1639/2824/2830
f 5508/187/187 5496/3662/3668 5506/188/188
f 5504/3736/3742 5508/187/187 5505/186/186
f 5507/3726/3732 5508/187/187 5504/3736/3742
f 2274/2703/2709 2275/3734/3740 2278/2701/2707
f 1832/3728/3734 2276/3735/3741 2268/3729/3735
f 2269/2706/2712 2279/3737/3743 2266/3730/3736
f 2280/3738/3744 2281/3739/3745 1861/2684/2690
f 2266/3730/3736 1861/2684/2690 2265/3727/3733
f 1861/2684/2690 1827/2686/2692 2265/3727/3733
f 1861/2684/2690 2281/3739/3745 1862/3682/3688
f 5507/3726/3732 5504/3736/3742 5503/249/249
f 1941/3341/3347 1933/3336/3342 1888/3254/3260
f 5506/188/188 5495/3718/3724 5449/3723/3729
f 5505/186/186 5506/188/188 5497/3740/3746
f 5503/249/249 5504/3736/3742 5442/231/231
f 5506/188/188 5449/3723/3729 5446/3741/3747
f 5497/3740/3746 5506/188/188 5446/3741/3747
f 2181/3521/3527 2282/3742/3748 2102/3519/3525
f 2102/3519/3525 2283/3743/3749 2284/2398/2404
f 2284/2398/2404 2283/3743/3749 2153/3573/3579
f 2153/3573/3579 2283/3743/3749 2155/3574/3580
f 5498/3744/3750 5505/186/186 5497/3740/3746
f 5504/3736/3742 5505/186/186 5498/3744/3750
f 2282/3742/3748 2286/3745/3751 2102/3519/3525
f 5442/231/231 5504/3736/3742 5498/3744/3750
f 2102/3519/3525 2286/3745/3751 2283/3743/3749
f 2286/3745/3751 2285/3746/3752 2283/3743/3749
f 2285/3746/3752 2155/3574/3580 2283/3743/3749
f 5502/192/192 5503/249/249 5442/231/231
f 2247/3690/3696 2245/3689/3695 2249/3692/3698
f 2249/3692/3698 2245/3689/3695 2244/3630/3636
f 5440/250/250 5503/249/249 5502/192/192
f 5438/219/219 5439/3664/3670 5501/220/220
f 5499/221/221 5501/220/220 5500/3717/3723
f 2137/3556/3562 2134/3553/3559 2150/3551/3557
f 5444/190/190 5442/231/231 5498/3744/3750
f 2112/2393/2399 2109/2395/2401 2108/3527/3533
f 5497/3740/3746 5444/190/190 5498/3744/3750
f 5446/3741/3747 5444/190/190 5497/3740/3746
f 2031/3458/3464 2024/3468/3474 2025/3450/3456
f 5495/3718/3724 5506/188/188 5496/3662/3668
f 1973/3377/3383 1974/3378/3384 1975/3372/3378
f 5448/214/214 5446/3741/3747 5449/3723/3729
f 5447/191/191 5446/3741/3747 5448/214/214
f 2008/2625/2631 1221/2616/2622 2288/3385/3391
f 5457/182/182 5494/3676/3682 5471/225/225
f 5467/3747/3753 5457/182/182 5471/225/225
f 5480/3673/3679 5471/225/225 5494/3676/3682
f 2008/2625/2631 1220/2589/2595 1221/2616/2622
f 5492/3658/3664 5481/3748/3754 5480/3673/3679
f 2100/3547/3553 2099/2392/2398 2289/3749/3755
f 2099/2392/2398 2098/3570/3576 2289/3749/3755
f 2098/3570/3576 2097/2409/2415 2289/3749/3755
f 2289/3749/3755 2097/2409/2415 2290/3750/3756
f 2097/2409/2415 2095/3518/3524 2290/3750/3756
f 2095/3518/3524 2096/3517/3523 2290/3750/3756
f 2097/2409/2415 2073/2408/2414 2095/3518/3524
f 5493/3672/3678 5480/3673/3679 5494/3676/3682
f 1287/2704/2710 1271/2669/2675 1286/2440/2446
f 1247/2652/2658 1241/2462/2468 1242/2464/2470
f 2266/3730/3736 2291/3751/3757 1861/2684/2690
f 2291/3751/3757 2293/3752/3758 2292/3753/3759
f 2292/3753/3759 2293/3752/3758 2294/3754/3760
f 2294/3754/3760 2296/3755/3761 2292/3753/3759
f 2292/3753/3759 2296/3755/3761 2295/3756/3762
f 2295/3756/3762 2296/3755/3761 2305/3757/3763
f 2296/3755/3761 2294/3754/3760 2297/3758/3764
f 5486/202/202 5492/3658/3664 5490/3645/3651
f 2294/3754/3760 2293/3752/3758 2297/3758/3764
f 2279/3737/3743 2291/3751/3757 2266/3730/3736
f 5488/3759/3765 5545/3667/3673 5464/3709/3715
f 5545/3667/3673 5488/3759/3765 5487/3668/3674
f 2279/3737/3743 2293/3752/3758 2291/3751/3757
f 1603/3092/3098 1602/3091/3097 1606/3093/3099
f 2305/3757/3763 2296/3755/3761 2298/3760/3766
f 2298/3760/3766 2296/3755/3761 2299/3761/3767
f 2296/3755/3761 2300/3762/3768 2299/3761/3767
f 2299/3761/3767 2300/3762/3768 2301/3763/3769
f 2296/3755/3761 2297/3758/3764 2300/3762/3768
f 2300/3762/3768 2302/3764/3770 2301/3763/3769
f 2301/3763/3769 2302/3764/3770 2303/3765/3771
f 5482/198/198 5489/201/201 5487/3668/3674
f 5488/3759/3765 5464/3709/3715 5483/3766/3772
f 5487/3668/3674 5488/3759/3765 5483/3766/3772
f 2292/3753/3759 2304/3767/3773 2291/3751/3757
f 5485/3768/3774 5487/3668/3674 5483/3766/3772
f 2304/3767/3773 2280/3738/3744 1861/2684/2690
f 5484/199/199 5487/3668/3674 5485/3768/3774
f 2280/3738/3744 2304/3767/3773 2305/3757/3763
f 2304/3767/3773 2295/3756/3762 2305/3757/3763
f 5482/198/198 5487/3668/3674 5484/199/199
f 5481/3748/3754 5486/202/202 5482/198/198
f 1861/2684/2690 2291/3751/3757 2304/3767/3773
f 5492/3658/3664 5486/202/202 5481/3748/3754
f 2304/3767/3773 2292/3753/3759 2295/3756/3762
f 5485/3768/3774 5483/3766/3772 5479/3769/3775
f 1276/2693/2699 1995/3403/3409 1275/2692/2698
f 5478/200/200 5485/3768/3774 5479/3769/3775
f 5484/199/199 5485/3768/3774 5478/200/200
f 1956/3359/3365 2306/3770/3776 1955/3358/3364
f 1551/3059/3065 1552/3058/3064 1591/3082/3088
f 5481/3748/3754 5482/198/198 5476/226/226
f 5479/3769/3775 5483/3766/3772 5463/212/212
f 1468/2730/2736 1474/2983/2989 1465/2976/2982
f 1261/2682/2688 1250/2451/2457 1243/2632/2638
f 5474/3771/3777 5482/198/198 5478/200/200
f 5477/3772/3778 5482/198/198 5474/3771/3777
f 5476/226/226 5482/198/198 5477/3772/3778
f 5480/3673/3679 5481/3748/3754 5476/226/226
f 1564/2959/2965 2012/3065/3071 1562/3064/3070
f 1562/3064/3070 2012/3065/3071 1625/2858/2864
f 5471/225/225 5480/3673/3679 5476/226/226
f 1283/2439/2445 1264/2438/2444 1282/2453/2459
f 5475/3773/3779 5479/3769/3775 5463/212/212
f 5474/3771/3777 5479/3769/3775 5475/3773/3779
f 2160/3581/3587 2168/3590/3596 2143/3560/3566
f 5478/200/200 5479/3769/3775 5474/3771/3777
f 1248/2643/2649 1251/2655/2661 1236/2425/2431
f 1236/2425/2431 1251/2655/2661 2090/2657/2663
f 5476/226/226 5477/3772/3778 5473/3774/3780
f 1238/2644/2650 1236/2425/2431 2090/2657/2663
f 5470/211/211 5475/3773/3779 5463/212/212
f 2307/3775/3781 1842/2722/2728 1966/3369/3375
f 5472/196/196 5477/3772/3778 5474/3771/3777
f 5473/3774/3780 5477/3772/3778 5472/196/196
f 2142/3571/3577 2102/3519/3525 2284/2398/2404
f 2285/3746/3752 2156/3576/3582 2155/3574/3580
f 5463/212/212 5462/3704/3710 5460/213/213
f 2157/3577/3583 2156/3576/3582 2285/3746/3752
f 5459/193/193 5475/3773/3779 5470/211/211
f 5474/3771/3777 5475/3773/3779 5459/193/193
f 5472/196/196 5474/3771/3777 5459/193/193
f 1764/3188/3194 1765/2830/2836 1780/2833/2839
f 5473/3774/3780 5472/196/196 5469/195/195
f 5468/227/227 5473/3774/3780 5469/195/195
f 2308/2958/2964 2204/3623/3629 2190/2956/2962
f 5476/226/226 5473/3774/3780 5468/227/227
f 1866/3241/3247 1868/2813/2819 1867/2819/2825
f 1868/2813/2819 1870/3243/3249 1867/2819/2825
f 1870/3243/3249 2309/3776/3782 1637/3110/3116
f 1637/3110/3116 2309/3776/3782 1638/3112/3118
f 2309/3776/3782 1639/2824/2830 1638/3112/3118
f 2310/2825/2831 1639/2824/2830 2309/3776/3782
f 2313/2827/2833 2312/3777/3783 1640/3113/3119
f 2312/3777/3783 1805/3205/3211 1640/3113/3119
f 2313/2827/2833 1639/2824/2830 2311/2823/2829
f 2312/3777/3783 2313/2827/2833 2314/2826/2832
f 5466/229/229 5471/225/225 5468/227/227
f 5467/3747/3753 5471/225/225 5466/229/229
f 2312/3777/3783 2316/3207/3213 1805/3205/3211
f 2312/3777/3783 2314/2826/2832 2315/3778/3784
f 2315/3778/3784 2316/3207/3213 2312/3777/3783
f 5459/193/193 5470/211/211 5460/213/213
f 1867/2819/2825 1870/3243/3249 1637/3110/3116
f 5453/230/230 5469/195/195 5459/193/193
f 2314/2826/2832 2311/2823/2829 2317/3779/3785
f 5466/229/229 5469/195/195 5453/230/230
f 2311/2823/2829 2310/2825/2831 2317/3779/3785
f 5468/227/227 5469/195/195 5466/229/229
f 5467/3747/3753 5466/229/229 5454/228/228
f 5458/3780/3786 5467/3747/3753 5454/228/228
f 5457/182/182 5467/3747/3753 5458/3780/3786
f 5465/3654/3660 5494/3676/3682 5457/182/182
f 2310/2825/2831 2309/3776/3782 2318/3781/3787
f 2318/3781/3787 2309/3776/3782 1871/3244/3250
f 2309/3776/3782 1870/3243/3249 1871/3244/3250
f 2191/2957/2963 2192/2697/2703 2319/3782/3788
f 5441/194/194 5459/193/193 5460/213/213
f 1326/2766/2772 1404/2861/2867 1387/2829/2835
f 5456/218/218 5465/3654/3660 5457/182/182
f 2162/3584/3590 2161/3582/3588 2320/3783/3789
f 2161/3582/3588 2163/3586/3592 2320/3783/3789
f 5463/212/212 5483/3766/3772 5464/3709/3715
f 2167/3589/3595 2321/3784/3790 2163/3586/3592
f 2163/3586/3592 2321/3784/3790 2320/3783/3789
f 5453/230/230 5459/193/193 5502/192/192
f 1877/3029/3035 1907/3031/3037 1622/3030/3036
f 5443/183/183 5458/3780/3786 5454/228/228
f 5457/182/182 5458/3780/3786 5443/183/183
f 5448/214/214 5457/182/182 5445/181/181
f 5456/218/218 5457/182/182 5448/214/214
f 1538/3044/3050 1512/2759/2765 1537/3211/3217
f 2277/3731/3737 2268/3729/3735 2274/2703/2709
f 1862/3682/3688 2197/3615/3621 2196/3617/3623
f 2181/3521/3527 2103/3520/3526 2111/3528/3534
f 1828/3221/3227 1830/3223/3229 1829/3222/3228
f 1828/3221/3227 1847/3230/3236 1830/3223/3229
f 5450/216/216 5451/208/208 5530/210/210
f 1847/3230/3236 1848/3231/3237 1830/3223/3229
f 2324/3785/3791 2323/3786/3792 2325/3787/3793
f 2323/3786/3792 2326/2986/2992 2325/3787/3793
f 2322/3402/3408 2323/3786/3792 2324/3785/3791
f 1994/2474/2480 1277/2473/2479 1993/2471/2477
f 1277/2473/2479 1299/2726/2732 1993/2471/2477
f 5445/181/181 5447/191/191 5448/214/214
f 1994/2474/2480 2327/3788/3794 1279/2475/2481
f 2322/3402/3408 2324/3785/3791 2327/3788/3794
f 2324/3785/3791 1280/3789/3795 2327/3788/3794
f 1280/3789/3795 1279/2475/2481 2327/3788/3794
f 1277/2473/2479 1275/2692/2698 1299/2726/2732
f 1275/2692/2698 1273/2691/2697 1299/2726/2732
f 5453/230/230 5443/183/183 5454/228/228
f 2327/3788/3794 1994/2474/2480 2322/3402/3408
f 5442/231/231 5443/183/183 5453/230/230
f 5502/192/192 5442/231/231 5453/230/230
f 2323/3786/3792 2322/3402/3408 1475/2987/2993
f 5448/214/214 5449/3723/3729 5513/215/215
f 2323/3786/3792 1469/2980/2986 2326/2986/2992
f 5444/190/190 5446/3741/3747 5447/191/191
f 1469/2980/2986 2323/3786/3792 1475/2987/2993
f 5443/183/183 5444/190/190 5445/181/181
f 2107/3525/3531 2108/3527/3533 2110/3526/3532
f 5440/250/250 5502/192/192 5441/194/194
f 2330/3790/3796 2368/3791/3797 2331/3792/3798
f 2368/3791/3797 2332/3793/3799 2331/3792/3798
f 2332/3793/3799 2333/2285/2286 2334/3794/3800
f 2336/2293/2296 2337/3795/3801 2338/3796/3802
f 2340/2279/2280 2342/2278/2279 2345/2307/2311
f 2375/2300/2303 2376/3797/3803 2343/3798/3804
f 2333/2285/2286 2335/3799/3805 2336/2293/2296
f 2338/3796/3802 2339/3800/3806 2344/2310/2314
f 2339/3800/3806 2340/2279/2280 2344/2310/2314
f 2399/2311/2315 2340/2279/2280 2345/2307/2311
f 2399/2311/2315 2346/2312/2317 2344/2310/2314
f 2344/2310/2314 2346/2312/2317 2338/3796/3802
f 2346/2312/2317 2347/2301/2304 2338/3796/3802
f 2338/3796/3802 2347/2301/2304 2336/2293/2296
f 2347/2301/2304 2348/2303/2306 2336/2293/2296
f 2349/2294/2297 2350/2286/2287 2333/2285/2286
f 2336/2293/2296 2348/2303/2306 2349/2294/2297
f 2333/2285/2286 2357/2284/2285 2334/3794/3800
f 5434/3801/3807 5435/3802/3808 5432/3803/3809
f 5407/3804/3810 5434/3801/3807 5432/3803/3809
f 2351/2313/2318 2352/2302/2305 2347/2301/2304
f 2353/2305/2309 2349/2294/2297 2348/2303/2306
f 2349/2294/2297 2354/2306/2310 2350/2286/2287
f 2351/2313/2318 2355/2277/2278 2352/2302/2305
f 2356/2304/2307 2353/2305/2309 2348/2303/2306
f 2354/2306/2310 2357/2284/2285 2350/2286/2287
f 5403/3805/3811 5432/3803/3809 5433/3806/3812
f 5407/3804/3810 5432/3803/3809 5403/3805/3811
f 2355/2277/2278 2358/2276/2277 2352/2302/2305
f 2358/2276/2277 2356/2304/2307 2352/2302/2305
f 2361/2295/2298 2359/2297/2300 2353/2305/2309
f 2353/2305/2309 2359/2297/2300 2354/2306/2310
f 5403/3805/3811 5433/3806/3812 5409/346/346
f 2358/2276/2277 2360/3807/3813 2356/2304/2307
f 2367/2275/2276 2360/3807/3813 2358/2276/2277
f 2360/3807/3813 2362/2296/2299 2356/2304/2307
f 2356/2304/2307 2362/2296/2299 2361/2295/2298
f 2359/2297/2300 2362/2296/2299 2354/2306/2310
f 2360/3807/3813 2363/3808/3814 2362/2296/2299
f 5406/3809/3815 5408/3810/3816 5407/3804/3810
f 2364/3811/3817 2367/2275/2276 2366/3812/3818
f 5336/3813/3819 5331/3814/3820 5360/287/287
f 5391/310/310 5392/3815/3821 5393/394/394
f 5410/391/391 5391/310/310 5393/394/394
f 2335/3799/3805 2370/3816/3822 2336/2293/2296
f 2336/2293/2296 2371/3817/3823 2337/3795/3801
f 2371/3817/3823 2339/3800/3806 2338/3796/3802
f 2373/2282/2283 2374/2298/2301 2342/2278/2279
f 2385/2299/2302 2376/3797/3803 2375/2300/2303
f 2373/2282/2283 2342/2278/2279 2341/2280/2281
f 2341/2280/2281 2340/2279/2280 2372/3818/3824
f 2340/2279/2280 2339/3800/3806 2372/3818/3824
f 2338/3796/3802 2337/3795/3801 2371/3817/3823
f 2336/2293/2296 2370/3816/3822 2371/3817/3823
f 2377/3819/3825 2378/3820/3826 2370/3816/3822
f 2378/3820/3826 2379/3821/3827 2384/3822/3828
f 2379/3821/3827 2380/3823/3829 2381/2281/2282
f 2381/2281/2282 2382/3824/3830 2374/2298/2301
f 5431/3825/3831 5427/387/387 5428/386/386
f 2339/3800/3806 2371/3817/3823 2372/3818/3824
f 2372/3818/3824 2383/2283/2284 2341/2280/2281
f 2383/2283/2284 2373/2282/2283 2341/2280/2281
f 2342/2278/2279 2374/2298/2301 2375/2300/2303
f 5413/3826/3832 5427/387/387 5431/3825/3831
f 2371/3817/3823 2384/3822/3828 2372/3818/3824
f 2384/3822/3828 2383/2283/2284 2372/3818/3824
f 5412/393/393 5427/387/387 5413/3826/3832
f 2370/3816/3822 2384/3822/3828 2371/3817/3823
f 2373/2282/2283 2381/2281/2282 2374/2298/2301
f 5429/385/385 5427/387/387 5430/3827/3833
f 2384/3822/3828 2379/3821/3827 2383/2283/2284
f 2383/2283/2284 2379/3821/3827 2381/2281/2282
f 5430/3827/3833 5427/387/387 5426/392/392
f 5402/3828/3834 5429/385/385 5430/3827/3833
f 5401/3829/3835 5402/3828/3834 5430/3827/3833
f 5398/343/343 5401/3829/3835 5430/3827/3833
f 5342/369/369 5395/3830/3836 5394/252/252
f 2370/3816/3822 2335/3799/3805 2377/3819/3825
f 2377/3819/3825 2387/3831/3837 2390/3832/3838
f 2390/3832/3838 2387/3831/3837 2386/3833/3839
f 2368/3791/3797 2330/3790/3796 2369/3834/3840
f 2368/3791/3797 2387/3831/3837 2377/3819/3825
f 5397/3835/3841 5430/3827/3833 5396/3836/3842
f 5430/3827/3833 5397/3835/3841 5398/343/343
f 5396/3836/3842 5430/3827/3833 5426/392/392
f 2378/3820/3826 2384/3822/3828 2370/3816/3822
f 5426/392/392 5427/387/387 5412/393/393
f 2378/3820/3826 2388/3837/3843 2389/3838/3844
f 2378/3820/3826 2389/3838/3844 2380/3823/3829
f 2389/3838/3844 2381/2281/2282 2380/3823/3829
f 5396/3836/3842 5426/392/392 5393/394/394
f 5395/3830/3836 5396/3836/3842 5393/394/394
f 2380/3823/3829 2379/3821/3827 2378/3820/3826
f 2388/3837/3843 2378/3820/3826 2390/3832/3838
f 2377/3819/3825 2390/3832/3838 2378/3820/3826
f 5394/252/252 5395/3830/3836 5393/394/394
f 5330/3839/3845 5329/3840/3846 5425/3841/3847
f 5419/3842/3848 5330/3839/3845 5425/3841/3847
f 5420/3843/3849 5419/3842/3848 5425/3841/3847
f 5341/253/253 5394/252/252 5340/3844/3850
f 2367/2275/2276 2397/3845/3851 2360/3807/3813
f 5375/3846/3852 5424/3847/3853 5374/3848/3854
f 5375/3846/3852 5374/3848/3854 5372/3849/3855
f 5424/3847/3853 5375/3846/3852 5367/3850/3856
f 2364/3811/3817 2366/3812/3818 2391/3851/3857
f 2391/3851/3857 2366/3812/3818 2392/3852/3858
f 5423/3853/3859 5424/3847/3853 5367/3850/3856
f 2367/2275/2276 2355/2277/2278 2366/3812/3818
f 5367/3850/3856 5375/3846/3852 5369/3854/3860
f 2366/3812/3818 2355/2277/2278 2399/2311/2315
f 5367/3850/3856 5422/3855/3861 5423/3853/3859
f 5421/3856/3862 5422/3855/3861 5367/3850/3856
f 5363/288/288 5421/3856/3862 5367/3850/3856
f 5419/3842/3848 5420/3843/3849 5421/3856/3862
f 5421/3856/3862 5363/288/288 5360/287/287
f 5419/3842/3848 5421/3856/3862 5360/287/287
f 2330/3790/3796 2331/3792/3798 2393/3857/3863
f 5331/3814/3820 5419/3842/3848 5360/287/287
f 2332/3793/3799 2394/3858/3864 2331/3792/3798
f 2332/3793/3799 2395/3859/3865 2394/3858/3864
f 5330/3839/3845 5419/3842/3848 5331/3814/3820
f 2396/3860/3866 2332/3793/3799 2334/3794/3800
f 5418/3861/3867 5417/337/337 5416/311/311
f 5416/311/311 5411/3862/3868 5418/3861/3867
f 2332/3793/3799 2396/3860/3866 2395/3859/3865
f 5414/312/312 5417/337/337 5415/3863/3869
f 2365/3864/3870 2397/3845/3851 2364/3811/3817
f 2397/3845/3851 2367/2275/2276 2364/3811/3817
f 5334/316/316 5415/3863/3869 5332/364/364
f 2397/3845/3851 2398/3865/3871 2360/3807/3813
f 5389/3866/3872 5415/3863/3869 5334/316/316
f 2398/3865/3871 2363/3808/3814 2360/3807/3813
f 5414/312/312 5415/3863/3869 5389/3866/3872
f 2332/3793/3799 2368/3791/3797 2333/2285/2286
f 5390/338/338 5414/312/312 5389/3866/3872
f 5391/310/310 5414/312/312 5390/338/338
f 2333/2285/2286 2368/3791/3797 2335/3799/3805
f 5411/3862/3868 5412/393/393 5413/3826/3832
f 5416/311/311 5412/393/393 5411/3862/3868
f 5410/391/391 5412/393/393 5416/311/311
f 5391/310/310 5410/391/391 5416/311/311
f 2374/2298/2301 2382/3824/3830 2385/2299/2302
f 2382/3824/3830 2381/2281/2282 2389/3838/3844
f 5400/3867/3873 5344/368/368 5345/3868/3874
f 2368/3791/3797 2369/3834/3840 2387/3831/3837
f 2401/2308/2312 2403/3869/3875 2402/3870/3876
f 2400/2309/2313 2401/2308/2312 2366/3812/3818
f 2401/2308/2312 2402/3870/3876 2366/3812/3818
f 2402/3870/3876 2404/3871/3877 2366/3812/3818
f 2366/3812/3818 2404/3871/3877 2392/3852/3858
f 5403/3805/3811 5409/346/346 5399/345/345
f 5407/3804/3810 5403/3805/3811 5406/3809/3815
f 2401/2308/2312 2342/2278/2279 2343/3798/3804
f 2342/2278/2279 2375/2300/2303 2343/3798/3804
f 5379/324/324 5380/3872/3878 5408/3810/3816
f 5406/3809/3815 5379/324/324 5408/3810/3816
f 2401/2308/2312 2343/3798/3804 2403/3869/3875
f 2343/3798/3804 2405/3873/3879 2403/3869/3875
f 5383/3874/3880 5406/3809/3815 5403/3805/3811
f 5398/343/343 5405/342/342 5401/3829/3835
f 5399/345/345 5404/344/344 5398/343/343
f 5383/3874/3880 5403/3805/3811 5399/345/345
f 2401/2308/2312 2345/2307/2311 2342/2278/2279
f 2399/2311/2315 2351/2313/2318 2346/2312/2317
f 5383/3874/3880 5381/3875/3881 5406/3809/3815
f 5345/3868/3874 5383/3874/3880 5400/3867/3873
f 5397/3835/3841 5396/3836/3842 5342/369/369
f 5344/368/368 5397/3835/3841 5342/369/369
f 5397/3835/3841 5344/368/368 5400/3867/3873
f 2351/2313/2318 2399/2311/2315 2355/2277/2278
f 5395/3830/3836 5342/369/369 5396/3836/3842
f 5393/394/394 5340/3844/3850 5394/252/252
f 5392/3815/3821 5340/3844/3850 5393/394/394
f 2335/3799/3805 2368/3791/3797 2377/3819/3825
f 5392/3815/3821 5339/3876/3882 5340/3844/3850
f 5337/315/315 5339/3876/3882 5392/3815/3821
f 5390/338/338 5337/315/315 5392/3815/3821
f 2399/2311/2315 2400/2309/2313 2366/3812/3818
f 5399/345/345 5400/3867/3873 5383/3874/3880
f 5397/3835/3841 5400/3867/3873 5399/345/345
f 5398/343/343 5397/3835/3841 5399/345/345
f 2409/3877/3883 2410/3878/3884 2430/3879/3885
f 2406/3880/3886 2411/3881/3887 2412/3882/3888
f 2412/3882/3888 2413/2327/2333 2407/3883/3889
f 2413/2327/2333 2408/3884/3890 2407/3883/3889
f 2409/3877/3883 2435/3885/3891 2410/3878/3884
f 2413/2327/2333 2414/3886/3892 2408/3884/3890
f 2414/3886/3892 2415/3887/3893 2438/3888/3894
f 2415/3887/3893 2416/3889/3895 2437/3890/3896
f 2417/2332/2338 2418/3891/3897 2416/3889/3895
f 2416/3889/3895 2418/3891/3897 2419/3892/3898
f 2415/3887/3893 2425/2330/2336 2416/3889/3895
f 2418/3891/3897 2420/3893/3899 2419/3892/3898
f 2420/3893/3899 2423/3894/3900 2421/3895/3901
f 2418/3891/3897 2463/2334/2340 2420/3893/3899
f 2423/3894/3900 2468/3896/3902 2422/3897/3903
f 2424/3898/3904 2422/3897/3903 2468/3896/3902
f 2463/2334/2340 2418/3891/3897 2417/2332/2338
f 2416/3889/3895 2425/2330/2336 2417/2332/2338
f 2426/3899/3905 2425/2330/2336 2415/3887/3893
f 2415/3887/3893 2414/3886/3892 2426/3899/3905
f 2414/3886/3892 2413/2327/2333 2426/3899/3905
f 2412/3882/3888 2428/2337/2343 2427/2325/2331
f 2428/2337/2343 2411/3881/3887 2455/2320/2326
f 5390/338/338 5392/3815/3821 5391/310/310
f 2413/2327/2333 2412/3882/3888 2427/2325/2331
f 2412/3882/3888 2411/3881/3887 2428/2337/2343
f 2411/3881/3887 2406/3880/3886 2455/2320/2326
f 5389/3866/3872 5334/316/316 5390/338/338
f 2406/3880/3886 2457/2318/2324 2455/2320/2326
f 2407/3883/3889 2408/3884/3890 2429/3900/3906
f 5388/320/320 5384/319/319 5350/3901/3907
f 2430/3879/3885 2431/3902/3908 2409/3877/3883
f 2431/3902/3908 2408/3884/3890 2409/3877/3883
f 5384/319/319 5387/321/321 5386/323/323
f 2431/3902/3908 2432/3903/3909 2408/3884/3890
f 5385/3904/3910 5384/319/319 5386/323/323
f 5379/324/324 5387/321/321 5380/3872/3878
f 2432/3903/3909 2429/3900/3906 2408/3884/3890
f 5386/323/323 5387/321/321 5379/324/324
f 2408/3884/3890 2414/3886/3892 2409/3877/3883
f 2433/3905/3911 2434/3906/3912 2409/3877/3883
f 5385/3904/3910 5378/322/322 5349/3907/3913
f 5384/319/319 5385/3904/3910 5349/3907/3913
f 2414/3886/3892 2433/3905/3911 2409/3877/3883
f 5350/3901/3907 5384/319/319 5349/3907/3913
f 5350/3901/3907 5351/283/283 5388/320/320
f 2435/3885/3891 2409/3877/3883 2434/3906/3912
f 5345/3868/3874 5346/282/282 5382/3908/3914
f 2422/3897/3903 2421/3895/3901 2423/3894/3900
f 2421/3895/3901 2419/3892/3898 2420/3893/3899
f 2419/3892/3898 2436/3909/3915 2416/3889/3895
f 5381/3875/3881 5345/3868/3874 5382/3908/3914
f 2421/3895/3901 2443/3910/3916 2419/3892/3898
f 2415/3887/3893 2437/3890/3896 2438/3888/3894
f 2433/3905/3911 2414/3886/3892 2438/3888/3894
f 2440/3911/3917 2445/3912/3918 2441/3913/3919
f 5381/3875/3881 5383/3874/3880 5345/3868/3874
f 2440/3911/3917 2439/3914/3920 2442/3915/3921
f 2439/3914/3920 2436/3909/3915 2442/3915/3921
f 5382/3908/3914 5346/282/282 5347/3916/3922
f 2422/3897/3903 2444/3917/3923 2421/3895/3901
f 2419/3892/3898 2443/3910/3916 2436/3909/3915
f 2443/3910/3916 2421/3895/3901 2444/3917/3923
f 2443/3910/3916 2442/3915/3921 2436/3909/3915
f 5378/322/322 5382/3908/3914 5347/3916/3922
f 2444/3917/3923 2445/3912/3918 2443/3910/3916
f 2443/3910/3916 2445/3912/3918 2442/3915/3921
f 5381/3875/3881 5382/3908/3914 5378/322/322
f 5379/324/324 5381/3875/3881 5378/322/322
f 5406/3809/3815 5381/3875/3881 5379/324/324
f 2436/3909/3915 2437/3890/3896 2416/3889/3895
f 2437/3890/3896 2436/3909/3915 2439/3914/3920
f 5378/322/322 5385/3904/3910 5386/323/323
f 5349/3907/3913 5378/322/322 5347/3916/3922
f 2417/2332/2338 2446/2343/2349 2463/2334/2340
f 2417/2332/2338 2447/2331/2337 2446/2343/2349
f 2447/2331/2337 2448/2342/2348 2446/2343/2349
f 2448/2342/2348 2450/3918/3924 2449/2322/2328
f 2449/2322/2328 2451/3919/3925 2466/2339/2345
f 5373/3920/3926 5372/3849/3855 5377/3921/3927
f 2451/3919/3925 2453/2315/2321 2466/2339/2345
f 2458/2316/2322 2455/2320/2326 2477/2317/2323
f 5376/3922/3928 5373/3920/3926 5377/3921/3927
f 2448/2342/2348 2447/2331/2337 2459/3923/3929
f 5375/3846/3852 5371/3924/3930 5369/3854/3860
f 2448/2342/2348 2459/3923/3929 2450/3918/3924
f 2450/3918/3924 2460/3925/3931 2449/2322/2328
f 2449/2322/2328 2460/3925/3931 2451/3919/3925
f 2460/3925/3931 2462/2338/2344 2451/3919/3925
f 2451/3919/3925 2458/2316/2322 2453/2315/2321
f 5372/3849/3855 5371/3924/3930 5375/3846/3852
f 2459/3923/3929 2461/2326/2332 2450/3918/3924
f 2461/2326/2332 2460/3925/3931 2450/3918/3924
f 2462/2338/2344 2458/2316/2322 2451/3919/3925
f 5371/3924/3930 5372/3849/3855 5373/3920/3926
f 2461/2326/2332 2459/3923/3929 2413/2327/2333
f 2459/3923/3929 2425/2330/2336 2413/2327/2333
f 2413/2327/2333 2425/2330/2336 2426/3899/3905
f 5352/285/285 5371/3924/3930 5373/3920/3926
f 2461/2326/2332 2427/2325/2331 2462/2338/2344
f 2428/2337/2343 2455/2320/2326 2458/2316/2322
f 2462/2338/2344 2428/2337/2343 2458/2316/2322
f 5370/284/284 5351/283/283 5350/3901/3907
f 2420/3893/3899 2463/2334/2340 2423/3894/3900
f 2423/3894/3900 2463/2334/2340 2464/2335/2341
f 2467/2323/2329 2449/2322/2328 2466/2339/2345
f 5371/3924/3930 5352/285/285 5370/284/284
f 2467/2323/2329 2464/2335/2341 2465/2321/2327
f 2467/2323/2329 2423/3894/3900 2464/2335/2341
f 5368/372/372 5369/3854/3860 5371/3924/3930
f 2467/2323/2329 2468/3896/3902 2423/3894/3900
f 2467/2323/2329 2452/2340/2346 2469/3926/3932
f 5368/372/372 5371/3924/3930 5370/284/284
f 5366/371/371 5350/3901/3907 5349/3907/3913
f 5370/284/284 5350/3901/3907 5366/371/371
f 2465/2321/2327 2448/2342/2348 2449/2322/2328
f 2465/2321/2327 2463/2334/2340 2446/2343/2349
f 2468/3896/3902 2467/2323/2329 2470/3927/3933
f 2470/3927/3933 2467/2323/2329 2471/3928/3934
f 2467/2323/2329 2469/3926/3932 2471/3928/3934
f 2469/3926/3932 2452/2340/2346 2472/3929/3935
f 2472/3929/3935 2452/2340/2346 2473/3930/3936
f 5361/403/403 5369/3854/3860 5368/372/372
f 5369/3854/3860 5361/403/403 5363/288/288
f 2407/3883/3889 2406/3880/3886 2412/3882/3888
f 5367/3850/3856 5369/3854/3860 5363/288/288
f 5366/371/371 5349/3907/3913 5347/3916/3922
f 2406/3880/3886 2407/3883/3889 2429/3900/3906
f 5364/3931/3937 5366/371/371 5365/3932/3938
f 5368/372/372 5366/371/371 5364/3931/3937
f 5368/372/372 5364/3931/3937 5361/403/403
f 2459/3923/3929 2447/2331/2337 2425/2330/2336
f 5366/371/371 5347/3916/3922 5348/281/281
f 5365/3932/3938 5366/371/371 5348/281/281
f 5362/280/280 5365/3932/3938 5348/281/281
f 2469/3926/3932 2474/3933/3939 2471/3928/3934
f 2474/3933/3939 2475/3934/3940 2471/3928/3934
f 2468/3896/3902 2470/3927/3933 2424/3898/3904
f 5359/254/254 5365/3932/3938 5362/280/280
f 2469/3926/3932 2472/3929/3935 2474/3933/3939
f 5359/254/254 5364/3931/3937 5365/3932/3938
f 5356/256/256 5364/3931/3937 5359/254/254
f 5361/403/403 5364/3931/3937 5356/256/256
f 2434/3906/3912 2433/3905/3911 2476/3935/3941
f 2433/3905/3911 2438/3888/3894 2476/3935/3941
f 5363/288/288 5361/403/403 5358/289/289
f 2460/3925/3931 2461/2326/2332 2462/2338/2344
f 5343/258/258 5362/280/280 5346/282/282
f 5359/254/254 5362/280/280 5343/258/258
f 2477/2317/2323 2454/3936/3942 2453/2315/2321
f 5353/306/306 5361/403/403 5356/256/256
f 2478/3937/3943 2454/3936/3942 2477/2317/2323
f 2479/3938/3944 2480/3939/3945 2454/3936/3942
f 5336/3813/3819 5360/287/287 5358/289/289
f 2454/3936/3942 2466/2339/2345 2453/2315/2321
f 2454/3936/3942 2452/2340/2346 2466/2339/2345
f 5359/254/254 5343/258/258 5357/255/255
f 2452/2340/2346 2454/3936/3942 2480/3939/3945
f 2480/3939/3945 2473/3930/3936 2452/2340/2346
f 5356/256/256 5357/255/255 5355/251/251
f 5336/3813/3819 5358/289/289 5338/305/305
f 2479/3938/3944 2454/3936/3942 2478/3937/3943
f 5343/258/258 5346/282/282 5344/368/368
f 5336/3813/3819 5338/305/305 5335/314/314
f 2440/3911/3917 2442/3915/3921 2445/3912/3918
f 5333/365/365 5331/3814/3820 5336/3813/3819
f 2476/3935/3941 2438/3888/3894 2481/3940/3946
f 2439/3914/3920 2440/3911/3917 2482/3941/3947
f 5353/306/306 5355/251/251 5341/253/253
f 5354/3942/3948 5353/306/306 5341/253/253
f 2438/3888/3894 2437/3890/3896 2481/3940/3946
f 2481/3940/3946 2437/3890/3896 2439/3914/3920
f 5353/306/306 5354/3942/3948 5339/3876/3882
f 5338/305/305 5353/306/306 5339/3876/3882
f 5335/314/314 5338/305/305 5337/315/315
f 2482/3941/3947 2481/3940/3946 2439/3914/3920
f 2482/3941/3947 2483/3943/3949 2481/3940/3946
f 2483/3943/3949 2476/3935/3941 2481/3940/3946
f 5332/364/364 5331/3814/3820 5333/365/365
f 5346/282/282 5348/281/281 5347/3916/3922
f 5344/368/368 5346/282/282 5345/3868/3874
f 2484/3944/3950 2486/3945/3951 2485/3946/3952
f 2489/2268/2269 2490/3947/3953 2554/3948/3954
f 2554/3948/3954 2490/3947/3953 2491/3949/3955
f 2490/3947/3953 2492/3950/3956 2491/3949/3955
f 2492/3950/3956 2490/3947/3953 2496/3951/3957
f 2490/3947/3953 2489/2268/2269 2497/2267/2268
f 2487/2269/2270 2486/3945/3951 2498/3952/3958
f 2497/2267/2268 2487/2269/2270 2500/3953/3959
f 2498/3952/3958 2501/3954/3960 2487/2269/2270
f 2487/2269/2270 2501/3954/3960 2500/3953/3959
f 2497/2267/2268 2502/3955/3961 2490/3947/3953
f 2496/3951/3957 2493/3956/3962 2492/3950/3956
f 2512/2253/2254 2494/3957/3963 2503/3958/3964
f 2498/3952/3958 2508/3959/3965 2501/3954/3960
f 2500/3953/3959 2506/3960/3966 2497/2267/2268
f 2497/2267/2268 2506/3960/3966 2502/3955/3961
f 2490/3947/3953 2502/3955/3961 2496/3951/3957
f 2496/3951/3957 2503/3958/3964 2493/3956/3962
f 5355/251/251 5343/258/258 5342/369/369
f 5394/252/252 5355/251/251 5342/369/369
f 2511/3961/3967 2503/3958/3964 2496/3951/3957
f 2496/3951/3957 2502/3955/3961 2510/3962/3968
f 2506/3960/3966 2500/3953/3959 2509/2251/2252
f 2509/2251/2252 2500/3953/3959 2501/3954/3960
f 2507/3963/3969 2508/3959/3965 2498/3952/3958
f 2506/3960/3966 2589/3964/3970 2502/3955/3961
f 2510/3962/3968 2511/3961/3967 2496/3951/3957
f 5354/3942/3948 5341/253/253 5340/3844/3850
f 5339/3876/3882 5354/3942/3948 5340/3844/3850
f 2513/3965/3971 2514/3966/3972 2505/3967/3973
f 5337/315/315 5338/305/305 5339/3876/3882
f 2513/3965/3971 2504/3968/3974 2494/3957/3963
f 2513/3965/3971 2505/3967/3973 2504/3968/3974
f 5333/365/365 5336/3813/3819 5335/314/314
f 2486/3945/3951 2484/3944/3950 2499/3969/3975
f 5334/316/316 5333/365/365 5335/314/314
f 2515/3970/3976 2517/3971/3977 2518/2233/2234
f 2625/3972/3978 2521/3973/3979 2520/3974/3980
f 2524/2231/2232 2526/3975/3981 2525/2229/2230
f 2525/2229/2230 2527/2241/2242 2540/3976/3982
f 2527/2241/2242 2529/3977/3983 2528/3978/3984
f 2520/3974/3980 2519/2235/2236 2551/3979/3985
f 2518/2233/2234 2530/3980/3986 2531/2234/2235
f 2524/2231/2232 2522/3981/3987 2523/2239/2240
f 2522/3981/3987 2533/3982/3988 2521/3973/3979
f 2521/3973/3979 2533/3982/3988 2520/3974/3980
f 2520/3974/3980 2542/3983/3989 2519/2235/2236
f 2534/2236/2237 2546/3984/3990 2535/3985/3991
f 2522/3981/3987 2524/2231/2232 2538/2208/2209
f 2525/2229/2230 2540/3976/3982 2539/3986/3992
f 5331/3814/3820 5332/364/364 5328/3987/3993
f 2539/3986/3992 2541/3988/3994 2525/2229/2230
f 2541/3988/3994 2532/2230/2231 2525/2229/2230
f 2533/3982/3988 2542/3983/3989 2520/3974/3980
f 2538/2208/2209 2533/3982/3988 2522/3981/3987
f 2541/3988/3994 2544/2209/2210 2532/2230/2231
f 2532/2230/2231 2544/2209/2210 2538/2208/2209
f 2538/2208/2209 2545/2207/2208 2533/3982/3988
f 5328/3987/3993 5330/3839/3845 5331/3814/3820
f 5329/3840/3846 5330/3839/3845 5328/3987/3993
f 2539/3986/3992 2543/3989/3995 2541/3988/3994
f 2545/2207/2208 2542/3983/3989 2533/3982/3988
f 2542/3983/3989 2546/3984/3990 2534/2236/2237
f 2543/3989/3995 2544/2209/2210 2541/3988/3994
f 5262/3990/3996 5255/423/423 5277/425/425
f 2543/3989/3995 2547/3991/3997 2544/2209/2210
f 2547/3991/3997 2545/2207/2208 2544/2209/2210
f 5281/3992/3998 5224/3993/3999 5323/3994/4000
f 5293/452/452 5224/3993/3999 5222/453/453
f 5323/3994/4000 5224/3993/3999 5293/452/452
f 2548/3995/4001 2550/2245/2246 2546/3984/3990
f 2549/3996/4002 2548/3995/4001 2545/2207/2208
f 2550/2245/2246 2536/2242/2243 2546/3984/3990
f 5275/3997/4003 5274/431/431 5265/3998/4004
f 2518/2233/2234 2626/3999/4005 2519/2235/2236
f 5259/421/421 5275/3997/4003 5265/3998/4004
f 5264/4000/4006 5275/3997/4003 5259/421/421
f 2626/3999/4005 2609/2210/2211 2519/2235/2236
f 2519/2235/2236 2609/2210/2211 2551/3979/3985
f 2521/3973/3979 2630/2237/2238 2522/3981/3987
f 2522/3981/3987 2630/2237/2238 2523/2239/2240
f 2523/2239/2240 2629/2238/2239 2524/2231/2232
f 2629/2238/2239 2526/3975/3981 2524/2231/2232
f 5304/4001/4007 5305/4002/4008 5314/412/412
f 5260/4003/4009 5242/4004/4010 5250/4005/4011
f 2550/2245/2246 2548/3995/4001 2549/3996/4002
f 5224/3993/3999 5223/450/450 5222/453/453
f 5294/451/451 5222/453/453 5280/4006/4012
f 5299/4007/4013 5312/4008/4014 5302/498/498
f 5311/4009/4015 5299/4007/4013 5304/4001/4007
f 5318/4010/4016 5315/411/411 5326/4011/4017
f 2499/3969/3975 2507/3963/3969 2498/3952/3958
f 2518/2233/2234 2516/2232/2233 2515/3970/3976
f 5306/430/430 5307/440/440 5325/429/429
f 5322/417/417 5308/4012/4018 5306/430/430
f 2528/3978/3984 2540/3976/3982 2527/2241/2242
f 5322/417/417 5306/430/430 5324/418/418
f 5314/412/412 5322/417/417 5321/419/419
f 5296/444/444 5300/4013/4019 5301/4014/4020
f 5306/430/430 5323/3994/4000 5295/441/441
f 5303/4015/4021 5323/3994/4000 5306/430/430
f 5293/452/452 5295/441/441 5323/3994/4000
f 2518/2233/2234 2534/2236/2237 2530/3980/3986
f 5314/412/412 5321/419/419 5319/413/413
f 2535/3985/3991 2530/3980/3986 2534/2236/2237
f 5322/417/417 5314/412/412 5309/4016/4022
f 5319/413/413 5320/4017/4023 5315/411/411
f 2486/3945/3951 2487/2269/2270 2561/4018/4024
f 2489/2268/2269 2554/3948/3954 2556/2259/2260
f 2554/3948/3954 2491/3949/3955 2556/2259/2260
f 2491/3949/3955 2492/3950/3956 2557/2260/2261
f 2557/2260/2261 2492/3950/3956 2493/3956/3962
f 5318/4010/4016 5313/416/416 5315/411/411
f 2553/4019/4025 2486/3945/3951 2561/4018/4024
f 2555/2257/2258 2488/2266/2267 2556/2259/2260
f 2488/2266/2267 2489/2268/2269 2556/2259/2260
f 2557/2260/2261 2493/3956/3962 2560/4020/4026
f 5316/4021/4027 5313/416/416 5318/4010/4016
f 2558/4022/4028 2560/4020/4026 2493/3956/3962
f 2557/2260/2261 2559/2262/2263 2491/3949/3955
f 2491/3949/3955 2559/2262/2263 2556/2259/2260
f 2559/2262/2263 2569/2258/2259 2556/2259/2260
f 2555/2257/2258 2561/4018/4024 2488/2266/2267
f 2562/4023/4029 2553/4019/4025 2561/4018/4024
f 5305/4002/4008 5309/4016/4022 5314/412/412
f 2558/4022/4028 2567/4024/4030 2560/4020/4026
f 2560/4020/4026 2563/2261/2262 2557/2260/2261
f 2562/4023/4029 2564/4025/4031 2553/4019/4025
f 5313/416/416 5317/4026/4032 5310/4027/4033
f 5316/4021/4027 5317/4026/4032 5313/416/416
f 2565/4028/4034 2566/4029/4035 2558/4022/4028
f 2566/4029/4035 2567/4024/4030 2558/4022/4028
f 2567/4024/4030 2568/4030/4036 2560/4020/4026
f 2555/2257/2258 2570/2256/2257 2561/4018/4024
f 2561/4018/4024 2572/4031/4037 2562/4023/4029
f 2571/4032/4038 2566/4029/4035 2565/4028/4034
f 2560/4020/4026 2568/4030/4036 2563/2261/2262
f 2563/2261/2262 2573/4033/4039 2559/2262/2263
f 2573/4033/4039 2569/2258/2259 2559/2262/2263
f 2570/2256/2257 2572/4031/4037 2561/4018/4024
f 2566/4029/4035 2568/4030/4036 2567/4024/4030
f 2570/2256/2257 2574/4034/4040 2572/4031/4037
f 2570/2256/2257 2569/2258/2259 2573/4033/4039
f 2573/4033/4039 2563/2261/2262 2575/4035/4041
f 2563/2261/2262 2568/4030/4036 2575/4035/4041
f 2568/4030/4036 2566/4029/4035 2577/4036/4042
f 2566/4029/4035 2571/4032/4038 2576/4037/4043
f 2576/4037/4043 2577/4036/4042 2566/4029/4035
f 2577/4036/4042 2578/2246/2247 2568/4030/4036
f 2568/4030/4036 2578/2246/2247 2575/4035/4041
f 2570/2256/2257 2573/4033/4039 2575/4035/4041
f 2577/4036/4042 2576/4037/4043 2579/4038/4044
f 2577/4036/4042 2579/4038/4044 2578/2246/2247
f 2581/2248/2249 2580/4039/4045 2570/2256/2257
f 2580/4039/4045 2574/4034/4040 2570/2256/2257
f 5314/412/412 5313/416/416 5310/4027/4033
f 2581/2248/2249 2575/4035/4041 2578/2246/2247
f 2579/4038/4044 2582/2247/2248 2578/2246/2247
f 2582/2247/2248 2580/4039/4045 2581/2248/2249
f 5322/417/417 5309/4016/4022 5308/4012/4018
f 2580/4039/4045 2582/2247/2248 2585/4040/4046
f 5311/4009/4015 5312/4008/4014 5299/4007/4013
f 2583/4041/4047 2584/4042/4048 2580/4039/4045
f 2580/4039/4045 2584/4042/4048 2574/4034/4040
f 5304/4001/4007 5310/4027/4033 5311/4009/4015
f 5310/4027/4033 5304/4001/4007 5314/412/412
f 2583/4041/4047 2580/4039/4045 2585/4040/4046
f 5308/4012/4018 5309/4016/4022 5305/4002/4008
f 5306/430/430 5308/4012/4018 5303/4015/4021
f 2495/4043/4049 2565/4028/4034 2494/3957/3963
f 2494/3957/3963 2565/4028/4034 2558/4022/4028
f 5308/4012/4018 5301/4014/4020 5303/4015/4021
f 5297/442/442 5301/4014/4020 5308/4012/4018
f 5305/4002/4008 5297/442/442 5308/4012/4018
f 2519/2235/2236 2542/3983/3989 2534/2236/2237
f 5305/4002/4008 5304/4001/4007 5284/4044/4050
f 5300/4013/4019 5303/4015/4021 5301/4014/4020
f 5302/498/498 5233/408/408 5231/4045/4051
f 2504/3968/3974 2495/4043/4049 2494/3957/3963
f 5284/4044/4050 5304/4001/4007 5299/4007/4013
f 5298/445/445 5305/4002/4008 5284/4044/4050
f 2546/3984/3990 2536/2242/2243 2535/3985/3991
f 5297/442/442 5305/4002/4008 5298/445/445
f 2547/3991/3997 2549/3996/4002 2545/2207/2208
f 5323/3994/4000 5303/4015/4021 5300/4013/4019
f 5299/4007/4013 5302/498/498 5231/4045/4051
f 2590/4046/4052 2589/3964/3970 2586/2250/2251
f 2511/3961/3967 2589/3964/3970 2590/4046/4052
f 2586/2250/2251 2587/2252/2253 2588/4047/4053
f 2587/2252/2253 2507/3963/3969 2588/4047/4053
f 5296/444/444 5301/4014/4020 5297/442/442
f 5300/4013/4019 5296/444/444 5281/3992/3998
f 2589/3964/3970 2506/3960/3966 2586/2250/2251
f 2586/2250/2251 2506/3960/3966 2509/2251/2252
f 2587/2252/2253 2501/3954/3960 2508/3959/3965
f 5281/3992/3998 5323/3994/4000 5300/4013/4019
f 2501/3954/3960 2587/2252/2253 2509/2251/2252
f 5230/4048/4054 5299/4007/4013 5231/4045/4051
f 5284/4044/4050 5299/4007/4013 5230/4048/4054
f 5298/445/445 5284/4044/4050 5228/447/447
f 2587/2252/2253 2508/3959/3965 2507/3963/3969
f 2589/3964/3970 2511/3961/3967 2510/3962/3968
f 5282/443/443 5297/442/442 5283/446/446
f 5282/443/443 5281/3992/3998 5296/444/444
f 2590/4046/4052 2592/4049/4055 2511/3961/3967
f 2592/4049/4055 2591/2254/2255 2511/3961/3967
f 2591/2254/2255 2512/2253/2254 2511/3961/3967
f 2511/3961/3967 2512/2253/2254 2503/3958/3964
f 5295/441/441 5294/451/451 5325/429/429
f 5293/452/452 5294/451/451 5295/441/441
f 2586/2250/2251 2588/4047/4053 2594/4050/4056
f 5292/462/462 5287/4051/4057 5288/4052/4058
f 5291/464/464 5287/4051/4057 5292/462/462
f 2594/4050/4056 2592/4049/4055 2586/2250/2251
f 2586/2250/2251 2592/4049/4055 2590/4046/4052
f 5286/4053/4059 5287/4051/4057 5291/464/464
f 5285/4054/4060 5278/4055/4061 5286/4053/4059
f 5273/4056/4062 5278/4055/4061 5285/4054/4060
f 5288/4052/4058 5287/4051/4057 5289/4057/4063
f 2510/3962/3968 2502/3955/3961 2589/3964/3970
f 5274/431/431 5275/3997/4003 5276/4058/4064
f 5289/4057/4063 5277/425/425 5269/424/424
f 5276/4058/4064 5289/4057/4063 5269/424/424
f 2595/2263/2264 2596/2255/2256 2591/2254/2255
f 2596/2255/2256 2597/4059/4065 2512/2253/2254
f 2512/2253/2254 2597/4059/4065 2598/4060/4066
f 5267/4061/4067 5277/425/425 5289/4057/4063
f 5288/4052/4058 5276/4058/4064 5290/4062/4068
f 5289/4057/4063 5276/4058/4064 5288/4052/4058
f 2494/3957/3963 2512/2253/2254 2598/4060/4066
f 5267/4061/4067 5289/4057/4063 5287/4051/4057
f 5278/4055/4061 5267/4061/4067 5287/4051/4057
f 2494/3957/3963 2598/4060/4066 2513/3965/3971
f 5286/4053/4059 5278/4055/4061 5287/4051/4057
f 5273/4056/4062 5285/4054/4060 5272/4063/4069
f 2595/2263/2264 2591/2254/2255 2593/4064/4070
f 2591/2254/2255 2592/4049/4055 2593/4064/4070
f 5247/466/466 5246/4065/4071 5262/3990/3996
f 5263/4066/4072 5247/466/466 5262/3990/3996
f 5267/4061/4067 5263/4066/4072 5262/3990/3996
f 2595/2263/2264 2593/4064/4070 2600/2264/2265
f 5230/4048/4054 5229/4067/4073 5228/447/447
f 2558/4022/4028 2503/3958/3964 2494/3957/3963
f 5228/447/447 5284/4044/4050 5230/4048/4054
f 2503/3958/3964 2558/4022/4028 2493/3956/3962
f 2488/2266/2267 2561/4018/4024 2487/2269/2270
f 5227/449/449 5283/446/446 5228/447/447
f 5282/443/443 5283/446/446 5225/448/448
f 5223/450/450 5281/3992/3998 5282/443/443
f 5224/3993/3999 5281/3992/3998 5223/450/450
f 5280/4006/4012 5222/453/453 5221/4068/4074
f 5279/4069/4075 5280/4006/4012 5221/4068/4074
f 5279/4069/4075 5221/4068/4074 5220/465/465
f 5218/4070/4076 5279/4069/4075 5220/465/465
f 5232/4071/4077 5233/408/408 5239/4072/4078
f 2546/3984/3990 2542/3983/3989 2548/3995/4001
f 2548/3995/4001 2542/3983/3989 2545/2207/2208
f 2571/4032/4038 2565/4028/4034 2495/4043/4049
f 5263/4066/4072 5273/4056/4062 5272/4063/4069
f 2575/4035/4041 2581/2248/2249 2570/2256/2257
f 5267/4061/4067 5278/4055/4061 5273/4056/4062
f 5274/431/431 5276/4058/4064 5269/424/424
f 2498/3952/3958 2486/3945/3951 2499/3969/3975
f 2524/2231/2232 2532/2230/2231 2538/2208/2209
f 2602/2240/2241 2603/4073/4079 2527/2241/2242
f 2603/4073/4079 2529/3977/3983 2527/2241/2242
f 2602/2240/2241 2525/2229/2230 2526/3975/3981
f 5262/3990/3996 5277/425/425 5267/4061/4067
f 2601/4074/4080 2603/4073/4079 2602/2240/2241
f 5273/4056/4062 5263/4066/4072 5267/4061/4067
f 2636/4075/4081 2601/4074/4080 2635/4076/4082
f 2601/4074/4080 2602/2240/2241 2635/4076/4082
f 2602/2240/2241 2634/2228/2229 2635/4076/4082
f 2634/2228/2229 2614/4077/4083 2633/2225/2226
f 2614/4077/4083 2613/4078/4084 2633/2225/2226
f 2613/4078/4084 2612/4079/4085 2633/2225/2226
f 2612/4079/4085 2611/2213/2214 2633/2225/2226
f 2608/4080/4086 2606/2222/2223 2609/2210/2211
f 5268/4081/4087 5263/4066/4072 5272/4063/4069
f 5271/4082/4088 5268/4081/4087 5272/4063/4069
f 5270/4083/4089 5268/4081/4087 5271/4082/4088
f 2604/2214/2215 2610/2212/2213 2605/2211/2212
f 2605/2211/2212 2609/2210/2211 2606/2222/2223
f 2606/2222/2223 2608/4080/4086 2607/4084/4090
f 5268/4081/4087 5270/4083/4089 5248/4085/4091
f 5220/465/465 5268/4081/4087 5248/4085/4091
f 2605/2211/2212 2615/2221/2222 2604/2214/2215
f 2617/4086/4092 2618/4087/4093 2619/4088/4094
f 5261/427/427 5265/3998/4004 5274/431/431
f 2615/2221/2222 2620/4089/4095 2616/2226/2227
f 2616/2226/2227 2620/4089/4095 2617/4086/4092
f 2620/4089/4095 2618/4087/4093 2617/4086/4092
f 2605/2211/2212 2606/2222/2223 2615/2221/2222
f 2621/4090/4096 2622/4091/4097 2615/2221/2222
f 2615/2221/2222 2622/4091/4097 2620/4089/4095
f 5266/4092/4098 5257/432/432 5269/424/424
f 2615/2221/2222 2624/2220/2221 2621/4090/4096
f 2623/4093/4099 2622/4091/4097 2621/4090/4096
f 2612/4079/4085 2521/3973/3979 2625/3972/3978
f 2612/4079/4085 2625/3972/3978 2611/2213/2214
f 2625/3972/3978 2610/2212/2213 2611/2213/2214
f 2608/4080/4086 2626/3999/4005 2627/4094/4100
f 2626/3999/4005 2518/2233/2234 2627/4094/4100
f 2627/4094/4100 2518/2233/2234 2517/3971/3977
f 2609/2210/2211 2610/2212/2213 2551/3979/3985
f 2625/3972/3978 2551/3979/3985 2610/2212/2213
f 5266/4092/4098 5269/424/424 5255/423/423
f 5254/4095/4101 5266/4092/4098 5255/423/423
f 2609/2210/2211 2626/3999/4005 2608/4080/4086
f 5257/432/432 5266/4092/4098 5254/4095/4101
f 2551/3979/3985 2625/3972/3978 2520/3974/3980
f 5265/3998/4004 5261/427/427 5258/4096/4102
f 5258/4096/4102 5259/421/421 5265/3998/4004
f 5256/420/420 5264/4000/4006 5259/421/421
f 5255/423/423 5262/3990/3996 5246/4065/4071
f 5253/428/428 5261/427/427 5257/432/432
f 5252/422/422 5258/4096/4102 5261/427/427
f 5256/420/420 5242/4004/4010 5260/4003/4009
f 2614/4077/4083 2634/2228/2229 2602/2240/2241
f 5252/422/422 5259/421/421 5258/4096/4102
f 5244/4097/4103 5253/428/428 5257/432/432
f 2629/2238/2239 2614/4077/4083 2526/3975/3981
f 2614/4077/4083 2602/2240/2241 2526/3975/3981
f 2614/4077/4083 2629/2238/2239 2613/4078/4084
f 2629/2238/2239 2630/2237/2238 2613/4078/4084
f 2630/2237/2238 2612/4079/4085 2613/4078/4084
f 5257/432/432 5254/4095/4101 5245/405/405
f 5244/4097/4103 5257/432/432 5245/405/405
f 5252/422/422 5253/428/428 5243/4098/4104
f 2630/2237/2238 2521/3973/3979 2612/4079/4085
f 5242/4004/4010 5256/420/420 5252/422/422
f 5263/4066/4072 5268/4081/4087 5220/465/465
f 5247/466/466 5263/4066/4072 5220/465/465
f 2621/4090/4096 2624/2220/2221 2623/4093/4099
f 2624/2220/2221 2607/4084/4090 2631/4099/4105
f 2624/2220/2221 2631/4099/4105 2623/4093/4099
f 5246/4065/4071 5247/466/466 5235/4100/4106
f 2607/4084/4090 2608/4080/4086 2627/4094/4100
f 2627/4094/4100 2631/4099/4105 2607/4084/4090
f 5254/4095/4101 5255/423/423 5246/4065/4071
f 5241/4101/4107 5254/4095/4101 5246/4065/4071
f 5245/405/405 5254/4095/4101 5241/4101/4107
f 5244/4097/4103 5245/405/405 5237/407/407
f 2624/2220/2221 2606/2222/2223 2607/4084/4090
f 5243/4098/4104 5253/428/428 5244/4097/4103
f 5242/4004/4010 5252/422/422 5243/4098/4104
f 5232/4071/4077 5239/4072/4078 5251/4102/4108
f 5250/4005/4011 5232/4071/4077 5251/4102/4108
f 5242/4004/4010 5232/4071/4077 5250/4005/4011
f 5243/4098/4104 5238/4103/4109 5242/4004/4010
f 2615/2221/2222 2632/4104/4110 2604/2214/2215
f 2604/2214/2215 2632/4104/4110 2633/2225/2226
f 5220/465/465 5249/4105/4111 5219/4106/4112
f 5248/4085/4091 5249/4105/4111 5220/465/465
f 2632/4104/4110 2615/2221/2222 2616/2226/2227
f 2632/4104/4110 2634/2228/2229 2633/2225/2226
f 2634/2228/2229 2632/4104/4110 2616/2226/2227
f 5241/4101/4107 5246/4065/4071 5226/4107/4113
f 2634/2228/2229 2637/2227/2228 2635/4076/4082
f 5236/406/406 5245/405/405 5241/4101/4107
f 2616/2226/2227 2617/4086/4092 2637/2227/2228
f 2637/2227/2228 2617/4086/4092 2628/4108/4114
f 5243/4098/4104 5244/4097/4103 5237/407/407
f 5242/4004/4010 5238/4103/4109 5232/4071/4077
f 5223/450/450 5247/466/466 5222/453/453
f 5235/4100/4106 5247/466/466 5223/450/450
f 5226/4107/4113 5246/4065/4071 5235/4100/4106
f 2636/4075/4081 2635/4076/4082 2637/2227/2228
f 5229/4067/4073 5241/4101/4107 5226/4107/4113
f 5236/406/406 5241/4101/4107 5229/4067/4073
f 5243/4098/4104 5237/407/407 5230/4048/4054
f 5238/4103/4109 5243/4098/4104 5230/4048/4054
f 5233/408/408 5240/410/410 5239/4072/4078
f 2638/4109/4115 2639/4110/4116 2662/2198/2199
f 2640/2192/2193 2774/2186/2187 2641/2185/2186
f 2642/2187/2188 2773/2188/2189 2643/4111/4117
f 2772/4112/4118 2644/4113/4119 2649/4114/4120
f 2649/4114/4120 2644/4113/4119 2652/4115/4121
f 2650/4116/4122 2645/4117/4123 2646/4118/4124
f 2647/4119/4125 2646/4118/4124 2648/4120/4126
f 2642/2187/2188 2643/4111/4117 2654/4121/4127
f 2643/4111/4117 2772/4112/4118 2649/4114/4120
f 2652/4115/4121 2645/4117/4123 2650/4116/4122
f 2646/4118/4124 2647/4119/4125 2706/4122/4128
f 5231/4045/4051 5232/4071/4077 5238/4103/4109
f 2649/4114/4120 2653/2204/2205 2643/4111/4117
f 2642/2187/2188 2654/4121/4127 2641/2185/2186
f 2643/4111/4117 2653/2204/2205 2654/4121/4127
f 2654/4121/4127 2658/4123/4129 2641/2185/2186
f 2653/2204/2205 2658/4123/4129 2654/4121/4127
f 2659/4124/4130 2656/2190/2191 2658/4123/4129
f 2658/4123/4129 2656/2190/2191 2641/2185/2186
f 2656/2190/2191 2660/2174/2175 2655/2191/2192
f 2655/2191/2192 2660/2174/2175 2657/2173/2174
f 2655/2191/2192 2661/2205/2206 2663/2196/2197
f 2663/2196/2197 2662/2198/2199 2639/4110/4116
f 5237/407/407 5229/4067/4073 5230/4048/4054
f 5236/406/406 5229/4067/4073 5237/407/407
f 2659/4124/4130 2660/2174/2175 2656/2190/2191
f 2657/2173/2174 2661/2205/2206 2655/2191/2192
f 2665/2203/2204 2658/4123/4129 2653/2204/2205
f 2659/4124/4130 2666/2175/2176 2660/2174/2175
f 2665/2203/2204 2667/4125/4131 2658/4123/4129
f 2658/4123/4129 2667/4125/4131 2659/4124/4130
f 2667/4125/4131 2657/2173/2174 2666/2175/2176
f 2668/4126/4132 2661/2205/2206 2657/2173/2174
f 5225/448/448 5226/4107/4113 5235/4100/4106
f 2659/4124/4130 2667/4125/4131 2666/2175/2176
f 2671/2193/2194 2668/4126/4132 2657/2173/2174
f 2668/4126/4132 2669/4127/4133 2661/2205/2206
f 2661/2205/2206 2669/4127/4133 2664/2197/2198
f 5223/450/450 5225/448/448 5235/4100/4106
f 2667/4125/4131 2671/2193/2194 2657/2173/2174
f 2670/2184/2185 2671/2193/2194 2667/4125/4131
f 2671/2193/2194 2672/2195/2196 2668/4126/4132
f 2668/4126/4132 2672/2195/2196 2669/4127/4133
f 2670/2184/2185 2674/2194/2195 2671/2193/2194
f 5231/4045/4051 5233/408/408 5232/4071/4077
f 5238/4103/4109 5230/4048/4054 5231/4045/4051
f 2673/2183/2184 2674/2194/2195 2670/2184/2185
f 2670/2184/2185 2665/2203/2204 2675/2182/2183
f 5226/4107/4113 5228/447/447 5229/4067/4073
f 5227/449/449 5228/447/447 5226/4107/4113
f 5225/448/448 5227/449/449 5226/4107/4113
f 2665/2203/2204 2670/2184/2185 2667/4125/4131
f 2676/4128/4134 2678/4129/4135 2677/4130/4136
f 2676/4128/4134 2679/2149/2150 2678/4129/4135
f 2682/2142/2143 2733/4131/4137 2683/2141/2142
f 2683/2141/2142 2685/4132/4138 2684/2139/2140
f 2685/4132/4138 2686/2155/2156 2684/2139/2140
f 2690/2153/2154 2686/2155/2156 2687/4133/4139
f 2696/2148/2149 2678/4129/4135 2679/2149/2150
f 5220/465/465 5221/4068/4074 5222/453/453
f 2682/2142/2143 2683/2141/2142 2689/2140/2141
f 2684/2139/2140 2686/2155/2156 2693/2154/2155
f 5218/4070/4076 5220/465/465 5219/4106/4112
f 2690/2153/2154 2692/4134/4140 2693/2154/2155
f 2693/2154/2155 2694/4135/4141 2684/2139/2140
f 2694/4135/4141 2689/2140/2141 2684/2139/2140
f 2682/2142/2143 2689/2140/2141 2695/4136/4142
f 2682/2142/2143 2695/4136/4142 2681/2143/2144
f 2695/4136/4142 2699/4137/4143 2681/2143/2144
f 2681/2143/2144 2699/4137/4143 2680/2147/2148
f 2696/2148/2149 2697/4138/4144 2678/4129/4135
f 5217/4139/4145 5218/4070/4076 5219/4106/4112
f 2691/4140/4146 2692/4134/4140 2690/2153/2154
f 2691/4140/4146 2698/4141/4147 2692/4134/4140
f 5110/4142/4148 5201/608/608 5196/607/607
f 5176/4143/4149 5143/4144/4150 5141/598/598
f 2692/4134/4140 2698/4141/4147 2693/2154/2155
f 5144/4145/4151 5143/4144/4150 5176/4143/4149
f 2694/4135/4141 2700/4146/4152 2689/2140/2141
f 5140/603/603 5134/590/590 5125/553/553
f 5143/4144/4150 5134/590/590 5140/603/603
f 2701/4147/4153 2694/4135/4141 2698/4141/4147
f 2689/2140/2141 2700/4146/4152 2695/4136/4142
f 2695/4136/4142 2700/4146/4152 2699/4137/4143
f 2700/4146/4152 2702/4148/4154 2699/4137/4143
f 2699/4137/4143 2713/4149/4155 2680/2147/2148
f 2713/4149/4155 2696/2148/2149 2680/2147/2148
f 2703/4150/4156 2696/2148/2149 2713/4149/4155
f 5118/611/611 5151/610/610 5216/4151/4157
f 5116/4152/4158 5118/611/611 5216/4151/4157
f 5213/4153/4159 5214/4154/4160 5215/601/601
f 5145/558/558 5144/4145/4151 5176/4143/4149
f 2650/4116/4122 2705/4155/4161 2704/2202/2203
f 2704/2202/2203 2675/2182/2183 2665/2203/2204
f 2653/2204/2205 2649/4114/4120 2650/4116/4122
f 5156/4156/4162 5122/4157/4163 5120/4158/4164
f 5124/4159/4165 5123/592/592 5157/551/551
f 2693/2154/2155 2698/4141/4147 2694/4135/4141
f 5146/4160/4166 5148/4161/4167 5142/591/591
f 2652/4115/4121 2650/4116/4122 2649/4114/4120
f 2650/4116/4122 2706/4122/4128 2705/4155/4161
f 2705/4155/4161 2707/4162/4168 2708/4163/4169
f 2708/4163/4169 2707/4162/4168 2709/4164/4170
f 5175/557/557 5146/4160/4166 5145/558/558
f 5148/4161/4167 5146/4160/4166 5175/557/557
f 2710/4165/4171 2708/4163/4169 2711/4166/4172
f 2711/4166/4172 2708/4163/4169 2709/4164/4170
f 2710/4165/4171 2675/2182/2183 2708/4163/4169
f 5173/530/530 5148/4161/4167 5174/528/528
f 5149/4167/4173 5148/4161/4167 5173/530/530
f 2675/2182/2183 2710/4165/4171 2673/2183/2184
f 5199/4168/4174 5192/545/545 5201/608/608
f 2650/4116/4122 2704/2202/2203 2653/2204/2205
f 5194/4169/4175 5172/4170/4176 5190/4171/4177
f 5191/4172/4178 5172/4170/4176 5194/4169/4175
f 5194/4169/4175 5195/4173/4179 5191/4172/4178
f 5187/529/529 5194/4169/4175 5190/4171/4177
f 5139/535/535 5184/534/534 5183/4174/4180
f 5154/609/609 5118/611/611 5119/4175/4181
f 5120/4158/4164 5154/609/609 5119/4175/4181
f 5213/4153/4159 5212/4176/4182 5214/4154/4160
f 5183/4174/4180 5182/517/517 5138/516/516
f 5139/535/535 5183/4174/4180 5138/516/516
f 5160/549/549 5208/4177/4183 5215/601/601
f 5213/4153/4159 5215/601/601 5208/4177/4183
f 2713/4149/4155 2712/4178/4184 2714/4179/4185
f 2679/2149/2150 2715/4180/4186 2716/4181/4187
f 5206/613/613 5212/4176/4182 5213/4153/4159
f 2679/2149/2150 2718/4182/4188 2680/2147/2148
f 2718/4182/4188 2681/2143/2144 2680/2147/2148
f 2718/4182/4188 2743/2144/2145 2681/2143/2144
f 2743/2144/2145 2719/4183/4189 2682/2142/2143
f 2719/4183/4189 2733/4131/4137 2682/2142/2143
f 2683/2141/2142 2720/2146/2147 2685/4132/4138
f 2685/4132/4138 2721/4184/4190 2686/2155/2156
f 2721/4184/4190 2759/4185/4191 2687/4133/4139
f 5211/4186/4192 5212/4176/4182 5206/613/613
f 2687/4133/4139 2686/2155/2156 2721/4184/4190
f 5205/4187/4193 5211/4186/4192 5206/613/613
f 2759/4185/4191 2723/4188/4194 2688/4189/4195
f 2688/4189/4195 2687/4133/4139 2759/4185/4191
f 2676/4128/4134 2715/4180/4186 2679/2149/2150
f 5163/4190/4196 5162/4191/4197 5210/4192/4198
f 2723/4188/4194 2759/4185/4191 2722/4193/4199
f 5160/549/549 5157/551/551 5207/614/614
f 2724/2145/2146 2725/4194/4200 2726/4195/4201
f 2725/4194/4200 2727/4196/4202 2726/4195/4201
f 2727/4196/4202 2729/4197/4203 2728/4198/4204
f 2733/4131/4137 2724/2145/2146 2683/2141/2142
f 2724/2145/2146 2733/4131/4137 2725/4194/4200
f 2729/4197/4203 2730/4199/4205 2728/4198/4204
f 2729/4197/4203 2734/4200/4206 2730/4199/4205
f 2746/4201/4207 2736/4202/4208 2737/4203/4209
f 2738/2161/2162 2729/4197/4203 2727/4196/4202
f 2725/4194/4200 2733/4131/4137 2739/4204/4210
f 5210/4192/4198 5160/549/549 5209/602/602
f 2725/4194/4200 2739/4204/4210 2727/4196/4202
f 2738/2161/2162 2734/4200/4206 2729/4197/4203
f 5209/602/602 5163/4190/4196 5210/4192/4198
f 2739/4204/4210 2740/4205/4211 2727/4196/4202
f 2740/4205/4211 2738/2161/2162 2727/4196/4202
f 2741/4206/4212 2734/4200/4206 2742/2160/2161
f 2734/4200/4206 2738/2161/2162 2742/2160/2161
f 2738/2161/2162 2740/4205/4211 2744/2162/2163
f 2739/4204/4210 2733/4131/4137 2719/4183/4189
f 2719/4183/4189 2743/2144/2145 2739/4204/4210
f 2739/4204/4210 2743/2144/2145 2740/4205/4211
f 2741/4206/4212 2746/4201/4207 2735/4207/4213
f 5207/614/614 5208/4177/4183 5160/549/549
f 2740/4205/4211 2743/2144/2145 2744/2162/2163
f 2743/2144/2145 2747/4208/4214 2744/2162/2163
f 2745/2163/2164 2741/4206/4212 2742/2160/2161
f 2747/4208/4214 2748/4209/4215 2744/2162/2163
f 2744/2162/2163 2748/4209/4215 2745/2163/2164
f 2745/2163/2164 2749/4210/4216 2741/4206/4212
f 2741/4206/4212 2749/4210/4216 2746/4201/4207
f 2749/4210/4216 2736/4202/4208 2746/4201/4207
f 2747/4208/4214 2718/4182/4188 2748/4209/4215
f 2717/4211/4217 2745/2163/2164 2748/4209/4215
f 2718/4182/4188 2717/4211/4217 2748/4209/4215
f 2745/2163/2164 2717/4211/4217 2749/4210/4216
f 2749/4210/4216 2717/4211/4217 2736/4202/4208
f 5213/4153/4159 5208/4177/4183 5207/614/614
f 2718/4182/4188 2747/4208/4214 2743/2144/2145
f 5206/613/613 5213/4153/4159 5207/614/614
f 5171/612/612 5205/4187/4193 5206/613/613
f 5170/4212/4218 5205/4187/4193 5171/612/612
f 2746/4201/4207 2737/4203/4209 2735/4207/4213
f 5184/534/534 5133/533/533 5186/4213/4219
f 2735/4207/4213 2750/4214/4220 2734/4200/4206
f 2751/4215/4221 2732/4216/4222 2730/4199/4205
f 2732/4216/4222 2731/4217/4223 2730/4199/4205
f 5138/516/516 5132/4218/4224 5139/535/535
f 2751/4215/4221 2730/4199/4205 2750/4214/4220
f 2750/4214/4220 2730/4199/4205 2734/4200/4206
f 2731/4217/4223 2752/2157/2158 2730/4199/4205
f 2752/2157/2158 2753/2159/2160 2730/4199/4205
f 2730/4199/4205 2753/2159/2160 2728/4198/4204
f 5180/515/515 5137/600/600 5138/516/516
f 2726/4195/4201 2754/4219/4225 2724/2145/2146
f 2724/2145/2146 2754/4219/4225 2720/2146/2147
f 5204/604/604 5137/600/600 5180/515/515
f 5141/598/598 5137/600/600 5204/604/604
f 2753/2159/2160 2726/4195/4201 2728/4198/4204
f 2755/4220/4226 2754/4219/4225 2726/4195/4201
f 2754/4219/4225 2721/4184/4190 2685/4132/4138
f 5176/4143/4149 5141/598/598 5204/604/604
f 2755/4220/4226 2726/4195/4201 2753/2159/2160
f 2722/4193/4199 2759/4185/4191 2757/4221/4227
f 2759/4185/4191 2756/4222/4228 2757/4221/4227
f 2757/4221/4227 2756/4222/4228 2758/4223/4229
f 2756/4222/4228 2755/4220/4226 2753/2159/2160
f 5176/4143/4149 5204/604/604 5178/606/606
f 2759/4185/4191 2755/4220/4226 2756/4222/4228
f 2755/4220/4226 2721/4184/4190 2754/4219/4225
f 5183/4174/4180 5198/4224/4230 5203/4225/4231
f 5197/4226/4232 5183/4174/4180 5203/4225/4231
f 5202/4227/4233 5197/4226/4232 5203/4225/4231
f 5196/607/607 5197/4226/4232 5202/4227/4233
f 5110/4142/4148 5196/607/607 5202/4227/4233
f 2755/4220/4226 2759/4185/4191 2721/4184/4190
f 5111/4228/4234 5201/608/608 5110/4142/4148
f 5199/4168/4174 5201/608/608 5111/4228/4234
f 2644/4113/4119 2760/4229/4235 2645/4117/4123
f 2760/4229/4235 2763/2200/2201 2761/4230/4236
f 2644/4113/4119 2764/4231/4237 2760/4229/4235
f 2764/4231/4237 2763/2200/2201 2760/4229/4235
f 2763/2200/2201 2765/2199/2200 2762/4232/4238
f 2765/2199/2200 2766/4233/4239 2762/4232/4238
f 5194/4169/4175 5200/4234/4240 5195/4173/4179
f 2764/4231/4237 2767/2201/2202 2763/2200/2201
f 5193/4235/4241 5200/4234/4240 5194/4169/4175
f 2766/4233/4239 2768/4236/4242 2769/4237/4243
f 2767/2201/2202 2764/4231/4237 2771/4238/4244
f 2772/4112/4118 2773/2188/2189 2771/4238/4244
f 2771/4238/4244 2775/2189/2190 2767/2201/2202
f 5192/545/545 5199/4168/4174 5193/4235/4241
f 2643/4111/4117 2773/2188/2189 2772/4112/4118
f 2767/2201/2202 2768/4236/4242 2765/2199/2200
f 5192/545/545 5193/4235/4241 5188/543/543
f 2773/2188/2189 2775/2189/2190 2771/4238/4244
f 2775/2189/2190 2776/4239/4245 2767/2201/2202
f 2767/2201/2202 2776/4239/4245 2768/4236/4242
f 5183/4174/4180 5184/534/534 5185/4240/4246
f 2774/2186/2187 2776/4239/4245 2775/2189/2190
f 5198/4224/4230 5183/4174/4180 5185/4240/4246
f 5182/517/517 5183/4174/4180 5197/4226/4232
f 5181/4241/4247 5182/517/517 5197/4226/4232
f 5196/607/607 5181/4241/4247 5197/4226/4232
f 2645/4117/4123 2777/4242/4248 2646/4118/4124
f 5192/545/545 5181/4241/4247 5196/607/607
f 5179/605/605 5181/4241/4247 5192/545/545
f 5193/4235/4241 5194/4169/4175 5187/529/529
f 5189/4243/4249 5193/4235/4241 5187/529/529
f 2761/4230/4236 2777/4242/4248 2760/4229/4235
f 5188/543/543 5193/4235/4241 5189/4243/4249
f 2777/4242/4248 2645/4117/4123 2760/4229/4235
f 2646/4118/4124 2777/4242/4248 2648/4120/4126
f 2726/4195/4201 2727/4196/4202 2728/4198/4204
f 2766/4233/4239 2765/2199/2200 2768/4236/4242
f 5192/545/545 5177/544/544 5179/605/605
f 2645/4117/4123 2652/4115/4121 2644/4113/4119
f 2772/4112/4118 2771/4238/4244 2644/4113/4119
f 2764/4231/4237 2644/4113/4119 2771/4238/4244
f 5177/544/544 5178/606/606 5179/605/605
f 5172/4170/4176 5191/4172/4178 5150/4244/4250
f 2651/4245/4251 2778/4246/4252 2647/4119/4125
f 2778/4246/4252 2706/4122/4128 2647/4119/4125
f 5190/4171/4177 5172/4170/4176 5173/530/530
f 5187/529/529 5190/4171/4177 5173/530/530
f 2650/4116/4122 2646/4118/4124 2706/4122/4128
f 5188/543/543 5189/4243/4249 5187/529/529
f 5175/557/557 5188/543/543 5187/529/529
f 2706/4122/4128 2779/4247/4253 2707/4162/4168
f 5177/544/544 5188/543/543 5175/557/557
f 2707/4162/4168 2705/4155/4161 2706/4122/4128
f 2706/4122/4128 2778/4246/4252 2779/4247/4253
f 5175/557/557 5187/529/529 5174/528/528
f 2708/4163/4169 2675/2182/2183 2704/2202/2203
f 5184/534/534 5186/4213/4219 5185/4240/4246
f 2761/4230/4236 2763/2200/2201 2777/4242/4248
f 5181/4241/4247 5180/515/515 5182/517/517
f 5179/605/605 5180/515/515 5181/4241/4247
f 5204/604/604 5180/515/515 5179/605/605
f 2763/2200/2201 2762/4232/4238 2777/4242/4248
f 5177/544/544 5176/4143/4149 5178/606/606
f 5145/558/558 5176/4143/4149 5177/544/544
f 2756/4222/4228 2753/2159/2160 2758/4223/4229
f 2758/4223/4229 2753/2159/2160 2780/4248/4254
f 5174/528/528 5148/4161/4167 5175/557/557
f 2753/2159/2160 2781/2158/2159 2780/4248/4254
f 5172/4170/4176 5149/4167/4173 5173/530/530
f 2690/2153/2154 2687/4133/4139 2691/4140/4146
f 5152/4249/4255 5150/4244/4250 5191/4172/4178
f 5158/4250/4256 5170/4212/4218 5171/612/612
f 5169/4251/4257 5170/4212/4218 5158/4250/4256
f 5156/4156/4162 5169/4251/4257 5158/4250/4256
f 5168/4252/4258 5169/4251/4257 5156/4156/4162
f 5155/4253/4259 5168/4252/4258 5156/4156/4162
f 5155/4253/4259 5167/4254/4260 5168/4252/4258
f 5156/4156/4162 5120/4158/4164 5119/4175/4181
f 5162/4191/4197 5165/4255/4261 5161/4256/4262
f 2679/2149/2150 2716/4181/4187 2718/4182/4188
f 2718/4182/4188 2716/4181/4187 2717/4211/4217
f 5165/4255/4261 5162/4191/4197 5164/4257/4263
f 5164/4257/4263 5166/4258/4264 5165/4255/4261
f 2712/4178/4184 2713/4149/4155 2782/4259/4265
f 2713/4149/4155 2699/4137/4143 2782/4259/4265
f 2699/4137/4143 2702/4148/4154 2782/4259/4265
f 5161/4256/4262 5165/4255/4261 5130/4260/4266
f 2702/4148/4154 2700/4146/4152 2782/4259/4265
f 5130/4260/4266 5166/4258/4264 5131/4261/4267
f 5165/4255/4261 5166/4258/4264 5130/4260/4266
f 2694/4135/4141 2701/4147/4153 2700/4146/4152
f 5161/4256/4262 5130/4260/4266 5129/4262/4268
f 2640/2192/2193 2783/4263/4269 2774/2186/2187
f 2783/4263/4269 2784/4264/4270 2776/4239/4245
f 2784/4264/4270 2787/4265/4271 2776/4239/4245
f 2787/4265/4271 2768/4236/4242 2776/4239/4245
f 5159/4266/4272 5161/4256/4262 5129/4262/4268
f 5126/550/550 5159/4266/4272 5127/554/554
f 5162/4191/4197 5163/4190/4196 5164/4257/4263
f 5210/4192/4198 5162/4191/4197 5161/4256/4262
f 2754/4219/4225 2685/4132/4138 2720/2146/2147
f 5159/4266/4272 5210/4192/4198 5161/4256/4262
f 5160/549/549 5210/4192/4198 5159/4266/4272
f 5126/550/550 5160/549/549 5159/4266/4272
f 2640/2192/2193 2655/2191/2192 2783/4263/4269
f 2784/4264/4270 2639/4110/4116 2785/4267/4273
f 2785/4267/4273 2786/4268/4274 2784/4264/4270
f 5122/4157/4163 5171/612/612 5207/614/614
f 5158/4250/4256 5171/612/612 5122/4157/4163
f 2774/2186/2187 2783/4263/4269 2776/4239/4245
f 5122/4157/4163 5156/4156/4162 5158/4250/4256
f 5157/551/551 5126/550/550 5124/4159/4165
f 5123/592/592 5207/614/614 5157/551/551
f 5122/4157/4163 5207/614/614 5123/592/592
f 2663/2196/2197 2639/4110/4116 2783/4263/4269
f 2783/4263/4269 2639/4110/4116 2784/4264/4270
f 5120/4158/4164 5122/4157/4163 5121/597/597
f 5155/4253/4259 5156/4156/4162 5119/4175/4181
f 2785/4267/4273 2639/4110/4116 2638/4109/4115
f 5117/4269/4275 5155/4253/4259 5119/4175/4181
f 5118/611/611 5117/4269/4275 5119/4175/4181
f 5154/609/609 5150/4244/4250 5151/610/610
f 2786/4268/4274 2787/4265/4271 2784/4264/4270
f 5147/4270/4276 5134/590/590 5153/4271/4277
f 2708/4163/4169 2704/2202/2203 2705/4155/4161
f 5153/4271/4277 5134/590/590 5143/4144/4150
f 5149/4167/4173 5150/4244/4250 5154/609/609
f 5121/597/597 5149/4167/4173 5154/609/609
f 5142/591/591 5149/4167/4173 5121/597/597
f 5146/4160/4166 5142/591/591 5147/4270/4276
f 5144/4145/4151 5147/4270/4276 5153/4271/4277
f 5143/4144/4150 5144/4145/4151 5153/4271/4277
f 5150/4244/4250 5152/4249/4255 5151/610/610
f 2750/4214/4220 2735/4207/4213 2737/4203/4209
f 5149/4167/4173 5172/4170/4176 5150/4244/4250
f 5148/4161/4167 5149/4167/4173 5142/591/591
f 5144/4145/4151 5146/4160/4166 5147/4270/4276
f 5145/558/558 5146/4160/4166 5144/4145/4151
f 2769/4237/4243 2787/4265/4271 2770/4272/4278
f 2769/4237/4243 2768/4236/4242 2787/4265/4271
f 5141/598/598 5143/4144/4150 5140/603/603
f 2734/4200/4206 2741/4206/4212 2735/4207/4213
f 5137/600/600 5131/4261/4267 5138/516/516
f 2783/4263/4269 2655/2191/2192 2663/2196/2197
f 2788/4273/4279 2853/4274/4280 2789/2137/2138
f 2850/2138/2139 2791/4275/4281 2790/2136/2137
f 2792/2123/2124 2850/2138/2139 2793/2108/2109
f 2798/4276/4282 2799/4277/4283 2800/4278/4284
f 5134/590/590 5147/4270/4276 5142/591/591
f 2792/2123/2124 2793/2108/2109 2801/4279/4285
f 2801/4279/4285 2793/2108/2109 2794/2105/2106
f 2794/2105/2106 2795/2107/2108 2802/2104/2105
f 2795/2107/2108 2796/4280/4286 2802/2104/2105
f 2802/2104/2105 2796/4280/4286 2797/2102/2103
f 2796/4280/4286 2849/4281/4287 2797/2102/2103
f 2849/4281/4287 2798/4276/4282 2797/2102/2103
f 2798/4276/4282 2800/4278/4284 2797/2102/2103
f 2803/2087/2088 2804/2089/2090 2791/4275/4281
f 2816/4282/4288 2805/2119/2120 2804/2089/2090
f 2808/4283/4289 2809/4284/4290 2799/4277/4283
f 2809/4284/4290 2800/4278/4284 2799/4277/4283
f 2800/4278/4284 2810/4285/4291 2797/2102/2103
f 2794/2105/2106 2813/4286/4292 2801/4279/4285
f 2801/4279/4285 2812/2124/2125 2792/2123/2124
f 2797/2102/2103 2818/4287/4293 2811/2103/2104
f 2811/2103/2104 2813/4286/4292 2794/2105/2106
f 2813/4286/4292 2819/2110/2111 2801/4279/4285
f 2819/2110/2111 2812/2124/2125 2801/4279/4285
f 2814/2122/2123 2815/2128/2129 2792/2123/2124
f 2792/2123/2124 2815/2128/2129 2803/2087/2088
f 2810/4285/4291 2818/4287/4293 2797/2102/2103
f 2811/2103/2104 2819/2110/2111 2813/4286/4292
f 2819/2110/2111 2814/2122/2123 2812/2124/2125
f 2820/2088/2089 2816/4282/4288 2804/2089/2090
f 2822/4288/4294 2814/2122/2123 2819/2110/2111
f 2826/4289/4295 2819/2110/2111 2811/2103/2104
f 2818/4287/4293 2810/4285/4291 2823/4290/4296
f 2810/4285/4291 2800/4278/4284 2823/4290/4296
f 2823/4290/4296 2800/4278/4284 2809/4284/4290
f 2824/4291/4297 2825/4292/4298 2809/4284/4290
f 2818/4287/4293 2826/4289/4295 2811/2103/2104
f 2829/2109/2110 2814/2122/2123 2822/4288/4294
f 2826/4289/4295 2828/2111/2112 2819/2110/2111
f 2819/2110/2111 2829/2109/2110 2822/4288/4294
f 2814/2122/2123 2829/2109/2110 2815/2128/2129
f 2829/2109/2110 2821/2129/2130 2815/2128/2129
f 2803/2087/2088 2821/2129/2130 2820/2088/2089
f 2821/2129/2130 2830/4293/4299 2820/2088/2089
f 2831/4294/4300 2829/2109/2110 2828/2111/2112
f 2831/4294/4300 2832/4295/4301 2829/2109/2110
f 2829/2109/2110 2832/4295/4301 2821/2129/2130
f 2832/4295/4301 2830/4293/4299 2821/2129/2130
f 2830/4293/4299 2833/4296/4302 2820/2088/2089
f 2820/2088/2089 2833/4296/4302 2827/4297/4303
f 2832/4295/4301 2836/2127/2128 2830/4293/4299
f 2833/4296/4302 2834/4298/4304 2827/4297/4303
f 2834/4298/4304 2817/4299/4305 2827/4297/4303
f 5128/4300/4306 5137/600/600 5136/599/599
f 2831/4294/4300 2835/2125/2126 2832/4295/4301
f 2830/4293/4299 2836/2127/2128 2833/4296/4302
f 2835/2125/2126 2836/2127/2128 2832/4295/4301
f 2836/2127/2128 2837/2126/2127 2833/4296/4302
f 5135/4301/4307 5136/599/599 5140/603/603
f 2837/2126/2127 2839/4302/4308 2833/4296/4302
f 2839/4302/4308 2834/4298/4304 2833/4296/4302
f 5125/553/553 5135/4301/4307 5140/603/603
f 5132/4218/4224 5133/533/533 5139/535/535
f 2835/2125/2126 2839/4302/4308 2837/2126/2127
f 2838/2135/2136 2831/4294/4300 2841/4303/4309
f 2841/4303/4309 2831/4294/4300 2828/2111/2112
f 5138/516/516 5131/4261/4267 5132/4218/4224
f 5137/600/600 5130/4260/4266 5131/4261/4267
f 2835/2125/2126 2831/4294/4300 2838/2135/2136
f 5128/4300/4306 5130/4260/4266 5137/600/600
f 5129/4262/4268 5130/4260/4266 5128/4300/4306
f 2828/2111/2112 2826/4289/4295 2841/4303/4309
f 5136/599/599 5127/554/554 5128/4300/4306
f 5135/4301/4307 5127/554/554 5136/599/599
f 2818/4287/4293 2841/4303/4309 2826/4289/4295
f 5125/553/553 5127/554/554 5135/4301/4307
f 2809/4284/4290 2825/4292/4298 2842/4304/4310
f 5123/592/592 5124/4159/4165 5134/590/590
f 2842/4304/4310 2843/4305/4311 2809/4284/4290
f 2843/4305/4311 2844/4306/4312 2823/4290/4296
f 2823/4290/4296 2841/4303/4309 2818/4287/4293
f 2844/4306/4312 2845/4307/4313 2823/4290/4296
f 2823/4290/4296 2845/4307/4313 2841/4303/4309
f 2789/2137/2138 2847/4308/4314 2850/2138/2139
f 5131/4261/4267 5166/4258/4264 5132/4218/4224
f 2796/4280/4286 2846/4309/4315 2849/4281/4287
f 2847/4308/4314 2851/4310/4316 2850/2138/2139
f 2793/2108/2109 2850/2138/2139 2851/4310/4316
f 2847/4308/4314 2846/4309/4315 2851/4310/4316
f 5159/4266/4272 5129/4262/4268 5128/4300/4306
f 2795/2107/2108 2846/4309/4315 2796/4280/4286
f 2848/4311/4317 2799/4277/4283 2849/4281/4287
f 5127/554/554 5159/4266/4272 5128/4300/4306
f 2851/4310/4316 2795/2107/2108 2793/2108/2109
f 5124/4159/4165 5126/550/550 5125/553/553
f 5134/590/590 5124/4159/4165 5125/553/553
f 2850/2138/2139 2792/2123/2124 2791/4275/4281
f 5121/597/597 5122/4157/4163 5123/592/592
f 2847/4308/4314 2853/4274/4280 2852/4312/4318
f 5154/609/609 5120/4158/4164 5121/597/597
f 2789/2137/2138 2853/4274/4280 2847/4308/4314
f 5117/4269/4275 5118/611/611 5116/4152/4158
f 2851/4310/4316 2846/4309/4315 2795/2107/2108
f 5111/4228/4234 5114/4313/4319 5112/4314/4320
f 5111/4228/4234 5113/4315/4321 5114/4313/4319
f 2844/4306/4312 2854/4316/4322 2845/4307/4313
f 2845/4307/4313 2838/2135/2136 2841/4303/4309
f 5110/4142/4148 5113/4315/4321 5111/4228/4234
f 2854/4316/4322 2855/2084/2085 2845/4307/4313
f 2855/2084/2085 2840/2086/2087 2845/4307/4313
f 5115/4317/4323 5113/4315/4321 5110/4142/4148
f 5109/4318/4324 5115/4317/4323 5110/4142/4148
f 5193/4235/4241 5112/4314/4320 5200/4234/4240
f 5199/4168/4174 5112/4314/4320 5193/4235/4241
f 5111/4228/4234 5112/4314/4320 5199/4168/4174
f 2823/4290/4296 2809/4284/4290 2843/4305/4311
f 5021/4319/4325 5047/4320/4326 5035/4321/4327
f 2856/4322/4328 2857/2118/2119 2806/2117/2118
f 5107/4323/4329 5017/663/663 5097/662/662
f 5017/663/663 5107/4323/4329 5019/4324/4330
f 5004/616/616 5006/4325/4331 5005/617/617
f 5104/626/626 5103/625/625 5101/664/664
f 5001/4326/4332 5104/626/626 5078/651/651
f 2858/4327/4333 2859/4328/4334 2789/2137/2138
f 5001/4326/4332 5000/4329/4335 5106/4330/4336
f 5105/624/624 5001/4326/4332 5106/4330/4336
f 2860/4331/4337 2788/4273/4279 2859/4328/4334
f 2859/4328/4334 2788/4273/4279 2789/2137/2138
f 5104/626/626 5001/4326/4332 5105/624/624
f 2848/4311/4317 2849/4281/4287 2846/4309/4315
f 5101/664/664 5076/649/649 5078/651/651
f 2817/4299/4305 2861/4332/4338 2827/4297/4303
f 2827/4297/4303 2861/4332/4338 2816/4282/4288
f 2816/4282/4288 2861/4332/4338 2805/2119/2120
f 5104/626/626 5101/664/664 5078/651/651
f 2861/4332/4338 2806/2117/2118 2805/2119/2120
f 5101/664/664 5103/625/625 5102/659/659
f 5074/658/658 5101/664/664 5102/659/659
f 2789/2137/2138 2862/2098/2099 2858/4327/4333
f 2862/2098/2099 2863/2100/2101 2858/4327/4333
f 2862/2098/2099 2804/2089/2090 2805/2119/2120
f 2804/2089/2090 2862/2098/2099 2790/2136/2137
f 2806/2117/2118 2807/4333/4339 2856/4322/4328
f 5004/616/616 5078/651/651 5075/650/650
f 2846/4309/4315 2852/4312/4318 2848/4311/4317
f 2846/4309/4315 2847/4308/4314 2852/4312/4318
f 5077/660/660 5062/4334/4340 5064/4335/4341
f 2803/2087/2088 2791/4275/4281 2792/2123/2124
f 5048/4336/4342 5050/4337/4343 5051/4338/4344
f 2862/2098/2099 2789/2137/2138 2790/2136/2137
f 5015/4339/4345 5016/4340/4346 5049/4341/4347
f 5050/4337/4343 5048/4336/4342 5059/4342/4348
f 2804/2089/2090 2790/2136/2137 2791/4275/4281
f 5048/4336/4342 5100/4343/4349 5059/4342/4348
f 5015/4339/4345 5100/4343/4349 5048/4336/4342
f 5015/4339/4345 5049/4341/4347 5100/4343/4349
f 2866/4344/4350 2867/2079/2080 2865/2080/2081
f 2882/2076/2077 2868/2075/2076 2899/2074/2075
f 2899/2074/2075 2869/2073/2074 2870/4345/4351
f 2870/4345/4351 2869/2073/2074 2902/2041/2042
f 2902/2041/2042 2869/2073/2074 2871/2039/2040
f 2869/2073/2074 2873/4346/4352 2871/2039/2040
f 5089/4347/4353 5069/4348/4354 5091/4349/4355
f 2868/2075/2076 2872/4350/4356 2869/2073/2074
f 2872/4350/4356 2873/4346/4352 2869/2073/2074
f 5046/4351/4357 5043/642/642 5053/4352/4358
f 2875/4353/4359 2868/2075/2076 2876/4354/4360
f 2876/4354/4360 2868/2075/2076 2866/4344/4350
f 2868/2075/2076 2867/2079/2080 2866/4344/4350
f 5042/4355/4361 5053/4352/4358 5043/642/642
f 5067/4356/4362 5066/4357/4363 5094/4358/4364
f 2868/2075/2076 2882/2076/2077 2867/2079/2080
f 2878/2044/2045 2918/4359/4365 2879/4360/4366
f 2879/4360/4366 2929/4361/4367 2880/4362/4368
f 5060/637/637 5052/4363/4369 5057/4364/4370
f 5060/637/637 5057/4364/4370 5099/635/635
f 2880/4362/4368 2881/4365/4371 2879/4360/4366
f 2878/2044/2045 2933/4366/4372 2877/2042/2043
f 5098/4367/4373 5061/4368/4374 5060/637/637
f 5082/4369/4375 5086/4370/4376 5097/662/662
f 5014/661/661 5082/4369/4375 5097/662/662
f 2889/4371/4377 2885/4372/4378 2884/4373/4379
f 2886/2055/2056 2887/2057/2058 2929/4361/4367
f 2931/4374/4380 2930/2059/2060 2888/4375/4381
f 2882/2076/2077 2893/2078/2079 2889/4371/4377
f 2889/4371/4377 2898/4376/4382 2885/4372/4378
f 2885/4372/4378 2897/4377/4383 2886/2055/2056
f 2886/2055/2056 2897/4377/4383 2890/2056/2057
f 2890/2056/2057 2891/4378/4384 2930/2059/2060
f 2930/2059/2060 2892/4379/4385 2888/4375/4381
f 2893/2078/2079 2894/2072/2073 2889/4371/4377
f 2894/2072/2073 2898/4376/4382 2889/4371/4377
f 2885/4372/4378 2895/4380/4386 2897/4377/4383
f 2891/4378/4384 2892/4379/4385 2930/2059/2060
f 2892/4379/4385 2891/4378/4384 2896/4381/4387
f 2891/4378/4384 2890/2056/2057 2897/4377/4383
f 2895/4380/4386 2885/4372/4378 2898/4376/4382
f 2900/2077/2078 2882/2076/2077 2899/2074/2075
f 5013/4382/4388 5011/4383/4389 5010/4384/4390
f 2895/4380/4386 2898/4376/4382 2901/4385/4391
f 2893/2078/2079 2900/2077/2078 2894/2072/2073
f 2900/2077/2078 2907/2071/2072 2894/2072/2073
f 2894/2072/2073 2901/4385/4391 2898/4376/4382
f 2895/4380/4386 2914/2061/2062 2897/4377/4383
f 2896/4381/4387 2891/4378/4384 2915/4386/4392
f 2900/2077/2078 2899/2074/2075 2907/2071/2072
f 5014/661/661 5017/663/663 5015/4339/4345
f 2903/2040/2041 2871/2039/2040 2917/2047/2048
f 2902/2041/2042 2904/2046/2047 2870/4345/4351
f 2903/2040/2041 2904/2046/2047 2902/2041/2042
f 2905/4387/4393 2907/2071/2072 2870/4345/4351
f 2870/4345/4351 2907/2071/2072 2899/2074/2075
f 5012/4388/4394 5082/4369/4375 5014/661/661
f 5004/616/616 5003/615/615 5078/651/651
f 2906/4389/4395 2905/4387/4393 2904/2046/2047
f 2904/2046/2047 2905/4387/4393 2870/4345/4351
f 2906/4389/4395 2907/2071/2072 2905/4387/4393
f 5065/4390/4396 5066/4357/4363 5067/4356/4362
f 2910/2053/2054 2908/4391/4397 2904/2046/2047
f 2904/2046/2047 2908/4391/4397 2906/4389/4395
f 2906/4389/4395 2909/2062/2063 2907/2071/2072
f 5079/4392/4398 5095/4393/4399 5094/4358/4364
f 2904/2046/2047 2903/2040/2041 2917/2047/2048
f 2908/4391/4397 2912/2060/2061 2906/4389/4395
f 2906/4389/4395 2912/2060/2061 2909/2062/2063
f 2913/4394/4400 2912/2060/2061 2908/4391/4397
f 2901/4385/4391 2914/2061/2062 2895/4380/4386
f 5064/4335/4341 5063/4395/4401 5096/4396/4402
f 5066/4357/4363 5064/4335/4341 5096/4396/4402
f 2913/4394/4400 2914/2061/2062 2912/2060/2061
f 5079/4392/4398 5094/4358/4364 5066/4357/4363
f 2914/2061/2062 2915/4386/4392 2891/4378/4384
f 2914/2061/2062 2913/4394/4400 2915/4386/4392
f 5091/4349/4355 5092/640/640 5090/4397/4403
f 5092/640/640 5095/4393/4399 5087/638/638
f 2908/4391/4397 2910/2053/2054 2913/4394/4400
f 2916/4398/4404 2910/2053/2054 2911/2045/2046
f 5094/4358/4364 5095/4393/4399 5092/640/640
f 5091/4349/4355 5094/4358/4364 5092/640/640
f 2886/2055/2056 2929/4361/4367 2918/4359/4365
f 2929/4361/4367 2879/4360/4366 2918/4359/4365
f 2884/4373/4379 2883/2043/2044 2889/4371/4377
f 2885/4372/4378 2918/4359/4365 2884/4373/4379
f 2882/2076/2077 2877/2042/2043 2867/2079/2080
f 5080/4399/4405 5067/4356/4362 5094/4358/4364
f 2882/2076/2077 2883/2043/2044 2877/2042/2043
f 2883/2043/2044 2884/4373/4379 2918/4359/4365
f 5091/4349/4355 5080/4399/4405 5094/4358/4364
f 2918/4359/4365 2878/2044/2045 2883/2043/2044
f 5085/4400/4406 5093/639/639 5087/638/638
f 5090/4397/4403 5093/639/639 5085/4400/4406
f 5092/640/640 5093/639/639 5090/4397/4403
f 5091/4349/4355 5069/4348/4354 5080/4399/4405
f 2901/4385/4391 2909/2062/2063 2914/2061/2062
f 2910/2053/2054 2919/4401/4407 2913/4394/4400
f 5088/4402/4408 5089/4347/4353 5091/4349/4355
f 5090/4397/4403 5088/4402/4408 5091/4349/4355
f 2919/4401/4407 2920/4403/4409 2913/4394/4400
f 2920/4403/4409 2915/4386/4392 2913/4394/4400
f 5085/4400/4406 5088/4402/4408 5090/4397/4403
f 2920/4403/4409 2921/4404/4410 2915/4386/4392
f 5083/4405/4411 5071/4406/4412 5069/4348/4354
f 5089/4347/4353 5083/4405/4411 5069/4348/4354
f 2915/4386/4392 2922/4407/4413 2896/4381/4387
f 2896/4381/4387 2923/4408/4414 2892/4379/4385
f 2922/4407/4413 2923/4408/4414 2896/4381/4387
f 5081/4409/4415 5070/628/628 5071/4406/4412
f 5083/4405/4411 5081/4409/4415 5071/4406/4412
f 2922/4407/4413 2915/4386/4392 2921/4404/4410
f 5084/4410/4416 5083/4405/4411 5089/4347/4353
f 5088/4402/4408 5084/4410/4416 5089/4347/4353
f 5085/4400/4406 5084/4410/4416 5088/4402/4408
f 2909/2062/2063 2901/4385/4391 2894/2072/2073
f 5087/638/638 5082/4369/4375 5085/4400/4406
f 5086/4370/4376 5082/4369/4375 5087/638/638
f 5013/4382/4388 5085/4400/4406 5082/4369/4375
f 5084/4410/4416 5085/4400/4406 5013/4382/4388
f 5083/4405/4411 5084/4410/4416 5013/4382/4388
f 5081/4409/4415 5083/4405/4411 5013/4382/4388
f 2885/4372/4378 2886/2055/2056 2918/4359/4365
f 5013/4382/4388 5082/4369/4375 5012/4388/4394
f 2911/2045/2046 2917/2047/2048 2926/4411/4417
f 2911/2045/2046 2927/4412/4418 2916/4398/4404
f 2927/4412/4418 2928/4413/4419 2916/4398/4404
f 2916/4398/4404 2928/4413/4419 2924/4414/4420
f 2928/4413/4419 2925/4415/4421 2924/4414/4420
f 5010/4384/4390 5081/4409/4415 5013/4382/4388
f 5009/4416/4422 5081/4409/4415 5010/4384/4390
f 5070/628/628 5081/4409/4415 5009/4416/4422
f 5070/628/628 5009/4416/4422 5072/629/629
f 2889/4371/4377 2883/2043/2044 2882/2076/2077
f 5067/4356/4362 5080/4399/4405 5069/4348/4354
f 2911/2045/2046 2926/4411/4417 2927/4412/4418
f 5074/658/658 5077/660/660 5073/4417/4423
f 5076/649/649 5074/658/658 5068/4418/4424
f 5004/616/616 5075/650/650 5006/4325/4331
f 2930/2059/2060 2880/4362/4368 2929/4361/4367
f 2930/2059/2060 2931/4374/4380 2880/4362/4368
f 2929/4361/4367 2887/2057/2058 2930/2059/2060
f 2809/4284/4290 2808/4283/4289 2824/4291/4297
f 5073/4417/4423 5077/660/660 5064/4335/4341
f 5075/650/650 5076/649/649 5068/4418/4424
f 2879/4360/4366 2881/4365/4371 2878/2044/2045
f 2881/4365/4371 2932/4419/4425 2878/2044/2045
f 5006/4325/4331 5075/650/650 5070/628/628
f 5068/4418/4424 5074/658/658 5067/4356/4362
f 5075/650/650 5068/4418/4424 5069/4348/4354
f 2933/4366/4372 2934/4420/4426 2877/2042/2043
f 2934/4420/4426 2865/2080/2081 2877/2042/2043
f 5007/630/630 5006/4325/4331 5070/628/628
f 2933/4366/4372 2878/2044/2045 2932/4419/4425
f 5069/4348/4354 5070/628/628 5075/650/650
f 2933/4366/4372 2935/4421/4427 2934/4420/4426
f 5065/4390/4396 5067/4356/4362 5074/658/658
f 5073/4417/4423 5065/4390/4396 5074/658/658
f 5064/4335/4341 5065/4390/4396 5073/4417/4423
f 5069/4348/4354 5071/4406/4412 5070/628/628
f 5067/4356/4362 5069/4348/4354 5068/4418/4424
f 2816/4282/4288 2820/2088/2089 2827/4297/4303
f 5064/4335/4341 5066/4357/4363 5065/4390/4396
f 2919/4401/4407 2910/2053/2054 2924/4414/4420
f 2910/2053/2054 2916/4398/4404 2924/4414/4420
f 5063/4395/4401 5064/4335/4341 5062/4334/4340
f 5011/4383/4389 5032/4422/4428 5020/4423/4429
f 2868/2075/2076 2875/4353/4359 2936/4424/4430
f 5032/4422/4428 5011/4383/4389 5012/4388/4394
f 2798/4276/4282 2849/4281/4287 2799/4277/4283
f 5052/4363/4369 5061/4368/4374 5056/4425/4431
f 2936/4424/4430 2872/4350/4356 2868/2075/2076
f 5056/4425/4431 5055/4426/4432 5045/4427/4433
f 5060/637/637 5061/4368/4374 5052/4363/4369
f 5050/4337/4343 5059/4342/4348 5058/4428/4434
f 5057/4364/4370 5050/4337/4343 5058/4428/4434
f 5051/4338/4344 5050/4337/4343 5057/4364/4370
f 5052/4363/4369 5051/4338/4344 5057/4364/4370
f 5045/4427/4433 5052/4363/4369 5056/4425/4431
f 5055/4426/4432 5054/4429/4435 5053/4352/4358
f 5045/4427/4433 5055/4426/4432 5053/4352/4358
f 2864/4430/4436 2874/4431/4437 2865/2080/2081
f 2865/2080/2081 2874/4431/4437 2866/4344/4350
f 5053/4352/4358 5042/4355/4361 5045/4427/4433
f 5053/4352/4358 5054/4429/4435 5046/4351/4357
f 5036/632/632 5045/4427/4433 5042/4355/4361
f 2840/2086/2087 2838/2135/2136 2845/4307/4313
f 5052/4363/4369 5045/4427/4433 5035/4321/4327
f 5051/4338/4344 5052/4363/4369 5035/4321/4327
f 2835/2125/2126 2938/4432/4438 2839/4302/4308
f 5015/4339/4345 5048/4336/4342 5032/4422/4428
f 2835/2125/2126 2838/2135/2136 2938/4432/4438
f 2939/2134/2135 2840/2086/2087 2940/4433/4439
f 2940/4433/4439 2840/2086/2087 2937/2085/2086
f 2838/2135/2136 2939/2134/2135 2938/4432/4438
f 5016/4340/4346 5018/4434/4440 5049/4341/4347
f 2941/4435/4441 2939/2134/2135 2940/4433/4439
f 5047/4320/4326 5032/4422/4428 5048/4336/4342
f 5051/4338/4344 5047/4320/4326 5048/4336/4342
f 2862/2098/2099 2805/2119/2120 2942/2099/2100
f 2805/2119/2120 2857/2118/2119 2942/2099/2100
f 5035/4321/4327 5047/4320/4326 5051/4338/4344
f 2897/4377/4383 2914/2061/2062 2891/4378/4384
f 5045/4427/4433 5033/634/634 5035/4321/4327
f 5043/642/642 5044/4436/4442 5041/643/643
f 5046/4351/4357 5044/4436/4442 5043/642/642
f 5042/4355/4361 5043/642/642 5037/4437/4443
f 5033/634/634 5045/4427/4433 5036/632/632
f 2944/4438/4444 2960/4439/4445 2945/4440/4446
f 5041/643/643 5044/4436/4442 5039/4441/4447
f 2946/4442/4448 2945/4440/4446 2960/4439/4445
f 5037/4437/4443 5043/642/642 5040/641/641
f 2946/4442/4448 2948/4443/4449 2945/4440/4446
f 2948/4443/4449 2946/4442/4448 2949/4444/4450
f 5036/632/632 5042/4355/4361 5037/4437/4443
f 2960/4439/4445 2950/4445/4451 2951/1974/1975
f 2952/1973/1974 2980/1967/1968 2959/4446/4452
f 2984/1969/1970 2953/4447/4453 2959/4446/4452
f 2959/4446/4452 2953/4447/4453 2962/1989/1990
f 2953/4447/4453 2983/1977/1978 2954/4448/4454
f 5029/4449/4455 5041/643/643 5039/4441/4447
f 2956/4450/4456 2958/4451/4457 2955/4452/4458
f 2955/4452/4458 2958/4451/4457 2954/4448/4454
f 2954/4448/4454 2962/1989/1990 2953/4447/4453
f 2952/1973/1974 2960/4439/4445 2951/1974/1975
f 5038/4453/4459 5041/643/643 5029/4449/4455
f 2954/4448/4454 2961/4454/4460 2962/1989/1990
f 5040/641/641 5041/643/643 5038/4453/4459
f 5034/618/618 5040/641/641 5038/4453/4459
f 2958/4451/4457 2961/4454/4460 2954/4448/4454
f 2962/1989/1990 2952/1973/1974 2959/4446/4452
f 2960/4439/4445 2947/4455/4461 2946/4442/4448
f 5037/4437/4443 5040/641/641 5034/618/618
f 2961/4454/4460 2964/1990/1991 2962/1989/1990
f 2958/4451/4457 2963/4456/4462 2961/4454/4460
f 2963/4456/4462 2964/1990/1991 2961/4454/4460
f 2964/1990/1991 2960/4439/4445 2952/1973/1974
f 2964/1990/1991 2947/4455/4461 2960/4439/4445
f 5039/4441/4447 5028/4457/4463 5027/4458/4464
f 5029/4449/4455 5039/4441/4447 5027/4458/4464
f 2965/4459/4465 2964/1990/1991 2963/4456/4462
f 2958/4451/4457 2956/4450/4456 2963/4456/4462
f 5030/633/633 5037/4437/4443 5026/620/620
f 5036/632/632 5037/4437/4443 5030/633/633
f 2964/1990/1991 2965/4459/4465 2947/4455/4461
f 5021/4319/4325 5035/4321/4327 5033/634/634
f 5003/615/615 5029/4449/4455 5027/4458/4464
f 2967/1985/1986 2968/4460/4466 2969/1983/1984
f 2977/4461/4467 3013/4462/4468 2981/1978/1979
f 5034/618/618 5038/4453/4459 5029/4449/4455
f 2970/4463/4469 2971/4464/4470 2972/4465/4471
f 2972/4465/4471 2990/1964/1965 2980/1967/1968
f 2976/1971/1972 2977/4461/4467 2981/1978/1979
f 5037/4437/4443 5034/618/618 5026/620/620
f 2957/1980/1981 2985/1979/1980 2978/1981/1982
f 2978/1981/1982 2985/1979/1980 2981/1978/1979
f 2974/4466/4472 2980/1967/1968 2973/1966/1967
f 2981/1978/1979 2983/1977/1978 2976/1971/1972
f 2975/1970/1971 2984/1969/1970 2974/4466/4472
f 2980/1967/1968 2951/1974/1975 2972/4465/4471
f 2953/4447/4453 2976/1971/1972 2983/1977/1978
f 2953/4447/4453 2984/1969/1970 2976/1971/1972
f 2984/1969/1970 2959/4446/4452 2974/4466/4472
f 2974/4466/4472 2959/4446/4452 2980/1967/1968
f 5033/634/634 5031/631/631 5021/4319/4325
f 2983/1977/1978 2985/1979/1980 2955/4452/4458
f 2985/1979/1980 2957/1980/1981 2956/4450/4456
f 2985/1979/1980 2956/4450/4456 2955/4452/4458
f 2955/4452/4458 2954/4448/4454 2983/1977/1978
f 5020/4423/4429 5047/4320/4326 5021/4319/4325
f 5032/4422/4428 5047/4320/4326 5020/4423/4429
f 2978/1981/1982 2979/4467/4473 2982/1982/1983
f 2951/1974/1975 2970/4463/4469 2972/4465/4471
f 2943/4468/4474 2986/4469/4475 2950/4445/4451
f 2950/4445/4451 2986/4469/4475 2969/1983/1984
f 5023/4470/4476 5031/631/631 5030/633/633
f 5024/4471/4477 5023/4470/4476 5030/633/633
f 5026/620/620 5024/4471/4477 5030/633/633
f 2951/1974/1975 2950/4445/4451 2970/4463/4469
f 2970/4463/4469 2950/4445/4451 2969/1983/1984
f 5029/4449/4455 5025/619/619 5034/618/618
f 5003/615/615 5025/619/619 5029/4449/4455
f 2950/4445/4451 2960/4439/4445 2944/4438/4444
f 2944/4438/4444 2943/4468/4474 2950/4445/4451
f 5028/4457/4463 5002/4472/4478 5027/4458/4464
f 5003/615/615 5027/4458/4464 5002/4472/4478
f 2969/1983/1984 2986/4469/4475 2987/1984/1985
f 5026/620/620 5025/619/619 5024/4471/4477
f 2967/1985/1986 2966/4473/4479 2968/4460/4466
f 5023/4470/4476 5024/4471/4477 5005/617/617
f 2969/1983/1984 2988/4474/4480 2970/4463/4469
f 2988/4474/4480 2971/4464/4470 2970/4463/4469
f 2971/4464/4470 2989/1962/1963 2990/1964/1965
f 2992/4475/4481 3013/4462/4468 2977/4461/4467
f 5022/4476/4482 5031/631/631 5023/4470/4476
f 2978/1981/1982 2981/1978/1979 3013/4462/4468
f 2976/1971/1972 2975/1970/1971 2977/4461/4467
f 2977/4461/4467 2975/1970/1971 2992/4475/4481
f 2975/1970/1971 2974/4466/4472 2992/4475/4481
f 2974/4466/4472 2973/1966/1967 2992/4475/4481
f 2972/4465/4471 2971/4464/4470 2990/1964/1965
f 5008/4477/4483 5031/631/631 5022/4476/4482
f 5021/4319/4325 5031/631/631 5008/4477/4483
f 2990/1964/1965 2991/1965/1966 2973/1966/1967
f 2973/1966/1967 2991/1965/1966 2992/4475/4481
f 2995/4478/4484 3006/4479/4485 2996/4480/4486
f 2989/1962/1963 2971/4464/4470 2998/1987/1988
f 2971/4464/4470 2988/4474/4480 2999/4481/4487
f 2968/4460/4466 2988/4474/4480 2969/1983/1984
f 2971/4464/4470 2999/4481/4487 2998/1987/1988
f 2991/1965/1966 2994/4482/4488 2992/4475/4481
f 2994/4482/4488 2993/4483/4489 2992/4475/4481
f 2989/1962/1963 3001/1986/1987 3000/1963/1964
f 3003/1991/1992 2998/1987/1988 2999/4481/4487
f 2991/1965/1966 3004/1988/1989 2994/4482/4488
f 5005/617/617 5025/619/619 5003/615/615
f 5024/4471/4477 5025/619/619 5005/617/617
f 3002/4484/4490 3003/1991/1992 2999/4481/4487
f 3001/1986/1987 3004/1988/1989 3000/1963/1964
f 3001/1986/1987 3005/4485/4491 3004/1988/1989
f 5022/4476/4482 5005/617/617 5007/630/630
f 3004/1988/1989 3006/4479/4485 2994/4482/4488
f 3006/4479/4485 2995/4478/4484 2994/4482/4488
f 5023/4470/4476 5005/617/617 5022/4476/4482
f 5008/4477/4483 5022/4476/4482 5007/630/630
f 3002/4484/4490 3009/4486/4492 3003/1991/1992
f 3009/4486/4492 3007/4487/4493 3003/1991/1992
f 3003/1991/1992 3007/4487/4493 3001/1986/1987
f 3001/1986/1987 3008/4488/4494 3005/4485/4491
f 5009/4416/4422 5021/4319/4325 5008/4477/4483
f 5020/4423/4429 5021/4319/4325 5009/4416/4422
f 3007/4487/4493 3008/4488/4494 3001/1986/1987
f 3005/4485/4491 3006/4479/4485 3004/1988/1989
f 5010/4384/4390 5020/4423/4429 5009/4416/4422
f 3008/4488/4494 3007/4487/4493 3009/4486/4492
f 5011/4383/4389 5020/4423/4429 5010/4384/4390
f 3010/4489/4495 3008/4488/4494 3009/4486/4492
f 3008/4488/4494 3011/4490/4496 3005/4485/4491
f 3005/4485/4491 3011/4490/4496 3006/4479/4485
f 3011/4490/4496 2996/4480/4486 3006/4479/4485
f 5017/663/663 5019/4324/4330 5018/4434/4440
f 5016/4340/4346 5017/663/663 5018/4434/4440
f 5015/4339/4345 5017/663/663 5016/4340/4346
f 3010/4489/4495 3011/4490/4496 3008/4488/4494
f 5032/4422/4428 5014/661/661 5015/4339/4345
f 2996/4480/4486 3012/4491/4497 2997/4492/4498
f 5012/4388/4394 5014/661/661 5032/4422/4428
f 3011/4490/4496 3012/4491/4497 2996/4480/4486
f 5011/4383/4389 5013/4382/4388 5012/4388/4394
f 2995/4478/4484 3013/4462/4468 2993/4483/4489
f 2995/4478/4484 2993/4483/4489 2994/4482/4488
f 3013/4462/4468 2992/4475/4481 2993/4483/4489
f 5072/629/629 5009/4416/4422 5008/4477/4483
f 5007/630/630 5072/629/629 5008/4477/4483
f 5005/617/617 5006/4325/4331 5007/630/630
f 3016/4493/4499 3014/4494/4500 3015/4495/4501
f 5002/4472/4478 5078/651/651 5003/615/615
f 5001/4326/4332 5078/651/651 5002/4472/4478
f 4999/4496/4502 5001/4326/4332 5002/4472/4478
f 5000/4329/4335 5001/4326/4332 4999/4496/4502
f 4998/4497/4503 5000/4329/4335 4999/4496/4502
f 4997/4498/4504 4998/4497/4503 4999/4496/4502
f 3013/4462/4468 3016/4493/4499 2978/1981/1982
f 2978/1981/1982 3016/4493/4499 2979/4467/4473
f 4912/4499/4505 4914/4500/4506 4995/4501/4507
f 2988/4474/4480 3002/4484/4490 2999/4481/4487
f 4912/4499/4505 4995/4501/4507 4979/4502/4508
f 4981/4503/4509 4996/4504/4510 4982/4505/4511
f 4995/4501/4507 4996/4504/4510 4981/4503/4509
f 4979/4502/4508 4995/4501/4507 4981/4503/4509
f 4980/4506/4512 4979/4502/4508 4981/4503/4509
f 4912/4499/4505 4979/4502/4508 4915/4507/4513
f 4911/4508/4514 4912/4499/4505 4915/4507/4513
f 4967/4509/4515 4890/4510/4516 4891/4511/4517
f 4929/720/721 4967/4509/4515 4891/4511/4517
f 4946/739/740 4994/4512/4518 4993/740/741
f 4994/4512/4518 4946/739/740 4983/4513/4519
f 4981/4503/4509 4994/4512/4518 4983/4513/4519
f 3017/4514/4520 2995/4478/4484 2996/4480/4486
f 4994/4512/4518 4981/4503/4509 4982/4505/4511
f 4986/685/686 4993/740/741 4992/4515/4521
f 4987/4516/4522 4986/685/686 4992/4515/4521
f 3017/4514/4520 3014/4494/4500 2995/4478/4484
f 3014/4494/4500 3016/4493/4499 2995/4478/4484
f 2995/4478/4484 3016/4493/4499 3013/4462/4468
f 4942/678/679 4984/4517/4523 4943/4518/4524
f 4990/4519/4525 4991/4520/4526 4989/686/687
f 4988/4521/4527 4990/4519/4525 4989/686/687
f 4988/4521/4527 4989/686/687 4986/685/686
f 4986/685/686 4985/677/678 4945/679/680
f 4987/4516/4522 4988/4521/4527 4986/685/686
f 3023/2005/2006 3024/2004/2005 3022/2015/2016
f 3029/2001/2002 3030/2000/2001 3028/2008/2009
f 3050/4522/4528 3032/4523/4529 3033/4524/4530
f 4986/685/686 4945/679/680 4946/739/740
f 3029/2001/2002 3028/2008/2009 3027/2007/2008
f 3034/4525/4531 3022/2015/2016 3021/4526/4532
f 3022/2015/2016 3035/2038/2039 3023/2005/2006
f 3036/2037/2038 3025/2003/2004 3023/2005/2006
f 3030/2000/2001 3037/1999/2000 3031/4527/4533
f 3020/4528/4534 3041/4529/4535 3021/4526/4532
f 3041/4529/4535 3034/4525/4531 3021/4526/4532
f 3034/4525/4531 3035/2038/2039 3022/2015/2016
f 3027/2007/2008 3039/4530/4536 3029/2001/2002
f 3037/1999/2000 3038/4531/4537 3031/4527/4533
f 3031/4527/4533 3038/4531/4537 3050/4522/4528
f 4942/678/679 4985/677/678 4984/4517/4523
f 3025/2003/2004 3039/4530/4536 3027/2007/2008
f 3038/4531/4537 3044/4532/4538 3050/4522/4528
f 3039/4530/4536 3025/2003/2004 3042/4533/4539
f 3042/4533/4539 3025/2003/2004 3036/2037/2038
f 3036/2037/2038 3035/2038/2039 3040/1997/1998
f 3040/1997/1998 3035/2038/2039 3034/4525/4531
f 3043/2012/2013 3083/2014/2015 3038/4531/4537
f 3038/4531/4537 3083/2014/2015 3044/4532/4538
f 4938/4534/4540 4942/678/679 4943/4518/4524
f 3039/4530/4536 3082/2010/2011 3037/1999/2000
f 3037/1999/2000 3082/2010/2011 3038/4531/4537
f 3082/2010/2011 3043/2012/2013 3038/4531/4537
f 4897/4535/4541 4892/4536/4542 4890/4510/4516
f 4896/4537/4543 4947/4538/4544 4949/4539/4545
f 3019/2017/2018 3046/4540/4546 3045/4541/4547
f 4896/4537/4543 4949/4539/4545 4897/4535/4541
f 3030/2000/2001 3031/4527/4533 3048/2019/2020
f 3047/2009/2010 3022/2015/2016 3024/2004/2005
f 3022/2015/2016 3019/2017/2018 3021/4526/4532
f 4953/4542/4548 4951/4543/4549 4952/4544/4550
f 3048/2019/2020 3028/2008/2009 3030/2000/2001
f 3028/2008/2009 3052/2018/2019 3026/2006/2007
f 3047/2009/2010 3053/2016/2017 3022/2015/2016
f 3019/2017/2018 3053/2016/2017 3046/4540/4546
f 3048/2019/2020 3031/4527/4533 3055/4545/4551
f 3031/4527/4533 3049/4546/4552 3063/4547/4553
f 3063/4547/4553 3049/4546/4552 3056/4548/4554
f 3054/2020/2021 3057/4549/4555 3028/2008/2009
f 3028/2008/2009 3057/4549/4555 3052/2018/2019
f 4978/4550/4556 4970/4551/4557 4971/4552/4558
f 3048/2019/2020 3058/4553/4559 3054/2020/2021
f 3053/2016/2017 3069/4554/4560 3059/4555/4561
f 3059/4555/4561 3060/4556/4562 3061/4557/4563
f 3047/2009/2010 3052/2018/2019 3066/4558/4564
f 3057/4549/4555 3054/2020/2021 3062/4559/4565
f 3062/4559/4565 3054/2020/2021 3058/4553/4559
f 3063/4547/4553 3064/4560/4566 3055/4545/4551
f 3065/1993/1994 3058/4553/4559 3055/4545/4551
f 3057/4549/4555 3066/4558/4564 3052/2018/2019
f 3066/4558/4564 3057/4549/4555 3062/4559/4565
f 3062/4559/4565 3058/4553/4559 3067/4561/4567
f 3065/1993/1994 3055/4545/4551 3064/4560/4566
f 4922/4562/4568 4980/4506/4512 4923/743/744
f 3065/1993/1994 3067/4561/4567 3058/4553/4559
f 3062/4559/4565 3068/4563/4569 3066/4558/4564
f 3064/4560/4566 3070/4564/4570 3065/1993/1994
f 3065/1993/1994 3071/1995/1996 3067/4561/4567
f 3067/4561/4567 3068/4563/4569 3062/4559/4565
f 3069/4554/4560 3074/4565/4571 3059/4555/4561
f 3074/4565/4571 3076/4566/4572 3059/4555/4561
f 3059/4555/4561 3076/4566/4572 3089/4567/4573
f 3070/4564/4570 3072/1994/1995 3065/1993/1994
f 3071/1995/1996 3073/4568/4574 3067/4561/4567
f 3073/4568/4574 3068/4563/4569 3067/4561/4567
f 3070/4564/4570 3075/4569/4575 3072/1994/1995
f 3072/1994/1995 3075/4569/4575 3071/1995/1996
f 3071/1995/1996 3075/4569/4575 3073/4568/4574
f 3073/4568/4574 3074/4565/4571 3068/4563/4569
f 4902/669/669 4954/671/671 4955/733/734
f 4904/4570/4576 4902/669/669 4955/733/734
f 3074/4565/4571 3078/4571/4577 3076/4566/4572
f 3078/4571/4577 3079/4572/4578 3076/4566/4572
f 3077/4573/4579 3074/4565/4571 3073/4568/4574
f 3077/4573/4579 3078/4571/4577 3074/4565/4571
f 4983/4513/4519 4946/739/740 4927/4574/4580
f 3059/4555/4561 3061/4557/4563 3053/2016/2017
f 3053/2016/2017 3061/4557/4563 3046/4540/4546
f 4918/742/743 4908/4575/4581 4922/4562/4568
f 3018/4576/4582 3020/4528/4534 3019/2017/2018
f 4983/4513/4519 4923/743/744 4980/4506/4512
f 4981/4503/4509 4983/4513/4519 4980/4506/4512
f 4908/4575/4581 4980/4506/4512 4922/4562/4568
f 4979/4502/4508 4980/4506/4512 4908/4575/4581
f 3051/4577/4583 3049/4546/4552 3033/4524/4530
f 3033/4524/4530 3049/4546/4552 3050/4522/4528
f 4942/678/679 4939/4578/4584 4945/679/680
f 3050/4522/4528 3049/4546/4552 3031/4527/4533
f 4971/4552/4558 4972/4579/4585 4978/4550/4556
f 4975/4580/4586 4972/4579/4585 4971/4552/4558
f 4971/4552/4558 4952/4544/4550 4975/4580/4586
f 4968/4581/4587 4889/4582/4588 4890/4510/4516
f 4957/4583/4589 4969/4584/4590 4977/4585/4591
f 4956/734/735 4977/4585/4591 4958/4586/4592
f 4957/4583/4589 4977/4585/4591 4956/734/735
f 4897/4535/4541 4949/4539/4545 4950/4587/4593
f 4976/4588/4594 4973/4589/4595 4975/4580/4586
f 3036/2037/2038 3040/1997/1998 3081/1996/1997
f 3040/1997/1998 3034/4525/4531 3080/1998/1999
f 3081/1996/1997 3082/2010/2011 3042/4533/4539
f 4971/4552/4558 4974/4590/4596 4952/4544/4550
f 4950/4587/4593 4948/4591/4597 4976/4588/4594
f 4975/4580/4586 4950/4587/4593 4976/4588/4594
f 4952/4544/4550 4950/4587/4593 4975/4580/4586
f 3085/4592/4598 3090/2011/2012 3082/2010/2011
f 3083/2014/2015 3084/4593/4599 3044/4532/4538
f 3043/2012/2013 3086/4594/4600 3088/2013/2014
f 4974/4590/4596 4969/4584/4590 4957/4583/4589
f 3087/4595/4601 3088/2013/2014 3086/4594/4600
f 3042/4533/4539 3082/2010/2011 3039/4530/4536
f 4975/4580/4586 4973/4589/4595 4972/4579/4585
f 3036/2037/2038 3081/1996/1997 3042/4533/4539
f 4974/4590/4596 4971/4552/4558 4970/4551/4557
f 4969/4584/4590 4974/4590/4596 4970/4551/4557
f 3060/4556/4562 3059/4555/4561 3089/4567/4573
f 3086/4594/4600 3043/2012/2013 3090/2011/2012
f 3085/4592/4598 3082/2010/2011 3091/4596/4602
f 3082/2010/2011 3081/1996/1997 3091/4596/4602
f 4967/4509/4515 4968/4581/4587 4890/4510/4516
f 4929/720/721 4893/4597/4603 4967/4509/4515
f 3039/4530/4536 3037/1999/2000 3029/2001/2002
f 4951/4543/4549 4898/4598/4604 4950/4587/4593
f 4899/4599/4605 4898/4598/4604 4951/4543/4549
f 3066/4558/4564 3069/4554/4560 3047/2009/2010
f 3069/4554/4560 3053/2016/2017 3047/2009/2010
f 4899/4599/4605 4951/4543/4549 4953/4542/4548
f 3074/4565/4571 3069/4554/4560 3068/4563/4569
f 3069/4554/4560 3066/4558/4564 3068/4563/4569
f 3075/4569/4575 3077/4573/4579 3073/4568/4574
f 4958/4586/4592 4965/690/691 4962/692/693
f 3044/4532/4538 3032/4523/4529 3050/4522/4528
f 4956/734/735 4958/4586/4592 4966/735/736
f 4964/4600/4606 4963/4601/4607 4955/733/734
f 4966/735/736 4964/4600/4606 4955/733/734
f 4961/4602/4608 4964/4600/4606 4966/735/736
f 4962/692/693 4961/4602/4608 4966/735/736
f 4958/4586/4592 4962/692/693 4966/735/736
f 3058/4553/4559 3048/2019/2020 3055/4545/4551
f 3055/4545/4551 3031/4527/4533 3063/4547/4553
f 4960/4603/4609 4964/4600/4606 4961/4602/4608
f 4963/4601/4607 4964/4600/4606 4960/4603/4609
f 3080/1998/1999 3034/4525/4531 3041/4529/4535
f 4904/4570/4576 4955/733/734 4963/4601/4607
f 4910/691/692 4965/690/691 4915/4507/4513
f 3091/4596/4602 3081/1996/1997 3080/1998/1999
f 4909/4604/4610 4961/4602/4608 4962/692/693
f 4904/4570/4576 4963/4601/4607 4960/4603/4609
f 4962/692/693 4910/691/692 4909/4604/4610
f 4961/4602/4608 4909/4604/4610 4907/4605/4611
f 4960/4603/4609 4961/4602/4608 4907/4605/4611
f 4905/4606/4612 4960/4603/4609 4907/4605/4611
f 4904/4570/4576 4960/4603/4609 4905/4606/4612
f 3020/4528/4534 3021/4526/4532 3019/2017/2018
f 4899/4599/4605 4959/670/670 4902/669/669
f 3019/2017/2018 3045/4541/4547 3092/4607/4613
f 4953/4542/4548 4959/670/670 4899/4599/4605
f 3093/4608/4614 3092/4607/4613 3045/4541/4547
f 4954/671/671 4959/670/670 4953/4542/4548
f 3092/4607/4613 3018/4576/4582 3019/2017/2018
f 3094/4609/4615 3096/4610/4616 3095/4611/4617
f 3096/4610/4616 3097/1927/1928 3113/4612/4618
f 3097/1927/1928 3098/4613/4619 3099/1957/1958
f 3098/4613/4619 3131/1931/1932 3099/1957/1958
f 3100/1958/1959 3101/4614/4620 3102/1954/1955
f 3102/1954/1955 3101/4614/4620 3103/1955/1956
f 3102/1954/1955 3104/1956/1957 3108/4615/4621
f 3108/4615/4621 3104/1956/1957 3109/4616/4622
f 3104/1956/1957 3105/1949/1950 3109/4616/4622
f 3105/1949/1950 3107/1953/1954 3111/1950/1951
f 3102/1954/1955 3108/4615/4621 3100/1958/1959
f 3112/4617/4623 3113/4612/4618 3097/1927/1928
f 4955/733/734 4957/4583/4589 4956/734/735
f 4954/671/671 4957/4583/4589 4955/733/734
f 3110/1951/1952 3114/4618/4624 3105/1949/1950
f 3114/4618/4624 3109/4616/4622 3105/1949/1950
f 3108/4615/4621 3115/1906/1907 3100/1958/1959
f 3100/1958/1959 3116/4619/4625 3099/1957/1958
f 4974/4590/4596 4957/4583/4589 4954/671/671
f 3109/4616/4622 3114/4618/4624 3108/4615/4621
f 3114/4618/4624 3115/1906/1907 3108/4615/4621
f 3115/1906/1907 3116/4619/4625 3100/1958/1959
f 3116/4619/4625 3118/4620/4626 3099/1957/1958
f 3099/1957/1958 3118/4620/4626 3112/4617/4623
f 3119/4621/4627 3113/4612/4618 3112/4617/4623
f 4953/4542/4548 4974/4590/4596 4954/671/671
f 3117/1905/1906 3116/4619/4625 3115/1906/1907
f 4952/4544/4550 4974/4590/4596 4953/4542/4548
f 3115/1906/1907 3114/4618/4624 3120/1904/1905
f 3120/1904/1905 3121/4622/4628 3117/1905/1906
f 3117/1905/1906 3122/4623/4629 3116/4619/4625
f 3116/4619/4625 3122/4623/4629 3118/4620/4626
f 3118/4620/4626 3122/4623/4629 3119/4621/4627
f 4950/4587/4593 4952/4544/4550 4951/4543/4549
f 3118/4620/4626 3119/4621/4627 3112/4617/4623
f 4948/4591/4597 4950/4587/4593 4949/4539/4545
f 4947/4538/4544 4948/4591/4597 4949/4539/4545
f 3104/1956/1957 3124/1935/1936 3105/1949/1950
f 3105/1949/1950 3124/1935/1936 3106/1952/1953
f 3124/1935/1936 3125/4624/4630 3106/1952/1953
f 3126/1934/1935 3166/4625/4631 3170/4626/4632
f 3170/4626/4632 3166/4625/4631 3127/1946/1947
f 3101/4614/4620 3100/1958/1959 3130/1930/1931
f 3130/1930/1931 3100/1958/1959 3131/1931/1932
f 3131/1931/1932 3098/4613/4619 3132/1932/1933
f 3098/4613/4619 3097/1927/1928 3133/1926/1927
f 3130/1930/1931 3135/1936/1937 3101/4614/4620
f 3103/1955/1956 3124/1935/1936 3104/1956/1957
f 3098/4613/4619 3133/1926/1927 3132/1932/1933
f 3101/4614/4620 3135/1936/1937 3103/1955/1956
f 3133/1926/1927 3143/4627/4633 3132/1932/1933
f 3143/4627/4633 3136/4628/4634 3132/1932/1933
f 3136/4628/4634 3137/4629/4635 3132/1932/1933
f 3132/1932/1933 3138/1918/1919 3130/1930/1931
f 3135/1936/1937 3139/1924/1925 3103/1955/1956
f 3103/1955/1956 3139/1924/1925 3124/1935/1936
f 3132/1932/1933 3137/4629/4635 3140/1919/1920
f 3138/1918/1919 3139/1924/1925 3135/1936/1937
f 3124/1935/1936 3126/1934/1935 3125/4624/4630
f 3126/1934/1935 3139/1924/1925 3141/1923/1924
f 3140/1919/1920 3137/4629/4635 3142/1920/1921
f 3137/4629/4635 3136/4628/4634 3142/1920/1921
f 3144/4630/4636 3143/4627/4633 3145/4631/4637
f 3143/4627/4633 3146/1916/1917 3145/4631/4637
f 3145/4631/4637 3146/1916/1917 3147/1915/1916
f 3150/4632/4638 3134/1928/1929 3151/4633/4639
f 3134/1928/1929 3094/4609/4615 3151/4633/4639
f 3142/1920/1921 3136/4628/4634 3152/4634/4640
f 3136/4628/4634 3143/4627/4633 3152/4634/4640
f 3152/4634/4640 3143/4627/4633 3144/4630/4636
f 3153/4635/4641 3148/1917/1918 3149/4636/4642
f 3147/1915/1916 3155/4637/4643 3145/4631/4637
f 3144/4630/4636 3156/1907/1908 3152/4634/4640
f 3152/4634/4640 3160/1909/1910 3142/1920/1921
f 3142/1920/1921 3160/1909/1910 3138/1918/1919
f 3138/1918/1919 3160/1909/1910 3141/1923/1924
f 3160/1909/1910 3161/4638/4644 3141/1923/1924
f 3141/1923/1924 3166/4625/4631 3126/1934/1935
f 3157/1941/1942 3155/4637/4643 3147/1915/1916
f 3155/4637/4643 3158/4639/4645 3145/4631/4637
f 3145/4631/4637 3158/4639/4645 3159/4640/4646
f 3145/4631/4637 3159/4640/4646 3144/4630/4636
f 3144/4630/4636 3159/4640/4646 3156/1907/1908
f 3161/4638/4644 3166/4625/4631 3141/1923/1924
f 3158/4639/4645 3162/4641/4647 3159/4640/4646
f 3156/1907/1908 3160/1909/1910 3152/4634/4640
f 3160/1909/1910 3165/1910/1911 3161/4638/4644
f 3157/1941/1942 3163/4642/4648 3155/4637/4643
f 3155/4637/4643 3164/4643/4649 3158/4639/4645
f 3164/4643/4649 3162/4641/4647 3158/4639/4645
f 3162/4641/4647 3156/1907/1908 3159/4640/4646
f 3165/1910/1911 3166/4625/4631 3161/4638/4644
f 4943/4518/4524 4941/666/666 4944/4644/4650
f 3167/1908/1909 3168/1947/1948 3165/1910/1911
f 3168/1947/1948 3166/4625/4631 3165/1910/1911
f 3168/1947/1948 3128/1961/1962 3166/4625/4631
f 3128/1961/1962 3127/1946/1947 3166/4625/4631
f 3167/1908/1909 3156/1907/1908 3162/4641/4647
f 4944/4644/4650 4941/666/666 4937/665/665
f 4940/4645/4651 4944/4644/4650 4937/665/665
f 3149/4636/4642 3154/4646/4652 3153/4635/4641
f 4940/4645/4651 4943/4518/4524 4944/4644/4650
f 4938/4534/4540 4943/4518/4524 4940/4645/4651
f 4936/4647/4653 4938/4534/4540 4940/4645/4651
f 3170/4626/4632 3127/1946/1947 3171/4648/4654
f 3127/1946/1947 3128/1961/1962 3172/1945/1946
f 3128/1961/1962 3129/1960/1961 3172/1945/1946
f 4939/4578/4584 4942/678/679 4938/4534/4540
f 3106/1952/1953 3125/4624/4630 3170/4626/4632
f 3133/1926/1927 3134/1928/1929 3146/1916/1917
f 3096/4610/4616 3094/4609/4615 3134/1928/1929
f 4938/4534/4540 4936/4647/4653 4935/4649/4655
f 3146/1916/1917 3134/1928/1929 3148/1917/1918
f 3148/1917/1918 3134/1928/1929 3149/4636/4642
f 4934/4650/4656 4939/4578/4584 4938/4534/4540
f 4933/4651/4657 4939/4578/4584 4934/4650/4656
f 4945/679/680 4939/4578/4584 4933/4651/4657
f 4946/739/740 4945/679/680 4933/4651/4657
f 3106/1952/1953 3183/4652/4658 3107/1953/1954
f 4937/665/665 4894/667/667 4929/720/721
f 3183/4652/4658 3106/1952/1953 3170/4626/4632
f 3170/4626/4632 3171/4648/4654 3173/4653/4659
f 3127/1946/1947 3174/1944/1945 3171/4648/4654
f 4940/4645/4651 4937/665/665 4932/688/689
f 3174/1944/1945 3127/1946/1947 3175/1942/1943
f 4936/4647/4653 4940/4645/4651 4932/688/689
f 3170/4626/4632 3173/4653/4659 3183/4652/4658
f 3171/4648/4654 3174/1944/1945 3177/4654/4660
f 3177/4654/4660 3174/1944/1945 3178/4655/4661
f 3174/1944/1945 3179/1943/1944 3178/4655/4661
f 4934/4650/4656 4938/4534/4540 4935/4649/4655
f 3178/4655/4661 3181/4656/4662 3177/4654/4660
f 3177/4654/4660 3176/4657/4663 3173/4653/4659
f 4927/4574/4580 4946/739/740 4933/4651/4657
f 3181/4656/4662 3182/4658/4664 3177/4654/4660
f 4932/688/689 4937/665/665 4929/720/721
f 4935/4649/4655 4936/4647/4653 4932/688/689
f 4931/4659/4665 4935/4649/4655 4932/688/689
f 4930/4660/4666 4935/4649/4655 4931/4659/4665
f 3146/1916/1917 3143/4627/4633 3133/1926/1927
f 4934/4650/4656 4935/4649/4655 4930/4660/4666
f 3149/4636/4642 3134/1928/1929 3150/4632/4638
f 4933/4651/4657 4934/4650/4656 4928/4661/4667
f 3181/4656/4662 3178/4655/4661 3180/4662/4668
f 3153/4635/4641 3157/1941/1942 3148/1917/1918
f 3153/4635/4641 3169/4663/4669 3157/1941/1942
f 3169/4663/4669 3184/4664/4670 3157/1941/1942
f 3184/4664/4670 3163/4642/4648 3157/1941/1942
f 4928/4661/4667 4934/4650/4656 4930/4660/4666
f 3169/4663/4669 3185/4665/4671 3184/4664/4670
f 3168/1947/1948 3188/4666/4672 3187/4667/4673
f 3187/4667/4673 3188/4666/4672 3189/4668/4674
f 3188/4666/4672 3190/4669/4675 3189/4668/4674
f 3190/4669/4675 3191/4670/4676 3189/4668/4674
f 4933/4651/4657 4928/4661/4667 4925/4671/4677
f 4924/741/742 4933/4651/4657 4925/4671/4677
f 3185/4665/4671 3192/4672/4678 3184/4664/4670
f 3184/4664/4670 3192/4672/4678 3186/4673/4679
f 3168/1947/1948 3198/4674/4680 3188/4666/4672
f 3188/4666/4672 3196/4675/4681 3195/4676/4682
f 4927/4574/4580 4933/4651/4657 4924/741/742
f 3192/4672/4678 3193/4677/4683 3186/4673/4679
f 3186/4673/4679 3193/4677/4683 3194/1948/1949
f 3194/1948/1949 3198/4674/4680 3168/1947/1948
f 3192/4672/4678 3197/4678/4684 3193/4677/4683
f 3193/4677/4683 3198/4674/4680 3194/1948/1949
f 3193/4677/4683 3197/4678/4684 3198/4674/4680
f 3197/4678/4684 3196/4675/4681 3198/4674/4680
f 4931/4659/4665 4932/688/689 4920/687/688
f 3188/4666/4672 3198/4674/4680 3196/4675/4681
f 4930/4660/4666 4931/4659/4665 4926/4679/4685
f 4928/4661/4667 4930/4660/4666 4926/4679/4685
f 3167/1908/1909 3162/4641/4647 3186/4673/4679
f 3162/4641/4647 3164/4643/4649 3186/4673/4679
f 3164/4643/4649 3163/4642/4648 3186/4673/4679
f 3186/4673/4679 3163/4642/4648 3184/4664/4670
f 4927/4574/4580 4924/741/742 4923/743/744
f 3195/4676/4682 3190/4669/4675 3188/4666/4672
f 4923/743/744 4983/4513/4519 4927/4574/4580
f 4929/720/721 4891/4511/4517 4921/689/690
f 3187/4667/4673 3200/1959/1960 3128/1961/1962
f 3187/4667/4673 3189/4668/4674 3200/1959/1960
f 4926/4679/4685 4931/4659/4665 4920/687/688
f 4925/4671/4677 4928/4661/4667 4926/4679/4685
f 4918/742/743 4924/741/742 4916/673/673
f 3170/4626/4632 3125/4624/4630 3126/1934/1935
f 4921/689/690 4891/4511/4517 4892/4536/4542
f 3123/4680/4686 3119/4621/4627 3201/4681/4687
f 3201/4681/4687 3119/4621/4627 3202/4682/4688
f 3203/4683/4689 3122/4623/4629 3121/4622/4628
f 4926/4679/4685 4920/687/688 4917/4684/4690
f 4900/683/684 4926/4679/4685 4917/4684/4690
f 3204/4685/4691 3202/4682/4688 3122/4623/4629
f 3202/4682/4688 3119/4621/4627 3122/4623/4629
f 4925/4671/4677 4926/4679/4685 4900/683/684
f 3149/4636/4642 3150/4632/4638 3154/4646/4652
f 3150/4632/4638 3205/4686/4692 3154/4646/4652
f 4925/4671/4677 4900/683/684 4919/684/685
f 4924/741/742 4925/4671/4677 4919/684/685
f 4916/673/673 4924/741/742 4919/684/685
f 3203/4683/4689 3206/4687/4693 3122/4623/4629
f 3122/4623/4629 3206/4687/4693 3207/4688/4694
f 3207/4688/4694 3204/4685/4691 3122/4623/4629
f 4922/4562/4568 4923/743/744 4918/742/743
f 3155/4637/4643 3163/4642/4648 3164/4643/4649
f 4921/689/690 4892/4536/4542 4917/4684/4690
f 4920/687/688 4921/689/690 4917/4684/4690
f 3121/4622/4628 3122/4623/4629 3117/1905/1906
f 3097/1927/1928 3096/4610/4616 3134/1928/1929
f 4916/673/673 4919/684/685 4901/674/674
f 3099/1957/1958 3112/4617/4623 3097/1927/1928
f 4918/742/743 4916/673/673 4903/672/672
f 4906/4689/4695 4918/742/743 4903/672/672
f 4907/4605/4611 4918/742/743 4906/4689/4695
f 4908/4575/4581 4918/742/743 4907/4605/4611
f 3167/1908/1909 3186/4673/4679 3194/1948/1949
f 4979/4502/4508 4908/4575/4581 4910/691/692
f 4898/4598/4604 4892/4536/4542 4897/4535/4541
f 3114/4618/4624 3110/1951/1952 3120/1904/1905
f 3120/1904/1905 3110/1951/1952 3111/1950/1951
f 4917/4684/4690 4892/4536/4542 4898/4598/4604
f 3190/4669/4675 3208/4690/4696 3191/4670/4676
f 4899/4599/4605 4917/4684/4690 4898/4598/4604
f 3191/4670/4676 3209/4691/4697 3189/4668/4674
f 4900/683/684 4917/4684/4690 4899/4599/4605
f 3209/4691/4697 3199/4692/4698 3189/4668/4674
f 3171/4648/4654 3177/4654/4660 3173/4653/4659
f 3096/4610/4616 3113/4612/4618 3095/4611/4617
f 3113/4612/4618 3210/4693/4699 3095/4611/4617
f 3113/4612/4618 3211/4694/4700 3210/4693/4699
f 4910/691/692 4908/4575/4581 4909/4604/4610
f 4979/4502/4508 4910/691/692 4915/4507/4513
f 3211/4694/4700 3113/4612/4618 3123/4680/4686
f 3113/4612/4618 3119/4621/4627 3123/4680/4686
f 4912/4499/4505 4913/4695/4701 4914/4500/4506
f 4911/4508/4514 4913/4695/4701 4912/4499/4505
f 3187/4667/4673 3128/1961/1962 3168/1947/1948
f 3215/4696/4702 3277/4697/4703 3216/4698/4704
f 3277/4697/4703 3217/4699/4705 3216/4698/4704
f 3216/4698/4704 3218/1861/1862 3219/4700/4706
f 3218/1861/1862 3220/4701/4707 3219/4700/4706
f 3219/4700/4706 3221/4702/4708 3222/4703/4709
f 3224/4704/4710 3223/4705/4711 3225/4706/4712
f 3229/4707/4713 3231/4708/4714 3230/4709/4715
f 3222/4703/4709 3223/4705/4711 3232/4710/4716
f 3223/4705/4711 3224/4704/4710 3232/4710/4716
f 3225/4706/4712 3226/1858/1859 3233/4711/4717
f 3227/1842/1843 3228/4712/4718 3230/4709/4715
f 3228/4712/4718 3229/4707/4713 3230/4709/4715
f 4907/4605/4611 4909/4604/4610 4908/4575/4581
f 3230/4709/4715 3241/1843/1844 3227/1842/1843
f 3227/1842/1843 3234/1841/1842 3226/1858/1859
f 3234/1841/1842 3233/4711/4717 3226/1858/1859
f 3225/4706/4712 3232/4710/4716 3224/4704/4710
f 3222/4703/4709 3232/4710/4716 3219/4700/4706
f 3235/1851/1852 3215/4696/4702 3216/4698/4704
f 3236/1854/1855 3237/4713/4719 3215/4696/4702
f 3237/4713/4719 3214/4714/4720 3215/4696/4702
f 3219/4700/4706 3232/4710/4716 3238/1852/1853
f 3232/4710/4716 3225/4706/4712 3239/1838/1839
f 3240/1839/1840 3225/4706/4712 3233/4711/4717
f 4906/4689/4695 4905/4606/4612 4907/4605/4611
f 3240/1839/1840 3239/1838/1839 3225/4706/4712
f 3239/1838/1839 3238/1852/1853 3232/4710/4716
f 3238/1852/1853 3235/1851/1852 3216/4698/4704
f 4906/4689/4695 4904/4570/4576 4905/4606/4612
f 4902/669/669 4904/4570/4576 4906/4689/4695
f 4903/672/672 4902/669/669 4906/4689/4695
f 3230/4709/4715 3243/4715/4721 3241/1843/1844
f 3241/1843/1844 3244/1849/1850 3234/1841/1842
f 3234/1841/1842 3245/4716/4722 3233/4711/4717
f 3233/4711/4717 3245/4716/4722 3240/1839/1840
f 3239/1838/1839 3242/1837/1838 3238/1852/1853
f 3246/4717/4723 3247/1877/1878 3248/1855/1856
f 3240/1839/1840 3245/4716/4722 3242/1837/1838
f 4902/669/669 4903/672/672 4901/674/674
f 4899/4599/4605 4902/669/669 4901/674/674
f 3250/1853/1854 3238/1852/1853 3251/1885/1886
f 3238/1852/1853 3242/1837/1838 3251/1885/1886
f 3245/4716/4722 3234/1841/1842 3252/4718/4724
f 3252/4718/4724 3234/1841/1842 3244/1849/1850
f 3244/1849/1850 3249/1850/1851 3253/1865/1866
f 4900/683/684 4899/4599/4605 4901/674/674
f 3254/1866/1867 3255/4719/4725 3244/1849/1850
f 3255/4719/4725 3252/4718/4724 3244/1849/1850
f 3245/4716/4722 3256/1886/1887 3242/1837/1838
f 3250/1853/1854 3246/4717/4723 3235/1851/1852
f 3252/4718/4724 3260/1836/1837 3245/4716/4722
f 3260/1836/1837 3256/1886/1887 3245/4716/4722
f 3249/1850/1851 3258/4720/4726 3253/1865/1866
f 3253/1865/1866 3258/4720/4726 3259/1834/1835
f 3254/1866/1867 3259/1834/1835 3255/4719/4725
f 3255/4719/4725 3260/1836/1837 3252/4718/4724
f 3256/1886/1887 3250/1853/1854 3251/1885/1886
f 3263/4721/4727 3250/1853/1854 3256/1886/1887
f 3260/1836/1837 3255/4719/4725 3259/1834/1835
f 4897/4535/4541 4950/4587/4593 4898/4598/4604
f 3258/4720/4726 3262/4722/4728 3259/1834/1835
f 3259/1834/1835 3262/4722/4728 3261/1835/1836
f 3262/4722/4728 3263/4721/4727 3260/1836/1837
f 4896/4537/4543 4897/4535/4541 4890/4510/4516
f 3256/1886/1887 3260/1836/1837 3263/4721/4727
f 4895/4723/4729 4896/4537/4543 4890/4510/4516
f 4888/4724/4730 4895/4723/4729 4890/4510/4516
f 3263/4721/4727 3264/4725/4731 3257/1875/1876
f 4929/720/721 4894/667/667 4893/4597/4603
f 3249/1850/1851 3241/1843/1844 3243/4715/4721
f 4890/4510/4516 4892/4536/4542 4891/4511/4517
f 3214/4714/4720 3237/4713/4719 3213/4726/4732
f 3237/4713/4719 3266/4727/4733 3213/4726/4732
f 3266/4727/4733 3236/1854/1855 3267/1856/1857
f 3266/4727/4733 3237/4713/4719 3236/1854/1855
f 3215/4696/4702 3235/1851/1852 3236/1854/1855
f 4888/4724/4730 4890/4510/4516 4889/4582/4588
f 3235/1851/1852 3246/4717/4723 3236/1854/1855
f 3248/1855/1856 3236/1854/1855 3246/4717/4723
f 4888/4724/4730 4889/4582/4588 4887/4728/4734
f 4852/4729/4735 4848/4730/4736 4847/4731/4737
f 3263/4721/4727 3268/4732/4738 3264/4725/4731
f 3268/4732/4738 3269/4733/4739 3264/4725/4731
f 4825/4734/4740 4885/4735/4741 4884/788/789
f 3264/4725/4731 3270/4736/4742 3257/1875/1876
f 4824/4737/4743 4884/788/789 4822/4738/4744
f 4825/4734/4740 4884/788/789 4824/4737/4743
f 3247/1877/1878 3246/4717/4723 3257/1875/1876
f 4793/4739/4745 4792/4740/4746 4804/4741/4747
f 3246/4717/4723 3250/1853/1854 3257/1875/1876
f 4859/846/847 4866/848/849 4858/4742/4748
f 3227/1842/1843 3226/1858/1859 3228/4712/4718
f 3271/1857/1858 3272/1899/1900 3228/4712/4718
f 3272/1899/1900 3274/4743/4749 3273/4744/4750
f 3226/1858/1859 3225/4706/4712 3275/1859/1860
f 3275/1859/1860 3225/4706/4712 3223/4705/4711
f 3223/4705/4711 3222/4703/4709 3276/4745/4751
f 3276/4745/4751 3222/4703/4709 3221/4702/4708
f 3221/4702/4708 3219/4700/4706 3220/4701/4707
f 3218/1861/1862 3216/4698/4704 3217/4699/4705
f 3277/4697/4703 3215/4696/4702 3278/4746/4752
f 3276/4745/4751 3279/1829/1830 3223/4705/4711
f 3279/1829/1830 3275/1859/1860 3223/4705/4711
f 4884/788/789 4876/787/788 4822/4738/4744
f 3277/4697/4703 3280/4747/4753 3217/4699/4705
f 3217/4699/4705 3281/1832/1833 3218/1861/1862
f 3218/1861/1862 3282/4748/4754 3220/4701/4707
f 3282/4748/4754 3283/1827/1828 3220/4701/4707
f 3283/1827/1828 3284/4749/4755 3220/4701/4707
f 3220/4701/4707 3284/4749/4755 3221/4702/4708
f 3221/4702/4708 3284/4749/4755 3276/4745/4751
f 3284/4749/4755 3279/1829/1830 3276/4745/4751
f 3275/1859/1860 3279/1829/1830 3287/1862/1863
f 3281/1832/1833 3217/4699/4705 3280/4747/4753
f 3280/4747/4753 3277/4697/4703 3285/4750/4756
f 3218/1861/1862 3286/1860/1861 3282/4748/4754
f 3284/4749/4755 3283/1827/1828 3279/1829/1830
f 3275/1859/1860 3290/1863/1864 3271/1857/1858
f 4878/4751/4757 4884/788/789 4885/4735/4741
f 4877/789/790 4884/788/789 4878/4751/4757
f 3285/4750/4756 3288/4752/4758 3280/4747/4753
f 3280/4747/4753 3289/1830/1831 3281/1832/1833
f 3282/4748/4754 3286/1860/1861 3283/1827/1828
f 3280/4747/4753 3288/4752/4758 3289/1830/1831
f 3281/1832/1833 3291/1831/1832 3286/1860/1861
f 3286/1860/1861 3292/4753/4759 3283/1827/1828
f 3292/4753/4759 3293/1828/1829 3283/1827/1828
f 3293/1828/1829 3294/1867/1868 3279/1829/1830
f 3279/1829/1830 3294/1867/1868 3287/1862/1863
f 3294/1867/1868 3290/1863/1864 3287/1862/1863
f 4877/789/790 4878/4751/4757 4879/4754/4760
f 3289/1830/1831 3295/4755/4761 3291/1831/1832
f 3286/1860/1861 3291/1831/1832 3292/4753/4759
f 3290/1863/1864 3300/4756/4762 3296/1898/1899
f 4883/4757/4763 4853/793/794 4854/795/796
f 4855/4758/4764 4883/4757/4763 4854/795/796
f 3288/4752/4758 3308/4759/4765 3289/1830/1831
f 3308/4759/4765 3295/4755/4761 3289/1830/1831
f 4776/814/815 4882/4760/4766 4775/810/811
f 3295/4755/4761 3297/1868/1869 3291/1831/1832
f 3297/1868/1869 3292/4753/4759 3291/1831/1832
f 3292/4753/4759 3297/1868/1869 3293/1828/1829
f 3294/1867/1868 3298/4761/4767 3290/1863/1864
f 3298/4761/4767 3299/4762/4768 3290/1863/1864
f 3299/4762/4768 3300/4756/4762 3290/1863/1864
f 3296/1898/1899 3274/4743/4749 3272/1899/1900
f 4821/4763/4769 4875/4764/4770 4777/4765/4771
f 3297/1868/1869 3298/4761/4767 3294/1867/1868
f 3299/4762/4768 3302/1897/1898 3301/4766/4772
f 4821/4763/4769 4876/787/788 4875/4764/4770
f 4821/4763/4769 4777/4765/4771 4778/759/760
f 3298/4761/4767 3303/1895/1896 3299/4762/4768
f 3299/4762/4768 3303/1895/1896 3302/1897/1898
f 3302/1897/1898 3304/4767/4773 3301/4766/4772
f 3271/1857/1858 3290/1863/1864 3272/1899/1900
f 4876/787/788 4879/4754/4760 4875/4764/4770
f 3297/1868/1869 3303/1895/1896 3298/4761/4767
f 4876/787/788 4821/4763/4769 4822/4738/4744
f 4881/4768/4774 4882/4760/4766 4776/814/815
f 3215/4696/4702 3214/4714/4720 3278/4746/4752
f 4880/4769/4775 4881/4768/4774 4776/814/815
f 4880/4769/4775 4776/814/815 4879/4754/4760
f 4878/4751/4757 4880/4769/4775 4879/4754/4760
f 3306/1896/1897 3303/1895/1896 3305/4770/4776
f 4879/4754/4760 4776/814/815 4875/4764/4770
f 3303/1895/1896 3307/4771/4777 3305/4770/4776
f 3303/1895/1896 3297/1868/1869 3307/4771/4777
f 4875/4764/4770 4776/814/815 4777/4765/4771
f 3307/4771/4777 3297/1868/1869 3308/4759/4765
f 3297/1868/1869 3295/4755/4761 3308/4759/4765
f 4876/787/788 4877/789/790 4879/4754/4760
f 3260/1836/1837 3261/1835/1836 3262/4722/4728
f 4863/798/799 4827/4772/4778 4846/796/797
f 4862/4773/4779 4827/4772/4778 4863/798/799
f 3296/1898/1899 3309/4774/4780 3310/4775/4781
f 3309/4774/4780 3296/1898/1899 3299/4762/4768
f 3296/1898/1899 3300/4756/4762 3299/4762/4768
f 4817/850/851 4816/4776/4782 4815/4777/4783
f 3299/4762/4768 3301/4766/4772 3309/4774/4780
f 4814/802/803 4874/801/802 4809/786/787
f 3266/4727/4733 3212/4778/4784 3213/4726/4732
f 4815/4777/4783 4872/803/804 4814/802/803
f 4806/4779/4785 4815/4777/4783 4809/786/787
f 4813/4780/4786 4815/4777/4783 4806/4779/4785
f 3226/1858/1859 3271/1857/1858 3228/4712/4718
f 3274/4743/4749 3296/1898/1899 3310/4775/4781
f 4817/850/851 4871/849/850 4873/4781/4787
f 4873/4781/4787 4816/4776/4782 4817/850/851
f 4815/4777/4783 4816/4776/4782 4872/803/804
f 3262/4722/4728 3311/4782/4788 3263/4721/4727
f 3311/4782/4788 3268/4732/4738 3263/4721/4727
f 3277/4697/4703 3278/4746/4752 3285/4750/4756
f 3272/1899/1900 3273/4744/4750 3312/4783/4789
f 3273/4744/4750 3313/4784/4790 3312/4783/4789
f 4860/4785/4791 4865/4786/4792 4861/4787/4793
f 4866/848/849 4870/4788/4794 4867/4789/4795
f 3312/4783/4789 3229/4707/4713 3228/4712/4718
f 4868/4790/4796 4869/847/848 4859/846/847
f 3228/4712/4718 3272/1899/1900 3312/4783/4789
f 4864/4791/4797 4868/4790/4796 4859/846/847
f 3257/1875/1876 3270/4736/4742 3265/1876/1877
f 3270/4736/4742 3264/4725/4731 3269/4733/4739
f 4839/832/833 4825/4734/4740 4824/4737/4743
f 3219/4700/4706 3238/1852/1853 3216/4698/4704
f 4867/4789/4795 4825/4734/4740 4839/832/833
f 4859/846/847 4860/4785/4791 4864/4791/4797
f 4867/4789/4795 4839/832/833 4858/4742/4748
f 4858/4742/4748 4866/848/849 4867/4789/4795
f 3229/4707/4713 3313/4784/4790 3231/4708/4714
f 3231/4708/4714 3313/4784/4790 3314/4792/4798
f 4865/4786/4792 4856/4793/4799 4862/4773/4779
f 3229/4707/4713 3312/4783/4789 3313/4784/4790
f 4860/4785/4791 4856/4793/4799 4865/4786/4792
f 4858/4742/4748 4856/4793/4799 4860/4785/4791
f 3250/1853/1854 3263/4721/4727 3257/1875/1876
f 3316/4794/4800 3318/4795/4801 3317/4796/4802
f 3318/4795/4801 3319/4797/4803 3317/4796/4802
f 3319/4797/4803 3320/1823/1824 3317/4796/4802
f 3317/4796/4802 3320/1823/1824 3321/4798/4804
f 3322/4799/4805 3324/4800/4806 3323/1807/1808
f 3327/1794/1795 3341/4801/4807 3328/1782/1783
f 3330/1783/1784 3331/1817/1818 3329/1784/1785
f 3333/4802/4808 3332/1810/1811 3334/4803/4809
f 3332/1810/1811 3335/4804/4810 3334/4803/4809
f 3324/4800/4806 3343/4805/4811 3325/4806/4812
f 3326/1796/1797 3337/1798/1799 3327/1794/1795
f 3338/1797/1798 3341/4801/4807 3327/1794/1795
f 3341/4801/4807 3330/1783/1784 3328/1782/1783
f 4836/829/830 4838/4807/4813 4839/832/833
f 3332/1810/1811 3331/1817/1818 3339/1811/1812
f 3339/1811/1812 3331/1817/1818 3330/1783/1784
f 3340/1785/1786 3330/1783/1784 3341/4801/4807
f 3341/4801/4807 3338/1797/1798 3345/4808/4814
f 3345/4808/4814 3338/1797/1798 3337/1798/1799
f 3337/1798/1799 3326/1796/1797 3342/4809/4815
f 3342/4809/4815 3326/1796/1797 3343/4805/4811
f 3326/1796/1797 3325/4806/4812 3343/4805/4811
f 3324/4800/4806 3336/4810/4816 3343/4805/4811
f 3324/4800/4806 3322/4799/4805 3336/4810/4816
f 3322/4799/4805 3344/1822/1823 3336/4810/4816
f 3342/4809/4815 3345/4808/4814 3337/1798/1799
f 3341/4801/4807 3346/1799/1800 3340/1785/1786
f 3330/1783/1784 3340/1785/1786 3339/1811/1812
f 3340/1785/1786 3347/1793/1794 3339/1811/1812
f 3343/4805/4811 3349/4811/4817 3342/4809/4815
f 3342/4809/4815 3349/4811/4817 3345/4808/4814
f 3350/1800/1801 3346/1799/1800 3345/4808/4814
f 3345/4808/4814 3346/1799/1800 3341/4801/4807
f 3347/1793/1794 3348/1812/1813 3339/1811/1812
f 3349/4811/4817 3350/1800/1801 3345/4808/4814
f 3347/1793/1794 3356/1820/1821 3348/1812/1813
f 3349/4811/4817 3352/4812/4818 3350/1800/1801
f 3350/1800/1801 3354/1786/1787 3340/1785/1786
f 3354/1786/1787 3355/4813/4819 3351/1787/1788
f 3351/1787/1788 3355/4813/4819 3347/1793/1794
f 3355/4813/4819 3353/1818/1819 3347/1793/1794
f 3353/1818/1819 3356/1820/1821 3347/1793/1794
f 4858/4742/4748 4838/4807/4813 4856/4793/4799
f 3352/4812/4818 3354/1786/1787 3350/1800/1801
f 3354/1786/1787 3357/4814/4820 3355/4813/4819
f 3357/4814/4820 3353/1818/1819 3355/4813/4819
f 3357/4814/4820 3358/1819/1820 3353/1818/1819
f 4839/832/833 4838/4807/4813 4858/4742/4748
f 3358/1819/1820 3357/4814/4820 3359/4815/4821
f 3357/4814/4820 3352/4812/4818 3359/4815/4821
f 3352/4812/4818 3360/4816/4822 3359/4815/4821
f 3352/4812/4818 3349/4811/4817 3360/4816/4822
f 3360/4816/4822 3349/4811/4817 3428/4817/4823
f 3428/4817/4823 3349/4811/4817 3343/4805/4811
f 4859/846/847 4858/4742/4748 4860/4785/4791
f 3359/4815/4821 3361/4818/4824 3358/1819/1820
f 3359/4815/4821 3360/4816/4822 3362/4819/4825
f 3360/4816/4822 3363/4820/4826 3362/4819/4825
f 3365/4821/4827 3366/4822/4828 3364/4823/4829
f 3359/4815/4821 3362/4819/4825 3374/4824/4830
f 3370/4825/4831 3362/4819/4825 3363/4820/4826
f 3364/4823/4829 3366/4822/4828 3371/4826/4832
f 3366/4822/4828 3367/4827/4833 3371/4826/4832
f 3371/4826/4832 3427/4828/4834 3364/4823/4829
f 3364/4823/4829 3427/4828/4834 3363/4820/4826
f 3363/4820/4826 3372/4829/4835 3370/4825/4831
f 3372/4829/4835 3373/4830/4836 3370/4825/4831
f 4852/4729/4735 4849/4831/4837 4857/4832/4838
f 3370/4825/4831 3374/4824/4830 3362/4819/4825
f 3359/4815/4821 3374/4824/4830 3361/4818/4824
f 4838/4807/4813 4829/4833/4839 4827/4772/4778
f 4831/4834/4840 4829/4833/4839 4838/4807/4813
f 3344/1822/1823 3321/4798/4804 3320/1823/1824
f 3344/1822/1823 3322/4799/4805 3321/4798/4804
f 4827/4772/4778 4856/4793/4799 4838/4807/4813
f 4862/4773/4779 4856/4793/4799 4827/4772/4778
f 3328/1782/1783 3375/1795/1796 3327/1794/1795
f 3328/1782/1783 3376/4835/4841 3375/1795/1796
f 3376/4835/4841 3377/4836/4842 3375/1795/1796
f 3375/1795/1796 3377/4836/4842 3383/4837/4843
f 3378/1774/1775 3379/4838/4844 3380/1779/1780
f 4851/4839/4845 4840/4840/4846 4841/4841/4847
f 4854/795/796 4851/4839/4845 4841/4841/4847
f 3375/1795/1796 3325/4806/4812 3326/1796/1797
f 3382/4842/4848 3323/1807/1808 3325/4806/4812
f 3325/4806/4812 3323/1807/1808 3324/4800/4806
f 3323/1807/1808 3321/4798/4804 3322/4799/4805
f 4841/4841/4847 4855/4758/4764 4854/795/796
f 3375/1795/1796 3383/4837/4843 3325/4806/4812
f 3325/4806/4812 3383/4837/4843 3382/4842/4848
f 3321/4798/4804 3384/1803/1804 3385/4843/4849
f 3384/1803/1804 3391/1809/1810 3392/1791/1792
f 3321/4798/4804 3323/1807/1808 3391/1809/1810
f 3323/1807/1808 3382/4842/4848 3387/1808/1809
f 3387/1808/1809 3382/4842/4848 3388/4844/4850
f 3382/4842/4848 3383/4837/4843 3388/4844/4850
f 3389/1776/1777 3387/1808/1809 3388/4844/4850
f 3390/4845/4851 3391/1809/1810 3387/1808/1809
f 3384/1803/1804 3393/1804/1805 3385/4843/4849
f 3389/1776/1777 3390/4845/4851 3387/1808/1809
f 3394/4846/4852 3395/1792/1793 3390/4845/4851
f 3390/4845/4851 3395/1792/1793 3391/1809/1810
f 3392/1791/1792 3396/1790/1791 3384/1803/1804
f 3389/1776/1777 3397/4847/4853 3390/4845/4851
f 3390/4845/4851 3397/4847/4853 3394/4846/4852
f 3391/1809/1810 3395/1792/1793 3392/1791/1792
f 3389/1776/1777 3398/1775/1776 3397/4847/4853
f 3397/4847/4853 3399/1814/1815 3394/4846/4852
f 3399/1814/1815 3400/4848/4854 3394/4846/4852
f 3394/4846/4852 3400/4848/4854 3395/1792/1793
f 3401/4849/4855 3402/4850/4856 3395/1792/1793
f 3402/4850/4856 3396/1790/1791 3395/1792/1793
f 4850/794/795 4851/4839/4845 4854/795/796
f 3398/1775/1776 3399/1814/1815 3397/4847/4853
f 3399/1814/1815 3403/1813/1814 3400/4848/4854
f 3403/1813/1814 3404/4851/4857 3400/4848/4854
f 3400/4848/4854 3401/4849/4855 3395/1792/1793
f 3404/4851/4857 3401/4849/4855 3400/4848/4854
f 4852/4729/4735 4847/4731/4737 4849/4831/4837
f 3403/1813/1814 3398/1775/1776 3405/1777/1778
f 3398/1775/1776 3378/1774/1775 3406/1778/1779
f 3403/1813/1814 3405/1777/1778 3407/4852/4858
f 4788/4853/4859 4791/4854/4860 4831/4834/4840
f 3407/4852/4858 3405/1777/1778 3381/4855/4861
f 4789/4856/4862 4791/4854/4860 4788/4853/4859
f 3328/1782/1783 3329/1784/1785 3376/4835/4841
f 3331/1817/1818 3408/1816/1817 3329/1784/1785
f 3408/1816/1817 3332/1810/1811 3409/4857/4863
f 4851/4839/4845 4819/4858/4864 4811/773/774
f 3412/1824/1825 3409/4857/4863 3413/4859/4865
f 3409/4857/4863 3332/1810/1811 3333/4802/4808
f 4819/4858/4864 4851/4839/4845 4850/794/795
f 4849/4831/4837 4819/4858/4864 4850/794/795
f 4818/851/852 4819/4858/4864 4849/4831/4837
f 4847/4731/4737 4818/851/852 4849/4831/4837
f 3376/4835/4841 3379/4838/4844 3378/1774/1775
f 3379/4838/4844 3414/1825/1826 3380/1779/1780
f 3380/1779/1780 3414/1825/1826 3415/4860/4866
f 3414/1825/1826 3416/4861/4867 3415/4860/4866
f 4871/849/850 4818/851/852 4847/4731/4737
f 4871/849/850 4847/4731/4737 4848/4730/4736
f 3376/4835/4841 3411/1826/1827 3379/4838/4844
f 3379/4838/4844 3411/1826/1827 3414/1825/1826
f 3329/1784/1785 3411/1826/1827 3376/4835/4841
f 4827/4772/4778 4794/4862/4868 4828/4863/4869
f 4845/4864/4870 4827/4772/4778 4828/4863/4869
f 3377/4836/4842 3376/4835/4841 3378/1774/1775
f 4845/4864/4870 4846/796/797 4827/4772/4778
f 3403/1813/1814 3407/4852/4858 3404/4851/4857
f 3404/4851/4857 3407/4852/4858 3401/4849/4855
f 3407/4852/4858 3402/4850/4856 3401/4849/4855
f 3405/1777/1778 3380/1779/1780 3381/4855/4861
f 4777/4765/4771 4840/4840/4846 4796/772/773
f 3381/4855/4861 3380/1779/1780 3418/4865/4871
f 3419/4866/4872 3415/4860/4866 3420/4867/4873
f 4775/810/811 4844/812/813 4842/813/814
f 3419/4866/4872 3421/4868/4874 3380/1779/1780
f 3421/4868/4874 3418/4865/4871 3380/1779/1780
f 3419/4866/4872 3422/4869/4875 3421/4868/4874
f 3419/4866/4872 3420/4867/4873 3422/4869/4875
f 4842/813/814 4840/4840/4846 4776/814/815
f 4843/4870/4876 4842/813/814 4844/812/813
f 4841/4841/4847 4842/813/814 4843/4870/4876
f 4840/4840/4846 4842/813/814 4841/4841/4847
f 4851/4839/4845 4796/772/773 4840/4840/4846
f 4811/773/774 4796/772/773 4851/4839/4845
f 3378/1774/1775 3383/4837/4843 3377/4836/4842
f 3378/1774/1775 3389/1776/1777 3383/4837/4843
f 3389/1776/1777 3388/4844/4850 3383/4837/4843
f 3422/4869/4875 3423/4871/4877 3421/4868/4874
f 3423/4871/4877 3424/4872/4878 3421/4868/4874
f 3315/4873/4879 3316/4794/4800 3386/4874/4880
f 3316/4794/4800 3317/4796/4802 3386/4874/4880
f 3385/4843/4849 3317/4796/4802 3321/4798/4804
f 3385/4843/4849 3386/4874/4880 3317/4796/4802
f 3426/4875/4881 3372/4829/4835 3427/4828/4834
f 3427/4828/4834 3372/4829/4835 3363/4820/4826
f 3426/4875/4881 3425/4876/4882 3372/4829/4835
f 3425/4876/4882 3373/4830/4836 3372/4829/4835
f 3367/4827/4833 3366/4822/4828 3368/1821/1822
f 3368/1821/1822 3366/4822/4828 3344/1822/1823
f 3364/4823/4829 3363/4820/4826 3360/4816/4822
f 4824/4737/4743 4823/4877/4883 4837/833/834
f 4839/832/833 4824/4737/4743 4837/833/834
f 3336/4810/4816 3366/4822/4828 3365/4821/4827
f 4836/829/830 4839/832/833 4834/831/832
f 3336/4810/4816 3428/4817/4823 3343/4805/4811
f 4838/4807/4813 4832/827/828 4831/4834/4840
f 3333/4802/4808 3410/4878/4884 3409/4857/4863
f 4836/829/830 4832/827/828 4838/4807/4813
f 3413/4859/4865 3429/4879/4885 3412/1824/1825
f 3429/4879/4885 3430/4880/4886 3412/1824/1825
f 3430/4880/4886 3417/4881/4887 3412/1824/1825
f 3412/1824/1825 3417/4881/4887 3414/1825/1826
f 3369/4882/4888 3368/1821/1822 3319/4797/4803
f 3319/4797/4803 3368/1821/1822 3320/1823/1824
f 3336/4810/4816 3344/1822/1823 3366/4822/4828
f 4835/758/759 4823/4877/4883 4821/4763/4769
f 4837/833/834 4823/4877/4883 4835/758/759
f 3406/1778/1779 3378/1774/1775 3380/1779/1780
f 4834/831/832 4837/833/834 4835/758/759
f 3365/4821/4827 3428/4817/4823 3336/4810/4816
f 4833/828/829 4836/829/830 4834/831/832
f 3348/1812/1813 3335/4804/4810 3332/1810/1811
f 3365/4821/4827 3364/4823/4829 3428/4817/4823
f 3364/4823/4829 3360/4816/4822 3428/4817/4823
f 3408/1816/1817 3409/4857/4863 3412/1824/1825
f 4830/757/758 4834/831/832 4835/758/759
f 4834/831/832 4830/757/758 4826/834/835
f 3412/1824/1825 3411/1826/1827 3408/1816/1817
f 3411/1826/1827 3329/1784/1785 3408/1816/1817
f 4835/758/759 4821/4763/4769 4778/759/760
f 3352/4812/4818 3357/4814/4820 3354/1786/1787
f 4784/826/827 4833/828/829 4834/831/832
f 3405/1777/1778 3398/1775/1776 3406/1778/1779
f 4832/827/828 4784/826/827 4788/4853/4859
f 4791/4854/4860 4829/4833/4839 4831/4834/4840
f 3410/4878/4884 3333/4802/4808 3431/4883/4889
f 3431/4883/4889 3333/4802/4808 3334/4803/4809
f 3415/4860/4866 3419/4866/4872 3380/1779/1780
f 4780/4884/4890 4830/757/758 4778/759/760
f 4826/834/835 4830/757/758 4780/4884/4890
f 4788/4853/4859 4784/826/827 4785/4885/4891
f 4786/816/817 4788/4853/4859 4785/4885/4891
f 4788/4853/4859 4831/4834/4840 4832/827/828
f 4793/4739/4745 4829/4833/4839 4791/4854/4860
f 4827/4772/4778 4829/4833/4839 4793/4739/4745
f 3384/1803/1804 3321/4798/4804 3391/1809/1810
f 4827/4772/4778 4793/4739/4745 4794/4862/4868
f 3432/4886/4892 3433/4887/4893 3517/4888/4894
f 3433/4887/4893 3458/4889/4895 3517/4888/4894
f 3517/4888/4894 3458/4889/4895 3434/4890/4896
f 3434/4890/4896 3435/4891/4897 3436/4892/4898
f 3435/4891/4897 3457/4893/4899 3436/4892/4898
f 3436/4892/4898 3457/4893/4899 3437/4894/4900
f 3437/4894/4900 3457/4893/4899 3438/4895/4901
f 3439/1746/1747 3438/4895/4901 3440/1750/1751
f 3440/1750/1751 3455/1722/1723 3441/1720/1721
f 3442/1723/1724 3443/1752/1753 3444/1755/1756
f 3444/1755/1756 3443/1752/1753 3445/1754/1755
f 3445/1754/1755 3446/1735/1736 3444/1755/1756
f 3444/1755/1756 3446/1735/1736 3447/1737/1738
f 3452/4896/4902 3450/4897/4903 3449/4898/4904
f 4791/4854/4860 4792/4740/4746 4793/4739/4745
f 3449/4898/4904 3448/1744/1745 3452/4896/4902
f 3448/1744/1745 3447/1737/1738 3453/1736/1737
f 3442/1723/1724 3455/1722/1723 3443/1752/1753
f 3455/1722/1723 3440/1750/1751 3456/4899/4905
f 3456/4899/4905 3438/4895/4901 3482/4900/4906
f 3482/4900/4906 3438/4895/4901 3457/4893/4899
f 3452/4896/4902 3448/1744/1745 3459/1729/1730
f 3453/1736/1737 3446/1735/1736 3460/1738/1739
f 3445/1754/1755 3454/1753/1754 3446/1735/1736
f 3446/1735/1736 3454/1753/1754 3462/4901/4907
f 3443/1752/1753 3455/1722/1723 3454/1753/1754
f 3456/4899/4905 3461/4902/4908 3455/1722/1723
f 3461/4902/4908 3462/4901/4907 3455/1722/1723
f 3455/1722/1723 3462/4901/4907 3454/1753/1754
f 3462/4901/4907 3460/1738/1739 3446/1735/1736
f 3453/1736/1737 3466/1727/1728 3448/1744/1745
f 3466/1727/1728 3459/1729/1730 3448/1744/1745
f 3450/4897/4903 3495/4903/4909 3449/4898/4904
f 3462/4901/4907 3464/1758/1759 3460/1738/1739
f 3464/1758/1759 3465/4904/4910 3463/1739/1740
f 3465/4904/4910 3466/1727/1728 3463/1739/1740
f 3463/1739/1740 3466/1727/1728 3453/1736/1737
f 3452/4896/4902 3467/4905/4911 3450/4897/4903
f 3462/4901/4907 3468/4906/4912 3464/1758/1759
f 3464/1758/1759 3468/4906/4912 3465/4904/4910
f 3459/1729/1730 3467/4905/4911 3452/4896/4902
f 4786/816/817 4787/818/819 4788/4853/4859
f 3470/4907/4913 3471/4908/4914 3462/4901/4907
f 3462/4901/4907 3471/4908/4914 3468/4906/4912
f 3468/4906/4912 3472/4909/4915 3465/4904/4910
f 3465/4904/4910 3472/4909/4915 3466/1727/1728
f 3466/1727/1728 3472/4909/4915 3469/1728/1729
f 3469/1728/1729 3473/1731/1732 3459/1729/1730
f 3459/1729/1730 3473/1731/1732 3467/4905/4911
f 3468/4906/4912 3474/4910/4916 3472/4909/4915
f 3472/4909/4915 3475/1730/1731 3469/1728/1729
f 4782/4911/4917 4784/826/827 4826/834/835
f 3471/4908/4914 3474/4910/4916 3468/4906/4912
f 3474/4910/4916 3475/1730/1731 3472/4909/4915
f 4781/4912/4918 4782/4911/4917 4826/834/835
f 4780/4884/4890 4781/4912/4918 4826/834/835
f 3477/4913/4919 3478/4914/4920 3471/4908/4914
f 3471/4908/4914 3478/4914/4920 3476/4915/4921
f 3471/4908/4914 3476/4915/4921 3474/4910/4916
f 3474/4910/4916 3476/4915/4921 3475/1730/1731
f 4822/4738/4744 4823/4877/4883 4824/4737/4743
f 4821/4763/4769 4823/4877/4883 4822/4738/4744
f 3479/4916/4922 3481/4917/4923 3435/4891/4897
f 3461/4902/4908 3470/4907/4913 3462/4901/4907
f 3435/4891/4897 3481/4917/4923 3457/4893/4899
f 3482/4900/4906 3461/4902/4908 3456/4899/4905
f 3482/4900/4906 3457/4893/4899 3481/4917/4923
f 4807/840/841 4819/4858/4864 4820/841/842
f 3499/1747/1748 3484/4918/4924 3485/4919/4925
f 3437/4894/4900 3438/4895/4901 3439/1746/1747
f 3488/4920/4926 3440/1750/1751 3489/1749/1750
f 3441/1720/1721 3442/1723/1724 3490/1721/1722
f 3490/1721/1722 3442/1723/1724 3444/1755/1756
f 3444/1755/1756 3447/1737/1738 3491/1745/1746
f 3491/1745/1746 3448/1744/1745 3531/4921/4927
f 3448/1744/1745 3449/4898/4904 3531/4921/4927
f 3493/4922/4928 3495/4903/4909 3494/4923/4929
f 3441/1720/1721 3497/1719/1720 3489/1749/1750
f 3498/1717/1718 3488/4920/4926 3489/1749/1750
f 3440/1750/1751 3488/4920/4926 3439/1746/1747
f 3439/1746/1747 3483/1748/1749 3437/4894/4900
f 3444/1755/1756 3497/1719/1720 3490/1721/1722
f 3497/1719/1720 3498/1717/1718 3489/1749/1750
f 3488/4920/4926 3499/1747/1748 3439/1746/1747
f 4797/843/844 4781/4912/4918 4779/774/775
f 4811/773/774 4797/843/844 4779/774/775
f 3491/1745/1746 3500/1757/1758 3496/1756/1757
f 3501/1718/1719 3498/1717/1718 3497/1719/1720
f 3498/1717/1718 3502/1726/1727 3488/4920/4926
f 3502/1726/1727 3503/1725/1726 3488/4920/4926
f 3488/4920/4926 3503/1725/1726 3499/1747/1748
f 4807/840/841 4797/843/844 4811/773/774
f 3497/1719/1720 3496/1756/1757 3501/1718/1719
f 3498/1717/1718 3504/1716/1717 3502/1726/1727
f 3503/1725/1726 3505/1724/1725 3499/1747/1748
f 3505/1724/1725 3484/4918/4924 3499/1747/1748
f 4819/4858/4864 4807/840/841 4811/773/774
f 3506/4924/4930 3504/1716/1717 3501/1718/1719
f 3506/4924/4930 3507/4925/4931 3504/1716/1717
f 3507/4925/4931 3508/4926/4932 3504/1716/1717
f 3504/1716/1717 3508/4926/4932 3502/1726/1727
f 3505/1724/1725 3508/4926/4932 3484/4918/4924
f 3500/1757/1758 3506/4924/4930 3501/1718/1719
f 3502/1726/1727 3508/4926/4932 3505/1724/1725
f 3508/4926/4932 3486/4927/4933 3484/4918/4924
f 3486/4927/4933 3485/4919/4925 3484/4918/4924
f 3509/4928/4934 3507/4925/4931 3506/4924/4930
f 4818/851/852 4820/841/842 4819/4858/4864
f 3507/4925/4931 3510/4929/4935 3508/4926/4932
f 3508/4926/4932 3510/4929/4935 3486/4927/4933
f 3510/4929/4935 3487/4930/4936 3486/4927/4933
f 4817/850/851 4820/841/842 4818/851/852
f 4812/842/843 4820/841/842 4817/850/851
f 4815/4777/4783 4812/842/843 4817/850/851
f 4813/4780/4786 4812/842/843 4815/4777/4783
f 3510/4929/4935 3511/4931/4937 3487/4930/4936
f 3510/4929/4935 3507/4925/4931 3509/4928/4934
f 4809/786/787 4815/4777/4783 4814/802/803
f 4809/786/787 4874/801/802 4810/784/785
f 3487/4930/4936 3512/4932/4938 3486/4927/4933
f 3512/4932/4938 3485/4919/4925 3486/4927/4933
f 3485/4919/4925 3483/1748/1749 3499/1747/1748
f 3485/4919/4925 3512/4932/4938 3483/1748/1749
f 3512/4932/4938 3513/1742/1743 3483/1748/1749
f 3513/1742/1743 3437/4894/4900 3483/1748/1749
f 3436/4892/4898 3437/4894/4900 3513/1742/1743
f 3512/4932/4938 3514/1743/1744 3513/1742/1743
f 3513/1742/1743 3515/1741/1742 3436/4892/4898
f 3436/4892/4898 3516/4933/4939 3434/4890/4896
f 3515/1741/1742 3516/4933/4939 3436/4892/4898
f 4802/785/786 4810/784/785 4803/4934/4940
f 3516/4933/4939 3517/4888/4894 3434/4890/4896
f 4801/4935/4941 4813/4780/4786 4806/4779/4785
f 4808/4936/4942 4813/4780/4786 4801/4935/4941
f 3449/4898/4904 3492/4937/4943 3531/4921/4927
f 4812/842/843 4813/4780/4786 4808/4936/4942
f 4805/836/837 4812/842/843 4808/4936/4942
f 3449/4898/4904 3495/4903/4909 3493/4922/4928
f 3495/4903/4909 3451/4938/4944 3494/4923/4929
f 4807/840/841 4812/842/843 4805/836/837
f 4803/4934/4940 4810/784/785 4792/4740/4746
f 3518/4939/4945 3470/4907/4913 3461/4902/4908
f 4809/786/787 4802/785/786 4806/4779/4785
f 3470/4907/4913 3477/4913/4919 3471/4908/4914
f 3477/4913/4919 3525/4940/4946 3478/4914/4920
f 3525/4940/4946 3519/4941/4947 3478/4914/4920
f 4808/4936/4942 4801/4935/4941 4800/4942/4948
f 4807/840/841 4805/836/837 4798/838/839
f 3479/4916/4922 3480/4943/4949 3520/4944/4950
f 3521/4945/4951 3518/4939/4945 3482/4900/4906
f 3518/4939/4945 3461/4902/4908 3482/4900/4906
f 3481/4917/4923 3522/4946/4952 3521/4945/4951
f 3521/4945/4951 3477/4913/4919 3518/4939/4945
f 3518/4939/4945 3477/4913/4919 3470/4907/4913
f 4806/4779/4785 4802/785/786 4801/4935/4941
f 3481/4917/4923 3523/4947/4953 3522/4946/4952
f 3522/4946/4952 3524/4948/4954 3521/4945/4951
f 3525/4940/4946 3526/4949/4955 3519/4941/4947
f 4800/4942/4948 4801/4935/4941 4790/4950/4956
f 3477/4913/4919 3521/4945/4951 3525/4940/4946
f 4805/836/837 4808/4936/4942 4800/4942/4948
f 3481/4917/4923 3521/4945/4951 3482/4900/4906
f 4795/817/818 4805/836/837 4800/4942/4948
f 4799/837/838 4805/836/837 4795/817/818
f 3525/4940/4946 3521/4945/4951 3524/4948/4954
f 3520/4944/4950 3481/4917/4923 3479/4916/4922
f 4792/4740/4746 4810/784/785 4804/4741/4747
f 3524/4948/4954 3527/4951/4957 3525/4940/4946
f 3525/4940/4946 3527/4951/4957 3526/4949/4955
f 4790/4950/4956 4803/4934/4940 4789/4856/4862
f 4802/785/786 4803/4934/4940 4790/4950/4956
f 4801/4935/4941 4802/785/786 4790/4950/4956
f 4800/4942/4948 4790/4950/4956 4787/818/819
f 4795/817/818 4800/4942/4948 4787/818/819
f 4798/838/839 4799/837/838 4786/816/817
f 3438/4895/4901 3456/4899/4905 3440/1750/1751
f 4797/843/844 4798/838/839 4783/4952/4958
f 4781/4912/4918 4797/843/844 4783/4952/4958
f 3493/4922/4928 3492/4937/4943 3449/4898/4904
f 3494/4923/4929 3528/4953/4959 3493/4922/4928
f 3528/4953/4959 3529/4954/4960 3530/1771/1772
f 3530/1771/1772 3535/1770/1771 3500/1757/1758
f 3493/4922/4928 3528/4953/4959 3492/4937/4943
f 4779/774/775 4777/4765/4771 4796/772/773
f 3492/4937/4943 3500/1757/1758 3531/4921/4927
f 3531/4921/4927 3500/1757/1758 3491/1745/1746
f 4780/4884/4890 4779/774/775 4781/4912/4918
f 3500/1757/1758 3492/4937/4943 3530/1771/1772
f 3492/4937/4943 3528/4953/4959 3530/1771/1772
f 3529/4954/4960 3532/1772/1773 3530/1771/1772
f 3533/4955/4961 3534/4956/4962 3532/1772/1773
f 3532/1772/1773 3534/4956/4962 3535/1770/1771
f 3535/1770/1771 3509/4928/4934 3500/1757/1758
f 3500/1757/1758 3509/4928/4934 3506/4924/4930
f 4785/4885/4891 4783/4952/4958 4798/838/839
f 4786/816/817 4785/4885/4891 4798/838/839
f 4795/817/818 4786/816/817 4799/837/838
f 4792/4740/4746 4789/4856/4862 4803/4934/4940
f 3435/4891/4897 3434/4890/4896 3479/4916/4922
f 3434/4890/4896 3458/4889/4895 3479/4916/4922
f 4791/4854/4860 4789/4856/4862 4792/4740/4746
f 3523/4947/4953 3481/4917/4923 3520/4944/4950
f 4787/818/819 4790/4950/4956 4789/4856/4862
f 4788/4853/4859 4787/818/819 4789/4856/4862
f 3535/1770/1771 3534/4956/4962 3536/4957/4963
f 3509/4928/4934 3538/4958/4964 3510/4929/4935
f 3509/4928/4934 3535/1770/1771 3537/1712/1713
f 3535/1770/1771 3536/4957/4963 3537/1712/1713
f 4783/4952/4958 4785/4885/4891 4784/826/827
f 4782/4911/4917 4783/4952/4958 4784/826/827
f 3510/4929/4935 3538/4958/4964 3511/4931/4937
f 4781/4912/4918 4783/4952/4958 4782/4911/4917
f 4779/774/775 4780/4884/4890 4778/759/760
f 3536/4957/4963 3539/4959/4965 3537/1712/1713
f 3539/4959/4965 3540/4960/4966 3537/1712/1713
f 4777/4765/4771 4779/774/775 4778/759/760
f 3540/4960/4966 3541/4961/4967 3537/1712/1713
f 3537/1712/1713 3541/4961/4967 3542/1713/1714
f 3541/4961/4967 3543/4962/4968 3542/1713/1714
f 4776/814/815 4840/4840/4846 4777/4765/4771
f 3538/4958/4964 3509/4928/4934 3544/1714/1715
f 3544/1714/1715 3509/4928/4934 3537/1712/1713
f 3545/4963/4969 3546/4964/4970 3547/4965/4971
f 3547/4965/4971 3546/4964/4970 3548/4966/4972
f 3553/4967/4973 3567/4968/4974 3623/4969/4975
f 3567/4968/4974 3574/4970/4976 3623/4969/4975
f 3574/4970/4976 3554/4971/4977 3623/4969/4975
f 3554/4971/4977 3579/1695/1696 3555/1694/1695
f 3559/1698/1699 3561/4972/4978 3560/1692/1693
f 3561/4972/4978 3562/1700/1701 3560/1692/1693
f 3564/4973/4979 3565/1661/1662 3566/1663/1664
f 3565/1661/1662 3562/1700/1701 3561/4972/4978
f 3567/4968/4974 3568/4974/4980 3574/4970/4976
f 3568/4974/4980 3650/4975/4981 3596/4976/4982
f 3572/4977/4983 3646/4978/4984 3571/1681/1682
f 3571/1681/1682 3646/4978/4984 3602/4979/4985
f 3646/4978/4984 3573/4980/4986 3602/4979/4985
f 3554/4971/4977 3574/4970/4976 3579/1695/1696
f 3559/1698/1699 3575/1666/1667 3561/4972/4978
f 3561/4972/4978 3576/1665/1666 3565/1661/1662
f 3576/1665/1666 3577/1664/1665 3565/1661/1662
f 4773/4981/4987 4757/4982/4988 4739/4983/4989
f 4732/4984/4990 4773/4981/4987 4739/4983/4989
f 3576/1665/1666 3561/4972/4978 3575/1666/1667
f 3559/1698/1699 3558/1697/1698 3575/1666/1667
f 3575/1666/1667 3558/1697/1698 3581/1667/1668
f 3558/1697/1698 3556/1693/1694 3581/1667/1668
f 3581/1667/1668 3556/1693/1694 3582/4985/4991
f 3582/4985/4991 3556/1693/1694 3579/1695/1696
f 4772/4986/4992 4755/4987/4993 4686/4988/4994
f 3579/1695/1696 3574/4970/4976 3583/4989/4995
f 3568/4974/4980 3596/4976/4982 3574/4970/4976
f 3574/4970/4976 3596/4976/4982 3583/4989/4995
f 3581/1667/1668 3585/1676/1677 3576/1665/1666
f 3585/1676/1677 3586/4990/4996 3576/1665/1666
f 3576/1665/1666 3586/4990/4996 3577/1664/1665
f 3580/1662/1663 3587/4991/4997 3566/1663/1664
f 3587/4991/4997 3588/4992/4998 3566/1663/1664
f 3566/1663/1664 3588/4992/4998 3578/4993/4999
f 4705/872/873 4709/878/879 4702/892/893
f 3583/4989/4995 3589/4994/5000 3584/4995/5001
f 3589/4994/5000 3590/1678/1679 3584/4995/5001
f 3584/4995/5001 3590/1678/1679 3582/4985/4991
f 3590/1678/1679 3581/1667/1668 3582/4985/4991
f 3581/1667/1668 3590/1678/1679 3585/1676/1677
f 3586/4990/4996 3599/1675/1676 3580/1662/1663
f 3599/1675/1676 3586/4990/4996 3585/1676/1677
f 3597/4996/5002 3590/1678/1679 3589/4994/5000
f 3594/4997/5003 3596/4976/4982 3595/4998/5004
f 4771/4999/5005 4770/5000/5006 4769/5001/5007
f 4768/5002/5008 4771/4999/5005 4769/5001/5007
f 3595/4998/5004 3597/4996/5002 3594/4997/5003
f 3594/4997/5003 3597/4996/5002 3589/4994/5000
f 3597/4996/5002 3598/1677/1678 3590/1678/1679
f 3599/1675/1676 3591/5003/5009 3580/1662/1663
f 4757/4982/4988 4771/4999/5005 4768/5002/5008
f 4767/5004/5010 4757/4982/4988 4768/5002/5008
f 3596/4976/4982 3650/4975/4981 3600/5005/5011
f 3650/4975/4981 3569/1679/1680 3600/5005/5011
f 3601/1688/1689 3571/1681/1682 3602/4979/4985
f 3600/5005/5011 3595/4998/5004 3596/4976/4982
f 3597/4996/5002 3605/1687/1688 3598/1677/1678
f 3607/5006/5012 3591/5003/5009 3599/1675/1676
f 4757/4982/4988 4766/5007/5013 4738/5008/5014
f 4766/5007/5013 4757/4982/4988 4767/5004/5010
f 3595/4998/5004 3600/5005/5011 3604/5009/5015
f 3600/5005/5011 3569/1679/1680 3604/5009/5015
f 3569/1679/1680 3571/1681/1682 3604/5009/5015
f 3604/5009/5015 3571/1681/1682 3601/1688/1689
f 4682/5010/5016 4734/5011/5017 4683/5012/5018
f 3604/5009/5015 3601/1688/1689 3605/1687/1688
f 3606/1686/1687 3607/5006/5012 3599/1675/1676
f 3608/5013/5019 3591/5003/5009 3607/5006/5012
f 3591/5003/5009 3593/5014/5020 3592/5015/5021
f 4717/5016/5022 4716/5017/5023 4763/5018/5024
f 4704/5019/5025 4716/5017/5023 4717/5016/5022
f 3602/4979/4985 3573/4980/4986 3609/1658/1659
f 3573/4980/4986 3603/1659/1660 3609/1658/1659
f 3601/1688/1689 3602/4979/4985 3609/1658/1659
f 4744/5020/5026 4746/5021/5027 4765/5022/5028
f 3609/1658/1659 3611/5023/5029 3606/1686/1687
f 4744/5020/5026 4765/5022/5028 4761/854/855
f 3606/1686/1687 3611/5023/5029 3607/5006/5012
f 3611/5023/5029 3608/5013/5019 3607/5006/5012
f 3608/5013/5019 3612/5024/5030 3591/5003/5009
f 3591/5003/5009 3612/5024/5030 3593/5014/5020
f 4725/852/853 4761/854/855 4764/5025/5031
f 3609/1658/1659 3613/5026/5032 3611/5023/5029
f 3611/5023/5029 3614/5027/5033 3608/5013/5019
f 3614/5027/5033 3615/5028/5034 3608/5013/5019
f 4762/5029/5035 4725/852/853 4764/5025/5031
f 4716/5017/5023 4762/5029/5035 4763/5018/5024
f 3611/5023/5029 3613/5026/5032 3614/5027/5033
f 4725/852/853 4762/5029/5035 4716/5017/5023
f 3616/5030/5036 3613/5026/5032 3609/1658/1659
f 3609/1658/1659 3610/1660/1661 3617/5031/5037
f 4743/853/854 4744/5020/5026 4761/854/855
f 3595/4998/5004 3604/5009/5015 3597/4996/5002
f 4742/870/871 4743/853/854 4723/911/912
f 3604/5009/5015 3605/1687/1688 3597/4996/5002
f 4760/5032/5038 4685/5033/5039 4684/5034/5040
f 3598/1677/1678 3605/1687/1688 3599/1675/1676
f 3606/1686/1687 3601/1688/1689 3609/1658/1659
f 4723/911/912 4719/877/878 4712/879/880
f 4716/5017/5023 4719/877/878 4723/911/912
f 4683/5012/5018 4760/5032/5038 4684/5034/5040
f 4734/5011/5017 4760/5032/5038 4683/5012/5018
f 3587/4991/4997 3618/5035/5041 3588/4992/4998
f 3580/1662/1663 3591/5003/5009 3587/4991/4997
f 3591/5003/5009 3592/5015/5021 3587/4991/4997
f 3592/5015/5021 3618/5035/5041 3587/4991/4997
f 4759/5036/5042 4667/900/901 4664/5037/5043
f 3582/4985/4991 3579/1695/1696 3584/4995/5001
f 3584/4995/5001 3579/1695/1696 3583/4989/4995
f 4759/5036/5042 4758/901/902 4667/900/901
f 4758/901/902 4759/5036/5042 4750/5038/5044
f 3565/1661/1662 3619/5039/5045 3563/1699/1700
f 3563/1699/1700 3621/1685/1686 3562/1700/1701
f 3562/1700/1701 3621/1685/1686 3560/1692/1693
f 3560/1692/1693 3557/1684/1685 3559/1698/1699
f 4728/857/858 4669/5040/5046 4758/901/902
f 4750/5038/5044 4728/857/858 4758/901/902
f 3622/5041/5047 3555/1694/1695 3557/1684/1685
f 3554/4971/4977 3631/5042/5048 3623/4969/4975
f 3631/5042/5048 3626/5043/5049 3623/4969/4975
f 3623/4969/4975 3626/5043/5049 3553/4967/4973
f 3553/4967/4973 3626/5043/5049 3624/5044/5050
f 3624/5044/5050 3627/5045/5051 3625/5046/5052
f 3555/1694/1695 3622/5041/5047 3630/1683/1684
f 3622/5041/5047 3557/1684/1685 3630/1683/1684
f 3628/5047/5053 3629/5048/5054 3621/1685/1686
f 3630/1683/1684 3631/5042/5048 3555/1694/1695
f 3629/5048/5054 3630/1683/1684 3621/1685/1686
f 4736/5049/5055 4733/5050/5056 4738/5008/5014
f 3631/5042/5048 3630/1683/1684 3632/5051/5057
f 3632/5051/5057 3633/5052/5058 3631/5042/5048
f 3633/5052/5058 3626/5043/5049 3631/5042/5048
f 4738/5008/5014 4766/5007/5013 4736/5049/5055
f 3626/5043/5049 3634/5053/5059 3624/5044/5050
f 3634/5053/5059 3635/5054/5060 3624/5044/5050
f 3624/5044/5050 3635/5054/5060 3627/5045/5051
f 4739/4983/4989 4757/4982/4988 4738/5008/5014
f 3630/1683/1684 3636/5055/5061 3632/5051/5057
f 4718/5056/5062 4756/5057/5063 4662/5058/5064
f 3636/5055/5061 3637/5059/5065 3632/5051/5057
f 3637/5059/5065 3638/5060/5066 3632/5051/5057
f 3638/5060/5066 3633/5052/5058 3632/5051/5057
f 4753/5061/5067 4687/898/899 4755/4987/4993
f 4755/4987/4993 4687/898/899 4686/4988/4994
f 3633/5052/5058 3638/5060/5066 3626/5043/5049
f 3638/5060/5066 3639/5062/5068 3626/5043/5049
f 4689/896/897 4680/5063/5069 4688/895/896
f 3636/5055/5061 3630/1683/1684 3629/5048/5054
f 4754/5064/5070 4752/5065/5071 4696/5066/5072
f 4754/5064/5070 4696/5066/5072 4695/897/898
f 4753/5061/5067 4754/5064/5070 4695/897/898
f 3639/5062/5068 3638/5060/5066 3640/5067/5073
f 4687/898/899 4753/5061/5067 4695/897/898
f 4695/897/898 4693/874/875 4688/895/896
f 3628/5047/5053 3619/5039/5045 3629/5048/5054
f 3619/5039/5045 3620/5068/5074 3629/5048/5054
f 3634/5053/5059 3626/5043/5049 3639/5062/5068
f 3555/1694/1695 3631/5042/5048 3554/4971/4977
f 3568/4974/4980 3641/1710/1711 3649/5069/5075
f 3641/1710/1711 3550/1709/1710 3642/5070/5076
f 3550/1709/1710 3643/5071/5077 3642/5070/5076
f 4696/5066/5072 4693/874/875 4695/897/898
f 3643/5071/5077 3550/1709/1710 3549/5072/5078
f 3548/4966/4972 3546/4964/4970 3549/5072/5078
f 3549/5072/5078 3546/4964/4970 3644/5073/5079
f 4752/5065/5071 4697/887/888 4696/5066/5072
f 3571/1681/1682 3651/5074/5080 3572/4977/4983
f 3572/4977/4983 3651/5074/5080 3645/5075/5081
f 4698/5076/5082 4697/887/888 4752/5065/5071
f 3646/4978/4984 3572/4977/4983 3647/5077/5083
f 3648/5078/5084 3650/4975/4981 3649/5069/5075
f 3649/5069/5075 3650/4975/4981 3568/4974/4980
f 3645/5075/5081 3570/1680/1681 3650/4975/4981
f 3570/1680/1681 3645/5075/5081 3651/5074/5080
f 3648/5078/5084 3645/5075/5081 3650/4975/4981
f 4730/5079/5085 4739/4983/4989 4740/5080/5086
f 4665/5081/5087 4663/5082/5088 4666/912/913
f 4665/5081/5087 4666/912/913 4751/914/915
f 3643/5071/5077 3652/5083/5089 3642/5070/5076
f 3642/5070/5076 3649/5069/5075 3641/1710/1711
f 4663/5082/5088 4665/5081/5087 4664/5037/5043
f 3552/1708/1709 3567/4968/4974 3553/4967/4973
f 3567/4968/4974 3641/1710/1711 3568/4974/4980
f 3619/5039/5045 3564/4973/4979 3620/5068/5074
f 3619/5039/5045 3565/1661/1662 3564/4973/4979
f 4728/857/858 4671/867/868 4669/5040/5046
f 4728/857/858 4750/5038/5044 4731/855/856
f 3552/1708/1709 3641/1710/1711 3567/4968/4974
f 3551/5084/5090 3550/1709/1710 3552/1708/1709
f 4670/902/903 4669/5040/5046 4671/867/868
f 4726/858/859 4713/886/887 4721/859/860
f 4722/863/864 4713/886/887 4726/858/859
f 3577/1664/1665 3586/4990/4996 3580/1662/1663
f 4749/5085/5091 4741/864/865 4699/860/861
f 4749/5085/5091 4747/5086/5092 4748/868/869
f 3653/5087/5093 3617/5031/5037 3654/5088/5094
f 3617/5031/5037 3655/5089/5095 3654/5088/5094
f 4741/864/865 4749/5085/5091 4748/868/869
f 3610/1660/1661 3655/5089/5095 3617/5031/5037
f 4745/869/870 4748/868/869 4747/5086/5092
f 3649/5069/5075 3642/5070/5076 3648/5078/5084
f 3648/5078/5084 3642/5070/5076 3656/5090/5096
f 3656/5090/5096 3642/5070/5076 3652/5083/5089
f 3648/5078/5084 3656/5090/5096 3645/5075/5081
f 3656/5090/5096 3647/5077/5083 3645/5075/5081
f 3651/5074/5080 3571/1681/1682 3570/1680/1681
f 4744/5020/5026 4745/869/870 4746/5021/5027
f 4742/870/871 4745/869/870 4744/5020/5026
f 4743/853/854 4742/870/871 4744/5020/5026
f 3570/1680/1681 3569/1679/1680 3650/4975/4981
f 4724/865/866 4742/870/871 4723/911/912
f 4748/868/869 4742/870/871 4724/865/866
f 4741/864/865 4748/868/869 4724/865/866
f 4726/858/859 4741/864/865 4722/863/864
f 3609/1658/1659 3617/5031/5037 3616/5030/5036
f 3594/4997/5003 3589/4994/5000 3583/4989/4995
f 4699/860/861 4741/864/865 4726/858/859
f 3594/4997/5003 3583/4989/4995 3596/4976/4982
f 4740/5080/5086 4727/5091/5097 4729/856/857
f 3549/5072/5078 3550/1709/1710 3548/4966/4972
f 3550/1709/1710 3551/5084/5090 3548/4966/4972
f 3551/5084/5090 3625/5046/5052 3548/4966/4972
f 3551/5084/5090 3552/1708/1709 3624/5044/5050
f 3624/5044/5050 3552/1708/1709 3553/4967/4973
f 3624/5044/5050 3625/5046/5052 3551/5084/5090
f 3647/5077/5083 3572/4977/4983 3645/5075/5081
f 4730/5079/5085 4740/5080/5086 4729/856/857
f 3621/1685/1686 3563/1699/1700 3628/5047/5053
f 3563/1699/1700 3619/5039/5045 3628/5047/5053
f 3658/5092/5098 3660/5093/5099 3659/5094/5100
f 3660/5093/5099 3661/5095/5101 3659/5094/5100
f 3659/5094/5100 3661/5095/5101 3742/5096/5102
f 3661/5095/5101 3699/1655/1656 3742/5096/5102
f 3663/5097/5103 3665/1634/1635 3664/5098/5104
f 3666/5099/5105 3664/5098/5104 3667/5100/5106
f 3664/5098/5104 3668/1613/1614 3667/5100/5106
f 3667/5100/5106 3668/1613/1614 3669/5101/5107
f 3669/5101/5107 3668/1613/1614 3670/1612/1613
f 3670/1612/1613 3671/1652/1653 3672/5102/5108
f 3671/1652/1653 3673/1654/1655 3672/5102/5108
f 3672/5102/5108 3673/1654/1655 3674/5103/5109
f 3673/1654/1655 3681/5104/5110 3675/5105/5111
f 3676/5106/5112 3677/5107/5113 3675/5105/5111
f 3675/5105/5111 3677/5107/5113 3678/5108/5114
f 3678/5108/5114 3677/5107/5113 3679/5109/5115
f 4740/5080/5086 4739/4983/4989 4737/5110/5116
f 3675/5105/5111 3686/5111/5117 3676/5106/5112
f 3664/5098/5104 3682/1637/1638 3668/1613/1614
f 3682/1637/1638 3680/1614/1615 3668/1613/1614
f 3680/1614/1615 3683/1651/1652 3670/1612/1613
f 3671/1652/1653 3684/5112/5118 3688/1653/1654
f 3673/1654/1655 3685/5113/5119 3681/5104/5110
f 3681/5104/5110 3686/5111/5117 3675/5105/5111
f 4729/856/857 4727/5091/5097 4671/867/868
f 3682/1637/1638 3687/5114/5120 3680/1614/1615
f 3683/1651/1652 3684/5112/5118 3671/1652/1653
f 3688/1653/1654 3685/5113/5119 3673/1654/1655
f 3692/5115/5121 3690/5116/5122 3685/5113/5119
f 3685/5113/5119 3690/5116/5122 3681/5104/5110
f 3690/5116/5122 3686/5111/5117 3681/5104/5110
f 3680/1614/1615 3687/5114/5120 3683/1651/1652
f 3687/5114/5120 3689/5117/5123 3683/1651/1652
f 3683/1651/1652 3689/5117/5123 3684/5112/5118
f 3684/5112/5118 3689/5117/5123 3688/1653/1654
f 3687/5114/5120 3691/1649/1650 3689/5117/5123
f 3689/5117/5123 3691/1649/1650 3688/1653/1654
f 3691/1649/1650 3692/5115/5121 3688/1653/1654
f 3688/1653/1654 3692/5115/5121 3685/5113/5119
f 4739/4983/4989 4730/5079/5085 4731/855/856
f 3687/5114/5120 3693/1621/1622 3691/1649/1650
f 3691/1649/1650 3694/1648/1649 3692/5115/5121
f 3694/1648/1649 3696/5118/5124 3692/5115/5121
f 3692/5115/5121 3696/5118/5124 3690/5116/5122
f 3693/1621/1622 3695/1650/1651 3691/1649/1650
f 4737/5110/5116 4739/4983/4989 4738/5008/5014
f 3695/1650/1651 3697/5119/5125 3694/1648/1649
f 3694/1648/1649 3697/5119/5125 3696/5118/5124
f 3665/1634/1635 3682/1637/1638 3664/5098/5104
f 3665/1634/1635 3663/5097/5103 3662/1635/1636
f 3699/1655/1656 3759/1657/1658 3700/5120/5126
f 3759/1657/1658 3701/5121/5127 3702/5122/5128
f 4681/5123/5129 4738/5008/5014 4733/5050/5056
f 4737/5110/5116 4738/5008/5014 4681/5123/5129
f 3665/1634/1635 3705/1633/1634 3682/1637/1638
f 4679/5124/5130 4737/5110/5116 4681/5123/5129
f 3662/1635/1636 3699/1655/1656 3710/5125/5131
f 3699/1655/1656 3700/5120/5126 3710/5125/5131
f 3700/5120/5126 3759/1657/1658 3703/5126/5132
f 3703/5126/5132 3759/1657/1658 3702/5122/5128
f 3705/1633/1634 3706/5127/5133 3707/1620/1621
f 4677/908/909 4737/5110/5116 4679/5124/5130
f 3707/1620/1621 3695/1650/1651 3693/1621/1622
f 4740/5080/5086 4737/5110/5116 4677/908/909
f 4727/5091/5097 4740/5080/5086 4677/908/909
f 3695/1650/1651 3707/1620/1621 3740/5128/5134
f 3704/5129/5135 3703/5126/5132 3702/5122/5128
f 3703/5126/5132 3710/5125/5131 3700/5120/5126
f 3705/1633/1634 3662/1635/1636 3710/5125/5131
f 3705/1633/1634 3707/1620/1621 3698/1619/1620
f 3664/5098/5104 3712/5130/5136 3711/5131/5137
f 3711/5131/5137 3713/1644/1645 3714/5132/5138
f 3715/5133/5139 3714/5132/5138 3716/1643/1644
f 3717/1646/1647 3721/5134/5140 3720/5135/5141
f 3721/5134/5140 3739/5136/5142 3722/5137/5143
f 4679/5124/5130 4678/910/911 4677/908/909
f 3664/5098/5104 3666/5099/5105 3712/5130/5136
f 3667/5100/5106 3669/5101/5107 3723/1617/1618
f 3674/5103/5109 3673/1654/1655 3725/5138/5144
f 3673/1654/1655 3675/5105/5111 3725/5138/5144
f 4733/5050/5056 4736/5049/5055 4735/5139/5145
f 4734/5011/5017 4733/5050/5056 4735/5139/5145
f 3725/5138/5144 3724/5140/5146 3674/5103/5109
f 3674/5103/5109 3724/5140/5146 3672/5102/5108
f 3672/5102/5108 3669/5101/5107 3670/1612/1613
f 3723/1617/1618 3666/5099/5105 3667/5100/5106
f 4733/5050/5056 4734/5011/5017 4682/5010/5016
f 3724/5140/5146 3726/1615/1616 3672/5102/5108
f 3672/5102/5108 3726/1615/1616 3669/5101/5107
f 3669/5101/5107 3726/1615/1616 3723/1617/1618
f 3666/5099/5105 3723/1617/1618 3712/5130/5136
f 3723/1617/1618 3727/5141/5147 3712/5130/5136
f 4681/5123/5129 4733/5050/5056 4682/5010/5016
f 3725/5138/5144 3728/5142/5148 3724/5140/5146
f 3724/5140/5146 3728/5142/5148 3726/1615/1616
f 3713/1644/1645 3711/5131/5137 3727/5141/5147
f 3727/5141/5147 3711/5131/5137 3712/5130/5136
f 3726/1615/1616 3730/5143/5149 3729/1616/1617
f 3729/1616/1617 3727/5141/5147 3723/1617/1618
f 3728/5142/5148 3730/5143/5149 3726/1615/1616
f 3729/1616/1617 3731/1642/1643 3727/5141/5147
f 3727/5141/5147 3731/1642/1643 3713/1644/1645
f 4727/5091/5097 4677/908/909 4675/890/891
f 3732/5144/5150 3731/1642/1643 3730/5143/5149
f 3730/5143/5149 3731/1642/1643 3729/1616/1617
f 3713/1644/1645 3716/1643/1644 3714/5132/5138
f 4673/5145/5151 4727/5091/5097 4675/890/891
f 3730/5143/5149 3728/5142/5148 3732/5144/5150
f 3731/1642/1643 3718/1647/1648 3716/1643/1644
f 4672/893/894 4727/5091/5097 4673/5145/5151
f 4731/855/856 4732/4984/4990 4739/4983/4989
f 3718/1647/1648 3717/1646/1647 3716/1643/1644
f 3717/1646/1647 3747/5146/5152 3716/1643/1644
f 4729/856/857 4731/855/856 4730/5079/5085
f 3732/5144/5150 3733/5147/5153 3719/1645/1646
f 3732/5144/5150 3719/1645/1646 3718/1647/1648
f 3718/1647/1648 3731/1642/1643 3732/5144/5150
f 4672/893/894 4671/867/868 4727/5091/5097
f 3734/5148/5154 3735/5149/5155 3736/5150/5156
f 3762/5151/5157 3725/5138/5144 3675/5105/5111
f 3735/5149/5155 3734/5148/5154 3737/5152/5158
f 3737/5152/5158 3734/5148/5154 3738/5153/5159
f 3719/1645/1646 3739/5136/5142 3721/5134/5140
f 4723/911/912 4725/852/853 4716/5017/5023
f 3721/5134/5140 3717/1646/1647 3719/1645/1646
f 3708/5154/5160 3709/5155/5161 3707/1620/1621
f 3707/1620/1621 3709/5155/5161 3740/5128/5134
f 4724/865/866 4723/911/912 4720/5156/5162
f 4724/865/866 4715/5157/5163 4722/863/864
f 4720/5156/5162 4715/5157/5163 4724/865/866
f 3740/5128/5134 3697/5119/5125 3695/1650/1651
f 4712/879/880 4720/5156/5162 4723/911/912
f 3659/5094/5100 3742/5096/5102 3741/5158/5164
f 3745/5159/5165 3663/5097/5103 3711/5131/5137
f 3663/5097/5103 3664/5098/5104 3711/5131/5137
f 4722/863/864 4714/5160/5166 4713/886/887
f 3711/5131/5137 3714/5132/5138 3746/5161/5167
f 3714/5132/5138 3715/5133/5139 3746/5161/5167
f 3715/5133/5139 3716/1643/1644 3747/5146/5152
f 3749/5162/5168 3717/1646/1647 3720/5135/5141
f 4715/5157/5163 4714/5160/5166 4722/863/864
f 3717/1646/1647 3749/5162/5168 3748/5163/5169
f 3747/5146/5152 3750/5164/5170 3715/5133/5139
f 3715/5133/5139 3751/5165/5171 3746/5161/5167
f 3746/5161/5167 3745/5159/5165 3711/5131/5137
f 3748/5163/5169 3752/5166/5172 3747/5146/5152
f 3747/5146/5152 3752/5166/5172 3750/5164/5170
f 3750/5164/5170 3751/5165/5171 3715/5133/5139
f 3749/5162/5168 3752/5166/5172 3748/5163/5169
f 3751/5165/5171 3753/5167/5173 3746/5161/5167
f 3746/5161/5167 3753/5167/5173 3745/5159/5165
f 3753/5167/5173 3754/5168/5174 3745/5159/5165
f 3750/5164/5170 3753/5167/5173 3751/5165/5171
f 3749/5162/5168 3755/5169/5175 3752/5166/5172
f 3752/5166/5172 3755/5169/5175 3750/5164/5170
f 3755/5169/5175 3753/5167/5173 3750/5164/5170
f 3753/5167/5173 3756/5170/5176 3754/5168/5174
f 3755/5169/5175 3756/5170/5176 3753/5167/5173
f 3756/5170/5176 3743/5171/5177 3754/5168/5174
f 3754/5168/5174 3743/5171/5177 3744/5172/5178
f 3744/5172/5178 3743/5171/5177 3742/5096/5102
f 4720/5156/5162 4708/5173/5179 4715/5157/5163
f 4712/879/880 4708/5173/5179 4720/5156/5162
f 3755/5169/5175 3757/5174/5180 3756/5170/5176
f 3743/5171/5177 3756/5170/5176 3757/5174/5180
f 4704/5019/5025 4717/5016/5022 4718/5056/5062
f 3659/5094/5100 3741/5158/5164 3658/5092/5098
f 3741/5158/5164 3657/5175/5181 3658/5092/5098
f 4719/877/878 4716/5017/5023 4704/5019/5025
f 3741/5158/5164 3742/5096/5102 3758/5176/5182
f 3758/5176/5182 3742/5096/5102 3743/5171/5177
f 3760/1656/1657 3699/1655/1656 3661/5095/5101
f 3760/1656/1657 3661/5095/5101 3761/5177/5183
f 3661/5095/5101 3660/5093/5099 3761/5177/5183
f 4710/5178/5184 4715/5157/5163 4708/5173/5179
f 4711/5179/5185 4715/5157/5163 4710/5178/5184
f 4714/5160/5166 4715/5157/5163 4711/5179/5185
f 4707/875/876 4714/5160/5166 4711/5179/5185
f 3682/1637/1638 3698/1619/1620 3687/5114/5120
f 4713/886/887 4714/5160/5166 4707/875/876
f 3698/1619/1620 3693/1621/1622 3687/5114/5120
f 4713/886/887 4707/875/876 4697/887/888
f 4712/879/880 4701/5180/5186 4708/5173/5179
f 4705/872/873 4701/5180/5186 4712/879/880
f 4709/878/879 4705/872/873 4712/879/880
f 4711/5179/5185 4706/5181/5187 4707/875/876
f 4710/5178/5184 4706/5181/5187 4711/5179/5185
f 4708/5173/5179 4703/5182/5188 4710/5178/5184
f 3754/5168/5174 3744/5172/5178 3745/5159/5165
f 3744/5172/5178 3662/1635/1636 3745/5159/5165
f 3662/1635/1636 3663/5097/5103 3745/5159/5165
f 4719/877/878 4702/892/893 4709/878/879
f 3662/1635/1636 3744/5172/5178 3699/1655/1656
f 3699/1655/1656 3744/5172/5178 3742/5096/5102
f 4663/5082/5088 4718/5056/5062 4662/5058/5064
f 4704/5019/5025 4718/5056/5062 4663/5082/5088
f 3734/5148/5154 3736/5150/5156 3728/5142/5148
f 3736/5150/5156 3732/5144/5150 3728/5142/5148
f 3732/5144/5150 3736/5150/5156 3733/5147/5153
f 3739/5136/5142 3719/1645/1646 3733/5147/5153
f 4719/877/878 4704/5019/5025 4702/892/893
f 4701/5180/5186 4705/872/873 4692/871/872
f 4703/5182/5188 4708/5173/5179 4701/5180/5186
f 4706/5181/5187 4710/5178/5184 4703/5182/5188
f 4694/876/877 4707/875/876 4706/5181/5187
f 3703/5126/5132 3706/5127/5133 3710/5125/5131
f 3710/5125/5131 3706/5127/5133 3705/1633/1634
f 3706/5127/5133 3703/5126/5132 3704/5129/5135
f 4700/5183/5189 4694/876/877 4706/5181/5187
f 3704/5129/5135 3709/5155/5161 3706/5127/5133
f 4703/5182/5188 4700/5183/5189 4706/5181/5187
f 3708/5154/5160 3707/1620/1621 3706/5127/5133
f 3679/5109/5115 3762/5151/5157 3678/5108/5114
f 3762/5151/5157 3763/5184/5190 3725/5138/5144
f 3738/5153/5159 3734/5148/5154 3764/5185/5191
f 3764/5185/5191 3734/5148/5154 3728/5142/5148
f 4702/892/893 4691/873/874 4705/872/873
f 3728/5142/5148 3725/5138/5144 3764/5185/5191
f 3764/5185/5191 3725/5138/5144 3763/5184/5190
f 4663/5082/5088 4702/892/893 4704/5019/5025
f 4702/892/893 4663/5082/5088 4668/5186/5192
f 3748/5163/5169 3747/5146/5152 3717/1646/1647
f 3678/5108/5114 3762/5151/5157 3675/5105/5111
f 4703/5182/5188 4701/5180/5186 4690/5187/5193
f 4700/5183/5189 4703/5182/5188 4690/5187/5193
f 3765/5188/5194 3709/5155/5161 3704/5129/5135
f 3709/5155/5161 3708/5154/5160 3706/5127/5133
f 3709/5155/5161 3765/5188/5194 3766/5189/5195
f 3768/5190/5196 3770/5191/5197 3769/5192/5198
f 3770/5191/5197 3771/5193/5199 3769/5192/5198
f 3769/5192/5198 3771/5193/5199 3852/5194/5200
f 3771/5193/5199 3809/1609/1610 3852/5194/5200
f 3774/5195/5201 3776/1508/1509 3775/5196/5202
f 3775/5196/5202 3776/1508/1509 3777/5197/5203
f 3777/5197/5203 3776/1508/1509 3778/1507/1508
f 3779/1577/1578 3780/1576/1577 3834/1601/1602
f 3781/5198/5204 3790/5199/5205 3782/5200/5206
f 3783/5201/5207 3784/5202/5208 3782/5200/5206
f 3782/5200/5206 3784/5202/5208 3785/5203/5209
f 3785/5203/5209 3784/5202/5208 3786/5204/5210
f 3855/5205/5211 3787/1513/1514 3773/5206/5212
f 3773/5206/5212 3787/1513/1514 3774/5195/5201
f 3787/1513/1514 3776/1508/1509 3774/5195/5201
f 3778/1507/1508 3789/1578/1579 3779/1577/1578
f 3780/1576/1577 3781/5198/5204 3834/1601/1602
f 3782/5200/5206 3795/5207/5213 3783/5201/5207
f 4701/5180/5186 4692/871/872 4690/5187/5193
f 3787/1513/1514 3788/1509/1510 3776/1508/1509
f 3788/1509/1510 3791/1589/1590 3778/1507/1508
f 3789/1578/1579 3792/5208/5214 3780/1576/1577
f 3780/1576/1577 3793/1595/1596 3781/5198/5204
f 3781/5198/5204 3793/1595/1596 3790/5199/5205
f 3793/1595/1596 3794/5209/5215 3790/5199/5205
f 3790/5199/5205 3795/5207/5213 3782/5200/5206
f 3787/1513/1514 3796/1555/1556 3797/1514/1515
f 3791/1589/1590 3792/5208/5214 3789/1578/1579
f 3792/5208/5214 3798/5210/5216 3780/1576/1577
f 3798/5210/5216 3793/1595/1596 3780/1576/1577
f 3794/5209/5215 3795/5207/5213 3790/5199/5205
f 4694/876/877 4700/5183/5189 4689/896/897
f 3788/1509/1510 3797/1514/1515 3791/1589/1590
f 3797/1514/1515 3799/1587/1588 3791/1589/1590
f 3799/1587/1588 3800/5211/5217 3791/1589/1590
f 3791/1589/1590 3800/5211/5217 3792/5208/5214
f 3800/5211/5217 3798/5210/5216 3792/5208/5214
f 3799/1587/1588 3801/1583/1584 3800/5211/5217
f 3800/5211/5217 3801/1583/1584 3798/5210/5216
f 3801/1583/1584 3793/1595/1596 3798/5210/5216
f 4699/860/861 4698/5076/5082 4749/5085/5091
f 3803/1582/1583 3805/5212/5218 3793/1595/1596
f 3793/1595/1596 3805/5212/5218 3794/5209/5215
f 3799/1587/1588 3804/1517/1518 3802/1584/1585
f 4721/859/860 4698/5076/5082 4699/860/861
f 4697/887/888 4698/5076/5082 4721/859/860
f 3802/1584/1585 3806/1585/1586 3803/1582/1583
f 3803/1582/1583 3806/1585/1586 3805/5212/5218
f 4707/875/876 4696/5066/5072 4697/887/888
f 4693/874/875 4696/5066/5072 4707/875/876
f 3787/1513/1514 3855/5205/5211 3772/5213/5219
f 3808/5214/5220 3809/1609/1610 3810/1607/1608
f 3772/5213/5219 3813/1554/1555 3787/1513/1514
f 3787/1513/1514 3813/1554/1555 3796/1555/1556
f 4688/895/896 4693/874/875 4694/876/877
f 3808/5214/5220 3810/1607/1608 3814/5215/5221
f 3810/1607/1608 3811/1606/1607 3814/5215/5221
f 3814/5215/5221 3811/1606/1607 3812/5216/5222
f 3813/1554/1555 3816/5217/5223 3817/1516/1517
f 4678/910/911 4689/896/897 4700/5183/5189
f 4690/5187/5193 4678/910/911 4700/5183/5189
f 3815/5218/5224 3814/5215/5221 3812/5216/5222
f 4692/871/872 4676/909/910 4690/5187/5193
f 4691/873/874 4676/909/910 4692/871/872
f 3813/1554/1555 3772/5213/5219 3808/5214/5220
f 4672/893/894 4674/891/892 4691/873/874
f 3813/1554/1555 3817/1516/1517 3807/1515/1516
f 4670/902/903 4672/893/894 4702/892/893
f 3774/5195/5201 3820/5219/5225 3773/5206/5212
f 3821/5220/5226 3822/5221/5227 3823/5222/5228
f 3824/1536/1537 3823/5222/5228 3825/5223/5229
f 3858/5224/5230 3842/1572/1573 3826/1571/1572
f 3826/1571/1572 3828/5225/5231 3827/5226/5232
f 3828/5225/5231 3849/5227/5233 3829/5228/5234
f 3849/5227/5233 3830/5229/5235 3829/5228/5234
f 4668/5186/5192 4670/902/903 4702/892/893
f 3820/5219/5225 3774/5195/5201 3831/5230/5236
f 3831/5230/5236 3774/5195/5201 3832/5231/5237
f 3775/5196/5202 3777/5197/5203 3832/5231/5237
f 3778/1507/1508 3779/1577/1578 3833/1592/1593
f 3833/1592/1593 3779/1577/1578 3834/1601/1602
f 3834/1601/1602 3781/5198/5204 3835/1602/1603
f 3781/5198/5204 3782/5200/5206 3835/1602/1603
f 3833/1592/1593 3777/5197/5203 3778/1507/1508
f 3777/5197/5203 3836/5232/5238 3832/5231/5237
f 3832/5231/5237 3774/5195/5201 3775/5196/5202
f 3777/5197/5203 3833/1592/1593 3836/5232/5238
f 3832/5231/5237 3837/5233/5239 3831/5230/5236
f 3837/5233/5239 3820/5219/5225 3831/5230/5236
f 3835/1602/1603 3838/1593/1594 3833/1592/1593
f 3836/5232/5238 3837/5233/5239 3832/5231/5237
f 3822/5221/5227 3821/5220/5226 3837/5233/5239
f 3837/5233/5239 3821/5220/5226 3820/5219/5225
f 3833/1592/1593 3839/1591/1592 3836/5232/5238
f 3839/1591/1592 3840/5234/5240 3836/5232/5238
f 3840/5234/5240 3837/5233/5239 3836/5232/5238
f 3837/5233/5239 3840/5234/5240 3822/5221/5227
f 3822/5221/5227 3825/5223/5229 3823/5222/5228
f 4675/890/891 4676/909/910 4691/873/874
f 3839/1591/1592 3838/1593/1594 3840/5234/5240
f 3838/1593/1594 3841/5235/5241 3840/5234/5240
f 3840/5234/5240 3842/1572/1573 3822/5221/5227
f 3842/1572/1573 3825/5223/5229 3822/5221/5227
f 3841/5235/5241 3842/1572/1573 3840/5234/5240
f 3842/1572/1573 3858/5224/5230 3825/5223/5229
f 3841/5235/5241 3848/1570/1571 3842/1572/1573
f 4670/902/903 4668/5186/5192 4667/900/901
f 3843/5236/5242 3844/5237/5243 3845/5238/5244
f 4674/891/892 4672/893/894 4673/5145/5151
f 3873/5151/5245 3835/1602/1603 3782/5200/5206
f 4678/910/911 4690/5187/5193 4676/909/910
f 4680/5063/5069 4689/896/897 4678/910/911
f 3844/5237/5243 3843/5236/5242 3846/5152/5246
f 3846/5152/5246 3843/5236/5242 3847/5239/5247
f 4683/5012/5018 4688/895/896 4680/5063/5069
f 4687/898/899 4688/895/896 4683/5012/5018
f 4684/5034/5040 4687/898/899 4683/5012/5018
f 4687/898/899 4685/5033/5039 4686/4988/4994
f 4684/5034/5040 4685/5033/5039 4687/898/899
f 3848/1570/1571 3849/5227/5233 3828/5225/5231
f 4682/5010/5016 4683/5012/5018 4680/5063/5069
f 4681/5123/5129 4682/5010/5016 4680/5063/5069
f 4679/5124/5130 4681/5123/5129 4680/5063/5069
f 4678/910/911 4679/5124/5130 4680/5063/5069
f 3828/5225/5231 3826/1571/1572 3848/1570/1571
f 3818/5240/5248 3819/5241/5249 3817/1516/1517
f 3817/1516/1517 3819/5241/5249 3850/5242/5250
f 3817/1516/1517 3850/5242/5250 3804/1517/1518
f 3850/5242/5250 3806/1585/1586 3804/1517/1518
f 4674/891/892 4673/5145/5151 4675/890/891
f 3769/5192/5198 3852/5194/5200 3851/5243/5251
f 4670/902/903 4671/867/868 4672/893/894
f 3854/5244/5252 3855/5205/5211 3865/5245/5253
f 3856/5246/5254 3855/5205/5211 3820/5219/5225
f 3855/5205/5211 3773/5206/5212 3820/5219/5225
f 4758/901/902 4669/5040/5046 4670/902/903
f 3820/5219/5225 3821/5220/5226 3857/1538/1539
f 3821/5220/5226 3823/5222/5228 3857/1538/1539
f 3823/5222/5228 3824/1536/1537 3857/1538/1539
f 3824/1536/1537 3825/5223/5229 3858/5224/5230
f 3859/1540/1541 3858/5224/5230 3826/1571/1572
f 3860/5247/5255 3826/1571/1572 3827/5226/5232
f 3826/1571/1572 3860/5247/5255 3859/1540/1541
f 3859/1540/1541 3861/5248/5256 3858/5224/5230
f 3858/5224/5230 3861/5248/5256 3824/1536/1537
f 3857/1538/1539 3856/5246/5254 3820/5219/5225
f 4664/5037/5043 4667/900/901 4668/5186/5192
f 3860/5247/5255 3862/1541/1542 3859/1540/1541
f 3859/1540/1541 3863/1539/1540 3861/5248/5256
f 3861/5248/5256 3864/1537/1538 3824/1536/1537
f 3861/5248/5256 3863/1539/1540 3864/1537/1538
f 3857/1538/1539 3864/1537/1538 3856/5246/5254
f 3864/1537/1538 3865/5245/5253 3856/5246/5254
f 3856/5246/5254 3865/5245/5253 3855/5205/5211
f 4666/912/913 4663/5082/5088 4662/5058/5064
f 3862/1541/1542 3866/5249/5257 3863/1539/1540
f 4661/913/914 4666/912/913 4662/5058/5064
f 3866/5249/5257 3864/1537/1538 3863/1539/1540
f 3864/1537/1538 3867/5250/5258 3865/5245/5253
f 4668/5186/5192 4663/5082/5088 4664/5037/5043
f 3866/5249/5257 3867/5250/5258 3864/1537/1538
f 3867/5250/5258 3853/5251/5259 3865/5245/5253
f 3865/5245/5253 3853/5251/5259 3854/5244/5252
f 3854/5244/5252 3853/5251/5259 3852/5194/5200
f 3866/5249/5257 3868/5252/5260 3867/5250/5258
f 4661/913/914 4662/5058/5064 4756/5057/5063
f 3853/5251/5259 3867/5250/5258 3868/5252/5260
f 4635/5253/5261 4638/929/930 4611/928/929
f 3769/5192/5198 3851/5243/5251 3768/5190/5196
f 3851/5243/5251 3767/5254/5262 3768/5190/5196
f 4635/5253/5261 4611/928/929 4613/5255/5263
f 3851/5243/5251 3852/5194/5200 3869/5176/5264
f 3869/5176/5264 3852/5194/5200 3853/5251/5259
f 4635/5253/5261 4613/5255/5263 4632/972/973
f 4636/925/926 4635/5253/5261 4632/972/973
f 3870/1608/1609 3809/1609/1610 3771/5193/5199
f 4652/921/922 4653/5256/5265 4660/922/923
f 3870/1608/1609 3771/5193/5199 3871/5257/5266
f 3771/5193/5199 3770/5191/5197 3871/5257/5266
f 4657/5258/5267 4569/916/917 4659/5259/5268
f 3796/1555/1556 3807/1515/1516 3797/1514/1515
f 3797/1514/1515 3807/1515/1516 3799/1587/1588
f 3807/1515/1516 3804/1517/1518 3799/1587/1588
f 4658/923/924 4654/915/916 4652/921/922
f 4659/5259/5268 4654/915/916 4658/923/924
f 4569/916/917 4654/915/916 4659/5259/5268
f 4567/965/966 4603/5260/5269 4602/917/918
f 4569/916/917 4567/965/966 4602/917/918
f 3808/5214/5220 3772/5213/5219 3809/1609/1610
f 4599/5261/5270 4603/5260/5269 4601/961/962
f 3854/5244/5252 3772/5213/5219 3855/5205/5211
f 4605/5262/5271 4595/5263/5272 4656/5264/5273
f 4605/5262/5271 4593/5265/5274 4595/5263/5272
f 4656/5264/5273 4655/5266/5275 4604/5267/5276
f 3772/5213/5219 3854/5244/5252 3809/1609/1610
f 3809/1609/1610 3854/5244/5252 3852/5194/5200
f 4605/5262/5271 4656/5264/5273 4604/5267/5276
f 3843/5236/5242 3845/5238/5244 3838/1593/1594
f 3845/5238/5244 3841/5235/5241 3838/1593/1594
f 3845/5238/5244 3872/5268/5277 3841/5235/5241
f 3841/5235/5241 3872/5268/5277 3849/5227/5233
f 4604/5267/5276 4655/5266/5275 4652/921/922
f 3849/5227/5233 3848/1570/1571 3841/5235/5241
f 4602/917/918 4604/5267/5276 4654/915/916
f 3814/5215/5221 3816/5217/5223 3808/5214/5220
f 3808/5214/5220 3816/5217/5223 3813/1554/1555
f 4652/921/922 4654/915/916 4604/5267/5276
f 3816/5217/5223 3814/5215/5221 3815/5218/5224
f 3815/5218/5224 3819/5241/5249 3816/5217/5223
f 3818/5240/5248 3817/1516/1517 3816/5217/5223
f 4611/928/929 4639/931/932 4646/5269/5278
f 4611/928/929 4646/5269/5278 4613/5255/5263
f 3786/5204/5210 3873/5151/5245 3785/5203/5209
f 3873/5151/5245 3874/5270/5279 3835/1602/1603
f 3847/5239/5247 3843/5236/5242 3875/5271/5280
f 3875/5271/5280 3843/5236/5242 3838/1593/1594
f 4650/5272/5281 4649/5273/5282 4651/920/921
f 3838/1593/1594 3835/1602/1603 3875/5271/5280
f 3875/5271/5280 3835/1602/1603 3874/5270/5279
f 4648/5274/5283 4650/5272/5281 4647/5275/5284
f 4555/5276/5285 4651/920/921 4649/5273/5282
f 4554/918/919 4651/920/921 4555/5276/5285
f 3785/5203/5209 3873/5151/5245 3782/5200/5206
f 3876/5277/5286 3819/5241/5249 3815/5218/5224
f 3819/5241/5249 3818/5240/5248 3816/5217/5223
f 3819/5241/5249 3876/5277/5286 3877/5278/5287
f 4649/5273/5282 4650/5272/5281 4648/5274/5283
f 4649/5273/5282 4557/5279/5288 4555/5276/5285
f 4609/5280/5289 4557/5279/5288 4649/5273/5282
f 3878/5281/5290 3880/5282/5291 3879/5283/5292
f 3882/1493/1494 3883/5284/5293 3884/1432/1433
f 3885/1429/1430 3886/1426/1427 3949/1478/1479
f 3886/1426/1427 3888/1428/1429 3887/5285/5294
f 3887/5285/5294 3888/1428/1429 3889/5286/5295
f 3893/1406/1407 3894/5287/5296 3892/1407/1408
f 3959/1488/1489 3896/5288/5297 3895/5289/5298
f 4610/5290/5299 4609/5280/5289 4649/5273/5282
f 4648/5274/5283 4610/5290/5299 4649/5273/5282
f 3889/5286/5295 3888/1428/1429 3890/5291/5300
f 3890/5291/5300 3899/5292/5301 3891/1497/1498
f 3891/1497/1498 3899/5292/5301 3892/1407/1408
f 3899/5292/5301 3900/1408/1409 3892/1407/1408
f 3900/1408/1409 3901/5293/5302 3893/1406/1407
f 3894/5287/5296 3975/5294/5303 3976/5295/5304
f 3894/5287/5296 3896/5288/5297 3959/1488/1489
f 4639/931/932 4610/5290/5299 4648/5274/5283
f 4646/5269/5278 4648/5274/5283 4647/5275/5284
f 3902/1427/1428 3886/1426/1427 3903/5296/5305
f 3903/5296/5305 3886/1426/1427 3898/1430/1431
f 3898/1430/1431 3897/1431/1432 3904/1446/1447
f 3883/5284/5293 3881/5297/5306 3906/5298/5307
f 3906/5298/5307 3881/5297/5306 3907/5299/5308
f 3881/5297/5306 3880/5282/5291 3878/5281/5290
f 4639/931/932 4648/5274/5283 4646/5269/5278
f 3908/5300/5309 3916/5301/5310 3905/1436/1437
f 3905/1436/1437 3916/5301/5310 3897/1431/1432
f 3904/1446/1447 3915/1440/1441 3898/1430/1431
f 3915/1440/1441 3903/5296/5305 3898/1430/1431
f 3888/1428/1429 3902/1427/1428 3890/5291/5300
f 3911/5302/5311 3913/5303/5312 3912/5304/5313
f 3900/1408/1409 3899/5292/5301 3931/5305/5314
f 3899/5292/5301 3914/5306/5315 3931/5305/5314
f 3899/5292/5301 3890/5291/5300 3914/5306/5315
f 3890/5291/5300 3902/1427/1428 3914/5306/5315
f 3905/1436/1437 3917/5307/5316 3908/5300/5309
f 3883/5284/5293 3906/5298/5307 3917/5307/5316
f 4596/5308/5317 4597/5309/5318 4591/5310/5319
f 3916/5301/5310 3926/1439/1440 3897/1431/1432
f 3897/1431/1432 3926/1439/1440 3915/1440/1441
f 3915/1440/1441 3902/1427/1428 3903/5296/5305
f 3931/5305/5314 3918/5311/5320 3900/1408/1409
f 3918/5311/5320 3919/5312/5321 3920/5313/5322
f 3919/5312/5321 3921/5314/5323 3920/5313/5322
f 3921/5314/5323 3923/5315/5324 3922/5316/5325
f 4616/5317/5326 4627/926/927 4592/5318/5327
f 3914/5306/5315 3902/1427/1428 3925/1438/1439
f 3926/1439/1440 3916/5301/5310 3927/5319/5328
f 3927/5319/5328 3916/5301/5310 3928/5320/5329
f 3916/5301/5310 3908/5300/5309 3928/5320/5329
f 3928/5320/5329 3908/5300/5309 3929/5321/5330
f 3908/5300/5309 3930/5322/5331 3929/5321/5330
f 3917/5307/5316 3906/5298/5307 3938/5323/5332
f 3918/5311/5320 3931/5305/5314 3932/1404/1405
f 3934/1456/1457 3935/1402/1403 3932/1404/1405
f 3925/1438/1439 3926/1439/1440 3927/5319/5328
f 3930/5322/5331 3938/5323/5332 3937/5324/5333
f 4608/5325/5334 4559/5326/5335 4557/5279/5288
f 3930/5322/5331 3939/5327/5336 3929/5321/5330
f 3939/5327/5336 3940/1457/1458 3929/5321/5330
f 3929/5321/5330 3940/1457/1458 3928/5320/5329
f 3940/1457/1458 3927/5319/5328 3928/5320/5329
f 3927/5319/5328 3941/1455/1456 3925/1438/1439
f 3941/1455/1456 3942/1454/1455 3925/1438/1439
f 3925/1438/1439 3942/1454/1455 3914/5306/5315
f 3914/5306/5315 3942/1454/1455 3931/5305/5314
f 3940/1457/1458 3941/1455/1456 3927/5319/5328
f 4619/5328/5337 4626/5329/5338 4620/5330/5339
f 3932/1404/1405 3931/5305/5314 3942/1454/1455
f 4619/5328/5337 4618/5331/5340 4617/5332/5341
f 3932/1404/1405 3942/1454/1455 3934/1456/1457
f 3941/1455/1456 3943/1458/1459 3934/1456/1457
f 3943/1458/1459 3940/1457/1458 3944/5333/5342
f 3944/5333/5342 3940/1457/1458 3939/5327/5336
f 4619/5328/5337 4617/5332/5341 4626/5329/5338
f 3943/1458/1459 3945/5334/5343 3934/1456/1457
f 4582/975/976 4644/5335/5344 4645/976/977
f 4580/5336/5345 4644/5335/5344 4582/975/976
f 3943/1458/1459 3944/5333/5342 3945/5334/5343
f 3945/5334/5343 3935/1402/1403 3934/1456/1457
f 3900/1408/1409 3918/5311/5320 3901/5293/5302
f 3918/5311/5320 3909/5337/5346 3901/5293/5302
f 3909/5337/5346 3946/5338/5347 3947/5339/5348
f 4627/926/927 4632/972/973 4625/5340/5349
f 4642/5341/5350 4595/5263/5272 4593/5265/5274
f 3920/5313/5322 3909/5337/5346 3918/5311/5320
f 3909/5337/5346 3948/5342/5351 3946/5338/5347
f 4641/5343/5352 4642/5341/5350 4593/5265/5274
f 3948/5342/5351 3909/5337/5346 3920/5313/5322
f 4593/5265/5274 4592/5318/5327 4618/5331/5340
f 3881/5297/5306 3882/1493/1494 3880/5282/5291
f 3880/5282/5291 3957/5344/5353 3879/5283/5292
f 4641/5343/5352 4593/5265/5274 4618/5331/5340
f 4619/5328/5337 4641/5343/5352 4618/5331/5340
f 4640/5345/5354 4641/5343/5352 4619/5328/5337
f 3884/1432/1433 3955/1480/1481 3882/1493/1494
f 3884/1432/1433 3885/1429/1430 3955/1480/1481
f 3886/1426/1427 3887/5285/5294 3949/1478/1479
f 3889/5286/5295 3890/5291/5300 3950/5346/5355
f 3890/5291/5300 3891/1497/1498 3950/5346/5355
f 3891/1497/1498 3952/1465/1466 3951/1467/1468
f 3951/1467/1468 3953/5347/5356 3891/1497/1498
f 3891/1497/1498 3953/5347/5356 3950/5346/5355
f 3950/5346/5355 3954/5348/5357 3889/5286/5295
f 3889/5286/5295 3954/5348/5357 3887/5285/5294
f 3887/5285/5294 3954/5348/5357 3949/1478/1479
f 3956/1482/1483 3957/5344/5353 3882/1493/1494
f 3882/1493/1494 3957/5344/5353 3880/5282/5291
f 4621/5349/5358 4640/5345/5354 4619/5328/5337
f 3954/5348/5357 3950/5346/5355 3958/5350/5359
f 3958/5350/5359 3950/5346/5355 3953/5347/5356
f 3952/1465/1466 3892/1407/1408 3959/1488/1489
f 3949/1478/1479 3954/5348/5357 3960/1479/1480
f 3958/5350/5359 3953/5347/5356 3951/1467/1468
f 3961/1466/1467 3952/1465/1466 3959/1488/1489
f 3959/1488/1489 3892/1407/1408 3894/5287/5296
f 4557/5279/5288 4609/5280/5289 4608/5325/5334
f 3961/1466/1467 3962/5351/5360 3951/1467/1468
f 3958/5350/5359 3963/5352/5361 3954/5348/5357
f 3963/5352/5361 3960/1479/1480 3954/5348/5357
f 3951/1467/1468 3962/5351/5360 3958/5350/5359
f 3958/5350/5359 3962/5351/5360 3963/5352/5361
f 4629/5353/5362 4608/5325/5334 4609/5280/5289
f 3960/1479/1480 3963/5352/5361 3966/5354/5363
f 3966/5354/5363 3963/5352/5361 3962/5351/5360
f 3967/5355/5364 3961/1466/1467 3968/1487/1488
f 3968/1487/1488 3959/1488/1489 3990/5356/5365
f 3990/5356/5365 3959/1488/1489 3895/5289/5298
f 4639/931/932 4629/5353/5362 4609/5280/5289
f 3961/1466/1467 3967/5355/5364 3962/5351/5360
f 3960/1479/1480 3966/5354/5363 3969/1481/1482
f 4610/5290/5299 4639/931/932 4609/5280/5289
f 3968/1487/1488 3971/1459/1460 3967/5355/5364
f 3967/5355/5364 3972/5357/5366 3962/5351/5360
f 3962/5351/5360 3972/5357/5366 3966/5354/5363
f 3980/1450/1451 3973/5358/5367 3970/5359/5368
f 4612/930/931 4637/5360/5369 4639/931/932
f 3910/5361/5370 3911/5302/5311 3974/5362/5371
f 3910/5361/5370 3974/5362/5371 3901/5293/5302
f 3974/5362/5371 3975/5294/5303 3901/5293/5302
f 4637/5360/5369 4612/930/931 4638/929/930
f 3917/5307/5316 3930/5322/5331 3908/5300/5309
f 4633/951/952 4637/5360/5369 4634/933/934
f 4639/931/932 4637/5360/5369 4633/951/952
f 3917/5307/5316 3905/1436/1437 3883/5284/5293
f 4629/5353/5362 4639/931/932 4633/951/952
f 4630/952/953 4629/5353/5362 4633/951/952
f 3917/5307/5316 3938/5323/5332 3930/5322/5331
f 3955/1480/1481 3960/1479/1480 3969/1481/1482
f 3964/1492/1493 3957/5344/5353 3956/1482/1483
f 3964/1492/1493 3965/5363/5372 3957/5344/5353
f 4628/924/925 4638/929/930 4635/5253/5261
f 3911/5302/5311 3947/5339/5348 3913/5303/5312
f 4634/933/934 4638/929/930 4628/924/925
f 3911/5302/5311 3910/5361/5370 3947/5339/5348
f 3947/5339/5348 3910/5361/5370 3909/5337/5346
f 4637/5360/5369 4638/929/930 4634/933/934
f 3965/5363/5372 3964/1492/1493 3977/5364/5373
f 3964/1492/1493 3970/5359/5368 3977/5364/5373
f 3977/5364/5373 3970/5359/5368 3973/5358/5367
f 3919/5312/5321 3932/1404/1405 3933/1403/1404
f 3932/1404/1405 3919/5312/5321 3918/5311/5320
f 3882/1493/1494 3881/5297/5306 3883/5284/5293
f 4628/924/925 4635/5253/5261 4636/925/926
f 3975/5294/5303 3893/1406/1407 3901/5293/5302
f 4633/951/952 4631/932/933 4624/953/954
f 3905/1436/1437 3884/1432/1433 3883/5284/5293
f 3910/5361/5370 3901/5293/5302 3909/5337/5346
f 3975/5294/5303 3894/5287/5296 3893/1406/1407
f 3972/5357/5366 3987/5365/5374 3978/1452/1453
f 4617/5332/5341 4627/926/927 4625/5340/5349
f 3972/5357/5366 3985/5366/5375 3966/5354/5363
f 3970/5359/5368 3969/1481/1482 3980/1450/1451
f 3980/1450/1451 3969/1481/1482 3985/5366/5375
f 3969/1481/1482 3966/5354/5363 3985/5366/5375
f 4616/5317/5326 4628/924/925 4627/926/927
f 3981/5367/5376 3982/5368/5377 3983/1451/1452
f 3982/5368/5377 3984/1448/1449 3983/1451/1452
f 3984/1448/1449 3980/1450/1451 3983/1451/1452
f 3980/1450/1451 3985/5366/5375 3978/1452/1453
f 3978/1452/1453 3985/5366/5375 3972/5357/5366
f 4624/953/954 4631/932/933 4628/924/925
f 4629/5353/5362 4630/952/953 4623/5369/5378
f 4622/5370/5379 4629/5353/5362 4623/5369/5378
f 3896/5288/5297 3894/5287/5296 3976/5295/5304
f 4607/5371/5380 4629/5353/5362 4622/5370/5379
f 4608/5325/5334 4629/5353/5362 4607/5371/5380
f 4558/957/958 4608/5325/5334 4607/5371/5380
f 3971/1459/1460 3972/5357/5366 3967/5355/5364
f 3987/5365/5374 3972/5357/5366 3988/1461/1462
f 3972/5357/5366 3971/1459/1460 3988/1461/1462
f 4624/953/954 4623/5369/5378 4630/952/953
f 3989/1460/1461 3971/1459/1460 3990/5356/5365
f 3971/1459/1460 3968/1487/1488 3990/5356/5365
f 4616/5317/5326 4624/953/954 4628/924/925
f 3989/1460/1461 3990/5356/5365 3895/5289/5298
f 4617/5332/5341 4625/5340/5349 4626/5329/5338
f 3979/5372/5381 3978/1452/1453 3987/5365/5374
f 3933/1403/1404 3936/5373/5382 3924/5374/5383
f 3936/5373/5382 3991/5375/5384 3924/5374/5383
f 3933/1403/1404 3921/5314/5323 3919/5312/5321
f 4590/956/957 4624/953/954 4616/5317/5326
f 4623/5369/5378 4624/953/954 4590/956/957
f 3924/5374/5383 3923/5315/5324 3933/1403/1404
f 3933/1403/1404 3923/5315/5324 3921/5314/5323
f 4622/5370/5379 4623/5369/5378 4615/955/956
f 4614/5376/5385 4622/5370/5379 4615/955/956
f 4607/5371/5380 4622/5370/5379 4614/5376/5385
f 3983/1451/1452 3978/1452/1453 3992/5377/5386
f 3978/1452/1453 3979/5372/5381 3992/5377/5386
f 3991/5375/5384 3936/5373/5382 3993/5378/5387
f 4619/5328/5337 4620/5330/5339 4621/5349/5358
f 3937/5324/5333 3939/5327/5336 3930/5322/5331
f 4592/5318/5327 4617/5332/5341 4618/5331/5340
f 4627/926/927 4617/5332/5341 4592/5318/5327
f 3980/1450/1451 3986/1449/1450 3994/5379/5388
f 3980/1450/1451 3994/5379/5388 3973/5358/5367
f 4591/5310/5319 4590/956/957 4616/5317/5326
f 4623/5369/5378 4590/956/957 4615/955/956
f 4606/958/959 4607/5371/5380 4614/5376/5385
f 3964/1492/1493 3969/1481/1482 3970/5359/5368
f 4591/5310/5319 4616/5317/5326 4592/5318/5327
f 4614/5376/5385 4615/955/956 4598/954/955
f 3936/5373/5382 3933/1403/1404 3935/1402/1403
f 4589/974/975 4614/5376/5385 4598/954/955
f 3996/5380/5389 3997/5381/5390 3995/5382/5391
f 3998/5383/5392 3999/5384/5393 4091/5385/5394
f 4056/1363/1364 3999/5384/5393 4000/5386/5395
f 4000/5386/5395 4003/1332/1333 4001/5387/5396
f 4001/5387/5396 4003/1332/1333 4002/5388/5397
f 4002/5388/5397 4003/1332/1333 4004/1333/1334
f 4005/5389/5398 4004/1333/1334 4006/5390/5399
f 4004/1333/1334 4007/5391/5400 4006/5390/5399
f 4006/5390/5399 4007/5391/5400 4008/5392/5401
f 4011/5393/5402 4013/1265/1266 4012/1379/1380
f 4606/958/959 4614/5376/5385 4589/974/975
f 4014/1267/1268 4016/1266/1267 4015/5394/5403
f 4016/1266/1267 4013/1265/1266 4017/5395/5404
f 4017/5395/5404 4013/1265/1266 4022/1372/1373
f 4013/1265/1266 4011/5393/5402 4022/1372/1373
f 4022/1372/1373 4011/5393/5402 4018/1370/1371
f 4018/1370/1371 4011/5393/5402 4010/5396/5405
f 4009/5397/5406 4008/5392/5401 4007/5391/5400
f 4007/5391/5400 4004/1333/1334 4019/5398/5407
f 4019/5398/5407 4004/1333/1334 4020/1331/1332
f 4020/1331/1332 4003/1332/1333 4021/1330/1331
f 4562/959/960 4606/958/959 4588/973/974
f 4018/1370/1371 4010/5396/5405 4023/1386/1387
f 4010/5396/5405 4009/5397/5406 4023/1386/1387
f 4023/1386/1387 4009/5397/5406 4028/1395/1396
f 4028/1395/1396 4009/5397/5406 4007/5391/5400
f 4003/1332/1333 4000/5386/5395 4021/1330/1331
f 4024/5399/5408 4026/5400/5409 4025/5401/5410
f 4027/5402/5411 4028/1395/1396 4019/5398/5407
f 4019/5398/5407 4028/1395/1396 4007/5391/5400
f 4029/1396/1397 4030/1387/1388 4023/1386/1387
f 4017/5395/5404 4033/5403/5412 4016/1266/1267
f 4027/5402/5411 4029/1396/1397 4028/1395/1396
f 4034/5404/5413 4030/1387/1388 4029/1396/1397
f 4030/1387/1388 4031/1371/1372 4018/1370/1371
f 4031/1371/1372 4035/5405/5414 4022/1372/1373
f 4022/1372/1373 4032/5406/5415 4017/5395/5404
f 4032/5406/5415 4033/5403/5412 4017/5395/5404
f 4036/1324/1325 4042/5407/5416 4027/5402/5411
f 4027/5402/5411 4042/5407/5416 4034/5404/5413
f 4027/5402/5411 4034/5404/5413 4029/1396/1397
f 4030/1387/1388 4044/5408/5417 4031/1371/1372
f 4044/5408/5417 4035/5405/5414 4031/1371/1372
f 4022/1372/1373 4035/5405/5414 4032/5406/5415
f 4027/5402/5411 4020/1331/1332 4036/1324/1325
f 4021/1330/1331 4000/5386/5395 3999/5384/5393
f 4037/5409/5418 4024/5399/5408 4025/5401/5410
f 4026/5400/5409 3997/5381/5390 4038/5410/5419
f 4038/5410/5419 3997/5381/5390 3996/5380/5389
f 4020/1331/1332 4027/5402/5411 4019/5398/5407
f 4021/1330/1331 4100/5411/5420 4036/1324/1325
f 4026/5400/5409 4038/5410/5419 4025/5401/5410
f 4100/5411/5420 4040/1325/1326 4036/1324/1325
f 4042/5407/5416 4041/1323/1324 4043/1392/1393
f 4043/1392/1393 4045/1391/1392 4044/5408/5417
f 4045/1391/1392 4046/1390/1391 4047/5412/5421
f 4047/5412/5421 4046/1390/1391 4032/5406/5415
f 4048/5413/5422 4049/1347/1348 4039/5414/5423
f 4037/5409/5418 4082/5415/5424 4040/1325/1326
f 4043/1392/1393 4041/1323/1324 4050/5416/5425
f 4041/1323/1324 4040/1325/1326 4050/5416/5425
f 4051/5417/5426 4052/5418/5427 4086/5419/5428
f 4606/958/959 4558/957/958 4607/5371/5380
f 4040/1325/1326 4051/5417/5426 4050/5416/5425
f 4055/5420/5429 4050/5416/5425 4051/5417/5426
f 4597/5309/5318 4599/5261/5270 4600/5421/5430
f 4043/1392/1393 4044/5408/5417 4042/5407/5416
f 4597/5309/5318 4602/917/918 4599/5261/5270
f 4044/5408/5417 4034/5404/5413 4042/5407/5416
f 4042/5407/5416 4036/1324/1325 4041/1323/1324
f 4000/5386/5395 4001/5387/5396 4056/1363/1364
f 4001/5387/5396 4057/5422/5431 4056/1363/1364
f 4056/1363/1364 4057/5422/5431 4058/5423/5432
f 4058/5423/5432 4059/1338/1339 4089/1361/1362
f 4605/5262/5271 4594/5424/5433 4593/5265/5274
f 4004/1333/1334 4005/5389/5398 4002/5388/5397
f 4002/5388/5397 4005/5389/5398 4061/5425/5434
f 4008/5392/5401 4009/5397/5406 4010/5396/5405
f 4010/5396/5405 4011/5393/5402 4062/1381/1382
f 4061/5425/5434 4005/5389/5398 4006/5390/5399
f 4008/5392/5401 4010/5396/5405 4064/1398/1399
f 4064/1398/1399 4010/5396/5405 4062/1381/1382
f 4012/1379/1380 4013/1265/1266 4065/5426/5435
f 4065/5426/5435 4013/1265/1266 4063/5427/5436
f 4604/5267/5276 4597/5309/5318 4605/5262/5271
f 4065/5426/5435 4066/5428/5437 4012/1379/1380
f 4062/1381/1382 4070/1399/1400 4064/1398/1399
f 4064/1398/1399 4067/1320/1321 4008/5392/5401
f 4008/5392/5401 4067/1320/1321 4006/5390/5399
f 4061/5425/5434 4068/5429/5438 4002/5388/5397
f 4068/5429/5438 4069/5430/5439 4002/5388/5397
f 4069/5430/5439 4057/5422/5431 4002/5388/5397
f 4002/5388/5397 4057/5422/5431 4001/5387/5396
f 4602/917/918 4597/5309/5318 4604/5267/5276
f 4006/5390/5399 4067/1320/1321 4061/5425/5434
f 4061/5425/5434 4067/1320/1321 4068/5429/5438
f 4071/5431/5440 4072/1339/1340 4068/5429/5438
f 4068/5429/5438 4072/1339/1340 4069/5430/5439
f 4069/5430/5439 4072/1339/1340 4057/5422/5431
f 4057/5422/5431 4072/1339/1340 4058/5423/5432
f 4064/1398/1399 4076/1318/1319 4067/1320/1321
f 4067/1320/1321 4071/5431/5440 4068/5429/5438
f 4072/1339/1340 4059/1338/1339 4058/5423/5432
f 4601/961/962 4567/965/966 4566/964/965
f 4072/1339/1340 4071/5431/5440 4073/1340/1341
f 4603/5260/5269 4567/965/966 4601/961/962
f 4067/1320/1321 4074/1319/1320 4071/5431/5440
f 4071/5431/5440 4074/1319/1320 4073/1340/1341
f 4073/1340/1341 4060/5432/5441 4059/1338/1339
f 4075/5433/5442 4074/1319/1320 4076/1318/1319
f 4599/5261/5270 4601/961/962 4587/960/961
f 4075/5433/5442 4076/1318/1319 4077/5434/5443
f 4077/5434/5443 4076/1318/1319 4095/5435/5444
f 4076/1318/1319 4070/1399/1400 4078/1380/1381
f 4602/917/918 4603/5260/5269 4599/5261/5270
f 4049/1347/1348 4079/5436/5445 4080/1345/1346
f 4049/1347/1348 4081/1346/1347 4039/5414/5423
f 4081/1346/1347 4082/5415/5424 4039/5414/5423
f 4082/5415/5424 4051/5417/5426 4040/1325/1326
f 4082/5415/5424 4037/5409/5418 4039/5414/5423
f 4598/954/955 4600/5421/5430 4599/5261/5270
f 4597/5309/5318 4600/5421/5430 4598/954/955
f 4081/1346/1347 4083/5437/5446 4082/5415/5424
f 4082/5415/5424 4083/5437/5446 4051/5417/5426
f 4083/5437/5446 4052/5418/5427 4051/5417/5426
f 4596/5308/5317 4605/5262/5271 4597/5309/5318
f 4594/5424/5433 4605/5262/5271 4596/5308/5317
f 4587/960/961 4563/962/963 4562/959/960
f 4589/974/975 4587/960/961 4588/973/974
f 4599/5261/5270 4587/960/961 4589/974/975
f 4598/954/955 4599/5261/5270 4589/974/975
f 4092/5438/5447 4026/5400/5409 3998/5383/5392
f 4026/5400/5409 3999/5384/5393 3998/5383/5392
f 4026/5400/5409 4024/5399/5408 3999/5384/5393
f 4597/5309/5318 4598/954/955 4591/5310/5319
f 4592/5318/5327 4594/5424/5433 4596/5308/5317
f 4037/5409/5418 4040/1325/1326 4100/5411/5420
f 4039/5414/5423 4025/5401/5410 4048/5413/5422
f 4025/5401/5410 4038/5410/5419 4048/5413/5422
f 4592/5318/5327 4593/5265/5274 4594/5424/5433
f 4044/5408/5417 4045/1391/1392 4084/5439/5448
f 4032/5406/5415 4035/5405/5414 4047/5412/5421
f 4047/5412/5421 4035/5405/5414 4045/1391/1392
f 4035/5405/5414 4084/5439/5448 4045/1391/1392
f 4035/5405/5414 4044/5408/5417 4084/5439/5448
f 4030/1387/1388 4034/5404/5413 4044/5408/5417
f 4591/5310/5319 4592/5318/5327 4596/5308/5317
f 4054/5440/5449 4043/1392/1393 4085/5441/5450
f 4043/1392/1393 4050/5416/5425 4085/5441/5450
f 4085/5441/5450 4050/5416/5425 4055/5420/5429
f 4590/956/957 4591/5310/5319 4598/954/955
f 4051/5417/5426 4086/5419/5428 4055/5420/5429
f 4587/960/961 4562/959/960 4588/973/974
f 4053/5442/5451 4086/5419/5428 4052/5418/5427
f 4013/1265/1266 4014/1267/1268 4063/5427/5436
f 4586/5443/5452 4577/5444/5453 4572/5445/5454
f 4585/5446/5455 4586/5443/5452 4572/5445/5454
f 4056/1363/1364 4058/5423/5432 4089/1361/1362
f 4089/1361/1362 4059/1338/1339 4090/5447/5456
f 4090/5447/5456 4059/1338/1339 4060/5432/5441
f 4585/5446/5455 4572/5445/5454 4571/970/971
f 4566/964/965 4585/5446/5455 4571/970/971
f 4573/5448/5457 4574/5449/5458 4556/5450/5459
f 4584/5451/5460 4574/5449/5458 4573/5448/5457
f 4087/1362/1363 4089/1361/1362 4090/5447/5456
f 4583/5452/5461 4584/5451/5460 4573/5448/5457
f 4583/5452/5461 4573/5448/5457 4579/5453/5462
f 4579/5453/5462 4573/5448/5457 4578/5454/5463
f 4581/5455/5464 4583/5452/5461 4579/5453/5462
f 4087/1362/1363 4088/5456/5465 4091/5385/5394
f 4582/975/976 4581/5455/5464 4580/5336/5345
f 4091/5385/5394 4088/5456/5465 3998/5383/5392
f 4580/5336/5345 4586/5443/5452 4644/5335/5344
f 4577/5444/5453 4586/5443/5452 4580/5336/5345
f 3997/5381/5390 4026/5400/5409 4092/5438/5447
f 4087/1362/1363 4091/5385/5394 4056/1363/1364
f 4556/5450/5459 4559/5326/5335 4573/5448/5457
f 4557/5279/5288 4559/5326/5335 4556/5450/5459
f 4091/5385/5394 3999/5384/5393 4056/1363/1364
f 4554/918/919 4555/5276/5285 4575/5457/5466
f 4011/5393/5402 4012/1379/1380 4062/1381/1382
f 4578/5454/5463 4581/5455/5464 4579/5453/5462
f 4580/5336/5345 4581/5455/5464 4578/5454/5463
f 4062/1381/1382 4078/1380/1381 4070/1399/1400
f 4093/5458/5467 4094/5459/5468 4078/1380/1381
f 4078/1380/1381 4094/5459/5468 4095/5435/5444
f 4580/5336/5345 4576/5460/5469 4577/5444/5453
f 4078/1380/1381 4095/5435/5444 4076/1318/1319
f 4578/5454/5463 4576/5460/5469 4580/5336/5345
f 4075/5433/5442 4096/5461/5470 4074/1319/1320
f 4578/5454/5463 4560/5462/5471 4576/5460/5469
f 4097/5463/5472 4098/5464/5473 4077/5434/5443
f 4077/5434/5443 4098/5464/5473 4075/5433/5442
f 4572/5445/5454 4577/5444/5453 4576/5460/5469
f 4074/1319/1320 4096/5461/5470 4073/1340/1341
f 4073/1340/1341 4096/5461/5470 4060/5432/5441
f 4570/969/970 4572/5445/5454 4576/5460/5469
f 4560/5462/5471 4561/967/968 4576/5460/5469
f 4043/1392/1393 4054/5440/5449 4046/1390/1391
f 4573/5448/5457 4559/5326/5335 4578/5454/5463
f 4574/5449/5458 4575/5457/5466 4555/5276/5285
f 4556/5450/5459 4574/5449/5458 4555/5276/5285
f 4066/5428/5437 4099/5465/5474 4012/1379/1380
f 4012/1379/1380 4099/5465/5474 4078/1380/1381
f 4099/5465/5474 4093/5458/5467 4078/1380/1381
f 4570/969/970 4576/5460/5469 4561/967/968
f 4025/5401/5410 4039/5414/5423 4037/5409/5418
f 4037/5409/5418 4100/5411/5420 4024/5399/5408
f 4560/5462/5471 4559/5326/5335 4558/957/958
f 4578/5454/5463 4559/5326/5335 4560/5462/5471
f 4024/5399/5408 4100/5411/5420 3999/5384/5393
f 4100/5411/5420 4021/1330/1331 3999/5384/5393
f 4564/968/969 4561/967/968 4562/959/960
f 4572/5445/5454 4570/969/970 4565/971/972
f 4571/970/971 4572/5445/5454 4565/971/972
f 4101/5466/5475 4102/1213/1214 4103/1212/1213
f 4104/1211/1212 4105/1200/1201 4106/1199/1200
f 4108/5467/5476 4109/5468/5477 4107/1198/1199
f 4107/1198/1199 4109/5468/5477 4139/5469/5478
f 4139/5469/5478 4109/5468/5477 4118/5470/5479
f 4110/5471/5480 4117/5472/5481 4111/1204/1205
f 4111/1204/1205 4113/5473/5482 4112/1205/1206
f 4107/1198/1199 4105/1200/1201 4114/5474/5483
f 4115/5475/5484 4104/1211/1212 4102/1213/1214
f 4601/961/962 4570/969/970 4564/968/969
f 4107/1198/1199 4114/5474/5483 4108/5467/5476
f 4108/5467/5476 4171/5476/5485 4109/5468/5477
f 4171/5476/5485 4116/5477/5486 4109/5468/5477
f 4109/5468/5477 4116/5477/5486 4110/5471/5480
f 4116/5477/5486 4117/5472/5481 4110/5471/5480
f 4565/971/972 4570/969/970 4601/961/962
f 4566/964/965 4565/971/972 4601/961/962
f 4110/5471/5480 4188/5478/5487 4118/5470/5479
f 4120/1240/1241 4173/5479/5488 4121/1239/1240
f 4173/5479/5488 4122/5480/5489 4121/1239/1240
f 4124/5481/5490 4125/5482/5491 4126/5483/5492
f 4126/5483/5492 4128/5484/5493 4127/1256/1257
f 4129/1257/1258 4130/5485/5494 4213/5486/5495
f 4567/965/966 4569/916/917 4568/966/967
f 4124/5481/5490 4131/5487/5496 4123/5488/5497
f 4123/5488/5497 4132/5489/5498 4122/5480/5489
f 4132/5489/5498 4121/1239/1240 4122/5480/5489
f 4119/5490/5499 4118/5470/5479 4188/5478/5487
f 4118/5470/5479 4109/5468/5477 4110/5471/5480
f 4131/5487/5496 4133/5491/5500 4123/5488/5497
f 4133/5491/5500 4132/5489/5498 4123/5488/5497
f 4126/5483/5492 4142/1258/1259 4124/5481/5490
f 4142/1258/1259 4131/5487/5496 4124/5481/5490
f 4131/5487/5496 4134/5492/5501 4133/5491/5500
f 4132/5489/5498 4135/1238/1239 4121/1239/1240
f 4120/1240/1241 4136/1237/1238 4119/5490/5499
f 4136/1237/1238 4137/5493/5502 4119/5490/5499
f 4137/5493/5502 4118/5470/5479 4119/5490/5499
f 4141/5494/5503 4134/5492/5501 4131/5487/5496
f 4133/5491/5500 4138/5495/5504 4132/5489/5498
f 4138/5495/5504 4135/1238/1239 4132/5489/5498
f 4563/962/963 4601/961/962 4564/968/969
f 4139/5469/5478 4118/5470/5479 4137/5493/5502
f 4138/5495/5504 4133/5491/5500 4134/5492/5501
f 4141/5494/5503 4131/5487/5496 4142/1258/1259
f 4129/1257/1258 4127/1256/1257 4204/5496/5505
f 4562/959/960 4563/962/963 4564/968/969
f 4142/1258/1259 4143/1230/1231 4141/5494/5503
f 4141/5494/5503 4144/5497/5506 4134/5492/5501
f 4134/5492/5501 4144/5497/5506 4138/5495/5504
f 4140/1236/1237 4145/5498/5507 4136/1237/1238
f 4136/1237/1238 4145/5498/5507 4137/5493/5502
f 4146/5499/5508 4137/5493/5502 4145/5498/5507
f 4140/1236/1237 4135/1238/1239 4150/5500/5509
f 4135/1238/1239 4138/5495/5504 4150/5500/5509
f 4150/5500/5509 4138/5495/5504 4144/5497/5506
f 4144/5497/5506 4141/5494/5503 4147/1232/1233
f 4147/1232/1233 4141/5494/5503 4143/1230/1231
f 4143/1230/1231 4142/1258/1259 4148/1231/1232
f 4148/1231/1232 4142/1258/1259 4129/1257/1258
f 4558/957/958 4561/967/968 4560/5462/5471
f 4147/1232/1233 4150/5500/5509 4144/5497/5506
f 4156/5501/5510 4145/5498/5507 4140/1236/1237
f 4146/5499/5508 4139/5469/5478 4137/5493/5502
f 4156/5501/5510 4140/1236/1237 4150/5500/5509
f 4147/1232/1233 4149/1229/1230 4151/1224/1225
f 4148/1231/1232 4129/1257/1258 4153/1222/1223
f 4153/1222/1223 4154/5502/5511 4148/1231/1232
f 4154/5502/5511 4152/1235/1236 4148/1231/1232
f 4148/1231/1232 4151/1224/1225 4149/1229/1230
f 4151/1224/1225 4155/1226/1227 4147/1232/1233
f 4155/1226/1227 4150/5500/5509 4147/1232/1233
f 4156/5501/5510 4157/5503/5512 4145/5498/5507
f 4145/5498/5507 4157/5503/5512 4146/5499/5508
f 4146/5499/5508 4107/1198/1199 4139/5469/5478
f 4608/5325/5334 4558/957/958 4559/5326/5335
f 4152/1235/1236 4160/5504/5513 4151/1224/1225
f 4150/5500/5509 4155/1226/1227 4156/5501/5510
f 4159/1221/1222 4160/5504/5513 4154/5502/5511
f 4154/5502/5511 4160/5504/5513 4152/1235/1236
f 4162/5505/5514 4157/5503/5512 4156/5501/5510
f 4158/5506/5515 4157/5503/5512 4162/5505/5514
f 4162/5505/5514 4156/5501/5510 4155/1226/1227
f 4155/1226/1227 4161/1225/1226 4163/1214/1215
f 4151/1224/1225 4160/5504/5513 4161/1225/1226
f 4555/5276/5285 4557/5279/5288 4556/5450/5459
f 4160/5504/5513 4159/1221/1222 4161/1225/1226
f 4159/1221/1222 4165/1209/1210 4161/1225/1226
f 4161/1225/1226 4165/1209/1210 4163/1214/1215
f 4163/1214/1215 4162/5505/5514 4155/1226/1227
f 4166/5507/5516 4165/1209/1210 4159/1221/1222
f 4163/1214/1215 4168/1208/1209 4162/5505/5514
f 4162/5505/5514 4167/5508/5517 4158/5506/5515
f 4158/5506/5515 4167/5508/5517 4106/1199/1200
f 4552/919/920 4554/918/919 4553/5509/5518
f 4168/1208/1209 4169/5510/5519 4162/5505/5514
f 4169/5510/5519 4203/5511/5520 4162/5505/5514
f 4162/5505/5514 4203/5511/5520 4167/5508/5517
f 4167/5508/5517 4104/1211/1212 4106/1199/1200
f 4116/5477/5486 4171/5476/5485 4170/5512/5521
f 4517/994/995 4520/993/994 4519/5513/5522
f 4509/5514/5523 4513/5515/5524 4503/1009/1010
f 4117/5472/5481 4113/5473/5482 4111/1204/1205
f 4122/5480/5489 4173/5479/5488 4123/5488/5497
f 4123/5488/5497 4173/5479/5488 4172/5516/5525
f 4172/5516/5525 4173/5479/5488 4174/1227/1228
f 4172/5516/5525 4174/1227/1228 4197/5517/5526
f 4174/1227/1228 4176/1217/1218 4175/5518/5527
f 4197/5517/5526 4175/5518/5527 4177/5519/5528
f 4182/5520/5529 4178/5521/5530 4177/5519/5528
f 4177/5519/5528 4178/5521/5530 4179/5522/5531
f 4182/5520/5529 4177/5519/5528 4175/5518/5527
f 4174/1227/1228 4173/5479/5488 4180/5523/5532
f 4180/5523/5532 4181/1215/1216 4174/1227/1228
f 4175/5518/5527 4183/5524/5533 4182/5520/5529
f 4180/5523/5532 4184/5525/5534 4181/1215/1216
f 4176/1217/1218 4183/5524/5533 4175/5518/5527
f 4546/1039/1040 4547/5526/5535 4551/5527/5536
f 4185/5528/5537 4184/5525/5534 4180/5523/5532
f 4186/1216/1217 4190/1220/1221 4176/1217/1218
f 4176/1217/1218 4190/1220/1221 4183/5524/5533
f 4546/1039/1040 4551/5527/5536 4550/5529/5538
f 4185/5528/5537 4187/5530/5539 4184/5525/5534
f 4184/5525/5534 4189/1218/1219 4181/1215/1216
f 4181/1215/1216 4189/1218/1219 4186/1216/1217
f 4524/5531/5540 4546/1039/1040 4550/5529/5538
f 4548/5532/5541 4549/5533/5542 4545/5534/5543
f 4187/5530/5539 4188/5478/5487 4184/5525/5534
f 4188/5478/5487 4191/1203/1204 4184/5525/5534
f 4191/1203/1204 4189/1218/1219 4184/5525/5534
f 4189/1218/1219 4190/1220/1221 4186/1216/1217
f 4548/5532/5541 4545/5534/5543 4541/5535/5544
f 4544/5536/5545 4548/5532/5541 4541/5535/5544
f 4191/1203/1204 4112/1205/1206 4189/1218/1219
f 4540/5537/5546 4544/5536/5545 4541/5535/5544
f 4546/1039/1040 4526/1038/1039 4547/5526/5535
f 4188/5478/5487 4111/1204/1205 4191/1203/1204
f 4112/1205/1206 4192/1219/1220 4189/1218/1219
f 4546/1039/1040 4524/5531/5540 4523/1041/1042
f 4180/5523/5532 4120/1240/1241 4185/5528/5537
f 4120/1240/1241 4119/5490/5499 4185/5528/5537
f 4185/5528/5537 4119/5490/5499 4187/5530/5539
f 4187/5530/5539 4119/5490/5499 4188/5478/5487
f 4525/1040/1041 4546/1039/1040 4523/1041/1042
f 4120/1240/1241 4180/5523/5532 4173/5479/5488
f 4525/1040/1041 4527/5538/5547 4526/1038/1039
f 4174/1227/1228 4175/5518/5527 4197/5517/5526
f 4197/5517/5526 4177/5519/5528 4193/5539/5548
f 4177/5519/5528 4194/5540/5549 4193/5539/5548
f 4194/5540/5549 4177/5519/5528 4179/5522/5531
f 4545/5534/5543 4499/5541/5550 4543/5542/5551
f 4542/5543/5552 4545/5534/5543 4543/5542/5551
f 4123/5488/5497 4172/5516/5525 4124/5481/5490
f 4125/5482/5491 4196/5544/5553 4195/5545/5554
f 4196/5544/5553 4125/5482/5491 4193/5539/5548
f 4193/5539/5548 4125/5482/5491 4197/5517/5526
f 4545/5534/5543 4542/5543/5552 4541/5535/5544
f 4172/5516/5525 4197/5517/5526 4125/5482/5491
f 4125/5482/5491 4124/5481/5490 4172/5516/5525
f 4110/5471/5480 4111/1204/1205 4188/5478/5487
f 4539/987/988 4544/5536/5545 4540/5537/5546
f 4146/5499/5508 4158/5506/5515 4107/1198/1199
f 4158/5506/5515 4146/5499/5508 4157/5503/5512
f 4127/1256/1257 4142/1258/1259 4126/5483/5492
f 4466/1002/1003 4458/5546/5555 4459/996/997
f 4460/5547/5556 4466/1002/1003 4459/996/997
f 4198/1207/1208 4199/5548/5557 4168/1208/1209
f 4199/5548/5557 4200/5549/5558 4169/5510/5519
f 4169/5510/5519 4200/5549/5558 4210/5550/5559
f 4538/5551/5560 4543/5542/5551 4492/1011/1012
f 4542/5543/5552 4543/5542/5551 4538/5551/5560
f 4541/5535/5544 4542/5543/5552 4538/5551/5560
f 4540/5537/5546 4541/5535/5544 4537/988/989
f 4168/1208/1209 4199/5548/5557 4169/5510/5519
f 4202/5552/5561 4203/5511/5520 4201/5553/5562
f 4537/988/989 4541/5535/5544 4538/5551/5560
f 4203/5511/5520 4169/5510/5519 4201/5553/5562
f 4539/987/988 4540/5537/5546 4537/988/989
f 4129/1257/1258 4204/5496/5505 4130/5485/5494
f 4205/5554/5563 4207/5555/5564 4206/5556/5565
f 4482/5557/5566 4538/5551/5560 4492/1011/1012
f 4204/5496/5505 4127/1256/1257 4205/5554/5563
f 4127/1256/1257 4207/5555/5564 4205/5554/5563
f 4126/5483/5492 4208/5558/5567 4128/5484/5493
f 4125/5482/5491 4195/5545/5554 4126/5483/5492
f 4126/5483/5492 4195/5545/5554 4208/5558/5567
f 4202/5552/5561 4103/1212/1213 4203/5511/5520
f 4203/5511/5520 4103/1212/1213 4167/5508/5517
f 4103/1212/1213 4104/1211/1212 4167/5508/5517
f 4202/5552/5561 4201/5553/5562 4209/5559/5568
f 4201/5553/5562 4210/5550/5559 4209/5559/5568
f 4201/5553/5562 4169/5510/5519 4210/5550/5559
f 4483/1003/1004 4482/5557/5566 4457/5560/5569
f 4207/5555/5564 4127/1256/1257 4128/5484/5493
f 4206/5556/5565 4211/5561/5570 4205/5554/5563
f 4205/5554/5563 4211/5561/5570 4212/5562/5571
f 4205/5554/5563 4212/5562/5571 4204/5496/5505
f 4485/5563/5572 4536/986/987 4484/1001/1002
f 4483/1003/1004 4538/5551/5560 4482/5557/5566
f 4483/1003/1004 4537/988/989 4538/5551/5560
f 4198/1207/1208 4165/1209/1210 4166/5507/5516
f 4484/1001/1002 4537/988/989 4483/1003/1004
f 4536/986/987 4537/988/989 4484/1001/1002
f 4539/987/988 4536/986/987 4485/5563/5572
f 4486/5564/5573 4539/987/988 4485/5563/5572
f 4166/5507/5516 4159/1221/1222 4164/1223/1224
f 4518/5565/5574 4521/5566/5575 4516/992/993
f 4159/1221/1222 4154/5502/5511 4153/1222/1223
f 4153/1222/1223 4213/5486/5495 4164/1223/1224
f 4213/5486/5495 4153/1222/1223 4129/1257/1258
f 4535/5567/5576 4527/5538/5547 4528/5568/5577
f 4534/5569/5578 4535/5567/5576 4528/5568/5577
f 4534/5569/5578 4528/5568/5577 4530/5570/5579
f 4532/5571/5580 4534/5569/5578 4530/5570/5579
f 4106/1199/1200 4107/1198/1199 4158/5506/5515
f 4446/5572/5581 4444/5573/5582 4533/5574/5583
f 4532/5571/5580 4446/5572/5581 4533/5574/5583
f 4530/5570/5579 4446/5572/5581 4532/5571/5580
f 4105/1200/1201 4214/5575/5584 4114/5474/5483
f 4446/5572/5581 4530/5570/5579 4447/990/991
f 4444/5573/5582 4446/5572/5581 4445/5576/5585
f 4114/5474/5483 4215/5577/5586 4108/5467/5476
f 4457/5560/5569 4458/5546/5555 4466/1002/1003
f 4171/5476/5485 4108/5467/5476 4216/5578/5587
f 4216/5578/5587 4108/5467/5476 4215/5577/5586
f 4216/5578/5587 4215/5577/5586 4217/5579/5588
f 4445/5576/5585 4447/990/991 4470/989/990
f 4192/1219/1220 4112/1205/1206 4113/5473/5482
f 4446/5572/5581 4447/990/991 4445/5576/5585
f 4220/1180/1181 4222/5580/5589 4223/5581/5590
f 4223/5581/5590 4222/5580/5589 4224/5582/5591
f 4225/5583/5592 4226/1169/1170 4227/1177/1178
f 4227/1177/1178 4226/1169/1170 4243/1123/1124
f 4243/1123/1124 4226/1169/1170 4228/1124/1125
f 4226/1169/1170 4229/1132/1133 4241/5584/5593
f 4234/5585/5594 4233/1148/1149 4235/5586/5595
f 4296/5587/5596 4236/5588/5597 4235/5586/5595
f 4234/5585/5594 4239/5589/5598 4233/1148/1149
f 4233/1148/1149 4239/5589/5598 4230/1143/1144
f 4239/5589/5598 4240/5590/5599 4230/1143/1144
f 4230/1143/1144 4240/5590/5599 4229/1132/1133
f 4229/1132/1133 4240/5590/5599 4241/5584/5593
f 4242/1125/1126 4228/1124/1125 4241/5584/5593
f 4241/5584/5593 4228/1124/1125 4226/1169/1170
f 4225/5583/5592 4227/1177/1178 4224/5582/5591
f 4227/1177/1178 4244/1179/1180 4224/5582/5591
f 4224/5582/5591 4244/1179/1180 4223/5581/5590
f 4223/5581/5590 4245/5591/5600 4246/5592/5601
f 4246/5592/5601 4245/5591/5600 4247/1155/1156
f 4260/1197/1198 4234/5585/5594 4235/5586/5595
f 4241/5584/5593 4249/5593/5602 4242/1125/1126
f 4244/1179/1180 4250/5594/5603 4223/5581/5590
f 4250/5594/5603 4245/5591/5600 4223/5581/5590
f 4481/1020/1021 4488/1019/1020 4477/5595/5604
f 4239/5589/5598 4248/1196/1197 4240/5590/5599
f 4240/5590/5599 4251/5596/5605 4241/5584/5593
f 4241/5584/5593 4251/5596/5605 4249/5593/5602
f 4242/1125/1126 4249/5593/5602 4243/1123/1124
f 4249/5593/5602 4252/1168/1169 4243/1123/1124
f 4252/1168/1169 4227/1177/1178 4243/1123/1124
f 4248/1196/1197 4254/5597/5606 4240/5590/5599
f 4240/5590/5599 4254/5597/5606 4251/5596/5605
f 4251/5596/5605 4252/1168/1169 4249/5593/5602
f 4252/1168/1169 4255/1120/1121 4227/1177/1178
f 4255/1120/1121 4256/5598/5607 4227/1177/1178
f 4227/1177/1178 4256/5598/5607 4253/1178/1179
f 4253/1178/1179 4257/5599/5608 4244/1179/1180
f 4510/983/984 4503/1009/1010 4518/5565/5574
f 4519/5513/5522 4511/5600/5609 4460/5547/5556
f 4519/5513/5522 4460/5547/5556 4517/994/995
f 4256/5598/5607 4310/1122/1123 4253/1178/1179
f 4310/1122/1123 4257/5599/5608 4253/1178/1179
f 4244/1179/1180 4257/5599/5608 4250/5594/5603
f 4501/5601/5610 4528/5568/5577 4525/1040/1041
f 4258/1121/1122 4251/5596/5605 4312/1138/1139
f 4312/1138/1139 4251/5596/5605 4254/5597/5606
f 4261/5602/5611 4259/1195/1196 4262/5603/5612
f 4259/1195/1196 4263/5604/5613 4262/5603/5612
f 4260/1197/1198 4235/5586/5595 4236/5588/5597
f 4528/5568/5577 4527/5538/5547 4525/1040/1041
f 4236/5588/5597 4263/5604/5613 4260/1197/1198
f 4263/5604/5613 4236/5588/5597 4264/1173/1174
f 4236/5588/5597 4237/1171/1172 4264/1173/1174
f 4237/1171/1172 4238/5605/5614 4265/5606/5615
f 4266/1172/1173 4237/1171/1172 4265/5606/5615
f 4266/1172/1173 4267/5607/5616 4264/1173/1174
f 4529/5608/5617 4530/5570/5579 4528/5568/5577
f 4267/5607/5616 4268/5609/5618 4264/1173/1174
f 4268/5609/5618 4269/5610/5619 4264/1173/1174
f 4269/5610/5619 4262/5603/5612 4264/1173/1174
f 4529/5608/5617 4447/990/991 4530/5570/5579
f 4262/5603/5612 4263/5604/5613 4264/1173/1174
f 4221/1157/1158 4246/5592/5601 4247/1155/1156
f 4447/990/991 4529/5608/5617 4449/5611/5620
f 4270/5612/5621 4220/1180/1181 4221/1157/1158
f 4221/1157/1158 4220/1180/1181 4246/5592/5601
f 4220/1180/1181 4223/5581/5590 4246/5592/5601
f 4233/1148/1149 4271/1140/1141 4273/1151/1152
f 4271/1140/1141 4272/5613/5622 4273/1151/1152
f 4273/1151/1152 4275/1150/1151 4274/5614/5623
f 4275/1150/1151 4276/5615/5624 4274/5614/5623
f 4291/1153/1154 4277/1152/1153 4276/5615/5624
f 4231/1144/1145 4230/1143/1144 4229/1132/1133
f 4229/1132/1133 4226/1169/1170 4279/1133/1134
f 4225/5583/5592 4224/5582/5591 4222/5580/5589
f 4222/5580/5589 4286/5616/5625 4225/5583/5592
f 4225/5583/5592 4280/1170/1171 4226/1169/1170
f 4229/1132/1133 4282/1131/1132 4231/1144/1145
f 4231/1144/1145 4282/1131/1132 4281/1142/1143
f 4231/1144/1145 4281/1142/1143 4232/1141/1142
f 4529/5608/5617 4501/5601/5610 4449/5611/5620
f 4286/5616/5625 4280/1170/1171 4225/5583/5592
f 4280/1170/1171 4282/1131/1132 4279/1133/1134
f 4283/1149/1150 4272/5613/5622 4271/1140/1141
f 4528/5568/5577 4501/5601/5610 4529/5608/5617
f 4280/1170/1171 4284/5617/5626 4282/1131/1132
f 4282/1131/1132 4285/5618/5627 4281/1142/1143
f 4285/5618/5627 4283/1149/1150 4281/1142/1143
f 4281/1142/1143 4283/1149/1150 4271/1140/1141
f 4283/1149/1150 4273/1151/1152 4272/5613/5622
f 4280/1170/1171 4286/5616/5625 4284/5617/5626
f 4284/5617/5626 4285/5618/5627 4282/1131/1132
f 4287/5619/5628 4288/5620/5629 4286/5616/5625
f 4288/5620/5629 4284/5617/5626 4286/5616/5625
f 4284/5617/5626 4289/5621/5630 4285/5618/5627
f 4285/5618/5627 4275/1150/1151 4283/1149/1150
f 4288/5620/5629 4287/5619/5628 4290/5622/5631
f 4290/5622/5631 4287/5619/5628 4219/1182/1183
f 4288/5620/5629 4289/5621/5630 4284/5617/5626
f 4285/5618/5627 4291/1153/1154 4275/1150/1151
f 4275/1150/1151 4291/1153/1154 4276/5615/5624
f 4504/1008/1009 4502/1010/1011 4523/1041/1042
f 4291/1153/1154 4293/5623/5632 4278/1154/1155
f 4278/1154/1155 4293/5623/5632 4292/5624/5633
f 4505/5625/5634 4523/1041/1042 4524/5531/5540
f 4504/1008/1009 4523/1041/1042 4505/5625/5634
f 4291/1153/1154 4285/5618/5627 4289/5621/5630
f 4513/5515/5524 4501/5601/5610 4502/1010/1011
f 4503/1009/1010 4513/5515/5524 4502/1010/1011
f 4289/5621/5630 4288/5620/5629 4294/1161/1162
f 4288/5620/5629 4323/1162/1163 4294/1161/1162
f 4290/5622/5631 4219/1182/1183 4295/5626/5635
f 4219/1182/1183 4287/5619/5628 4220/1180/1181
f 4287/5619/5628 4222/5580/5589 4220/1180/1181
f 4251/5596/5605 4258/1121/1122 4252/1168/1169
f 4233/1148/1149 4273/1151/1152 4235/5586/5595
f 4297/5627/5636 4300/5628/5637 4298/5629/5638
f 4298/5629/5638 4238/5605/5614 4237/1171/1172
f 4505/5625/5634 4522/5630/5639 4521/5566/5575
f 4273/1151/1152 4296/5587/5596 4235/5586/5595
f 4296/5587/5596 4299/1176/1177 4297/5627/5636
f 4300/5628/5637 4303/5631/5640 4318/5632/5641
f 4504/1008/1009 4505/5625/5634 4521/5566/5575
f 4273/1151/1152 4301/1174/1175 4296/5587/5596
f 4296/5587/5596 4301/1174/1175 4299/1176/1177
f 4299/1176/1177 4300/5628/5637 4297/5627/5636
f 4301/1174/1175 4273/1151/1152 4274/5614/5623
f 4299/1176/1177 4303/5631/5640 4300/5628/5637
f 4520/993/994 4522/5630/5639 4519/5513/5522
f 4521/5566/5575 4522/5630/5639 4520/993/994
f 4276/5615/5624 4304/5633/5642 4301/1174/1175
f 4301/1174/1175 4304/5633/5642 4302/1175/1176
f 4302/1175/1176 4305/5634/5643 4299/1176/1177
f 4299/1176/1177 4305/5634/5643 4303/5631/5640
f 4518/5565/5574 4504/1008/1009 4521/5566/5575
f 4276/5615/5624 4277/1152/1153 4304/5633/5642
f 4277/1152/1153 4305/5634/5643 4304/5633/5642
f 4304/5633/5642 4305/5634/5643 4302/1175/1176
f 4503/1009/1010 4504/1008/1009 4518/5565/5574
f 4513/5515/5524 4500/5635/5644 4501/5601/5610
f 4261/5602/5611 4307/5636/5645 4306/5637/5646
f 4307/5636/5645 4308/1164/1165 4306/5637/5646
f 4314/1136/1137 4312/1138/1139 4254/5597/5606
f 4258/1121/1122 4311/1167/1168 4310/1122/1123
f 4310/1122/1123 4311/1167/1168 4257/5599/5608
f 4520/993/994 4516/992/993 4521/5566/5575
f 4311/1167/1168 4312/1138/1139 4313/5638/5647
f 4312/1138/1139 4315/1137/1138 4313/5638/5647
f 4315/1137/1138 4314/1136/1137 4309/5639/5648
f 4518/5565/5574 4516/992/993 4515/995/996
f 4309/5639/5648 4316/5640/5649 4315/1137/1138
f 4510/983/984 4518/5565/5574 4514/984/985
f 4306/5637/5646 4317/1166/1167 4309/5639/5648
f 4317/1166/1167 4316/5640/5649 4309/5639/5648
f 4509/5514/5523 4503/1009/1010 4510/983/984
f 4317/1166/1167 4306/5637/5646 4308/1164/1165
f 4261/5602/5611 4306/5637/5646 4309/5639/5648
f 4270/5612/5621 4218/1181/1182 4220/1180/1181
f 4518/5565/5574 4515/995/996 4514/984/985
f 4298/5629/5638 4318/5632/5641 4238/5605/5614
f 4298/5629/5638 4300/5628/5637 4318/5632/5641
f 4461/5641/5650 4460/5547/5556 4511/5600/5609
f 4294/1161/1162 4291/1153/1154 4289/5621/5630
f 4459/996/997 4517/994/995 4460/5547/5556
f 4293/5623/5632 4320/1163/1164 4321/5642/5651
f 4515/995/996 4516/992/993 4517/994/995
f 4291/1153/1154 4294/1161/1162 4293/5623/5632
f 4294/1161/1162 4320/1163/1164 4293/5623/5632
f 4263/5604/5613 4259/1195/1196 4260/1197/1198
f 4514/984/985 4515/995/996 4508/985/986
f 4321/5642/5651 4320/1163/1164 4319/5643/5652
f 4319/5643/5652 4320/1163/1164 4322/5644/5653
f 4322/5644/5653 4320/1163/1164 4323/1162/1163
f 4500/5635/5644 4513/5515/5524 4509/5514/5523
f 4295/5626/5635 4324/5645/5654 4290/5622/5631
f 4324/5645/5654 4323/1162/1163 4290/5622/5631
f 4324/5645/5654 4325/5646/5655 4323/1162/1163
f 4325/5646/5655 4322/5644/5653 4323/1162/1163
f 4290/5622/5631 4323/1162/1163 4288/5620/5629
f 4326/1156/1157 4327/5647/5656 4221/1157/1158
f 4221/1157/1158 4327/5647/5656 4270/5612/5621
f 4458/5546/5555 4515/995/996 4459/996/997
f 4508/985/986 4515/995/996 4458/5546/5555
f 4301/1174/1175 4274/5614/5623 4276/5615/5624
f 4507/5648/5657 4510/983/984 4508/985/986
f 4510/983/984 4507/5648/5657 4506/1007/1008
f 4310/1122/1123 4256/5598/5607 4255/1120/1121
f 4509/5514/5523 4510/983/984 4454/1006/1007
f 4451/5649/5658 4509/5514/5523 4454/1006/1007
f 4500/5635/5644 4509/5514/5523 4451/5649/5658
f 4508/985/986 4458/5546/5555 4457/5560/5569
f 4507/5648/5657 4508/985/986 4457/5560/5569
f 4506/1007/1008 4507/5648/5657 4455/5650/5659
f 4454/1006/1007 4506/1007/1008 4455/5650/5659
f 4234/5585/5594 4248/1196/1197 4239/5589/5598
f 4248/1196/1197 4234/5585/5594 4260/1197/1198
f 4501/5601/5610 4525/1040/1041 4502/1010/1011
f 4237/1171/1172 4236/5588/5597 4298/5629/5638
f 4236/5588/5597 4297/5627/5636 4298/5629/5638
f 4236/5588/5597 4296/5587/5596 4297/5627/5636
f 4449/5611/5620 4501/5601/5610 4500/5635/5644
f 4451/5649/5658 4449/5611/5620 4500/5635/5644
f 4450/1032/1033 4449/5611/5620 4451/5649/5658
f 4499/5541/5550 4498/5651/5660 4495/1012/1013
f 4286/5616/5625 4222/5580/5589 4287/5619/5628
f 4543/5542/5551 4499/5541/5550 4495/1012/1013
f 4254/5597/5606 4248/1196/1197 4259/1195/1196
f 4496/5652/5661 4498/5651/5660 4497/5653/5662
f 4495/1012/1013 4498/5651/5660 4496/5652/5661
f 4307/5636/5645 4261/5602/5611 4328/5654/5663
f 4261/5602/5611 4262/5603/5612 4328/5654/5663
f 4262/5603/5612 4269/5610/5619 4328/5654/5663
f 4328/5654/5663 4269/5610/5619 4329/5655/5664
f 4269/5610/5619 4268/5609/5618 4330/5656/5665
f 4497/5653/5662 4498/5651/5660 4494/5657/5666
f 4254/5597/5606 4259/1195/1196 4314/1136/1137
f 4259/1195/1196 4309/5639/5648 4314/1136/1137
f 4259/1195/1196 4261/5602/5611 4309/5639/5648
f 4293/5623/5632 4321/5642/5651 4292/5624/5633
f 4495/1012/1013 4496/5652/5661 4493/1013/1014
f 4492/1011/1012 4543/5542/5551 4495/1012/1013
f 4497/5653/5662 4494/5657/5666 4491/5658/5667
f 4490/5659/5668 4497/5653/5662 4491/5658/5667
f 4332/5660/5669 4333/5661/5670 4427/5662/5671
f 4333/5661/5670 4397/5663/5672 4334/5664/5673
f 4334/5664/5673 4397/5663/5672 4335/5665/5674
f 4397/5663/5672 4336/5666/5675 4335/5665/5674
f 4339/5667/5676 4341/5668/5677 4340/1061/1062
f 4340/1061/1062 4341/5668/5677 4342/5669/5678
f 4345/5670/5679 4346/5671/5680 4347/5672/5681
f 4347/5672/5681 4348/5673/5682 4356/1074/1075
f 4356/1074/1075 4349/5674/5683 4350/5675/5684
f 4350/5675/5684 4349/5674/5683 4351/5676/5685
f 4489/5677/5686 4497/5653/5662 4490/5659/5668
f 4496/5652/5661 4497/5653/5662 4489/5677/5686
f 4337/5678/5687 4338/5679/5688 4352/1094/1095
f 4338/5679/5688 4339/5667/5676 4352/1094/1095
f 4342/5669/5678 4393/1047/1048 4353/5680/5689
f 4393/1047/1048 4344/1049/1050 4353/5680/5689
f 4344/1049/1050 4345/5670/5679 4353/5680/5689
f 4353/5680/5689 4345/5670/5679 4354/5681/5690
f 4354/5681/5690 4345/5670/5679 4355/1075/1076
f 4345/5670/5679 4347/5672/5681 4355/1075/1076
f 4355/1075/1076 4347/5672/5681 4356/1074/1075
f 4493/1013/1014 4496/5652/5661 4489/5677/5686
f 4355/1075/1076 4363/5682/5691 4354/5681/5690
f 4353/5680/5689 4362/1062/1063 4342/5669/5678
f 4342/5669/5678 4362/1062/1063 4340/1061/1062
f 4340/1061/1062 4357/1060/1061 4339/5667/5676
f 4357/1060/1061 4358/1063/1064 4339/5667/5676
f 4339/5667/5676 4358/1063/1064 4352/1094/1095
f 4337/5678/5687 4359/5683/5692 4336/5666/5675
f 4359/5683/5692 4373/5684/5693 4335/5665/5674
f 4359/5683/5692 4337/5678/5687 4361/1093/1094
f 4361/1093/1094 4337/5678/5687 4352/1094/1095
f 4363/5682/5691 4364/1054/1055 4377/1053/1054
f 4365/5685/5694 4356/1074/1075 4350/5675/5684
f 4352/1094/1095 4367/1104/1105 4366/1095/1096
f 4357/1060/1061 4362/1062/1063 4368/1064/1065
f 4353/5680/5689 4354/5681/5690 4362/1062/1063
f 4494/5657/5666 4474/5686/5695 4478/5687/5696
f 4369/1067/1068 4368/1064/1065 4362/1062/1063
f 4368/1064/1065 4367/1104/1105 4358/1063/1064
f 4491/5658/5667 4494/5657/5666 4478/5687/5696
f 4367/1104/1105 4370/1065/1066 4366/1095/1096
f 4370/1065/1066 4371/5688/5697 4366/1095/1096
f 4366/1095/1096 4371/5688/5697 4361/1093/1094
f 4371/5688/5697 4372/5689/5698 4361/1093/1094
f 4372/5689/5698 4378/5690/5699 4361/1093/1094
f 4361/1093/1094 4378/5690/5699 4359/5683/5692
f 4373/5684/5693 4359/5683/5692 4378/5690/5699
f 4370/1065/1066 4367/1104/1105 4368/1064/1065
f 4375/1066/1067 4369/1067/1068 4376/5691/5700
f 4383/5692/5701 4369/1067/1068 4377/1053/1054
f 4376/5691/5700 4370/1065/1066 4375/1066/1067
f 4370/1065/1066 4374/1102/1103 4371/5688/5697
f 4371/5688/5697 4374/1102/1103 4372/5689/5698
f 4374/1102/1103 4382/5693/5702 4372/5689/5698
f 4382/5693/5702 4378/5690/5699 4372/5689/5698
f 4378/5690/5699 4379/5694/5703 4373/5684/5693
f 4376/5691/5700 4380/5695/5704 4370/1065/1066
f 4370/1065/1066 4380/5695/5704 4381/1101/1102
f 4493/1013/1014 4489/5677/5686 4488/1019/1020
f 4380/5695/5704 4376/5691/5700 4383/5692/5701
f 4376/5691/5700 4369/1067/1068 4383/5692/5701
f 4487/1015/1016 4492/1011/1012 4493/1013/1014
f 4482/5557/5566 4492/1011/1012 4487/1015/1016
f 4383/5692/5701 4385/5696/5705 4380/5695/5704
f 4385/5696/5705 4386/5697/5706 4380/5695/5704
f 4386/5697/5706 4381/1101/1102 4380/5695/5704
f 4388/5698/5707 4387/5699/5708 4381/1101/1102
f 4381/1101/1102 4387/5699/5708 4382/5693/5702
f 4386/5697/5706 4388/5698/5707 4381/1101/1102
f 4490/5659/5668 4491/5658/5667 4478/5687/5696
f 4386/5697/5706 4385/5696/5705 4388/5698/5707
f 4385/5696/5705 4389/5700/5709 4388/5698/5707
f 4489/5677/5686 4490/5659/5668 4477/5595/5604
f 4488/1019/1020 4489/5677/5686 4477/5595/5604
f 4480/1016/1017 4493/1013/1014 4488/1019/1020
f 4487/1015/1016 4493/1013/1014 4480/1016/1017
f 4354/5681/5690 4369/1067/1068 4362/1062/1063
f 4354/5681/5690 4363/5682/5691 4369/1067/1068
f 4390/5701/5710 4391/1055/1056 4364/1054/1055
f 4391/1055/1056 4384/5702/5711 4383/5692/5701
f 4383/5692/5701 4377/1053/1054 4391/1055/1056
f 4487/1015/1016 4479/1014/1015 4472/5703/5712
f 4482/5557/5566 4487/1015/1016 4472/5703/5712
f 4365/5685/5694 4364/1054/1055 4356/1074/1075
f 4364/1054/1055 4363/5682/5691 4355/1075/1076
f 4485/5563/5572 4463/5704/5713 4486/5564/5573
f 4484/1001/1002 4531/1000/1001 4485/5563/5572
f 4349/5674/5683 4356/1074/1075 4441/5705/5714
f 4356/1074/1075 4348/5673/5682 4441/5705/5714
f 4439/5706/5715 4347/5672/5681 4346/5671/5680
f 4346/5671/5680 4344/1049/1050 4392/5707/5716
f 4344/1049/1050 4343/1048/1049 4392/5707/5716
f 4343/1048/1049 4393/1047/1048 4392/5707/5716
f 4392/5707/5716 4393/1047/1048 4394/5708/5717
f 4393/1047/1048 4342/5669/5678 4394/5708/5717
f 4342/5669/5678 4341/5668/5677 4394/5708/5717
f 4338/5679/5688 4336/5666/5675 4405/5709/5718
f 4405/5709/5718 4336/5666/5675 4395/5710/5719
f 4395/5710/5719 4336/5666/5675 4396/5711/5720
f 4396/5711/5720 4397/5663/5672 4398/5712/5721
f 4398/5712/5721 4333/5661/5670 4399/5713/5722
f 4457/5560/5569 4466/1002/1003 4483/1003/1004
f 4456/5714/5723 4457/5560/5569 4482/5557/5566
f 4482/5557/5566 4472/5703/5712 4456/5714/5723
f 4338/5679/5688 4337/5678/5687 4336/5666/5675
f 4401/1052/1053 4407/1057/1058 4402/1050/1051
f 4407/1057/1058 4403/5715/5724 4402/1050/1051
f 4475/5716/5725 4472/5703/5712 4479/1014/1015
f 4392/5707/5716 4394/5708/5717 4404/1058/1059
f 4394/5708/5717 4341/5668/5677 4406/1056/1057
f 4406/1056/1057 4341/5668/5677 4405/5709/5718
f 4341/5668/5677 4338/5679/5688 4405/5709/5718
f 4478/5687/5696 4474/5686/5695 4473/5717/5726
f 4404/1058/1059 4400/5718/5727 4392/5707/5716
f 4469/991/992 4478/5687/5696 4473/5717/5726
f 4477/5595/5604 4490/5659/5668 4478/5687/5696
f 4407/1057/1058 4400/5718/5727 4404/1058/1059
f 4400/5718/5727 4407/1057/1058 4401/1052/1053
f 4480/1016/1017 4481/1020/1021 4468/1022/1023
f 4403/5715/5724 4407/1057/1058 4409/1112/1113
f 4479/1014/1015 4480/1016/1017 4476/1021/1022
f 4409/1112/1113 4410/5719/5728 4403/5715/5724
f 4479/1014/1015 4476/1021/1022 4475/5716/5725
f 4410/5719/5728 4409/1112/1113 4411/1111/1112
f 4409/1112/1113 4414/1108/1109 4412/5720/5729
f 4412/5720/5729 4414/1108/1109 4413/5721/5730
f 4409/1112/1113 4407/1057/1058 4414/1108/1109
f 4414/1108/1109 4407/1057/1058 4406/1056/1057
f 4448/5722/5731 4478/5687/5696 4469/991/992
f 4477/5595/5604 4478/5687/5696 4448/5722/5731
f 4413/5721/5730 4408/1107/1108 4415/5723/5732
f 4415/5723/5732 4417/5724/5733 4416/5725/5734
f 4481/1020/1021 4477/5595/5604 4448/5722/5731
f 4468/1022/1023 4481/1020/1021 4448/5722/5731
f 4408/1107/1108 4413/5721/5730 4414/1108/1109
f 4395/5710/5719 4415/5723/5732 4408/1107/1108
f 4475/5716/5725 4476/1021/1022 4450/1032/1033
f 4467/5726/5735 4475/5716/5725 4450/1032/1033
f 4395/5710/5719 4396/5711/5720 4417/5724/5733
f 4396/5711/5720 4398/5712/5721 4417/5724/5733
f 4472/5703/5712 4475/5716/5725 4467/5726/5735
f 4417/5724/5733 4415/5723/5732 4395/5710/5719
f 4471/5727/5736 4473/5717/5726 4474/5686/5695
f 4470/989/990 4473/5717/5726 4471/5727/5736
f 4404/1058/1059 4394/5708/5717 4406/1056/1057
f 4469/991/992 4473/5717/5726 4470/989/990
f 4409/1112/1113 4419/5728/5737 4418/1110/1111
f 4449/5611/5620 4468/1022/1023 4448/5722/5731
f 4418/1110/1111 4419/5728/5737 4420/5729/5738
f 4456/5714/5723 4472/5703/5712 4453/5730/5739
f 4405/5709/5718 4395/5710/5719 4406/1056/1057
f 4395/5710/5719 4408/1107/1108 4406/1056/1057
f 4345/5670/5679 4344/1049/1050 4346/5671/5680
f 4470/989/990 4471/5727/5736 4445/5576/5585
f 4389/5700/5709 4385/5696/5705 4421/1115/1116
f 4385/5696/5705 4422/1113/1114 4421/1115/1116
f 4422/1113/1114 4384/5702/5711 4423/5731/5740
f 4384/5702/5711 4424/5732/5741 4423/5731/5740
f 4425/5733/5742 4384/5702/5711 4391/1055/1056
f 4448/5722/5731 4469/991/992 4447/990/991
f 4384/5702/5711 4422/1113/1114 4385/5696/5705
f 4385/5696/5705 4383/5692/5701 4384/5702/5711
f 4450/1032/1033 4468/1022/1023 4449/5611/5620
f 4452/5734/5743 4467/5726/5735 4450/1032/1033
f 4472/5703/5712 4467/5726/5735 4452/5734/5743
f 4453/5730/5739 4472/5703/5712 4452/5734/5743
f 4409/1112/1113 4412/5720/5729 4419/5728/5737
f 4382/5693/5702 4387/5699/5708 4378/5690/5699
f 4387/5699/5708 4379/5694/5703 4378/5690/5699
f 4349/5674/5683 4426/5735/5744 4351/5676/5685
f 4359/5683/5692 4335/5665/5674 4336/5666/5675
f 4335/5665/5674 4360/5736/5745 4334/5664/5673
f 4512/5737/5746 4465/5738/5747 4464/5739/5748
f 4463/5704/5713 4512/5737/5746 4464/5739/5748
f 4485/5563/5572 4512/5737/5746 4463/5704/5713
f 4531/1000/1001 4512/5737/5746 4485/5563/5572
f 4462/5740/5749 4512/5737/5746 4531/1000/1001
f 4461/5641/5650 4462/5740/5749 4531/1000/1001
f 4466/1002/1003 4461/5641/5650 4531/1000/1001
f 4374/1102/1103 4381/1101/1102 4382/5693/5702
f 4460/5547/5556 4461/5641/5650 4466/1002/1003
f 4369/1067/1068 4363/5682/5691 4377/1053/1054
f 4334/5664/5673 4427/5662/5671 4333/5661/5670
f 4507/5648/5657 4457/5560/5569 4456/5714/5723
f 4456/5714/5723 4455/5650/5659 4507/5648/5657
f 4453/5730/5739 4455/5650/5659 4456/5714/5723
f 4364/1054/1055 4365/5685/5694 4390/5701/5710
f 4365/5685/5694 4428/5741/5750 4390/5701/5710
f 4454/1006/1007 4455/5650/5659 4453/5730/5739
f 4452/5734/5743 4454/1006/1007 4453/5730/5739
f 4390/5701/5710 4429/5742/5751 4391/1055/1056
f 4451/5649/5658 4454/1006/1007 4452/5734/5743
f 4429/5742/5751 4425/5733/5742 4391/1055/1056
f 4450/1032/1033 4451/5649/5658 4452/5734/5743
f 4425/5733/5742 4424/5732/5741 4384/5702/5711
f 4365/5685/5694 4430/5743/5752 4428/5741/5750
f 4430/5743/5752 4365/5685/5694 4431/5744/5753
f 4365/5685/5694 4350/5675/5684 4431/5744/5753
f 4447/990/991 4449/5611/5620 4448/5722/5731
f 4423/5731/5740 4432/5745/5754 4422/1113/1114
f 4432/5745/5754 4433/1114/1115 4422/1113/1114
f 4444/5573/5582 4445/5576/5585 4443/5746/5755
f 4397/5663/5672 4396/5711/5720 4336/5666/5675
f 4398/5712/5721 4397/5663/5672 4333/5661/5670
f 4434/5747/5756 4400/5718/5727 4401/1052/1053
f 4373/5684/5693 4360/5736/5745 4335/5665/5674
f 4400/5718/5727 4434/5747/5756 4392/5707/5716
f 4436/5748/5757 4438/5749/5758 4435/5750/5759
f 4438/5749/5758 4440/5751/5760 4435/5750/5759
f 4435/5750/5759 4440/5751/5760 4434/5747/5756
f 4437/5752/5761 4439/5706/5715 4436/5748/5757
f 4439/5706/5715 4438/5749/5758 4436/5748/5757
f 4437/5752/5761 4441/5705/5714 4348/5673/5682
f 4438/5749/5758 4346/5671/5680 4440/5751/5760
f 4440/5751/5760 4346/5671/5680 4434/5747/5756
f 4434/5747/5756 4346/5671/5680 4392/5707/5716
f 4437/5752/5761 4348/5673/5682 4439/5706/5715
f 4346/5671/5680 4438/5749/5758 4439/5706/5715
f 4439/5706/5715 4348/5673/5682 4347/5672/5681
f 4339/5667/5676 4338/5679/5688 4341/5668/5677
f 4434/5747/5756 4401/1052/1053 4435/5750/5759
f 4435/5750/5759 4442/1051/1052 4436/5748/5757
f 4436/5748/5757 4442/1051/1052 4437/5752/5761
f 4401/1052/1053 4442/1051/1052 4435/5750/5759
l 584 585
l 586 587
l 585 586
