# Blender 5.0.1
# www.blender.org
mtllib opulent curio.mtl
o model_0
v -0.170555 0.002891 -7.711630
v 2.103633 0.002891 -7.419106
v -2.382222 0.017963 -7.365220
v -4.320362 0.017963 -6.410668
v 4.010513 0.017963 -6.610816
v -6.117831 -0.012180 -4.647826
v 5.792351 0.017963 -5.071216
v 7.097470 -0.027252 -2.846494
v -7.282278 0.002891 -2.400010
v -7.626141 0.002891 -0.059818
v 7.621080 0.002891 -0.059818
v -7.211942 0.002891 2.372750
v 7.144360 0.017963 2.542106
v -5.891193 -0.027252 4.528190
v 6.081509 0.002891 4.474304
v 4.401267 0.017963 6.106280
v -4.546999 -0.012180 6.006206
v 2.275565 0.002891 7.153208
v -2.530709 0.002891 7.076228
v 0.173309 0.017963 7.507316
v 6.237811 24.584835 1.325822
v 6.284701 25.549423 0.617606
v 5.815796 24.509476 2.172602
v 4.698240 26.333151 3.050174
v 4.416897 26.619514 3.165644
v 5.800166 26.514011 -0.306154
v 3.604129 27.252525 3.604430
v 3.127409 28.006109 2.957798
v 2.752285 27.207310 4.266458
v 4.440342 26.514011 3.365792
v 3.697910 24.599905 5.005466
v 2.259935 26.272865 5.113238
v 2.564723 24.569763 5.836850
v 2.033298 24.599905 5.890736
v 0.040452 26.589371 4.936184
v 2.291195 27.026449 4.712942
v 2.041113 27.388170 4.489700
v 0.650029 28.458261 3.819974
v 2.814806 28.699408 2.118716
v 5.112439 27.222382 -0.252268
v 4.284041 28.156828 -0.175288
v 4.057404 28.006109 -2.299936
v 4.956138 26.287935 -3.085132
v 6.159660 24.599905 -1.899640
v 5.393782 25.398706 -3.062038
v 5.870502 24.645121 -2.623252
v 4.440342 26.514011 3.365792
v 4.315301 26.453726 -3.547012
v 4.346561 27.147022 -3.246790
v 2.924217 26.936020 -4.593940
v 4.237150 26.438654 -3.654784
v 3.651019 24.614977 -4.994236
v 3.002368 24.479332 -5.725546
v 2.017668 24.524548 -5.956486
v 0.056083 26.468796 -5.379136
v 1.197084 28.217113 -4.224436
v 3.377491 28.850124 -1.653304
v 3.541608 28.940556 0.001766
v 2.595984 29.573566 -1.253008
v 2.299011 29.905144 -0.236872
v 1.822291 30.176435 -0.983578
v 0.282720 30.010647 -2.407708
v 2.838251 29.558495 0.494438
v 2.681949 29.241989 1.348916
v 0.345241 29.950359 1.641440
v 0.251460 29.287205 2.796140
v 0.298350 30.523085 0.432854
v 2.838251 29.558495 0.494438
v 0.345241 30.719015 -1.191424
v -0.186185 30.824518 -0.652564
v 0.079528 30.794374 -1.114444
v 0.345241 30.719015 -1.191424
v -0.350302 30.206577 -2.092090
v 0.079528 30.794374 -1.114444
v -0.186185 30.824518 -0.652564
v -2.358777 29.814714 -0.875806
v -1.053659 29.679070 -2.438500
v -1.616345 29.046057 -2.877286
v -2.210291 28.051325 -3.670180
v -0.616014 26.815445 -5.317552
v -0.053329 26.483868 -5.394532
v -0.569124 26.001574 -5.679358
v -2.296257 27.282669 -4.478470
v -1.913318 24.630049 -5.679358
v -3.507594 24.614977 -5.109706
v -4.140615 25.820713 -4.286020
v -3.976499 26.544155 -4.001194
v -4.289102 26.348223 -3.716368
v -3.413813 27.644390 -3.246790
v -3.069949 28.578835 -2.315332
v -4.929938 27.373098 -0.921994
v -4.195321 28.488405 0.055652
v -5.414474 26.468796 -0.329248
v -5.422288 26.453726 -0.182986
v -4.593890 27.629318 1.764608
v -5.305062 26.514011 1.972454
v -4.437588 26.544155 2.980892
v -5.289432 25.609709 2.642180
v -6.235057 24.569763 2.187998
v -6.336653 24.599905 1.279634
v -3.632635 24.584835 4.990070
v -2.202476 24.599905 5.936924
v -4.328177 26.544155 3.104060
v -3.882718 27.493671 2.880818
v -4.195321 28.488405 0.055652
v -1.256851 28.021181 4.089404
v -1.514749 25.036985 5.721380
v 0.048267 28.744623 3.619826
v 0.345241 29.950359 1.641440
v -2.358777 29.814714 -0.875806
v 0.298350 30.523085 0.432854
v -0.186185 30.824518 -0.652564
v -4.367253 26.363295 -3.585502
v -5.445734 26.182434 -2.130580
v -5.758337 24.599905 -2.677138
v -6.242872 24.660192 -1.984318
v -1.444413 10.929873 -1.984318
v -1.311556 10.914803 -2.184466
v -2.225921 11.095663 -2.461594
v -0.905172 11.110734 -3.300676
v -0.694165 10.960017 -2.577064
v 0.485912 10.944945 -2.538574
v 0.861036 11.095663 -3.277582
v 0.650029 10.914803 -2.376916
v 2.205230 11.095663 -2.376916
v 1.673804 10.944945 -1.845754
v 2.994553 11.005233 -0.937390
v 2.228675 10.899731 -0.768034
v 2.228675 10.854515 0.640700
v 2.971107 10.990161 0.840848
v 2.189600 11.020304 2.318864
v 1.509687 10.839444 1.718420
v 1.376831 10.899731 1.964756
v 0.720364 11.065519 3.111758
v 0.673474 10.914803 2.326562
v -0.522233 10.884659 2.311166
v -1.069289 11.080591 3.011684
v -0.780131 10.914803 2.226488
v -1.819537 10.914803 1.564460
v -2.468188 11.020304 1.910870
v -3.077765 11.050447 0.255800
v -2.350962 10.929873 0.086444
v -2.968354 11.095663 -1.206820
v -2.186845 10.929873 -0.968182
v -2.225921 11.095663 -2.461594
v -1.444413 10.929873 -1.984318
v -2.225921 11.095663 -2.461594
v -0.905172 11.110734 -3.300676
v -2.202476 11.683459 -2.369218
v -0.850467 11.683459 -3.231394
v -2.202476 11.683459 -2.369218
v -0.850467 11.683459 -3.231394
v -2.491633 11.743746 -2.638648
v -0.959878 11.713602 -3.754858
v 0.814145 11.668387 -3.208300
v 1.048598 11.713602 -3.677878
v 2.158339 11.638244 -2.330728
v 2.533463 11.683459 -2.584762
v 2.869511 11.577957 -0.868108
v 3.268080 11.623172 -0.898900
v 2.900772 11.517671 0.817754
v 3.299341 11.562885 1.017902
v 2.158339 11.577957 2.226488
v 2.447497 11.608100 2.603690
v 0.681289 11.638244 3.096362
v 0.767255 11.698530 3.589034
v -1.069289 11.623172 2.919308
v -1.288111 11.668387 3.388886
v -2.374407 11.608100 1.895474
v -2.772976 11.668387 2.111018
v -2.968354 11.623172 0.309686
v -3.382553 11.668387 0.355874
v -2.874573 11.683459 -1.137538
v -3.257511 11.728674 -1.299196
v -2.202476 11.683459 -2.369218
v -2.491633 11.743746 -2.638648
v -0.850467 11.683459 -3.231394
v 0.814145 11.668387 -3.208300
v -0.905172 11.110734 -3.300676
v 0.861036 11.095663 -3.277582
v 0.814145 11.668387 -3.208300
v 2.158339 11.638244 -2.330728
v 0.861036 11.095663 -3.277582
v 2.205230 11.095663 -2.376916
v 2.994553 11.005233 -0.937390
v 2.869511 11.577957 -0.868108
v 2.971107 10.990161 0.840848
v 2.900772 11.517671 0.817754
v 2.158339 11.577957 2.226488
v 2.189600 11.020304 2.318864
v -0.959878 11.713602 -3.754858
v -0.905172 12.557617 -3.770254
v -2.491633 11.743746 -2.638648
v -2.687011 12.602833 -2.831098
v -0.959878 11.713602 -3.754858
v 1.048598 11.713602 -3.677878
v -0.905172 12.557617 -3.770254
v 1.079858 12.542546 -3.716368
v -2.687011 12.602833 -2.831098
v -0.905172 12.557617 -3.770254
v -2.554154 12.693263 -2.738722
v -0.873912 12.678191 -3.593200
v 1.079858 12.542546 -3.716368
v 1.056413 12.632976 -3.562408
v 2.736655 12.527474 -2.684836
v 2.619429 12.632976 -2.600158
v 3.705725 12.452116 -0.837316
v 3.486903 12.572689 -0.760336
v 3.580684 12.406900 1.171862
v 3.346231 12.542546 1.056392
v 2.345901 12.648047 2.503616
v 2.556908 12.482259 2.726858
v 0.728179 12.723406 3.296510
v 0.735995 12.512403 3.627524
v -1.225591 12.693263 3.181040
v -1.295926 12.557617 3.435074
v -2.983984 12.512403 2.211092
v -2.804237 12.648047 2.064830
v -3.491964 12.693263 0.371270
v -3.718601 12.527474 0.386666
v -3.585745 12.602833 -1.391572
v -3.405998 12.708335 -1.399270
v -2.687011 12.602833 -2.831098
v -2.554154 12.693263 -2.738722
v -2.554154 12.693263 -2.738722
v -3.531039 15.767890 -3.639388
v -0.873912 12.678191 -3.593200
v -2.749531 18.073860 -5.232874
v 0.001377 17.154486 -5.540794
v -1.350632 19.339882 -6.418366
v 0.009192 20.093468 -6.964924
v 1.462797 19.279596 -6.364480
v 2.619429 17.953285 -5.248270
v 1.056413 12.632976 -3.562408
v 3.432197 15.722674 -3.724066
v 2.619429 12.632976 -2.600158
v 5.112439 18.164289 -2.854192
v 5.354707 17.184629 -0.275362
v 6.448818 19.656387 -1.083652
v 6.761421 20.078396 -0.190684
v 6.315962 19.400169 1.102580
v 4.995213 17.787497 2.457428
v 3.346231 12.542546 1.056392
v 3.338416 15.436313 3.188738
v 2.345901 12.648047 2.503616
v 2.713210 18.073860 4.889996
v 0.032637 17.259989 5.197916
v 1.165824 19.490599 6.137072
v -0.006438 20.003036 6.521972
v -1.170885 19.445385 6.214052
v -2.749531 17.697067 4.774526
v -1.225591 12.693263 3.181040
v -3.429443 15.511671 3.265718
v -2.804237 12.648047 2.064830
v -3.491964 12.693263 0.371270
v -5.469179 17.184629 -0.106006
v -5.273802 17.591566 2.372750
v -6.406989 19.581030 0.810056
v -6.805558 20.063324 -0.244570
v -6.328838 19.385098 -1.514740
v -5.312877 17.470991 -2.584762
v -3.531039 15.767890 -3.639388
v -3.405998 12.708335 -1.399270
v -2.554154 12.693263 -2.738722
v 3.486903 12.572689 -0.760336
v 0.728179 12.723406 3.296510
v 1.048598 11.713602 -3.677878
v 1.079858 12.542546 -3.716368
v 2.533463 11.683459 -2.584762
v 2.736655 12.527474 -2.684836
v 3.705725 12.452116 -0.837316
v 3.268080 11.623172 -0.898900
v 3.299341 11.562885 1.017902
v 3.580684 12.406900 1.171862
v 2.447497 11.608100 2.603690
v 2.556908 12.482259 2.726858
v 0.735995 12.512403 3.627524
v 0.767255 11.698530 3.589034
v -3.531039 15.767890 -3.639388
v -2.749531 18.073860 -5.232874
v -3.273142 16.777693 -3.423844
v -2.554154 18.495867 -4.586242
v -1.335002 19.731747 -5.694754
v -1.350632 19.339882 -6.418366
v -0.006438 20.500402 -6.264406
v 0.009192 20.093468 -6.964924
v -3.273142 16.777693 -3.423844
v -2.554154 18.495867 -4.586242
v -4.085910 20.741550 -4.863370
v -1.983653 20.756622 -6.033466
v -1.335002 19.731747 -5.694754
v 0.001377 20.696335 -6.379876
v -0.006438 20.500402 -6.264406
v 1.580023 20.575762 -6.164332
v 1.251790 19.776962 -5.794828
v 2.971107 20.545618 -5.594680
v 2.306826 18.571226 -4.794088
v 4.518493 20.575762 -4.439980
v 3.229005 16.747551 -3.470032
v 4.627904 18.646584 -2.607856
v 5.612605 20.636049 -3.054340
v 6.144030 20.711407 -1.599418
v 5.878317 20.048252 -1.091350
v 6.253441 20.620977 -0.198382
v 6.175290 20.470261 -0.206080
v 5.792351 19.837248 0.940922
v 6.128400 20.530546 1.425896
v 4.518493 18.360222 2.272676
v 5.495378 20.530546 2.973194
v 4.502863 20.575762 4.351136
v 3.236820 16.204969 3.080966
v 4.713870 20.771694 -4.532356
v 5.839242 20.816910 -3.123622
v 6.378482 20.831982 -1.661002
v 6.480078 20.711407 -0.190684
v 7.347552 22.143219 -0.129100
v 7.011504 22.128147 -1.938130
v 6.480078 22.188435 -3.377656
v 5.323446 22.188435 -5.040424
v 6.253441 20.620977 -0.198382
v 6.128400 20.530546 1.425896
v 6.339407 20.636049 1.456688
v 5.495378 20.530546 2.973194
v 5.722015 20.666193 3.150248
v 4.713870 20.696335 4.482002
v 6.370667 21.962358 3.581336
v 5.088994 22.022646 5.182520
v 3.346231 22.143219 6.344918
v 3.268080 20.892267 5.521232
v 1.439352 22.113075 7.014644
v 7.120915 22.067860 1.880078
v 4.502863 20.575762 4.351136
v 3.127409 20.681263 5.290292
v 2.525648 18.435581 4.482002
v 1.064228 19.927679 5.621306
v 1.251790 20.816910 5.975414
v 0.024822 20.440117 5.983112
v 0.017007 20.771694 6.090884
v -1.288111 20.726479 5.975414
v -1.053659 19.882463 5.675192
v -2.608860 20.681263 5.636702
v -2.554154 18.360222 4.351136
v -4.070280 20.741550 4.551284
v -3.273142 16.521475 3.096362
v -4.765822 18.601370 2.180300
v -5.078425 20.816910 3.473564
v -5.875563 20.756622 1.887776
v -5.805227 20.063324 0.686888
v -6.219427 20.741550 -0.213778
v -6.086570 20.485332 -0.213778
v -6.102201 20.756622 -1.560928
v -5.625481 19.882463 -1.337686
v -5.328507 20.575762 -3.408448
v -4.734561 18.345150 -2.415406
v -4.085910 20.741550 -4.863370
v -3.273142 16.777693 -3.423844
v 3.236820 16.204969 3.080966
v -4.242211 20.907339 -5.040424
v -5.555145 20.756622 -3.439240
v -6.383543 22.082932 -3.839536
v -7.165051 22.143219 -2.022808
v -6.344468 20.937483 -1.668700
v -7.336983 22.067860 -0.190684
v -6.461694 20.907339 -0.206080
v -6.102201 20.922411 1.949360
v -5.875563 20.756622 1.887776
v -5.250357 20.952555 3.589034
v -4.726747 22.203505 -5.740942
v -6.930599 22.052788 2.118716
v -6.024050 22.113075 3.943142
v -4.265656 20.952555 4.705244
v -4.859603 22.082932 5.251802
v -3.062134 22.128147 6.444992
v -2.679195 20.847052 5.829152
v -1.835167 22.128147 6.760610
v -1.405337 20.877195 6.160166
v -0.022068 22.128147 7.053134
v 0.009192 20.922411 6.314126
v 0.017007 20.771694 6.090884
v 1.251790 20.816910 5.975414
v 1.306495 20.952555 6.190958
v -4.726747 22.203505 -5.740942
v -4.242211 20.907339 -5.040424
v -2.358777 22.098003 -7.057300
v -2.100879 20.892267 -6.256708
v 0.056083 22.188435 -7.372918
v -0.029883 20.862123 -6.641608
v 1.650359 20.756622 -6.402970
v 2.963292 20.726479 -5.894902
v -1.983653 20.756622 -6.033466
v 2.103633 22.203505 -7.064998
v 3.400937 22.158291 -6.487648
v -4.726747 22.203505 -5.740942
v -2.358777 22.098003 -7.057300
v -4.570445 22.504940 -5.517700
v -2.358777 22.459724 -6.803266
v 0.056083 22.188435 -7.372918
v 0.071713 22.474796 -7.111186
v 2.103633 22.203505 -7.064998
v 2.025483 22.459724 -6.733984
v 3.400937 22.158291 -6.487648
v 3.299341 22.444653 -6.195124
v 5.323446 22.188435 -5.040424
v 5.096809 22.504940 -4.847974
v 6.480078 22.188435 -3.377656
v 6.300332 22.459724 -3.262186
v 7.011504 22.128147 -1.938130
v 6.870832 22.504940 -1.999714
v 7.128730 22.520012 -0.144496
v 7.347552 22.143219 -0.129100
v 7.120915 22.067860 1.880078
v 6.870832 22.399437 2.041736
v 6.229996 22.293936 3.450470
v 6.370667 21.962358 3.581336
v 4.987398 22.339151 4.959278
v 5.088994 22.022646 5.182520
v 3.346231 22.143219 6.344918
v 3.158669 22.399437 6.229448
v 1.439352 22.113075 7.014644
v 1.439352 22.429581 6.714422
v -0.022068 22.128147 7.053134
v -0.014253 22.459724 6.783704
v -1.733571 22.489868 6.575858
v -1.835167 22.128147 6.760610
v -2.968354 22.489868 6.260240
v -3.062134 22.128147 6.444992
v -4.742376 22.444653 5.013164
v -4.859603 22.082932 5.251802
v -6.024050 22.113075 3.943142
v -5.828673 22.550154 3.727598
v -6.930599 22.052788 2.118716
v -6.688332 22.474796 2.095622
v -7.102531 22.354223 -0.190684
v -7.336983 22.067860 -0.190684
v -6.938414 22.414509 -1.807264
v -7.165051 22.143219 -2.022808
v -6.149091 22.459724 -3.685576
v -6.383543 22.082932 -3.839536
v -4.570445 22.504940 -5.517700
v -4.726747 22.203505 -5.740942
v -4.695486 22.776230 -5.663962
v -4.570445 22.504940 -5.517700
v -2.452558 22.836517 -7.003414
v -2.358777 22.459724 -6.803266
v 0.102973 22.942019 -7.280542
v 0.071713 22.474796 -7.111186
v 2.025483 22.459724 -6.733984
v 2.166154 22.911875 -6.864850
v 3.299341 22.444653 -6.195124
v 3.471272 22.670729 -6.325990
v 5.096809 22.504940 -4.847974
v 5.292186 22.715942 -4.924954
v 6.300332 22.459724 -3.262186
v 6.495708 22.715942 -3.346864
v 7.136545 22.866661 -2.092090
v 6.870832 22.504940 -1.999714
v 7.402258 22.926947 -0.175288
v 7.128730 22.520012 -0.144496
v 6.870832 22.399437 2.041736
v 7.105285 22.715942 2.141810
v 6.229996 22.293936 3.450470
v 6.456633 22.565226 3.627524
v 4.987398 22.339151 4.959278
v 5.010843 22.610441 5.197916
v 3.252450 22.655657 6.398804
v 3.158669 22.399437 6.229448
v 1.431537 22.776230 6.953060
v 1.439352 22.429581 6.714422
v -0.014253 22.459724 6.783704
v -0.022068 22.957090 7.006946
v -1.733571 22.489868 6.575858
v -1.850797 22.896803 6.729818
v -2.968354 22.489868 6.260240
v -3.093395 22.761158 6.414200
v -4.742376 22.444653 5.013164
v -4.906493 22.881733 5.151728
v -6.055310 22.896803 3.781484
v -5.828673 22.550154 3.727598
v -6.969675 22.715942 2.103320
v -6.688332 22.474796 2.095622
v -7.321353 22.700872 -0.221476
v -7.102531 22.354223 -0.190684
v -6.938414 22.414509 -1.807264
v -7.172866 22.896803 -1.861150
v -6.149091 22.459724 -3.685576
v -6.399174 22.942019 -3.724066
v -4.570445 22.504940 -5.517700
v -4.695486 22.776230 -5.663962
v -4.023389 24.599905 -5.571586
v -3.601375 24.494404 -5.887204
v -4.695486 22.776230 -5.663962
v -2.452558 22.836517 -7.003414
v -2.116510 24.599905 -6.503044
v 0.102973 22.942019 -7.280542
v 0.040452 24.780766 -6.541534
v 2.048928 24.539619 -6.333688
v 0.087343 26.544155 -5.841016
v -0.045513 26.544155 -5.856412
v -0.616014 26.001574 -6.025768
v 2.166154 22.911875 -6.864850
v 3.197745 24.419044 -5.925694
v 3.471272 22.670729 -6.325990
v 4.049588 24.614977 -5.356042
v 5.292186 22.715942 -4.924954
v 5.065549 24.660192 -4.424584
v 5.596974 24.630049 -3.777952
v 4.987398 26.378366 -3.908818
v 6.417558 24.584835 -2.792608
v 6.495708 22.715942 -3.346864
v 7.136545 22.866661 -2.092090
v 6.753606 24.554691 -2.022808
v 7.402258 22.926947 -0.175288
v 6.941168 24.599905 -0.159892
v 6.870832 24.494404 1.395104
v 6.589489 25.474064 0.548324
v 6.214365 26.514011 -0.352342
v 4.815466 26.423582 -4.055080
v 7.105285 22.715942 2.141810
v 6.597304 24.464260 2.388146
v 6.456633 22.565226 3.627524
v 5.667310 24.569763 3.858464
v 5.010843 22.610441 5.197916
v 3.994883 24.554691 5.382668
v 3.252450 22.655657 6.398804
v 2.517833 24.449188 6.129374
v 1.431537 22.776230 6.953060
v 2.033298 24.645121 6.129374
v 0.017007 25.006842 6.237146
v 0.040452 26.694872 5.336480
v -1.561639 25.052057 6.144770
v -0.022068 22.957090 7.006946
v -1.850797 22.896803 6.729818
v -2.233736 24.569763 6.175562
v -3.093395 22.761158 6.414200
v -3.624820 24.464260 5.544326
v -4.906493 22.881733 5.151728
v -4.046834 24.675264 5.151728
v -6.055310 22.896803 3.781484
v -5.367583 24.916412 3.673712
v -4.617335 26.559227 3.250322
v -4.734561 26.529083 3.111758
v -5.836488 25.534351 2.842328
v -6.485139 24.509476 2.257280
v -6.969675 22.715942 2.103320
v -6.703962 24.584835 1.287332
v -7.321353 22.700872 -0.221476
v -6.743037 24.645121 -0.290758
v -5.922453 26.468796 -0.175288
v -5.906824 26.483868 -0.390832
v -6.719592 24.599905 -2.022808
v -7.172866 22.896803 -1.861150
v -6.453879 24.524548 -2.977360
v -6.399174 22.942019 -3.724066
v -5.156576 24.705408 -4.363000
v -4.695486 22.776230 -5.663962
v 4.995213 26.619514 3.542846
v -4.664226 26.333151 -3.808744
v -4.546999 26.318079 -3.939610
v -4.351623 25.865929 -4.386094
v -4.023389 24.599905 -5.571586
v -4.023389 24.599905 -5.571586
v -3.601375 24.494404 -5.887204
v -3.507594 24.614977 -5.109706
v -1.913318 24.630049 -5.679358
v -2.116510 24.599905 -6.503044
v -2.116510 24.599905 -6.503044
v -0.616014 26.001574 -6.025768
v -1.913318 24.630049 -5.679358
v -0.569124 26.001574 -5.679358
v -0.045513 26.544155 -5.856412
v -0.053329 26.483868 -5.394532
v -0.045513 26.544155 -5.856412
v -0.053329 26.483868 -5.394532
v 0.087343 26.544155 -5.841016
v 0.056083 26.468796 -5.379136
v 0.056083 26.468796 -5.379136
v 2.017668 24.524548 -5.956486
v 0.087343 26.544155 -5.841016
v 2.048928 24.539619 -6.333688
v 2.017668 24.524548 -5.956486
v 3.002368 24.479332 -5.725546
v 2.048928 24.539619 -6.333688
v 3.197745 24.419044 -5.925694
v 3.651019 24.614977 -4.994236
v 4.049588 24.614977 -5.356042
v 4.049588 24.614977 -5.356042
v 4.815466 26.423582 -4.055080
v 3.651019 24.614977 -4.994236
v 4.237150 26.438654 -3.654784
v 4.237150 26.438654 -3.654784
v 4.815466 26.423582 -4.055080
v 4.315301 26.453726 -3.547012
v 4.987398 26.378366 -3.908818
v 4.315301 26.453726 -3.547012
v 4.987398 26.378366 -3.908818
v 5.393782 25.398706 -3.062038
v 6.417558 24.584835 -2.792608
v 5.870502 24.645121 -2.623252
v 5.870502 24.645121 -2.623252
v 6.159660 24.599905 -1.899640
v 6.417558 24.584835 -2.792608
v 6.753606 24.554691 -2.022808
v 6.753606 24.554691 -2.022808
v 6.159660 24.599905 -1.899640
v 6.214365 26.514011 -0.352342
v 5.800166 26.514011 -0.306154
v 5.800166 26.514011 -0.306154
v 6.284701 25.549423 0.617606
v 6.214365 26.514011 -0.352342
v 6.589489 25.474064 0.548324
v 6.237811 24.584835 1.325822
v 6.870832 24.494404 1.395104
v 6.870832 24.494404 1.395104
v 6.597304 24.464260 2.388146
v 6.237811 24.584835 1.325822
v 5.815796 24.509476 2.172602
v 6.597304 24.464260 2.388146
v 4.995213 26.619514 3.542846
v 5.815796 24.509476 2.172602
v 4.698240 26.333151 3.050174
v 4.416897 26.619514 3.165644
v 4.416897 26.619514 3.165644
v 4.995213 26.619514 3.542846
v 4.440342 26.514011 3.365792
v 3.697910 24.599905 5.005466
v 3.994883 24.554691 5.382668
v 3.697910 24.599905 5.005466
v 3.994883 24.554691 5.382668
v 2.564723 24.569763 5.836850
v 2.517833 24.449188 6.129374
v 2.033298 24.599905 5.890736
v 2.517833 24.449188 6.129374
v 2.033298 24.599905 5.890736
v 2.033298 24.645121 6.129374
v 0.040452 26.694872 5.336480
v 0.040452 26.589371 4.936184
v 0.040452 26.589371 4.936184
v -1.514749 25.036985 5.721380
v 0.040452 26.694872 5.336480
v -1.561639 25.052057 6.144770
v -2.202476 24.599905 5.936924
v -2.233736 24.569763 6.175562
v -3.624820 24.464260 5.544326
v -3.632635 24.584835 4.990070
v -4.046834 24.675264 5.151728
v -4.617335 26.559227 3.250322
v -4.328177 26.544155 3.104060
v 0.009192 20.093468 -6.964924
v -0.006438 20.500402 -6.264406
v 1.462797 19.279596 -6.364480
v 1.251790 19.776962 -5.794828
v 2.306826 18.571226 -4.794088
v 2.619429 17.953285 -5.248270
v 3.229005 16.747551 -3.470032
v 3.432197 15.722674 -3.724066
v 3.432197 15.722674 -3.724066
v 5.112439 18.164289 -2.854192
v 3.229005 16.747551 -3.470032
v 4.627904 18.646584 -2.607856
v 5.878317 20.048252 -1.091350
v 6.448818 19.656387 -1.083652
v 6.175290 20.470261 -0.206080
v 6.761421 20.078396 -0.190684
v 6.761421 20.078396 -0.190684
v 6.315962 19.400169 1.102580
v 6.175290 20.470261 -0.206080
v 5.792351 19.837248 0.940922
v 4.518493 18.360222 2.272676
v 4.995213 17.787497 2.457428
v 3.236820 16.204969 3.080966
v 3.338416 15.436313 3.188738
v 3.338416 15.436313 3.188738
v 2.713210 18.073860 4.889996
v 3.236820 16.204969 3.080966
v 2.525648 18.435581 4.482002
v 1.165824 19.490599 6.137072
v 1.064228 19.927679 5.621306
v 0.024822 20.440117 5.983112
v -0.006438 20.003036 6.521972
v 2.189600 11.020304 2.318864
v 0.720364 11.065519 3.111758
v 2.158339 11.577957 2.226488
v 0.681289 11.638244 3.096362
v 0.720364 11.065519 3.111758
v -1.069289 11.080591 3.011684
v 0.681289 11.638244 3.096362
v -1.069289 11.623172 2.919308
v 0.767255 11.698530 3.589034
v -1.288111 11.668387 3.388886
v 0.735995 12.512403 3.627524
v -1.295926 12.557617 3.435074
v -1.069289 11.623172 2.919308
v -1.069289 11.080591 3.011684
v -2.374407 11.608100 1.895474
v -2.468188 11.020304 1.910870
v -2.968354 11.623172 0.309686
v -3.077765 11.050447 0.255800
v -2.874573 11.683459 -1.137538
v -2.968354 11.095663 -1.206820
v -2.202476 11.683459 -2.369218
v -2.225921 11.095663 -2.461594
v -1.288111 11.668387 3.388886
v -2.772976 11.668387 2.111018
v -1.295926 12.557617 3.435074
v -2.983984 12.512403 2.211092
v -3.718601 12.527474 0.386666
v -3.382553 11.668387 0.355874
v -3.257511 11.728674 -1.299196
v -3.585745 12.602833 -1.391572
v -2.491633 11.743746 -2.638648
v -2.687011 12.602833 -2.831098
v -3.531039 15.767890 -3.639388
v -5.312877 17.470991 -2.584762
v -3.273142 16.777693 -3.423844
v -4.734561 18.345150 -2.415406
v -6.328838 19.385098 -1.514740
v -5.625481 19.882463 -1.337686
v -6.086570 20.485332 -0.213778
v -6.805558 20.063324 -0.244570
v -6.805558 20.063324 -0.244570
v -6.406989 19.581030 0.810056
v -6.086570 20.485332 -0.213778
v -5.805227 20.063324 0.686888
v -4.765822 18.601370 2.180300
v -5.273802 17.591566 2.372750
v -3.273142 16.521475 3.096362
v -3.429443 15.511671 3.265718
v -3.429443 15.511671 3.265718
v -2.749531 17.697067 4.774526
v -3.273142 16.521475 3.096362
v -2.554154 18.360222 4.351136
v -1.170885 19.445385 6.214052
v -1.053659 19.882463 5.675192
v 0.024822 20.440117 5.983112
v -0.006438 20.003036 6.521972
v -4.328177 26.544155 3.104060
v -4.437588 26.544155 2.980892
v -4.617335 26.559227 3.250322
v -4.734561 26.529083 3.111758
v -4.437588 26.544155 2.980892
v -5.289432 25.609709 2.642180
v -4.734561 26.529083 3.111758
v -5.836488 25.534351 2.842328
v -6.235057 24.569763 2.187998
v -6.485139 24.509476 2.257280
v -6.235057 24.569763 2.187998
v -6.485139 24.509476 2.257280
v -6.336653 24.599905 1.279634
v -6.703962 24.584835 1.287332
v -6.703962 24.584835 1.287332
v -5.922453 26.468796 -0.175288
v -6.336653 24.599905 1.279634
v -5.422288 26.453726 -0.182986
v -5.922453 26.468796 -0.175288
v -5.906824 26.483868 -0.390832
v -5.422288 26.453726 -0.182986
v -5.414474 26.468796 -0.329248
v -5.414474 26.468796 -0.329248
v -5.906824 26.483868 -0.390832
v -6.242872 24.660192 -1.984318
v -6.719592 24.599905 -2.022808
v -6.719592 24.599905 -2.022808
v -6.453879 24.524548 -2.977360
v -6.242872 24.660192 -1.984318
v -5.758337 24.599905 -2.677138
v -6.453879 24.524548 -2.977360
v -4.664226 26.333151 -3.808744
v -5.758337 24.599905 -2.677138
v -4.367253 26.363295 -3.585502
v -4.367253 26.363295 -3.585502
v -4.664226 26.333151 -3.808744
v -4.289102 26.348223 -3.716368
v -4.546999 26.318079 -3.939610
v -4.289102 26.348223 -3.716368
v -4.546999 26.318079 -3.939610
v -4.140615 25.820713 -4.286020
v -4.351623 25.865929 -4.386094
v -3.507594 24.614977 -5.109706
v -4.023389 24.599905 -5.571586
v -2.405668 11.110734 -2.669440
v -1.803906 11.140878 -1.976620
v -3.320032 11.110734 -1.253008
v -2.452558 11.140878 -0.968182
v -3.546669 11.065519 0.502136
v -2.515079 11.110734 0.378968
v -2.515079 11.125806 0.740774
v -2.812052 11.065519 2.080226
v -1.858612 11.140878 1.749212
v -1.217775 11.110734 3.173342
v -0.584754 11.140878 2.426636
v 1.134564 11.125806 3.204134
v -0.412822 11.110734 2.326562
v 0.618768 11.171021 2.288072
v 1.626914 11.140878 1.818494
v 2.619429 11.110734 2.203394
v 2.361531 11.110734 0.756170
v 3.471272 11.080591 0.540626
v 2.463127 10.990161 -0.744940
v 3.408752 11.050447 -1.253008
v 2.564723 11.050447 -0.991276
v 2.424052 11.095663 -2.607856
v 1.947332 11.125806 -2.084392
v 0.564063 11.171021 -2.746420
v 0.610953 11.155950 -3.523918
v 0.392131 11.171021 -2.630950
v -0.709795 11.171021 -2.684836
v -1.030214 11.140878 -3.462334
v -1.803906 11.140878 -1.976620
v -2.405668 11.110734 -2.669440
v -2.405668 11.110734 -2.669440
v -2.577599 10.824372 -2.861890
v -3.320032 11.110734 -1.253008
v -3.601375 10.824372 -1.329988
v -3.546669 11.065519 0.502136
v -3.734231 10.854515 0.617606
v -2.812052 11.065519 2.080226
v -2.944908 10.809300 2.226488
v -1.217775 11.110734 3.173342
v -1.303741 10.824372 3.404282
v 1.064228 10.839444 3.504356
v 1.134564 11.125806 3.204134
v 2.619429 11.110734 2.203394
v 2.791361 10.839444 2.365052
v 3.705725 10.839444 0.656096
v 3.471272 11.080591 0.540626
v 3.580684 10.839444 -1.299196
v 3.408752 11.050447 -1.253008
v 2.424052 11.095663 -2.607856
v 2.541278 10.824372 -2.877286
v 0.610953 11.155950 -3.523918
v 0.673474 10.839444 -3.831838
v -1.030214 11.140878 -3.462334
v -1.163070 10.809300 -3.724066
v -2.405668 11.110734 -2.669440
v -2.577599 10.824372 -2.861890
v -2.577599 10.824372 -2.861890
v -2.601045 10.025572 -2.800306
v -3.601375 10.824372 -1.329988
v -3.609190 10.010500 -1.268404
v -3.695156 9.980357 0.517532
v -3.734231 10.854515 0.617606
v -2.921463 10.010500 2.218790
v -2.944908 10.809300 2.226488
v -1.303741 10.824372 3.404282
v -1.241221 10.025572 3.404282
v 0.962632 10.010500 3.542846
v 1.064228 10.839444 3.504356
v 0.962632 10.010500 3.542846
v 1.064228 10.839444 3.504356
v 2.713210 10.010500 2.380448
v 2.791361 10.839444 2.365052
v 3.705725 10.839444 0.656096
v 3.697910 10.025572 0.586814
v 3.705725 10.839444 0.656096
v 3.697910 10.025572 0.586814
v 3.580684 10.839444 -1.299196
v 3.557238 10.025572 -1.383874
v 2.541278 10.824372 -2.877286
v 2.416237 10.070787 -2.923474
v 0.673474 10.839444 -3.831838
v 0.595323 10.055716 -3.808744
v -1.163070 10.809300 -3.724066
v -1.194330 10.010500 -3.700972
v -2.577599 10.824372 -2.861890
v -2.601045 10.025572 -2.800306
v 0.962632 10.010500 3.542846
v 2.806991 9.995428 2.472824
v 2.713210 10.010500 2.380448
v 3.697910 10.025572 0.586814
v 3.815136 10.010500 0.602210
v 3.666650 10.010500 -1.399270
v 3.557238 10.025572 -1.383874
v 2.525648 10.010500 -3.008152
v 2.416237 10.070787 -2.923474
v 0.634398 9.995428 -3.985798
v 0.595323 10.055716 -3.808744
v -1.225591 9.980357 -3.862630
v -1.194330 10.010500 -3.700972
v -2.687011 10.010500 -2.892682
v -2.601045 10.025572 -2.800306
v 0.993892 9.995428 3.666014
v -1.272481 9.995428 3.527450
v -1.241221 10.025572 3.404282
v -2.921463 10.010500 2.218790
v -3.069949 10.010500 2.295770
v -3.695156 9.980357 0.517532
v -3.882718 9.980357 0.548324
v -3.609190 10.010500 -1.268404
v -3.749861 9.980357 -1.314592
v -2.601045 10.025572 -2.800306
v -2.687011 10.010500 -2.892682
v -3.109025 7.674387 -2.931172
v -2.569784 7.644243 -3.539314
v -3.148100 8.684191 -3.108226
v -2.468188 8.488258 -3.908818
v -2.687011 10.010500 -2.892682
v -1.225591 9.980357 -3.862630
v -1.374077 8.367685 -4.386094
v 0.001377 7.885390 -4.809484
v -1.592899 6.378221 -5.202082
v -0.022068 5.097126 -6.041164
v 1.603468 6.498794 -5.148196
v 1.173639 8.337542 -4.301416
v 2.580353 8.729405 -3.623992
v 0.009192 4.599760 -5.771734
v -0.022068 5.097126 -6.041164
v -1.827352 5.865783 -4.871068
v -1.592899 6.378221 -5.202082
v 0.634398 9.995428 -3.985798
v 2.525648 10.010500 -3.008152
v 3.729170 8.322470 -2.684836
v 3.666650 10.010500 -1.399270
v 4.260596 8.111466 -1.514740
v 4.682610 7.493526 -0.113704
v 5.073364 6.363149 -1.645606
v 5.870502 5.097126 -0.090610
v 5.159330 6.257647 1.302728
v 4.495048 7.930605 0.902432
v 3.947992 8.307398 2.326562
v 3.815136 10.010500 0.602210
v 2.806991 9.995428 2.472824
v 3.244635 8.684191 2.803838
v 2.502203 8.322470 3.696806
v 0.993892 9.995428 3.666014
v 1.103303 7.764817 4.312646
v -0.076774 7.508598 4.512794
v 1.314310 6.106930 5.105540
v -0.053329 5.051911 5.759870
v -1.592899 6.106930 5.036258
v -1.327187 8.292326 4.035518
v -2.413483 8.322470 3.519752
v -1.272481 9.995428 3.527450
v 1.916072 7.553813 4.227968
v -3.069949 10.010500 2.295770
v -3.953053 8.427972 2.241884
v -3.882718 9.980357 0.548324
v -4.375068 8.066251 1.010204
v -4.781452 7.553813 -0.152194
v -5.258172 6.137074 1.310426
v -5.906824 5.127269 -0.121402
v -5.156576 6.287790 -1.730284
v -4.296917 8.171753 -1.499344
v -3.718601 8.503330 -2.700232
v -3.749861 9.980357 -1.314592
v -2.687011 10.010500 -2.892682
v -3.148100 8.684191 -3.108226
v -3.109025 7.674387 -2.931172
v -3.429443 7.583957 -2.638648
v -5.156576 6.287790 -1.730284
v -4.890863 5.413632 -1.868848
v -5.906824 5.127269 -0.121402
v -5.664556 4.675118 -0.106006
v -3.109025 7.674387 -2.931172
v -4.648596 4.147609 -3.700972
v -2.569784 7.644243 -3.539314
v -3.452888 4.238039 -4.855672
v -1.827352 5.865783 -4.871068
v -1.991468 4.328469 -5.610076
v 0.009192 4.599760 -5.771734
v 0.001377 4.328469 -5.941090
v -1.874242 3.695458 -5.748640
v -0.068959 3.725601 -5.987278
v 1.712880 4.328469 -5.640868
v 1.775400 3.665314 -5.671660
v 3.182115 3.710530 -4.948048
v 3.252450 4.298326 -4.886464
v 4.604459 3.710530 -3.731764
v -3.531039 3.695458 -4.871068
v -4.711116 3.650243 -3.716368
v 1.783215 5.594492 -4.847974
v 2.556908 7.719602 -3.331468
v 4.588829 4.222968 -3.662482
v 3.408752 7.403096 -2.553970
v 4.752945 5.654779 -1.830358
v 5.456303 4.298326 -2.176768
v 5.612605 4.629903 -0.090610
v 5.847057 4.207896 -0.067516
v 5.886132 3.589956 -0.159892
v 5.518824 3.665314 1.918568
v 5.448488 4.298326 1.949360
v 4.885802 5.368417 1.518272
v 4.518493 4.328469 3.581336
v 3.588499 7.267451 2.272676
v 3.213375 7.674387 2.495918
v 3.354046 4.313397 4.659056
v 2.517833 7.463383 3.242624
v 2.080188 6.408364 3.958538
v 1.533133 5.413632 4.751432
v 1.853551 4.283254 5.405762
v -0.014253 4.614831 5.521232
v -0.029883 4.343541 5.713682
v -1.936763 4.268182 5.336480
v -1.725756 5.428703 4.705244
v -3.468518 4.313397 4.505096
v -2.491633 7.553813 3.227228
v -3.437258 7.749745 2.411240
v -4.586075 4.298326 3.442772
v -4.992459 5.458847 1.510574
v -5.500439 4.328469 1.841588
v -5.664556 4.675118 -0.106006
v -5.867748 4.313397 -0.067516
v -5.516069 4.238039 -2.122882
v -4.890863 5.413632 -1.868848
v -4.648596 4.147609 -3.700972
v -3.429443 7.583957 -2.638648
v -3.109025 7.674387 -2.931172
v 5.471933 3.665314 -2.284540
v -4.711116 3.650243 -3.716368
v -5.570775 3.695458 -2.061298
v -5.906824 3.785888 -0.005932
v -5.516069 3.785888 1.949360
v -4.679856 3.710530 3.396584
v -3.359107 3.650243 4.659056
v -1.866427 3.620099 5.475044
v 0.079528 3.680386 5.744474
v 1.931702 3.725601 5.405762
v 3.416567 3.695458 4.705244
v 4.604459 3.770816 3.527450
v 0.009192 4.599760 -5.771734
v -0.022068 5.097126 -6.041164
v 1.783215 5.594492 -4.847974
v 1.603468 6.498794 -5.148196
v 2.556908 7.719602 -3.331468
v 2.580353 8.729405 -3.623992
v 3.729170 8.322470 -2.684836
v 3.408752 7.403096 -2.553970
v 5.073364 6.363149 -1.645606
v 4.752945 5.654779 -1.830358
v 5.870502 5.097126 -0.090610
v 5.612605 4.629903 -0.090610
v -4.711116 3.650243 -3.716368
v -5.086240 3.559813 -3.985798
v -3.531039 3.695458 -4.871068
v -3.742046 3.620099 -5.255968
v -1.874242 3.695458 -5.748640
v -2.069619 3.620099 -6.141238
v -0.068959 3.725601 -5.987278
v 0.017007 3.620099 -6.487648
v 1.775400 3.665314 -5.671660
v 1.869181 3.620099 -6.125842
v 3.432197 3.635171 -5.279062
v 3.182115 3.710530 -4.948048
v 4.604459 3.710530 -3.731764
v 4.948323 3.589956 -4.047382
v 5.471933 3.665314 -2.284540
v 5.933022 3.544741 -2.392312
v 5.886132 3.589956 -0.159892
v 6.370667 3.484454 -0.144496
v 5.518824 3.665314 1.918568
v 5.948653 3.454311 2.103320
v 4.604459 3.770816 3.527450
v 4.956138 3.635171 3.835370
v 3.416567 3.695458 4.705244
v 3.619759 3.650243 5.082446
v 1.931702 3.725601 5.405762
v 2.025483 3.620099 5.852246
v 0.079528 3.680386 5.744474
v 0.040452 3.635171 6.183260
v -1.866427 3.620099 5.475044
v -2.046174 3.559813 5.875340
v -3.359107 3.650243 4.659056
v -3.726416 3.484454 4.997768
v -4.679856 3.710530 3.396584
v -5.062795 3.620099 3.689108
v -5.516069 3.785888 1.949360
v -5.961529 3.695458 2.041736
v -5.906824 3.785888 -0.005932
v -6.360098 3.650243 -0.005932
v -5.570775 3.695458 -2.061298
v -6.000605 3.605028 -2.222956
v -4.711116 3.650243 -3.716368
v -5.086240 3.559813 -3.985798
v -5.344138 2.941873 -4.070476
v -3.867088 3.017231 -5.463814
v -5.086240 3.559813 -3.985798
v -3.742046 3.620099 -5.255968
v -2.218106 3.002160 -6.349084
v -2.069619 3.620099 -6.141238
v -0.147110 3.002160 -6.710890
v 0.017007 3.620099 -6.487648
v 1.775400 2.956945 -6.410668
v 1.869181 3.620099 -6.125842
v 3.463457 2.987088 -5.556190
v 3.432197 3.635171 -5.279062
v 4.948323 3.589956 -4.047382
v 5.088994 2.941873 -4.278322
v 6.175290 2.881586 -2.523178
v 5.933022 3.544741 -2.392312
v 6.370667 3.484454 -0.144496
v 6.691085 2.821299 -0.021328
v 5.948653 3.454311 2.103320
v 6.214365 2.881586 2.280374
v 4.956138 3.635171 3.835370
v 5.174960 2.987088 4.027820
v 3.768245 2.987088 5.267198
v 3.619759 3.650243 5.082446
v 2.080188 2.972016 6.036998
v 2.025483 3.620099 5.852246
v 0.149864 2.972016 6.398804
v 0.040452 3.635171 6.183260
v -2.108695 2.911730 6.106280
v -2.046174 3.559813 5.875340
v -3.726416 3.484454 4.997768
v -3.890533 2.941873 5.136332
v -5.062795 3.620099 3.689108
v -5.172206 2.972016 3.920048
v -6.203796 3.047375 2.164904
v -5.961529 3.695458 2.041736
v -6.625811 3.002160 0.032558
v -6.360098 3.650243 -0.005932
v -6.297577 2.956945 -2.130580
v -6.000605 3.605028 -2.222956
v -5.086240 3.559813 -3.985798
v -5.344138 2.941873 -4.070476
v -5.344138 2.941873 -4.070476
v -5.906824 2.791156 -4.570846
v -3.867088 3.017231 -5.463814
v -4.242211 2.791156 -6.125842
v -2.218106 3.002160 -6.349084
v -2.288441 2.881586 -7.103488
v -0.147110 3.002160 -6.710890
v -0.022068 2.926801 -7.334428
v 1.775400 2.956945 -6.410668
v 1.978592 2.896658 -7.003414
v 3.463457 2.987088 -5.556190
v 3.846396 2.911730 -6.041164
v 5.088994 2.941873 -4.278322
v 5.542269 2.866514 -4.640128
v 6.175290 2.881586 -2.523178
v 6.769236 2.836371 -2.746420
v 6.691085 2.821299 -0.021328
v 7.339737 2.715797 0.071048
v 6.214365 2.881586 2.280374
v 6.816127 2.836371 2.611388
v 5.174960 2.987088 4.027820
v 5.682940 2.896658 4.520492
v 3.768245 2.987088 5.267198
v 4.096479 2.896658 5.836850
v 2.080188 2.972016 6.036998
v 2.228675 2.896658 6.714422
v 0.149864 2.972016 6.398804
v 0.024822 2.791156 7.053134
v -2.108695 2.911730 6.106280
v -2.436928 2.745941 6.737516
v -3.890533 2.941873 5.136332
v -4.382883 2.806228 5.675192
v -5.172206 2.972016 3.920048
v -5.813043 2.866514 4.297250
v -6.203796 3.047375 2.164904
v -6.946229 2.941873 2.264978
v -6.625811 3.002160 0.032558
v -7.360428 2.896658 -0.052120
v -6.297577 2.956945 -2.130580
v -6.985304 2.851443 -2.423104
v -5.344138 2.941873 -4.070476
v -5.906824 2.791156 -4.570846
v -6.422619 0.861978 -4.909558
v -4.445404 0.907193 -6.787870
v -5.906824 2.791156 -4.570846
v -4.242211 2.791156 -6.125842
v -2.327517 0.877050 -7.765516
v -2.288441 2.881586 -7.103488
v -0.022068 2.926801 -7.334428
v -0.006438 0.650975 -8.034946
v 1.978592 2.896658 -7.003414
v 2.267750 0.530401 -7.626952
v 3.846396 2.911730 -6.041164
v 4.112109 0.424899 -6.741682
v 5.542269 2.866514 -4.640128
v 5.987728 0.485186 -5.140498
v 7.394443 0.666046 -2.961964
v 6.769236 2.836371 -2.746420
v 7.988389 0.907193 0.109538
v 7.339737 2.715797 0.071048
v 6.816127 2.836371 2.611388
v 7.410073 0.816763 2.865422
v 5.682940 2.896658 4.520492
v 6.269071 0.892122 4.843808
v 4.479418 0.741405 6.444992
v 4.096479 2.896658 5.836850
v 2.314641 0.515329 7.384148
v 2.228675 2.896658 6.714422
v 0.063898 0.590688 7.722860
v 0.024822 2.791156 7.053134
v -2.436928 2.745941 6.737516
v -2.726086 0.846907 7.376450
v -4.382883 2.806228 5.675192
v -4.726747 0.831835 6.314126
v -5.813043 2.866514 4.297250
v -6.305393 0.801691 4.797620
v -7.594881 0.892122 2.449730
v -6.946229 2.941873 2.264978
v -8.009080 0.907193 -0.159892
v -7.360428 2.896658 -0.052120
v -6.985304 2.851443 -2.423104
v -7.633956 0.907193 -2.569366
v -5.906824 2.791156 -4.570846
v -6.422619 0.861978 -4.909558
v -6.422619 0.861978 -4.909558
v -6.117831 -0.012180 -4.647826
v -4.445404 0.907193 -6.787870
v -4.320362 0.017963 -6.410668
v -2.327517 0.877050 -7.765516
v -2.382222 0.017963 -7.365220
v -0.170555 0.002891 -7.711630
v -0.006438 0.650975 -8.034946
v 2.103633 0.002891 -7.419106
v 2.267750 0.530401 -7.626952
v 4.010513 0.017963 -6.610816
v 4.112109 0.424899 -6.741682
v 5.792351 0.017963 -5.071216
v 5.987728 0.485186 -5.140498
v 7.394443 0.666046 -2.961964
v 7.097470 -0.027252 -2.846494
v 7.621080 0.002891 -0.059818
v 7.988389 0.907193 0.109538
v 7.144360 0.017963 2.542106
v 7.410073 0.816763 2.865422
v 6.081509 0.002891 4.474304
v 6.269071 0.892122 4.843808
v 4.479418 0.741405 6.444992
v 4.401267 0.017963 6.106280
v 2.314641 0.515329 7.384148
v 2.275565 0.002891 7.153208
v 0.173309 0.017963 7.507316
v 0.063898 0.590688 7.722860
v -2.530709 0.002891 7.076228
v -2.726086 0.846907 7.376450
v -4.546999 -0.012180 6.006206
v -4.726747 0.831835 6.314126
v -6.305393 0.801691 4.797620
v -5.891193 -0.027252 4.528190
v -7.594881 0.892122 2.449730
v -7.211942 0.002891 2.372750
v -7.626141 0.002891 -0.059818
v -8.009080 0.907193 -0.159892
v -7.282278 0.002891 -2.400010
v -7.633956 0.907193 -2.569366
v -6.117831 -0.012180 -4.647826
v -6.422619 0.861978 -4.909558
v -5.664556 4.675118 -0.106006
v -4.992459 5.458847 1.510574
v -5.906824 5.127269 -0.121402
v -5.258172 6.137074 1.310426
v -3.437258 7.749745 2.411240
v -3.953053 8.427972 2.241884
v -2.413483 8.322470 3.519752
v -2.491633 7.553813 3.227228
v -1.592899 6.106930 5.036258
v -1.725756 5.428703 4.705244
v -0.014253 4.614831 5.521232
v -0.053329 5.051911 5.759870
v -1.725756 5.428703 4.705244
v -1.592899 6.106930 5.036258
v -0.014253 4.614831 5.521232
v 1.533133 5.413632 4.751432
v -0.053329 5.051911 5.759870
v 1.314310 6.106930 5.105540
v 2.080188 6.408364 3.958538
v 1.916072 7.553813 4.227968
v 2.517833 7.463383 3.242624
v 2.502203 8.322470 3.696806
v 3.244635 8.684191 2.803838
v 3.213375 7.674387 2.495918
v 3.947992 8.307398 2.326562
v 3.588499 7.267451 2.272676
v 5.159330 6.257647 1.302728
v 4.885802 5.368417 1.518272
v 5.870502 5.097126 -0.090610
v 5.612605 4.629903 -0.090610
v -4.523554 7.794960 -0.406228
v -5.265987 7.282523 -0.344644
v -4.593890 7.749745 0.240404
v -5.398843 7.161949 0.047954
v -5.633296 6.800228 -0.621772
v -5.656741 6.800228 0.271196
v -5.852118 6.378221 -0.498604
v -5.859933 6.408364 0.186518
v -5.914639 6.272718 0.055652
v -4.523554 7.794960 -0.406228
v -4.961199 6.724870 -1.283800
v -5.265987 7.282523 -0.344644
v -5.633296 6.800228 -0.621772
v -4.593890 7.749745 0.240404
v -5.398843 7.161949 0.047954
v -5.023719 6.694726 0.964016
v -5.656741 6.800228 0.271196
v -5.133131 6.423436 0.940922
v -5.859933 6.408364 0.186518
v -4.961199 6.724870 -1.283800
v -5.101870 6.498794 -1.191424
v -5.633296 6.800228 -0.621772
v -5.852118 6.378221 -0.498604
v -5.625481 5.669851 -0.175288
v -5.852118 6.378221 -0.498604
v -5.101870 6.498794 -1.191424
v -5.625481 5.669851 -0.175288
v -5.914639 6.272718 0.055652
v -5.133131 6.423436 0.940922
v -5.859933 6.408364 0.186518
v -5.914639 6.272718 0.055652
v -5.625481 5.669851 -0.175288
v -5.852118 6.378221 -0.498604
v 4.745131 16.385830 -0.413926
v 5.042104 17.365490 -1.229914
v 5.839242 16.883196 -0.252268
v 5.862687 17.184629 -0.498604
v 5.237481 17.772427 -1.299196
v 6.011174 17.606636 -0.590980
v 6.253441 17.576494 -0.044422
v 6.222181 17.802568 -0.321550
v 5.839242 16.883196 -0.252268
v 5.940838 16.928410 -0.005932
v 6.151845 17.365490 0.355874
v 6.245626 17.591566 0.171122
v 6.222181 17.802568 -0.321550
v 5.917393 19.098736 -0.082912
v 4.745131 16.385830 -0.413926
v 4.721685 16.385830 0.225008
v 5.839242 16.883196 -0.252268
v 5.940838 16.928410 -0.005932
v 4.721685 16.385830 0.225008
v 5.128069 17.606636 1.194956
v 5.940838 16.928410 -0.005932
v 6.151845 17.365490 0.355874
v 6.151845 17.365490 0.355874
v 5.128069 17.606636 1.194956
v 6.245626 17.591566 0.171122
v 5.917393 19.098736 -0.082912
v 5.917393 19.098736 -0.082912
v 5.237481 17.772427 -1.299196
v 6.222181 17.802568 -0.321550
v 6.011174 17.606636 -0.590980
v 0.313980 16.461187 -4.924954
v 0.118603 16.958553 -6.218218
v -0.272151 16.461187 -4.932652
v -0.139294 16.958553 -6.202822
v 0.313980 16.461187 -4.924954
v 1.283050 17.681995 -5.379136
v 0.118603 16.958553 -6.218218
v 0.329610 17.229845 -6.341386
v -0.272151 16.461187 -4.932652
v -0.139294 16.958553 -6.202822
v -1.295926 17.697067 -5.394532
v -0.537863 17.455919 -6.310594
v -0.350302 17.380562 -6.395272
v 0.118603 16.958553 -6.218218
v 0.329610 17.229845 -6.341386
v -0.139294 16.958553 -6.202822
v -0.350302 17.380562 -6.395272
v 0.165494 17.727211 -6.556930
v -0.162740 18.013573 -6.441460
v 0.220199 18.902803 -6.064258
v -0.154925 18.932947 -6.071956
v -0.537863 17.455919 -6.310594
v -1.295926 17.697067 -5.394532
v -0.154925 18.932947 -6.071956
v 0.329610 17.229845 -6.341386
v 1.283050 17.681995 -5.379136
v 0.165494 17.727211 -6.556930
v 0.220199 18.902803 -6.064258
v 4.393452 7.704530 -0.467812
v 4.885802 6.679655 -1.214518
v 5.425043 7.071519 -0.252268
v 5.604789 6.785156 -0.544792
v 5.010843 6.423436 -1.229914
v 5.761091 6.468651 -0.490906
v 4.393452 7.704530 -0.467812
v 4.401267 7.719602 0.186518
v 5.425043 7.071519 -0.252268
v 5.432858 7.041375 0.032558
v 5.761091 6.468651 -0.490906
v 5.737646 6.408364 0.255800
v 5.573529 6.664583 0.532928
v 5.604789 6.785156 -0.544792
v 5.526639 5.684922 -0.229174
v 5.761091 6.468651 -0.490906
v 5.010843 6.423436 -1.229914
v 4.401267 7.719602 0.186518
v 4.979583 6.513866 1.017902
v 5.432858 7.041375 0.032558
v 5.573529 6.664583 0.532928
v 5.761091 6.468651 -0.490906
v 5.737646 6.408364 0.255800
v 5.526639 5.684922 -0.229174
v 5.526639 5.684922 0.024860
v 5.526639 5.684922 0.024860
v 5.737646 6.408364 0.255800
v 4.979583 6.513866 1.017902
v 5.573529 6.664583 0.532928
v -0.334671 6.378221 5.613608
v -0.350302 6.815300 5.428856
v -1.108364 6.513866 4.805318
v -1.131810 6.724870 4.705244
v -0.287781 7.779889 4.274156
v -0.162740 7.011232 5.344178
v 0.157679 7.026304 5.321084
v 0.360871 6.815300 5.436554
v -0.350302 6.815300 5.428856
v -0.334671 6.378221 5.613608
v 0.431206 6.498794 5.582816
v 0.188939 6.257647 5.675192
v -0.170555 6.242575 5.682890
v 0.306165 7.810032 4.227968
v -1.108364 6.513866 4.805318
v -0.334671 6.378221 5.613608
v 0.009192 5.639707 5.374970
v -0.170555 6.242575 5.682890
v 0.306165 7.810032 4.227968
v 1.173639 6.619368 4.797620
v 0.157679 7.026304 5.321084
v 0.360871 6.815300 5.436554
v 0.431206 6.498794 5.582816
v 0.009192 5.639707 5.374970
v -0.170555 6.242575 5.682890
v 0.188939 6.257647 5.675192
v 0.009192 5.639707 5.374970
v 1.173639 6.619368 4.797620
v 0.188939 6.257647 5.675192
v 0.431206 6.498794 5.582816
v 0.274905 16.491331 4.489700
v 1.298680 17.727211 4.951580
v 0.149864 16.928410 5.867642
v 0.782885 17.531279 5.759870
v 0.235829 17.621708 6.267938
v -0.131479 16.928410 5.913830
v -0.389377 17.229845 6.067790
v -0.420637 17.470991 6.167864
v -0.194000 18.043716 6.221750
v 0.126418 17.998501 6.252542
v 0.235829 18.902803 5.682890
v -0.295596 18.902803 5.705984
v 0.274905 16.491331 4.489700
v -0.326856 16.491331 4.512794
v 0.149864 16.928410 5.867642
v -0.131479 16.928410 5.913830
v 1.298680 17.727211 4.951580
v 0.782885 17.531279 5.759870
v 0.235829 18.902803 5.682890
v 0.126418 17.998501 6.252542
v 0.235829 17.621708 6.267938
v -0.326856 16.491331 4.512794
v -1.077104 17.425777 4.936184
v -0.131479 16.928410 5.913830
v -0.389377 17.229845 6.067790
v -1.116179 17.877928 5.136332
v -0.420637 17.470991 6.167864
v -0.420637 17.470991 6.167864
v -0.194000 18.043716 6.221750
v -1.116179 17.877928 5.136332
v -0.295596 18.902803 5.705984
v -6.070940 18.857588 0.024860
v -6.078755 18.857588 -0.298456
v -6.422619 17.697067 0.078746
v -6.500770 17.606636 -0.321550
v -6.485139 17.561422 -0.098308
v -6.070940 18.857588 0.024860
v -5.226912 17.591566 1.164164
v -6.422619 17.697067 0.078746
v -6.125646 17.365490 0.509834
v -6.078755 18.857588 -0.298456
v -6.500770 17.606636 -0.321550
v -5.226912 17.591566 -1.391572
v -6.344468 17.275059 -0.590980
v -6.125646 17.365490 0.509834
v -5.226912 17.591566 1.164164
v -6.211612 17.094200 0.186518
v -4.804897 16.385830 0.186518
v -6.063125 16.837980 0.009464
v -6.125646 17.365490 0.509834
v -6.422619 17.697067 0.078746
v -6.211612 17.094200 0.186518
v -6.485139 17.561422 -0.098308
v -6.500770 17.606636 -0.321550
v -6.344468 17.275059 -0.590980
v -6.485139 17.561422 -0.098308
v -6.078755 16.853052 -0.313852
v -6.211612 17.094200 0.186518
v -6.063125 16.837980 0.009464
v -4.804897 16.385830 0.186518
v -6.063125 16.837980 0.009464
v -4.812712 16.370758 -0.421624
v -6.078755 16.853052 -0.313852
v -6.344468 17.275059 -0.590980
v -5.226912 17.591566 -1.391572
v -6.078755 16.853052 -0.313852
v -4.812712 16.370758 -0.421624
v -0.225260 6.333005 -6.033466
v 0.001377 5.699994 -5.756338
v -1.241221 6.589224 -5.071216
v -0.225260 6.333005 -6.033466
v 0.001377 5.699994 -5.756338
v 0.321795 6.468651 -6.002674
v 1.197084 6.634439 -5.071216
v 0.001377 5.699994 -5.756338
v 0.321795 6.468651 -6.002674
v -0.225260 6.333005 -6.033466
v -0.279966 6.950945 -5.748640
v -1.241221 6.589224 -5.071216
v -0.287781 7.840176 -4.609336
v -0.147110 7.101662 -5.663962
v 0.282720 7.840176 -4.640128
v 0.126418 7.116734 -5.671660
v 0.399946 6.890658 -5.787130
v 1.197084 6.634439 -5.071216
v 0.321795 6.468651 -6.002674
v 0.399946 6.890658 -5.787130
v 0.321795 6.468651 -6.002674
v -0.225260 6.333005 -6.033466
vn -0.0057 -0.9994 0.0345
vn 0.0039 -0.9998 0.0170
vn -0.0019 -1.0000 -0.0085
vn -0.3802 0.5138 -0.7690
vn -0.0245 0.4330 -0.9010
vn -0.0415 0.4132 -0.9097
vn -0.0022 -1.0000 -0.0038
vn -0.0000 -1.0000 -0.0000
vn 0.0039 -0.9998 -0.0170
vn -0.0076 0.4487 -0.8936
vn -0.0022 -1.0000 0.0038
vn 0.1089 0.6812 -0.7240
vn -0.0020 -1.0000 0.0085
vn -0.0020 -1.0000 -0.0085
vn 0.0044 -1.0000 -0.0000
vn -0.1971 0.7063 -0.6799
vn 0.0055 -1.0000 0.0068
vn 0.0054 -1.0000 0.0068
vn 0.0041 -0.9999 0.0125
vn 0.0020 -0.9997 0.0262
vn 0.6221 0.4873 -0.6128
vn 0.6463 0.5435 -0.5357
vn 0.6866 0.2231 -0.6919
vn 0.2069 0.7928 -0.5733
vn 0.8475 0.2823 0.4494
vn 0.7891 0.4987 0.3585
vn 0.8398 0.2949 0.4558
vn -0.2528 0.7793 -0.5734
vn 0.7643 0.5581 0.3232
vn 0.6914 0.6747 0.2583
vn 0.7832 0.6215 0.0151
vn 0.5812 0.6077 0.5412
vn 0.5261 0.7366 0.4251
vn -0.6182 0.5250 -0.5849
vn 0.4652 0.5867 0.6628
vn 0.5532 0.4013 0.7300
vn -0.6225 0.2739 -0.7331
vn 0.5363 0.4092 0.7382
vn 0.2586 0.4409 0.8595
vn 0.3333 0.4172 0.8455
vn 0.6849 -0.4681 -0.5583
vn 0.0603 0.4093 0.9104
vn 0.1393 -0.3527 -0.9253
vn -0.0170 0.4873 0.8730
vn 0.2972 0.5176 0.8024
vn 0.1921 0.6584 0.7277
vn -0.6629 -0.4797 -0.5749
vn 0.1496 0.6844 0.7136
vn -0.3097 -0.6518 -0.6922
vn -0.3097 -0.6520 -0.6921
vn 0.5227 0.7425 0.4189
vn 0.7265 0.6812 0.0903
vn 0.7404 0.6650 0.0978
vn -0.3097 -0.6519 -0.6922
vn 0.6274 0.6939 -0.3535
vn 0.7531 0.4053 -0.5182
vn 0.8660 0.3973 -0.3036
vn 0.8442 0.3973 -0.3599
vn 0.8748 0.3527 -0.3322
vn -0.3585 -0.9334 -0.0151
vn -0.3660 -0.9302 -0.0264
vn -0.3502 -0.9365 0.0189
vn -0.3453 -0.9380 0.0302
vn -0.8595 -0.5101 0.0340
vn -0.8508 -0.5250 0.0226
vn -0.8623 -0.5063 0.0113
vn -0.8814 -0.4720 0.0189
vn 0.6808 0.6907 0.2438
vn -0.8697 -0.4911 0.0490
vn -0.9140 -0.4053 -0.0189
vn -0.8651 -0.2061 0.4573
vn -0.8535 -0.2018 0.4804
vn -0.8719 -0.2146 0.4402
vn -0.8791 -0.2189 0.4234
vn -0.3298 -0.6683 0.6669
vn -0.3402 -0.6650 0.6648
vn -0.3350 -0.6617 0.6707
vn -0.3335 -0.6650 0.6682
vn -0.3074 -0.6875 0.6579
vn -0.6229 0.2571 -0.7388
vn -0.6209 0.2444 -0.7448
vn -0.6116 0.2948 -0.7341
vn -0.6282 0.2316 -0.7428
vn -0.6383 0.2697 0.7210
vn -0.6107 0.3650 0.7027
vn -0.6453 0.2316 0.7280
vn -0.9448 0.3115 0.1017
vn -0.9439 0.3115 0.1092
vn -0.9475 0.2990 0.1130
vn -0.9535 0.2990 0.0377
vn -0.9553 0.2949 0.0226
vn -0.7553 0.2529 0.6047
vn -0.7534 0.2739 0.5977
vn -0.7544 0.2571 0.6040
vn -0.7596 0.2316 0.6078
vn 0.7098 0.2486 -0.6591
vn 0.6576 0.5471 -0.5179
vn -0.7727 -0.5063 0.3829
vn -0.8417 -0.2990 0.4496
vn -0.8401 -0.2823 0.4632
vn 0.4136 0.5176 -0.7491
vn 0.6746 0.2907 -0.6786
vn -0.7767 -0.4949 0.3896
vn 0.6609 0.3239 -0.6769
vn -0.6642 -0.6875 0.2935
vn 0.4264 0.3892 -0.8165
vn -0.6692 -0.6779 0.3043
vn 0.1982 0.4252 -0.8831
vn 0.7322 0.3116 0.6057
vn 0.6972 0.2865 0.6572
vn 0.6839 0.2316 0.6919
vn 0.1650 0.4681 -0.8681
vn 0.7290 0.3198 0.6052
vn 0.1700 0.6747 -0.7182
vn 0.5784 0.7512 -0.3180
vn 0.7584 0.3281 0.5632
vn 0.7104 0.6970 0.0976
vn 0.5371 0.7848 -0.3094
vn 0.4745 0.8764 0.0824
vn 0.0038 -0.9523 0.3052
vn 0.0433 -0.9549 0.2938
vn 0.0583 -0.9562 0.2869
vn 0.4277 0.8806 -0.2042
vn 0.0019 -0.9509 0.3094
vn 0.1198 0.7738 -0.6220
vn -0.0697 0.2655 0.9616
vn 0.0207 0.5213 0.8531
vn 0.0245 0.5176 0.8553
vn -0.0528 0.2613 0.9638
vn 0.1374 -0.3157 0.9389
vn -0.0849 -0.2781 0.9568
vn -0.0264 -0.4331 0.9010
vn 0.0717 -0.4873 0.8703
vn 0.4789 -0.6078 0.6335
vn 0.6608 -0.6250 0.4157
vn 0.6830 -0.6747 0.2798
vn 0.7104 0.6907 0.1349
vn 0.6860 -0.6715 0.2800
vn 0.5061 0.7682 0.3920
vn 0.6775 -0.4720 0.5641
vn 0.6824 -0.4487 0.5770
vn 0.3159 0.8382 0.4445
vn -0.0263 0.8657 0.4999
vn 0.6775 -0.4797 0.5576
vn 0.0321 -0.4448 0.8950
vn 0.5573 0.6215 0.5506
vn 0.5761 0.6181 0.5348
vn 0.6217 0.4212 0.6604
vn 0.5290 0.6907 0.4931
vn 0.3339 0.9133 0.2332
vn 0.0838 0.9253 0.3698
vn 0.5362 0.6519 0.5362
vn -0.6673 -0.4873 0.5632
vn -0.6574 -0.4873 0.5747
vn 0.0095 0.6552 0.7554
vn 0.0094 0.8136 0.5813
vn -0.2016 0.7901 0.5789
vn 0.3154 0.9425 0.1108
vn 0.3085 0.9439 0.1176
vn 0.2768 0.9574 0.0817
vn -0.0170 0.4013 0.9158
vn 0.0038 0.4448 0.8956
vn -0.0151 0.3852 0.9227
vn -0.0227 0.3973 0.9174
vn -0.0113 0.4252 0.9050
vn -0.0094 0.4013 0.9159
vn 0.1899 0.8382 -0.5112
vn -0.2062 0.8212 -0.5321
vn -0.2342 0.8764 -0.4208
vn -0.1702 0.6552 0.7361
vn -0.3919 0.8590 -0.3294
vn -0.5097 0.7766 -0.3704
vn -0.3085 0.7425 -0.5946
vn -0.3174 0.7216 -0.6152
vn -0.3133 0.7032 -0.6382
vn -0.6064 0.4949 0.6224
vn -0.1071 0.5213 -0.8466
vn -0.6329 0.4643 0.6196
vn 0.1594 0.4835 -0.8607
vn -0.6732 0.2571 0.6933
vn -0.2260 0.3771 -0.8982
vn -0.3211 0.5761 -0.7517
vn -0.3324 0.3486 -0.8764
vn -0.6715 0.2697 0.6902
vn -0.3512 0.3609 -0.8640
vn 0.6297 -0.3771 0.6791
vn 0.6383 -0.3486 0.6863
vn 0.6298 -0.3771 0.6791
vn -0.4706 0.3933 -0.7899
vn -0.5947 0.5213 -0.6120
vn -0.7035 0.5362 -0.4664
vn 0.6227 -0.3892 0.6788
vn -0.5642 0.6617 -0.4937
vn 0.9593 -0.2823 -0.0000
vn 0.9627 -0.2697 -0.0226
vn 0.9605 -0.2781 -0.0075
vn 0.9581 -0.2865 -0.0000
vn 0.4191 0.7063 0.5705
vn 0.2625 0.7928 0.5501
vn 0.4318 0.6970 0.5725
vn 0.5030 0.6418 0.5788
vn 0.6524 -0.4053 -0.6404
vn 0.8871 0.4565 0.0678
vn 0.8865 0.4487 0.1129
vn 0.7517 0.6585 0.0377
vn 0.7756 0.6284 0.0603
vn 0.8785 0.4643 0.1128
vn 0.8858 0.4565 0.0829
vn -0.5632 0.7125 -0.4185
vn 0.5306 0.8476 -0.0000
vn -0.7951 0.5867 -0.1536
vn 0.5267 0.8499 -0.0150
vn -0.7661 0.6250 -0.1500
vn -0.8753 0.4835 -0.0113
vn 0.5559 0.5176 -0.6505
vn 0.6811 0.2018 -0.7038
vn 0.6288 0.3073 -0.7142
vn -0.8618 0.5063 0.0302
vn -0.6647 0.6812 0.3069
vn -0.8044 0.5025 0.3169
vn -0.6855 0.4681 0.5577
vn 0.5616 0.5176 -0.6455
vn -0.7082 0.4133 0.5724
vn 0.4545 0.7065 -0.5424
vn -0.8662 0.4409 0.2351
vn 0.5179 0.6486 -0.5579
vn -0.8875 0.4526 0.0866
vn 0.7195 0.1502 -0.6780
vn 0.7257 0.1112 -0.6790
vn 0.7112 0.2444 -0.6592
vn 0.7211 -0.0590 -0.6904
vn -0.3553 0.2823 -0.8911
vn -0.6930 0.2907 -0.6597
vn -0.6939 0.2739 -0.6660
vn -0.5934 0.2103 -0.7770
vn -0.4748 0.5175 0.7118
vn -0.3448 0.5101 0.7880
vn -0.6054 0.4526 0.6547
vn -0.5159 0.6650 0.5400
vn -0.2247 -0.1674 -0.9599
vn 0.0585 0.3771 -0.9243
vn 0.0509 0.3771 -0.9248
vn -0.3817 0.8453 0.3738
vn -0.1205 -0.0371 -0.9920
vn -0.2563 0.6780 0.6890
vn -0.0358 0.4835 0.8746
vn -0.0189 -0.4013 -0.9158
vn -0.0546 0.7540 0.6545
vn -0.0264 -0.4133 -0.9102
vn -0.0472 -0.3771 -0.9250
vn -0.6517 -0.6452 -0.3988
vn -0.6425 -0.6078 -0.4668
vn -0.5465 -0.5617 -0.6212
vn -0.6634 -0.6585 -0.3554
vn -0.6612 -0.6747 -0.3280
vn -0.4136 0.8111 0.4136
vn -0.4058 0.8286 0.3858
vn -0.4171 0.8136 0.4050
vn -0.4208 0.8085 0.4114
vn 0.6669 -0.6585 -0.3487
vn 0.6638 -0.6618 -0.3484
vn 0.6609 -0.6683 -0.3415
vn 0.6634 -0.6585 -0.3553
vn -0.0114 -0.9318 -0.3628
vn -0.0113 -0.9318 -0.3627
vn -0.6883 0.5617 -0.4591
vn -0.8122 0.4873 -0.3206
vn -0.7637 0.3363 -0.5511
vn 0.6754 0.2739 -0.6847
vn 0.6769 0.2697 -0.6849
vn 0.6852 0.2274 -0.6919
vn -0.8339 0.3933 -0.3872
vn 0.6723 0.2823 -0.6843
vn 0.6495 0.2697 0.7109
vn 0.6520 0.2781 0.7054
vn 0.6511 0.2655 0.7111
vn 0.6473 0.3032 0.6993
vn 0.3915 -0.6584 0.6428
vn 0.3832 -0.6650 0.6410
vn 0.3628 -0.6812 0.6359
vn 0.4033 -0.6485 0.6456
vn 0.4110 -0.9115 0.0151
vn 0.4030 -0.9151 -0.0151
vn 0.3986 -0.9168 -0.0226
vn -0.1680 -0.9840 -0.0594
vn -0.1526 -0.9790 -0.1353
vn -0.1395 -0.9807 -0.1368
vn 0.4149 -0.9097 0.0151
vn -0.0433 -0.9790 -0.1993
vn -0.0170 -0.9824 -0.1860
vn 0.9868 -0.1588 0.0302
vn 0.9769 0.2103 0.0377
vn 0.9737 0.2231 0.0453
vn -0.0132 -0.9790 -0.2035
vn 0.0559 -0.9799 -0.1916
vn 0.0632 -0.9807 -0.1848
vn 0.1233 -0.9816 -0.1460
vn 0.1171 -0.9832 -0.1399
vn 0.1387 -0.9877 -0.0728
vn 0.1241 -0.9896 -0.0724
vn 0.9680 -0.2061 -0.1430
vn 0.1724 -0.9840 0.0449
vn 0.1793 -0.9824 0.0523
vn 0.9088 -0.4172 0.0075
vn 0.1113 -0.9824 0.1500
vn 0.1105 -0.9807 0.1611
vn 0.8765 -0.4093 -0.2534
vn 0.0525 -0.9772 0.2059
vn 0.0321 -0.9790 0.2014
vn 0.0487 -0.9807 0.1892
vn 0.6753 -0.4681 -0.5699
vn -0.0598 -0.9762 0.2083
vn -0.0722 -0.9781 0.1953
vn -0.1251 -0.9781 0.1664
vn 0.8799 -0.3527 -0.3185
vn -0.1173 -0.9877 0.1039
vn -0.1189 -0.9890 0.0882
vn 0.7515 -0.3731 -0.5441
vn 0.8464 -0.3650 -0.3878
vn -0.1609 -0.9870 0.0037
vn -0.1695 -0.9855 -0.0038
vn -0.1913 -0.9790 -0.0705
vn -0.1526 -0.9790 -0.1352
vn 0.5677 -0.3852 -0.7275
vn 0.4988 -0.5138 -0.6980
vn 0.4230 -0.6318 -0.6496
vn -0.7037 0.1372 -0.6971
vn -0.7257 0.1458 -0.6724
vn -0.5309 0.1502 -0.8340
vn -0.5309 0.1501 -0.8340
vn 0.3979 -0.6585 -0.6388
vn -0.9102 -0.3731 -0.1801
vn -0.6136 -0.4835 0.6243
vn -0.6055 -0.4987 0.6202
vn -0.6579 -0.3852 0.6472
vn -0.5883 -0.5250 0.6150
vn -0.1012 -0.9902 -0.0958
vn -0.0955 -0.9908 -0.0955
vn -0.0348 -0.9969 -0.0704
vn -0.5575 -0.4835 -0.6748
vn -0.0280 -0.9972 -0.0688
vn 0.0151 -0.9958 -0.0904
vn 0.0225 -0.9958 -0.0888
vn 0.0436 -0.9962 -0.0756
vn 0.0501 -0.9958 -0.0767
vn 0.1072 -0.9925 -0.0583
vn 0.1121 -0.9920 -0.0582
vn 0.0948 -0.9954 0.0152
vn 0.0867 -0.9958 0.0298
vn 0.0313 -0.9966 0.0768
vn 0.0299 -0.9962 0.0820
vn 0.0094 -0.9920 0.1260
vn -0.0151 -0.9958 0.0904
vn -0.0245 -0.9954 0.0928
vn -0.1232 -0.9890 0.0820
vn -0.1272 -0.9890 0.0756
vn -0.1134 -0.9936 -0.0000
vn -0.1090 -0.9940 -0.0000
vn -0.1012 -0.9936 -0.0511
vn -0.1041 -0.9931 -0.0549
vn -0.6876 0.1372 -0.7130
vn -0.6838 0.1416 -0.7158
vn -0.6838 0.1415 -0.7158
vn -0.6265 0.4487 0.6372
vn -0.7038 0.2274 0.6731
vn -0.6970 0.2401 0.6757
vn -0.6346 0.4448 0.6320
vn 0.0113 0.1242 -0.9922
vn -0.5368 0.6385 0.5515
vn -0.5792 0.6043 0.5472
vn -0.4959 0.6683 -0.5545
vn -0.4819 0.6780 -0.5551
vn -0.5063 0.6617 -0.5529
vn 0.5417 0.1459 -0.8278
vn 0.7342 0.1242 -0.6675
vn 0.5434 0.1372 -0.8282
vn -0.8893 0.4565 -0.0264
vn -0.9272 0.3731 -0.0339
vn -0.8929 0.4487 -0.0377
vn 0.7372 0.1025 -0.6678
vn -0.8575 0.5138 -0.0264
vn 0.9504 0.2231 -0.2169
vn 0.9526 0.2274 -0.2022
vn 0.9631 0.1372 0.2317
vn 0.9659 0.1285 0.2246
vn -0.8481 0.5287 -0.0339
vn 0.8762 0.1285 0.4645
vn 0.8770 0.1242 0.4642
vn -0.7408 0.6715 -0.0188
vn -0.6760 0.7366 -0.0226
vn -0.5814 0.8136 0.0038
vn -0.5742 0.8187 -0.0038
vn -0.5865 0.0197 -0.8097
vn -0.6693 -0.2739 -0.6907
vn -0.5586 -0.0677 -0.8267
vn -0.6555 -0.3032 -0.6916
vn 0.7375 -0.0981 0.6682
vn 0.7488 -0.4053 0.5244
vn 0.7767 -0.3363 0.5326
vn 0.6557 -0.0546 0.7530
vn 0.4201 -0.1588 0.8935
vn 0.4133 -0.2274 0.8818
vn 0.0377 -0.0240 -0.9990
vn 0.0302 -0.0284 -0.9991
vn 0.0302 -0.0372 -0.9989
vn 0.0302 -0.0415 -0.9987
vn 0.5414 -0.2189 0.8118
vn 0.6448 -0.2655 0.7168
vn 0.8106 -0.1889 0.5544
vn 0.8024 -0.2655 0.5344
vn -0.3694 0.8406 -0.3961
vn -0.3448 0.8358 -0.4272
vn -0.1141 0.8187 -0.5628
vn 0.8440 -0.0807 0.5302
vn -0.1270 0.8212 -0.5564
vn 0.1539 0.8476 -0.5078
vn 0.1754 0.8476 -0.5007
vn 0.4562 0.8007 -0.3883
vn 0.4374 0.8033 -0.4041
vn 0.4641 0.8826 -0.0750
vn 0.4632 0.8847 -0.0526
vn 0.4404 0.8867 0.1407
vn 0.4448 0.8867 0.1263
vn 0.8397 -0.0109 0.5429
vn 0.3324 0.8826 0.3324
vn 0.3471 0.8764 0.3338
vn 0.1195 0.8406 0.5283
vn 0.0992 0.8429 0.5288
vn -0.1564 0.9004 0.4059
vn -0.1455 0.9042 0.4016
vn 0.7359 -0.1112 0.6679
vn -0.3951 0.8657 0.3075
vn -0.3883 0.8678 0.3100
vn 0.7037 -0.1502 0.6944
vn -0.5697 0.8136 0.1160
vn -0.5784 0.8085 0.1086
vn 0.5590 -0.3322 0.7597
vn -0.5295 0.8382 -0.1305
vn -0.5221 0.8310 -0.1918
vn -0.3695 0.8406 -0.3960
vn -0.3448 0.8358 -0.4271
vn 0.5567 -0.3609 0.7482
vn -0.5523 -0.4013 0.7307
vn -0.5516 -0.2697 0.7893
vn -0.5540 -0.2949 0.7785
vn -0.5500 -0.4291 0.7165
vn -0.8154 -0.1285 0.5644
vn -0.9020 -0.0284 0.4308
vn -0.9051 -0.0328 0.4239
vn -0.6153 -0.3973 -0.6808
vn -0.6693 -0.4251 -0.6093
vn -0.2224 -0.3933 -0.8921
vn -0.2910 -0.4212 -0.8590
vn -0.0038 -0.4133 -0.9106
vn -0.1838 -0.4604 -0.8685
vn -0.7828 -0.1631 0.6005
vn 0.0038 -0.4330 -0.9014
vn -0.5607 -0.1932 0.8052
vn 0.1800 -0.4565 -0.8713
vn -0.5258 -0.1847 0.8303
vn 0.2823 -0.4172 -0.8639
vn 0.2479 -0.4053 -0.8800
vn 0.6402 -0.3973 -0.6575
vn 0.7043 -0.3932 -0.5910
vn 0.8623 -0.4252 -0.2750
vn 0.9062 -0.4212 -0.0377
vn 0.8822 -0.4409 -0.1652
vn -0.6806 -0.0633 0.7300
vn 0.9013 -0.4330 -0.0151
vn -0.7385 -0.1112 0.6651
vn 0.8753 -0.4643 0.1354
vn -0.7840 -0.3486 0.5136
vn 0.8681 -0.4133 0.2749
vn 0.8695 -0.3892 0.3040
vn 0.6472 -0.3852 0.6578
vn 0.5696 -0.3812 0.7282
vn 0.2641 -0.4330 0.8618
vn 0.0284 -0.4290 0.9029
vn 0.1615 -0.4526 0.8770
vn -0.7653 -0.3933 0.5095
vn 0.0339 -0.4330 0.9007
vn -0.8739 -0.3932 -0.2859
vn -0.7245 -0.4172 -0.5487
vn -0.7310 -0.4093 -0.5460
vn -0.1036 -0.4643 0.8796
vn -0.8743 -0.3972 -0.2789
vn -0.2607 -0.4172 0.8706
vn -0.2875 -0.4053 0.8678
vn -0.6868 -0.4291 0.5867
vn -0.7394 -0.3932 0.5465
vn -0.9194 -0.3932 -0.0038
vn -0.9092 -0.3771 0.1763
vn -0.9175 -0.3973 0.0189
vn -0.8916 -0.4526 0.0151
vn -0.8283 -0.5398 0.1503
vn -0.8616 -0.4093 0.3002
vn -0.9005 -0.4093 0.1466
vn -0.8568 -0.3973 0.3288
vn -0.9068 -0.4212 0.0189
vn -0.7065 -0.4950 0.5058
vn -0.9004 -0.4212 -0.1092
vn -0.7091 -0.4912 0.5059
vn -0.8008 -0.5867 -0.1203
vn -0.5413 -0.4053 0.7367
vn -0.6694 -0.4251 -0.6092
vn -0.8791 -0.3812 -0.2860
vn -0.6154 -0.3973 -0.6808
vn -0.5347 -0.3892 0.7501
vn -0.3093 -0.3812 0.8712
vn -0.2878 -0.3812 0.8786
vn -0.0283 -0.3568 0.9338
vn 0.0076 -0.3609 0.9326
vn 0.2768 -0.4053 0.8713
vn 0.2857 -0.4132 0.8647
vn 0.5421 -0.3973 0.7404
vn 0.9152 -0.3486 -0.2022
vn 0.5198 -0.4053 0.7520
vn 0.7326 -0.3933 0.5556
vn 0.7092 -0.3933 0.5852
vn 0.8536 -0.4013 0.3321
vn 0.2170 -0.3486 0.9118
vn 0.8672 -0.4053 0.2893
vn 0.9256 -0.3772 0.0302
vn 0.9244 -0.3812 -0.0151
vn 0.8598 -0.4053 -0.3107
vn 0.8534 -0.4133 -0.3177
vn 0.6980 -0.3771 -0.6087
vn 0.7175 -0.3772 -0.5856
vn 0.5005 -0.3731 -0.7812
vn 0.5909 -0.0546 -0.8049
vn 0.5736 -0.1025 -0.8127
vn 0.7098 -0.2486 -0.6591
vn 0.7084 -0.2528 -0.6590
vn 0.4956 -0.3812 -0.7804
vn 0.8929 -0.4093 -0.1875
vn 0.8690 -0.4448 -0.2169
vn 0.2606 -0.4172 -0.8706
vn 0.8982 -0.3690 0.2390
vn 0.9029 -0.3239 0.2827
vn 0.6660 -0.1975 0.7193
vn 0.6454 -0.1889 0.7401
vn 0.2334 -0.4251 -0.8745
vn 0.4879 -0.0677 0.8703
vn 0.5042 -0.0240 0.8632
vn -0.0000 -0.4370 -0.8995
vn -0.0340 -0.4330 -0.9007
vn -0.2627 -0.3973 -0.8793
vn -0.2932 -0.3892 -0.8732
vn -0.9602 0.2655 -0.0867
vn -0.9566 0.2823 -0.0716
vn -0.8634 0.4949 -0.0978
vn -0.5347 -0.3892 -0.7501
vn -0.8549 0.5138 -0.0716
vn -0.5092 -0.4013 -0.7613
vn -0.6867 0.6485 -0.3283
vn -0.6685 0.6552 -0.3518
vn -0.5677 0.7125 -0.4124
vn -0.5621 0.7094 -0.4252
vn -0.7310 -0.4093 -0.5461
vn -0.7244 -0.4172 -0.5488
vn -0.9010 0.3201 -0.2928
vn -0.7580 0.3115 -0.5731
vn -0.7618 0.3073 -0.5702
vn -0.9010 0.3198 -0.2932
vn -0.6425 -0.3731 -0.6693
vn -0.4588 -0.6518 -0.6039
vn -0.4047 -0.4013 -0.8217
vn -0.9489 0.3157 -0.0000
vn -0.3090 -0.4252 -0.8507
vn -0.2370 -0.4448 -0.8637
vn -0.0359 -0.6907 -0.7223
vn -0.0019 -0.4949 -0.8689
vn 0.1611 -0.6747 -0.7203
vn 0.2206 -0.4604 -0.8599
vn 0.3904 -0.6485 -0.6535
vn 0.4331 -0.4093 -0.8031
vn 0.5670 -0.5937 -0.5710
vn 0.6363 -0.3852 -0.6684
vn -0.9515 0.3073 0.0151
vn 0.7970 -0.4330 -0.4209
vn 0.6729 -0.6485 -0.3558
vn -0.8968 0.3073 0.3183
vn 0.6673 -0.7247 -0.1720
vn 0.8660 -0.4720 -0.1653
vn 0.8854 -0.4643 -0.0227
vn 0.8794 -0.4758 -0.0151
vn -0.8966 0.3115 0.3147
vn 0.8550 -0.5026 0.1279
vn 0.8507 -0.4911 0.1872
vn 0.8202 -0.4212 0.3872
vn 0.7606 -0.4835 0.4333
vn -0.7502 0.3198 0.5787
vn 0.7564 -0.4448 0.4796
vn 0.8497 -0.3568 0.3882
vn -0.7456 0.3198 0.5846
vn -0.5462 0.3404 0.7653
vn -0.5536 0.3445 0.7582
vn -0.2642 0.3445 0.9008
vn 0.5733 -0.6043 -0.5533
vn -0.2735 0.3322 0.9027
vn 0.0227 0.2949 0.9553
vn 0.0018 0.2907 0.9568
vn 0.2842 0.2739 0.9188
vn 0.6874 -0.6249 -0.3700
vn 0.6943 -0.6970 -0.1795
vn 0.6688 -0.7425 -0.0378
vn 0.2589 0.2823 0.9237
vn 0.8641 -0.5025 -0.0302
vn 0.4970 0.3032 0.8130
vn 0.8529 -0.4643 -0.2386
vn 0.7780 -0.4604 -0.4274
vn 0.6320 -0.4873 -0.6026
vn 0.4806 0.3115 0.8198
vn 0.7274 0.3115 0.6115
vn 0.7354 0.3157 0.5996
vn 0.8862 0.3074 0.3466
vn 0.4038 -0.9133 -0.0528
vn 0.4336 -0.8966 0.0901
vn 0.6725 -0.7277 0.1350
vn 0.3860 -0.8966 0.2171
vn 0.5958 -0.7247 0.3462
vn 0.4600 -0.7187 0.5214
vn 0.7433 -0.5101 0.4328
vn 0.8848 0.3115 0.3465
vn 0.5577 -0.5063 0.6578
vn 0.9475 0.3198 -0.0000
vn 0.3585 -0.5324 0.7668
vn 0.3165 -0.6650 0.6765
vn 0.1428 -0.5761 0.8048
vn 0.9418 0.3363 -0.0000
vn 0.8806 0.2990 -0.3677
vn 0.8819 0.2865 -0.3744
vn 0.7170 0.2739 -0.6410
vn 0.8338 -0.5138 0.2019
vn 0.7134 0.2697 -0.6467
vn 0.5257 0.2823 -0.8025
vn 0.5336 0.2781 -0.7987
vn 0.3183 0.2781 -0.9063
vn 0.3550 -0.7654 0.5368
vn 0.3022 0.2823 -0.9105
vn 0.3242 -0.6249 0.7102
vn 0.4168 -0.3812 0.8252
vn 0.0490 0.2865 -0.9568
vn 0.2279 -0.4013 0.8871
vn 0.2079 -0.3972 0.8939
vn 0.0151 -0.3363 0.9416
vn 0.0151 -0.3074 0.9515
vn 0.0340 0.2990 -0.9536
vn -0.1168 -0.6112 0.7828
vn -0.1837 -0.4132 0.8919
vn -0.3390 -0.6418 0.6878
vn -0.4501 -0.3973 0.7997
vn -0.5524 -0.6008 0.5778
vn -0.6683 -0.3527 0.6550
vn -0.2481 0.3115 -0.9173
vn -0.8010 -0.3731 0.4683
vn -0.5977 -0.6715 0.4380
vn -0.2808 0.3032 -0.9106
vn -0.8738 -0.3933 0.2859
vn -0.9062 -0.3893 0.1653
vn -0.7319 -0.6812 0.0189
vn -0.8835 -0.4681 -0.0189
vn -0.6981 -0.7001 -0.1499
vn -0.8668 -0.4526 -0.2094
vn -0.6721 -0.6078 -0.4230
vn -0.7973 -0.3771 -0.4712
vn -0.4588 -0.6519 -0.6038
vn -0.6426 -0.3731 -0.6693
vn -0.5437 0.3198 -0.7760
vn -0.5187 0.3322 -0.7878
vn -0.7579 0.3115 -0.5731
vn -0.7618 0.3074 -0.5703
vn 0.4505 -0.3690 0.8130
vn -0.1282 0.9902 -0.0546
vn -0.1562 0.9824 -0.1024
vn -0.1684 0.9781 -0.1224
vn -0.1204 0.9914 -0.0509
vn -0.1298 0.9914 -0.0149
vn -0.1342 0.9908 -0.0149
vn -0.4571 -0.6780 -0.5757
vn -0.6392 -0.6715 -0.3748
vn -0.6995 -0.5653 -0.4373
vn -0.1356 0.9896 0.0476
vn -0.7869 -0.5832 -0.2017
vn -0.6846 -0.7125 -0.1538
vn -0.8018 -0.5973 0.0189
vn -0.6790 -0.7336 0.0264
vn -0.6715 -0.7032 0.2337
vn -0.1299 0.9896 0.0614
vn -0.5522 -0.8111 0.1929
vn -0.5662 -0.7186 0.4039
vn -0.0944 0.9890 0.1141
vn -0.0847 0.9832 0.1617
vn -0.0933 0.9816 0.1668
vn -0.0738 0.9733 0.2173
vn -0.0685 0.9713 0.2279
vn -0.0375 0.9647 0.2607
vn -0.0262 0.9681 0.2494
vn 0.0277 0.9925 0.1188
vn 0.0366 0.9945 0.0981
vn -0.5213 -0.5508 -0.6519
vn 0.0621 0.9920 0.1101
vn 0.0685 0.9920 0.1062
vn 0.1099 0.9914 0.0707
vn 0.1041 0.9925 0.0637
vn -0.7600 -0.5973 0.2561
vn 0.0913 0.9958 -0.0074
vn -0.6728 -0.5832 0.4552
vn -0.5070 -0.6650 0.5484
vn -0.5394 -0.5761 0.6141
vn 0.0948 0.9954 -0.0148
vn -0.3642 -0.5063 0.7817
vn -0.3239 -0.6452 0.6919
vn -0.1783 -0.4720 0.8634
vn -0.1260 -0.6485 0.7507
vn -0.0303 -0.5250 0.8506
vn 0.1566 0.9877 -0.0000
vn 0.0151 -0.6875 0.7260
vn 0.1565 0.9877 0.0075
vn 0.0302 -0.8358 0.5481
vn 0.0905 0.9958 -0.0147
vn 0.1033 -0.8430 0.5279
vn 0.1315 -0.7094 0.6924
vn 0.1150 0.9908 -0.0707
vn 0.1197 0.9902 -0.0713
vn 0.0744 0.9925 -0.0967
vn 0.0682 0.9930 -0.0960
vn 0.0310 0.9950 -0.0955
vn 0.0310 0.9950 -0.0954
vn 0.0056 0.9925 -0.1219
vn -0.0018 0.9920 -0.1263
vn -0.0651 0.9883 -0.1377
vn -0.0826 0.9848 -0.1530
vn -0.1653 0.9599 -0.2263
vn -0.1653 0.9587 -0.2314
vn -0.8833 0.3771 -0.2786
vn -0.7385 0.3771 -0.5589
vn -0.7545 0.3852 -0.5313
vn -0.8755 0.3609 -0.3213
vn -0.5212 -0.5508 -0.6519
vn -0.2562 -0.5725 -0.7789
vn -0.2352 -0.7155 -0.6578
vn -0.0057 -0.4911 -0.8711
vn -0.0510 -0.6650 -0.7451
vn 0.1685 -0.6585 -0.7335
vn -0.9245 0.3812 0.0075
vn 0.3677 -0.6452 -0.6697
vn -0.9261 0.3771 0.0113
vn -0.8712 0.3771 0.3144
vn -0.8678 0.3731 0.3283
vn -0.7401 0.3486 0.5751
vn -0.4587 -0.6519 -0.6038
vn -0.1652 -0.8635 -0.4766
vn -0.7234 0.3445 0.5983
vn -0.5521 0.3527 0.7555
vn -0.5399 0.3527 0.7643
vn -0.2984 0.3404 0.8917
vn 0.2460 -0.4565 -0.8550
vn 0.4569 -0.4604 -0.7611
vn -0.2968 0.3486 0.8890
vn -0.0019 0.3115 0.9502
vn 0.0302 0.3074 0.9511
vn 0.2932 0.2865 0.9121
vn 0.5246 0.3281 0.7856
vn 0.5183 0.3404 0.7845
vn 0.7125 0.4053 0.5727
vn -0.4755 0.6585 -0.5834
vn -0.4861 0.6519 -0.5820
vn -0.2468 0.5796 -0.7766
vn 0.7126 0.4053 0.5727
vn -0.2897 0.5725 -0.7671
vn -0.0038 0.6650 -0.7468
vn 0.0113 0.6812 -0.7321
vn 0.1944 0.7847 -0.5885
vn 0.1980 0.7901 -0.5801
vn 0.3311 0.7454 -0.5786
vn 0.3447 0.7366 -0.5819
vn 0.5145 0.6938 -0.5038
vn 0.5115 0.6875 -0.5155
vn 0.6858 0.6351 -0.3554
vn 0.7092 0.6043 -0.3631
vn 0.9110 0.3363 -0.2389
vn 0.9133 0.2865 -0.2896
vn 0.8326 0.4681 0.2959
vn 0.8684 0.4949 -0.0302
vn 0.8644 0.5025 -0.0151
vn 0.8331 0.4759 0.2818
vn 0.8259 0.5176 0.2236
vn 0.8252 0.4720 0.3102
vn 0.8993 0.4370 0.0151
vn 0.7397 0.4987 0.4517
vn 0.7266 0.5063 0.4645
vn 0.5808 0.5796 0.5715
vn 0.5584 0.5868 0.5864
vn 0.9030 0.4291 -0.0226
vn 0.3896 0.6043 0.6950
vn 0.3431 0.5973 0.7249
vn 0.1143 0.6780 0.7261
vn 0.1292 0.6780 0.7237
vn -0.0245 0.6181 0.7857
vn -0.0207 0.6215 0.7831
vn 0.8673 0.3771 -0.3250
vn -0.1724 0.5025 0.8472
vn -0.1797 0.4949 0.8502
vn -0.3586 0.5100 0.7818
vn -0.3632 0.5175 0.7747
vn -0.5430 0.5761 0.6110
vn -0.5252 0.5832 0.6197
vn 0.8699 0.3771 -0.3179
vn -0.6939 0.5435 0.4724
vn -0.7077 0.5361 0.4601
vn -0.8291 0.4987 0.2527
vn -0.8300 0.4835 0.2780
vn 0.7079 0.3771 -0.5973
vn -0.7823 0.6215 0.0414
vn -0.7766 0.6283 0.0452
vn -0.7125 0.6907 -0.1237
vn -0.6944 0.6970 -0.1789
vn -0.6758 0.6043 -0.4221
vn -0.6776 0.5973 -0.4289
vn -0.4862 0.6519 -0.5820
vn -0.4756 0.6585 -0.5833
vn 0.6930 0.3771 -0.6144
vn 0.5052 0.3649 -0.7820
vn 0.5303 0.3649 -0.7652
vn 0.3253 0.3486 -0.8790
vn -0.5286 -0.5902 -0.6101
vn -0.2658 -0.5063 -0.8204
vn -0.5337 -0.5761 -0.6191
vn -0.2620 -0.4949 -0.8285
vn 0.0396 -0.3445 -0.9379
vn 0.0226 -0.3363 -0.9415
vn 0.2786 0.3445 -0.8965
vn 0.2608 -0.3486 -0.9003
vn 0.2680 -0.3731 -0.8883
vn 0.3275 -0.6283 -0.7056
vn 0.3484 -0.6617 -0.6639
vn 0.5301 -0.6419 -0.5541
vn 0.5528 -0.6452 -0.5274
vn 0.6704 -0.6318 -0.3892
vn 0.6778 -0.6317 -0.3761
vn 0.0302 0.3486 -0.9368
vn 0.7617 -0.6181 -0.1943
vn 0.7645 -0.6147 -0.1944
vn 0.8194 -0.5725 -0.0302
vn 0.8221 -0.5689 -0.0227
vn -0.0226 0.3486 -0.9370
vn 0.7741 -0.6112 0.1650
vn 0.7686 -0.6181 0.1649
vn 0.6099 -0.7125 0.3470
vn 0.6061 -0.7125 0.3536
vn 0.5395 -0.5938 0.5969
vn 0.4984 -0.6008 0.6250
vn -0.2929 0.3690 -0.8820
vn 0.3177 -0.6008 0.7336
vn 0.3213 -0.5973 0.7349
vn 0.1055 -0.5398 0.8352
vn 0.1317 -0.5508 0.8242
vn -0.3072 0.3690 -0.8772
vn -0.0585 -0.4251 0.9032
vn -0.0641 -0.4132 0.9084
vn -0.1672 -0.3973 0.9023
vn -0.1707 -0.4053 0.8981
vn -0.3027 -0.5544 0.7752
vn -0.3236 -0.5617 0.7615
vn -0.6067 -0.4487 0.6561
vn -0.6198 -0.4330 0.6545
vn -0.5465 0.3812 -0.7457
vn -0.6926 -0.5361 0.4826
vn -0.6814 -0.5508 0.4820
vn -0.6455 -0.7306 0.2225
vn -0.6431 -0.7247 0.2475
vn -0.8508 -0.5250 0.0227
vn -0.8545 -0.5176 0.0453
vn -0.5453 0.3771 -0.7486
vn -0.8601 -0.4488 -0.2425
vn -0.8601 -0.4448 -0.2497
vn -0.7595 -0.4212 -0.4958
vn -0.7687 -0.4370 -0.4671
vn -0.5338 -0.5761 -0.6191
vn -0.5287 -0.5903 -0.6100
vn -0.7385 0.3771 -0.5590
vn -0.7545 0.3852 -0.5314
vn -0.1751 0.9807 -0.0867
vn -0.1579 0.9799 -0.1222
vn -0.1554 0.9807 -0.1184
vn -0.1813 0.9799 -0.0837
vn -0.6207 0.2990 -0.7248
vn -0.4865 0.2486 -0.8376
vn -0.6236 0.2528 -0.7397
vn -0.2625 0.9647 -0.0225
vn -0.2986 0.2822 -0.9117
vn -0.1874 0.3363 -0.9229
vn 0.0415 0.3445 -0.9379
vn 0.0415 0.3690 -0.9285
vn 0.2316 0.3363 -0.9128
vn -0.2624 0.9647 -0.0225
vn 0.1261 0.3650 -0.9225
vn -0.1907 0.9781 0.0835
vn 0.0585 0.3650 -0.9292
vn -0.1828 0.9790 0.0904
vn -0.0584 0.3609 -0.9308
vn -0.1291 0.9772 0.1688
vn -0.1351 0.9762 0.1695
vn -0.1779 0.9509 0.2532
vn 0.2934 0.2991 -0.9080
vn 0.4361 0.2781 -0.8559
vn 0.4946 0.2444 -0.8340
vn 0.6003 0.2444 -0.7615
vn 0.6892 0.2316 -0.6866
vn 0.7022 0.2401 -0.6702
vn 0.7574 0.2231 -0.6137
vn 0.6998 0.2317 -0.6757
vn -0.0780 0.9832 0.1650
vn 0.8224 0.2103 -0.5286
vn 0.8111 0.2061 -0.5474
vn -0.0603 0.9870 0.1492
vn 0.9324 0.2061 -0.2970
vn 0.9400 0.2571 -0.2242
vn 0.9718 0.2359 -0.0076
vn 0.9527 0.3032 -0.0227
vn 0.9569 0.2486 0.1504
vn -0.0148 0.9940 0.1080
vn 0.9380 0.3445 0.0377
vn -0.0074 0.9940 0.1088
vn 0.9358 0.3486 -0.0528
vn 0.0502 0.9799 0.1932
vn 0.0501 0.9790 0.1977
vn 0.0854 0.9896 0.1156
vn 0.0914 0.9890 0.1164
vn 0.6647 0.2401 -0.7074
vn 0.2256 0.9647 0.1360
vn 0.2418 0.9587 0.1497
vn 0.3855 0.9151 0.1185
vn 0.3812 0.9168 0.1187
vn 0.2380 0.9713 -0.0000
vn 0.2251 0.9743 -0.0075
vn 0.2192 0.9743 -0.0519
vn 0.2196 0.9733 -0.0666
vn 0.9347 0.2060 0.2898
vn 0.2183 0.9635 -0.1549
vn 0.8775 0.2613 0.4022
vn 0.8110 0.2231 0.5408
vn 0.7405 0.2906 0.6060
vn 0.6397 0.2316 0.7329
vn 0.5662 0.2739 0.7774
vn 0.4244 0.2571 0.8682
vn 0.2788 0.3157 0.9070
vn 0.1632 0.3281 0.9304
vn 0.1280 0.3852 0.9139
vn 0.0396 0.4172 0.9079
vn 0.0490 0.4720 0.8802
vn 0.2182 0.9635 -0.1548
vn -0.0923 0.3527 0.9312
vn -0.0169 0.3281 0.9445
vn 0.1009 0.9824 -0.1572
vn -0.2040 0.2655 0.9423
vn -0.2553 0.2823 0.9247
vn -0.4108 0.2655 0.8722
vn -0.5147 0.2781 0.8110
vn -0.6523 0.3115 0.6910
vn -0.6390 0.3239 0.6976
vn -0.7815 0.2781 0.5585
vn 0.0880 0.9832 -0.1599
vn -0.6965 0.3486 0.6271
vn -0.6830 0.4604 0.5671
vn 0.0459 0.9902 -0.1316
vn -0.6833 0.4643 0.5635
vn 0.0419 0.9920 -0.1192
vn -0.7060 0.3157 0.6340
vn 0.0187 0.9772 -0.2116
vn -0.8765 0.2359 0.4196
vn 0.0112 0.9762 -0.2164
vn -0.9335 0.2061 0.2934
vn -0.9530 0.2781 0.1204
vn -0.9650 0.2613 0.0226
vn -0.0621 0.9840 -0.1670
vn -0.9388 0.3445 -0.0000
vn -0.9121 0.4093 -0.0226
vn -0.0622 0.9848 -0.1624
vn -0.9095 0.4132 -0.0453
vn -0.1131 0.9855 -0.1264
vn -0.9520 0.2782 -0.1279
vn -0.9574 0.2316 -0.1726
vn -0.8354 0.2571 -0.4859
vn -0.8035 0.2274 -0.5502
vn -0.6871 0.3527 -0.6352
vn -0.6237 0.2528 -0.7397
vn 0.6787 -0.1372 -0.7215
vn 0.7354 -0.3486 -0.5810
vn 0.7181 -0.3852 -0.5796
vn 0.7160 0.3281 0.6162
vn 0.6145 -0.1112 -0.7810
vn 0.4518 -0.2528 -0.8555
vn 0.4912 -0.2697 -0.8282
vn 0.7738 -0.1932 -0.6033
vn 0.7432 -0.2018 -0.6379
vn 0.7897 -0.0633 -0.6102
vn 0.7104 -0.1068 -0.6957
vn 0.5806 -0.3115 -0.7522
vn 0.5843 -0.3527 -0.7309
vn 0.8034 0.0633 0.5921
vn 0.9423 0.0764 0.3260
vn 0.8887 0.3156 0.3324
vn 0.7618 0.2697 0.5889
vn 0.5598 0.1112 0.8212
vn -0.6688 0.4132 -0.6181
vn 0.5242 0.2990 0.7974
vn -0.6372 0.4132 -0.6505
vn 0.3243 0.0546 0.9444
vn -0.6217 0.4172 -0.6629
vn 0.2895 0.2949 0.9106
vn -0.6208 0.2990 -0.7247
vn 0.0283 0.0459 0.9985
vn -0.0151 0.3239 0.9460
vn -0.3187 0.1458 0.9366
vn -0.3268 0.3281 0.8863
vn 0.1231 0.9772 -0.1732
vn -0.0000 0.9877 -0.1567
vn 0.0037 0.9908 -0.1350
vn -0.5660 0.0895 0.8195
vn -0.0766 0.9950 -0.0648
vn -0.0823 0.9962 -0.0291
vn -0.5649 0.2613 0.7827
vn -0.7885 0.0764 0.6102
vn -0.7627 0.2444 0.5989
vn -0.9263 0.0938 0.3648
vn -0.6980 0.7032 0.1350
vn -0.7019 0.7001 0.1312
vn -0.7042 0.7032 0.0978
vn -0.9012 0.2823 0.3289
vn -0.7030 0.7063 0.0828
vn -0.7011 0.7094 0.0716
vn -0.7046 0.7063 0.0678
vn -0.9968 0.0764 0.0226
vn -0.9581 0.2865 -0.0000
vn -0.9450 0.0720 -0.3190
vn -0.8986 0.2823 -0.3360
vn -0.0881 0.9902 0.1080
vn 0.0623 0.9855 0.1577
vn -0.0610 0.9908 0.1205
vn 0.0934 0.9816 0.1667
vn -0.7718 0.2739 -0.5738
vn -0.8010 0.1242 -0.5857
vn 0.9262 0.0807 -0.3684
vn 0.8959 0.2948 -0.3324
vn 0.9977 0.0633 -0.0227
vn 0.7544 0.2781 -0.5946
vn 0.7165 0.6780 0.1644
vn 0.7226 0.6844 0.0977
vn 0.7181 0.6780 0.1570
vn 0.7235 0.6844 0.0902
vn 0.7672 0.0981 -0.6339
vn 0.5456 0.2443 -0.8017
vn -0.7113 0.4251 -0.5597
vn -0.6674 0.4251 -0.6114
vn -0.8221 0.4604 -0.3349
vn 0.0351 0.9986 0.0390
vn 0.1008 0.9824 -0.1572
vn 0.0519 0.9986 0.0073
vn 0.0606 0.9832 -0.1721
vn -0.0891 0.9848 -0.1493
vn -0.1215 0.9832 -0.1361
vn -0.8368 0.4331 0.3349
vn -0.5138 0.6318 -0.5804
vn -0.5000 0.6284 -0.5959
vn -0.4510 0.6215 -0.6406
vn -0.4420 0.6181 -0.6501
vn -0.6493 0.4291 0.6279
vn -0.4885 0.4448 0.7507
vn -0.0166 0.9976 -0.0679
vn 0.0107 0.9992 -0.0378
vn 0.1318 0.9877 0.0847
vn 0.1531 0.9832 0.0992
vn -0.3208 0.4720 0.8212
vn -0.0132 0.5544 0.8321
vn 0.3942 0.6875 0.6098
vn 0.3769 0.6812 0.6277
vn 0.3942 0.6875 0.6099
vn 0.3183 0.6317 0.7068
vn 0.2874 0.6043 0.7431
vn 0.2815 0.5101 0.8128
vn 0.2943 0.4604 0.8375
vn 0.0948 0.9954 0.0148
vn 0.0904 0.9958 0.0147
vn 0.0860 0.9962 0.0147
vn 0.5188 0.4643 0.7179
vn 0.6533 0.4565 0.6039
vn 0.7725 0.4448 0.4532
vn -0.1053 0.6284 -0.7708
vn -0.0978 0.6284 -0.7718
vn -0.0903 0.6284 -0.7727
vn 0.8193 0.4911 0.2960
vn 0.8689 0.4950 -0.0000
vn 0.9616 0.2739 0.0151
vn 0.0771 0.7125 0.6974
vn 0.3045 0.6318 0.7129
vn 0.1108 0.7094 0.6960
vn 0.2731 0.6284 0.7284
vn 0.0546 0.6452 0.7621
vn 0.0057 0.6585 0.7526
vn 0.8112 0.4720 -0.3452
vn 0.1297 0.9890 0.0713
vn 0.0856 0.9925 0.0869
vn 0.0630 0.9936 0.0942
vn 0.0149 0.9940 0.1080
vn 0.7183 0.4527 -0.5284
vn 0.5991 0.4487 -0.6631
vn 0.2379 0.5903 -0.7714
vn 0.2701 0.5938 -0.7579
vn 0.4183 0.6250 -0.6591
vn 0.3311 0.4682 -0.8192
vn 0.4497 0.6250 -0.6382
vn 0.4018 0.6617 -0.6330
vn 0.2932 0.2865 -0.9121
vn 0.0057 0.5138 -0.8579
vn 0.0150 0.3073 -0.9515
vn -0.5980 0.1025 -0.7949
vn -0.3036 0.8499 0.4306
vn -0.3215 0.7766 0.5418
vn -0.3505 0.7216 0.5970
vn -0.5710 0.2613 -0.7782
vn -0.4894 0.6970 0.5241
vn -0.5092 0.6939 0.5092
vn -0.2899 0.1458 -0.9459
vn -0.3149 0.2990 -0.9008
vn 0.5427 0.0328 -0.8393
vn 0.0488 0.9925 0.1118
vn 0.1112 0.9237 0.3667
vn 0.0582 0.9877 0.1454
vn 0.1059 0.9151 0.3891
vn 0.0785 0.9186 0.3874
vn 0.3224 0.0764 -0.9435
vn 0.0114 0.0764 -0.9970
vn 0.3553 0.9220 -0.1538
vn 0.5980 0.7901 -0.1346
vn 0.5547 0.8212 -0.1343
vn 0.7360 0.6585 -0.1572
vn -0.3526 0.4291 -0.8316
vn -0.6086 0.4251 -0.6699
vn -0.7381 0.6552 -0.1610
vn -0.6728 0.7306 -0.1163
vn -0.7352 0.6584 -0.1609
vn -0.6428 0.7598 -0.0976
vn -0.3576 0.9334 0.0300
vn -0.3660 0.9302 0.0263
vn -0.0243 0.9790 0.2025
vn 0.2155 0.9023 0.3733
vn 0.3510 0.8237 0.4454
vn -0.8850 0.3731 -0.2784
vn -0.9194 0.3932 -0.0000
vn -0.9194 0.3650 0.1466
vn 0.3476 0.7125 0.6095
vn 0.3410 0.7125 0.6133
vn -0.8989 0.3650 -0.2424
vn -0.8263 0.3771 0.4183
vn -0.9144 0.3609 0.1836
vn -0.8961 0.4251 0.1278
vn -0.7215 -0.1373 -0.6787
vn -0.7511 -0.4212 -0.5084
vn -0.7789 -0.3650 -0.5100
vn -0.6149 -0.0851 -0.7840
vn 0.5704 0.7155 -0.4032
vn 0.5704 0.7156 -0.4033
vn 0.7172 0.6351 -0.2869
vn 0.6807 0.6584 -0.3212
vn -0.4774 -0.1932 -0.8572
vn 0.8449 0.5213 -0.1203
vn 0.8791 0.4680 -0.0903
vn 0.9523 0.2655 -0.1502
vn 0.9574 0.2317 -0.1726
vn -0.7245 0.1631 -0.6697
vn -0.6580 -0.1846 -0.7300
vn -0.6703 0.1242 -0.7317
vn 0.1204 0.2613 -0.9577
vn 0.0960 0.2823 -0.9545
vn 0.1073 0.4912 -0.8644
vn 0.1259 0.5435 -0.8299
vn 0.4286 0.6385 -0.6393
vn 0.4375 0.6419 -0.6298
vn 0.4861 0.7125 -0.5061
vn 0.4872 0.7155 -0.5006
vn -0.8926 0.4252 -0.1501
vn -0.9070 0.4212 -0.0038
vn 0.4561 0.7094 0.5373
vn 0.4525 0.7125 0.5363
vn 0.3256 0.6249 0.7095
vn 0.3502 0.6552 0.6694
vn 0.1779 0.4330 0.8836
vn 0.1429 0.3852 0.9117
vn 0.1747 0.1889 0.9663
vn 0.1893 0.1674 0.9675
vn -0.6838 0.3852 0.6197
vn -0.4766 0.3404 0.8105
vn -0.3022 0.3322 0.8935
vn 0.9810 0.1459 0.1279
vn 0.9794 0.1674 0.1129
vn 0.8800 0.4720 0.0528
vn 0.1614 0.3690 0.9153
vn 0.0904 0.4487 0.8891
vn 0.2149 0.4409 0.8714
vn 0.8500 0.5176 0.0978
vn 0.6660 0.6284 0.4019
vn 0.6455 0.6418 0.4140
vn 0.4181 0.3811 0.8246
vn 0.4904 0.6780 0.5476
vn 0.4789 0.6682 0.5694
vn 0.9223 0.3852 -0.0302
vn 0.8849 0.3650 -0.2895
vn 0.9105 0.3852 0.1503
vn 0.9243 0.3567 0.1353
vn 0.8912 0.4330 -0.1352
vn 0.8051 0.3731 -0.4612
vn 0.9035 0.3609 -0.2313
vn -0.0189 0.3932 0.9192
vn 0.2077 0.3649 0.9076
vn 0.4721 0.1675 0.8655
vn 0.4837 0.1459 0.8630
vn 0.4993 0.0851 0.8623
vn 0.5088 0.0633 0.8586
vn -0.2714 0.3445 0.8987
vn -0.1522 0.4409 0.8846
vn -0.0603 0.0284 0.9978
vn -0.0698 0.0546 0.9961
vn -0.0886 0.1329 0.9872
vn -0.1017 0.1588 0.9821
vn -0.0171 0.4526 0.8915
vn -0.0999 -0.0502 0.9937
vn -0.0998 -0.0546 0.9935
vn -0.0923 -0.0590 0.9940
vn 0.6529 0.4487 0.6102
vn 0.6389 0.3812 0.6682
vn 0.8312 0.4053 0.3806
vn -0.6127 0.1242 0.7805
vn -0.7937 0.1415 0.5916
vn -0.6131 0.1199 0.7809
vn -0.8071 0.1416 0.5732
vn -0.9738 0.1674 0.1540
vn -0.9770 0.1675 0.1317
vn -0.9448 0.1932 -0.2646
vn -0.9410 0.1803 -0.2863
vn -0.7038 0.1372 -0.6970
vn 0.9008 0.4212 0.1054
vn -0.6530 -0.0502 0.7557
vn -0.6339 -0.0981 0.7672
vn -0.7636 -0.2486 0.5959
vn 0.8956 0.4448 -0.0075
vn -0.7655 -0.2571 0.5898
vn -0.9268 -0.3568 0.1168
vn -0.9199 -0.3731 0.1205
vn -0.8883 -0.3649 -0.2787
vn -0.8897 -0.3528 -0.2899
vn -0.6693 -0.2739 -0.6906
vn -0.6556 -0.3032 -0.6916
vn 0.5796 0.3852 -0.7181
vn 0.4362 0.4052 -0.8034
vn -0.2806 0.2739 -0.9199
vn -0.2680 0.3363 -0.9028
vn -0.2788 0.2865 -0.9166
vn 0.2929 0.3812 -0.8769
vn -0.2497 0.3690 -0.8953
vn -0.2804 0.6043 -0.7458
vn -0.2867 0.6519 -0.7021
vn 0.2169 0.3364 -0.9164
vn -0.3988 0.7336 -0.5502
vn -0.4065 0.7306 -0.5486
vn 0.0226 0.3852 -0.9226
vn -0.2785 0.3812 -0.8815
vn -0.1800 0.3973 -0.8999
vn -0.6368 0.1889 -0.7475
vn -0.2480 0.3527 -0.9023
vn -0.7510 -0.0938 -0.6536
vn -0.8260 -0.1155 -0.5517
vn -0.4517 0.7336 0.5077
vn -0.4019 0.6283 0.6662
vn -0.4589 0.7306 0.5055
vn -0.7334 -0.1112 -0.6706
vn -0.4098 0.6650 0.6244
vn -0.6101 -0.3772 -0.6968
vn -0.3496 0.3691 0.8611
vn -0.2825 0.3074 0.9087
vn -0.2299 0.2146 0.9492
vn -0.2391 0.1976 0.9507
vn -0.6107 -0.4013 -0.6827
vn 0.1909 0.4251 -0.8848
vn -0.0057 0.4053 -0.9142
vn -0.9677 0.1803 0.1764
vn -0.9660 0.2018 0.1616
vn -0.8740 0.4212 0.2423
vn -0.6767 0.6250 0.3892
vn -0.6463 0.6551 0.3913
vn -0.4829 0.7063 0.5176
vn -0.4727 0.6970 0.5392
vn -0.6372 0.4132 -0.6506
vn -0.6703 0.1242 -0.7316
vn 0.0129 0.9972 -0.0731
vn -0.0203 0.9954 -0.0938
vn -0.0543 0.9914 -0.1189
vn -0.0869 0.9870 -0.1355
vn -0.2163 0.9743 -0.0628
vn -0.1238 0.9855 -0.1159
vn -0.1186 0.9855 -0.1212
vn -0.2118 0.9753 -0.0629
vn -0.3346 0.5832 -0.7402
vn -0.3567 0.5973 -0.7183
vn -0.3347 0.5832 -0.7402
vn -0.0607 0.9981 0.0074
vn -0.3514 0.6112 -0.7092
vn -0.3406 0.6215 -0.7055
vn -0.0557 0.9984 0.0108
vn -0.0287 0.9995 0.0105
vn -0.0255 0.9995 0.0168
vn -0.0384 0.9920 0.1204
vn -0.2217 0.9733 0.0594
vn -0.0627 0.9945 0.0838
vn -0.1761 0.9824 0.0623
vn -0.0275 0.9954 0.0919
vn -0.0474 0.9914 0.1218
vn 0.0201 0.9972 0.0714
vn 0.0202 0.9976 0.0669
vn 0.0405 0.9981 0.0458
vn -0.0056 0.6147 0.7888
vn 0.0019 0.6147 0.7888
vn 0.0414 0.6078 0.7930
vn 0.0414 0.6077 0.7930
vn -0.0661 0.9816 -0.1793
vn -0.0589 0.9807 -0.1863
vn 0.0505 0.9523 -0.3011
vn 0.0504 0.9509 -0.3053
vn 0.0513 0.9976 0.0474
vn 0.0186 0.9914 0.1294
vn 0.0465 0.9969 0.0633
vn 0.0075 0.9877 0.1565
vn 0.2381 0.9253 -0.2951
vn 0.2551 0.9270 -0.2751
vn 0.1702 0.9832 -0.0659
vn 0.1661 0.9848 -0.0516
vn 0.1070 0.6452 -0.7565
vn -0.0170 0.6585 -0.7524
vn 0.0921 0.6452 -0.7584
vn -0.0283 0.6617 -0.7492
vn 0.1478 0.9883 0.0370
vn 0.1494 0.9883 0.0297
vn 0.0408 0.9984 0.0395
vn -0.1134 0.9877 -0.1081
vn -0.0883 0.9896 -0.1133
vn -0.0675 0.9908 -0.1169
vn -0.0474 0.9914 -0.1218
vn -0.3047 -0.0197 -0.9523
vn -0.7065 -0.0415 -0.7065
vn -0.6905 -0.0328 -0.7226
vn -0.2902 -0.0153 -0.9568
vn 0.1783 -0.0546 -0.9825
vn -0.3565 0.6585 0.6628
vn -0.3632 0.6585 0.6592
vn -0.4658 0.6715 0.5763
vn -0.4832 0.6715 0.5618
vn 0.2154 -0.0502 -0.9752
vn 0.6264 -0.0633 -0.7769
vn 0.6672 -0.0502 -0.7432
vn 0.9402 -0.0109 -0.3404
vn 0.0093 0.9896 -0.1434
vn 0.0093 0.9902 -0.1390
vn 0.0019 0.9902 -0.1393
vn 0.9524 0.0022 -0.3047
vn 0.9976 -0.0109 -0.0679
vn 0.9977 -0.0022 -0.0679
vn 0.7264 -0.0546 0.6851
vn 0.8735 -0.0458 0.4847
vn 0.8767 -0.0547 0.4779
vn 0.4042 0.7216 -0.5621
vn 0.4253 0.6875 -0.5886
vn 0.4103 0.7216 -0.5576
vn 0.4354 0.6939 -0.5736
vn 0.4866 0.6617 -0.5704
vn 0.4923 0.6617 -0.5655
vn 0.7466 -0.0590 0.6626
vn 0.5489 -0.0371 0.8351
vn -0.3404 -0.0197 0.9401
vn -0.0453 0.0328 0.9984
vn -0.0453 0.0415 0.9981
vn -0.0255 0.9995 -0.0168
vn -0.0393 0.9992 -0.0000
vn -0.0319 0.9994 -0.0142
vn -0.0539 0.9984 0.0179
vn -0.0523 0.9986 0.0037
vn -0.3189 -0.0240 0.9475
vn -0.0620 0.9976 0.0322
vn -0.0503 0.9981 0.0347
vn -0.0237 0.9992 0.0314
vn 0.0123 0.9998 -0.0124
vn 0.0121 0.9995 0.0281
vn 0.0556 0.9920 -0.1135
vn -0.7675 -0.0415 0.6397
vn -0.0127 0.9986 0.0509
vn -0.7678 -0.0328 0.6399
vn 0.0319 0.9994 0.0142
vn 0.0306 0.9995 -0.0000
vn 0.0237 0.9992 -0.0314
vn -0.0036 0.9992 -0.0391
vn -0.0055 0.9986 0.0521
vn -0.0153 0.9995 0.0265
vn 0.0785 0.9790 0.1882
vn 0.0481 0.9988 -0.0000
vn 0.0568 0.9984 -0.0000
vn -0.9785 -0.0546 0.1987
vn 0.0128 0.9998 -0.0177
vn 0.0179 0.9997 -0.0192
vn -0.0000 0.9998 -0.0175
vn -0.9841 -0.0546 0.1690
vn -0.0203 0.9997 -0.0165
vn -0.0210 0.9995 -0.0222
vn -0.0256 0.9995 -0.0168
vn -0.9451 -0.0197 -0.3261
vn -0.9546 -0.0153 -0.2975
vn -0.6906 -0.0328 -0.7225
vn -0.5083 0.6812 -0.5269
vn -0.4994 0.6843 -0.5313
vn -0.6600 0.7094 -0.2473
vn -0.6696 0.7063 -0.2295
vn -0.7200 0.6875 0.0940
vn -0.7097 0.6876 0.1534
vn -0.5991 0.6249 0.5005
vn -0.5906 0.6215 0.5147
vn -0.2408 0.6650 0.7069
vn -0.2533 0.6585 0.7087
vn -0.2389 0.6585 -0.7137
vn -0.4993 0.6843 -0.5314
vn -0.5083 0.6811 -0.5270
vn 0.1572 0.7032 0.6934
vn 0.2744 0.6715 0.6883
vn -0.2102 0.6585 -0.7226
vn 0.5472 0.6747 0.4953
vn 0.5455 0.6715 0.5015
vn 0.1459 0.6970 -0.7021
vn 0.6629 0.7336 0.1496
vn 0.6734 0.7306 0.1126
vn 0.7082 0.6650 -0.2372
vn 0.7094 0.6584 -0.2515
vn 0.1533 0.7064 -0.6910
vn 0.4848 0.7216 -0.4942
vn 0.4492 0.7276 -0.5184
vt 0.173409 0.989031
vt 0.126193 0.983513
vt 0.219421 0.981353
vt 0.405998 0.731944
vt 0.390340 0.718028
vt 0.402385 0.713109
vt 0.259531 0.961079
vt 0.086444 0.967077
vt 0.296389 0.924370
vt 0.049105 0.935406
vt 0.387931 0.730504
vt 0.021522 0.889219
vt 0.318311 0.877463
vt 0.395519 0.736623
vt 0.326863 0.828997
vt 0.010200 0.831276
vt 0.318070 0.778611
vt 0.019715 0.776811
vt 0.290487 0.734103
vt 0.041637 0.736623
vt 0.402626 0.736143
vt 0.076327 0.702432
vt 0.262181 0.703632
vt 0.120532 0.680479
vt 0.220505 0.681678
vt 0.164135 0.672801
vt 0.357939 0.735303
vt 0.390821 0.775612
vt 0.995119 0.829117
vt 0.974643 0.843992
vt 0.995601 0.809082
vt 0.411659 0.775012
vt 0.954046 0.783889
vt 0.946337 0.777291
vt 0.949228 0.860668
vt 0.925740 0.764335
vt 0.908154 0.775612
vt 0.439965 0.728705
vt 0.909118 0.745140
vt 0.948264 0.765055
vt 0.954527 0.706271
vt 0.908636 0.715389
vt 0.932606 0.684078
vt 0.396242 0.692355
vt 0.921886 0.678679
vt 0.861781 0.699913
vt 0.902373 0.730984
vt 0.895025 0.735543
vt 0.859372 0.745860
vt 0.429727 0.793367
vt 0.453094 0.756057
vt 0.462369 0.785689
vt 0.894543 0.790607
vt 0.932606 0.855149
vt 0.911647 0.846632
vt 0.458514 0.795046
vt 0.889605 0.885860
vt 0.915983 0.917771
vt 0.965850 0.913453
vt 0.934533 0.926649
vt 0.955612 0.926529
vt 0.468271 0.785689
vt 0.473089 0.754738
vt 0.471643 0.791567
vt 0.466825 0.802724
vt 0.463091 0.801284
vt 0.469234 0.804883
vt 0.477545 0.794446
vt 0.500431 0.788808
vt 0.459960 0.831516
vt 0.473932 0.831036
vt 0.474414 0.708791
vt 0.466585 0.733624
vt 0.438520 0.697754
vt 0.471162 0.694035
vt 0.898398 0.926769
vt 0.894062 0.912253
vt 0.471162 0.691156
vt 0.855999 0.933727
vt 0.892616 0.930968
vt 0.440929 0.676280
vt 0.877439 0.980154
vt 0.476582 0.684557
vt 0.858408 0.989271
vt 0.469475 0.646528
vt 0.835402 0.991431
vt 0.499467 0.696074
vt 0.481159 0.709031
vt 0.484652 0.702432
vt 0.790956 0.947763
vt 0.488747 0.735303
vt 0.819383 0.908894
vt 0.877921 0.866666
vt 0.521992 0.692835
vt 0.894543 0.836914
vt 0.864792 0.853110
vt 0.864792 0.831516
vt 0.481400 0.684078
vt 0.851061 0.841353
vt 0.493445 0.648688
vt 0.813481 0.858988
vt 0.879848 0.821439
vt 0.885751 0.804164
vt 0.514644 0.818440
vt 0.542468 0.827677
vt 0.548370 0.834275
vt 0.838414 0.784729
vt 0.844195 0.765774
vt 0.551743 0.855749
vt 0.556681 0.835475
vt 0.543913 0.820119
vt 0.549334 0.814841
vt 0.830103 0.805243
vt 0.542950 0.774052
vt 0.561499 0.832835
vt 0.591250 0.828277
vt 0.564992 0.776451
vt 0.822273 0.835235
vt 0.817817 0.825877
vt 0.820346 0.833435
vt 0.562945 0.821199
vt 0.804688 0.851430
vt 0.558127 0.816280
vt 0.771443 0.818560
vt 0.786620 0.855629
vt 0.770962 0.863667
vt 0.750485 0.880702
vt 0.771925 0.933727
vt 0.591853 0.815680
vt 0.782284 0.945364
vt 0.763614 0.950282
vt 0.742656 0.900376
vt 0.721216 0.957960
vt 0.690381 0.934327
vt 0.370586 0.811242
vt 0.365045 0.818919
vt 0.344689 0.822398
vt 0.691947 0.898217
vt 0.703148 0.886100
vt 0.693392 0.878423
vt 0.372031 0.790128
vt 0.724588 0.864746
vt 0.384317 0.790008
vt 0.388172 0.811961
vt 0.377211 0.829956
vt 0.369863 0.861627
vt 0.415755 0.816160
vt 0.389617 0.820599
vt 0.383835 0.830316
vt 0.743138 0.844832
vt 0.706521 0.803684
vt 0.392146 0.861267
vt 0.737356 0.788208
vt 0.688935 0.785569
vt 0.692910 0.773812
vt 0.737838 0.748979
vt 0.717723 0.732184
vt 0.741211 0.713109
vt 0.415514 0.827917
vt 0.711941 0.709510
vt 0.679661 0.707711
vt 0.670386 0.724626
vt 0.367695 0.688996
vt 0.330356 0.675080
vt 0.337342 0.644249
vt 0.333728 0.685517
vt 0.324213 0.668482
vt 0.288078 0.686237
vt 0.321081 0.642809
vt 0.315420 0.683118
vt 0.774455 0.653126
vt 0.811553 0.644249
vt 0.748558 0.708551
vt 0.759760 0.727985
vt 0.318070 0.683598
vt 0.822755 0.725586
vt 0.830584 0.655526
vt 0.844677 0.748979
vt 0.326381 0.692355
vt 0.330115 0.691396
vt 0.317588 0.727265
vt 0.338426 0.727745
vt 0.690381 0.867626
vt 0.678215 0.827317
vt 0.644971 0.839314
vt 0.551261 0.681198
vt 0.583060 0.681198
vt 0.575230 0.684797
vt 0.643044 0.819519
vt 0.591250 0.647248
vt 0.623049 0.696794
vt 0.590287 0.686957
vt 0.592816 0.691635
vt 0.585950 0.701953
vt 0.594743 0.734343
vt 0.581976 0.702432
vt 0.988735 0.336896
vt 0.988735 0.354531
vt 0.971631 0.336896
vt 0.572701 0.733144
vt 0.918995 0.354531
vt 0.918995 0.336896
vt 0.846725 0.336896
vt 0.832512 0.354531
vt 0.820828 0.336896
vt 0.743620 0.354531
vt 0.741692 0.336896
vt 0.648946 0.354531
vt 0.648946 0.336896
vt 0.587878 0.685997
vt 0.577639 0.336896
vt 0.576194 0.354531
vt 0.498022 0.354531
vt 0.502479 0.336896
vt 0.494408 0.336896
vt 0.418886 0.354531
vt 0.422620 0.336896
vt 0.575712 0.695594
vt 0.350591 0.336896
vt 0.331560 0.354531
vt 0.319395 0.336896
vt 0.240741 0.336896
vt 0.238814 0.354531
vt 0.143297 0.354531
vt 0.143297 0.336896
vt 0.085963 0.354531
vt 0.085963 0.336896
vt 0.010440 0.354531
vt 0.010440 0.336896
vt 0.550779 0.700153
vt 0.988735 0.371566
vt 0.918995 0.371566
vt 0.621122 0.787728
vt 0.634251 0.786289
vt 0.625458 0.807883
vt 0.590769 0.776811
vt 0.618592 0.783409
vt 0.988735 0.379844
vt 0.660630 0.779930
vt 0.918995 0.379844
vt 0.832993 0.371566
vt 0.832512 0.379844
vt 0.745065 0.371566
vt 0.745547 0.379844
vt 0.648946 0.371566
vt 0.648464 0.379844
vt 0.575712 0.371566
vt 0.574267 0.379844
vt 0.498745 0.371566
vt 0.498263 0.379844
vt 0.417923 0.371566
vt 0.417923 0.379844
vt 0.330597 0.371566
vt 0.330115 0.379844
vt 0.240018 0.371566
vt 0.239055 0.379844
vt 0.143297 0.371566
vt 0.143297 0.379844
vt 0.085963 0.371566
vt 0.085963 0.379844
vt 0.010440 0.371566
vt 0.010440 0.379844
vt 0.638708 0.774532
vt 0.663520 0.768174
vt 0.615702 0.771773
vt 0.591250 0.764335
vt 0.622086 0.759656
vt 0.616665 0.730025
vt 0.632806 0.755937
vt 0.638226 0.730984
vt 0.918995 0.407676
vt 0.988735 0.407676
vt 0.545841 0.166544
vt 0.603536 0.151908
vt 0.604018 0.163065
vt 0.558127 0.181660
vt 0.500431 0.197735
vt 0.510790 0.215850
vt 0.831066 0.407676
vt 0.484411 0.204094
vt 0.480195 0.220169
vt 0.450926 0.203134
vt 0.439483 0.219689
vt 0.988735 0.413554
vt 0.411659 0.204574
vt 0.918995 0.413554
vt 0.831548 0.413554
vt 0.748558 0.407676
vt 0.747113 0.413554
vt 0.649909 0.407676
vt 0.650391 0.413554
vt 0.574267 0.407676
vt 0.574267 0.413554
vt 0.424788 0.187058
vt 0.501515 0.413554
vt 0.498986 0.407676
vt 0.421657 0.413554
vt 0.418164 0.407676
vt 0.334933 0.413554
vt 0.332042 0.407676
vt 0.385522 0.182140
vt 0.238573 0.407676
vt 0.240620 0.413554
vt 0.398651 0.169423
vt 0.143297 0.413554
vt 0.143297 0.407676
vt 0.344207 0.164025
vt 0.085963 0.407676
vt 0.085963 0.413554
vt 0.010440 0.407676
vt 0.010440 0.413554
vt 0.346135 0.156707
vt 0.300243 0.187058
vt 0.300484 0.177221
vt 0.257845 0.213811
vt 0.988735 0.447265
vt 0.947300 0.480495
vt 0.872019 0.471138
vt 0.907672 0.509287
vt 0.261458 0.227487
vt 0.874067 0.524163
vt 0.217374 0.214411
vt 0.835884 0.510727
vt 0.196295 0.226527
vt 0.798304 0.484334
vt 0.751931 0.460461
vt 0.700739 0.485894
vt 0.632806 0.472698
vt 0.652318 0.516365
vt 0.156064 0.185979
vt 0.634251 0.524403
vt 0.168230 0.175302
vt 0.604982 0.511207
vt 0.111980 0.167024
vt 0.561499 0.483375
vt 0.514162 0.458542
vt 0.469234 0.484814
vt 0.397205 0.473177
vt 0.429968 0.510247
vt 0.114750 0.157187
vt 0.401421 0.522483
vt 0.060186 0.030743
vt 0.008995 0.030743
vt 0.008995 0.008789
vt 0.371068 0.507368
vt 0.060186 0.008789
vt 0.315420 0.479056
vt 0.256640 0.452183
vt 0.114750 0.030743
vt 0.114750 0.008789
vt 0.139683 0.453143
vt 0.205569 0.477496
vt 0.168230 0.030743
vt 0.161003 0.497051
vt 0.168230 0.008789
vt 0.140526 0.502929
vt 0.217374 0.008789
vt 0.113064 0.487333
vt 0.217374 0.030743
vt 0.073918 0.463340
vt 0.257845 0.008789
vt 0.010440 0.434068
vt 0.257845 0.030743
vt 0.300484 0.030743
vt 0.300484 0.008789
vt 0.346375 0.030743
vt 0.346375 0.008789
vt 0.398651 0.030743
vt 0.398651 0.008789
vt 0.438761 0.008789
vt 0.438761 0.030743
vt 0.487061 0.008789
vt 0.487061 0.030743
vt 0.545359 0.030743
vt 0.545359 0.008789
vt 0.603054 0.030743
vt 0.603054 0.008789
vt 0.660630 0.030743
vt 0.660630 0.008789
vt 0.703148 0.008789
vt 0.703148 0.030743
vt 0.738802 0.030743
vt 0.738802 0.008789
vt 0.782766 0.030743
vt 0.782766 0.008789
vt 0.842268 0.030743
vt 0.842268 0.008789
vt 0.905745 0.030743
vt 0.905745 0.008789
vt 0.988735 0.466339
vt 0.948746 0.008789
vt 0.960430 0.491652
vt 0.948746 0.030743
vt 0.919477 0.519244
vt 0.875031 0.534480
vt 0.989699 0.008789
vt 0.989699 0.030743
vt 0.008995 0.089406
vt 0.060186 0.089406
vt 0.988735 0.537359
vt 0.929233 0.537359
vt 0.875512 0.537359
vt 0.831548 0.537359
vt 0.832030 0.522963
vt 0.793968 0.537359
vt 0.791559 0.498970
vt 0.748076 0.537359
vt 0.749040 0.474137
vt 0.114750 0.089406
vt 0.708930 0.498970
vt 0.707485 0.537359
vt 0.168230 0.089406
vt 0.671350 0.537359
vt 0.661111 0.525363
vt 0.637262 0.537359
vt 0.633769 0.533880
vt 0.601609 0.521524
vt 0.597152 0.537359
vt 0.554633 0.494651
vt 0.559572 0.537359
vt 0.217374 0.089406
vt 0.524401 0.537359
vt 0.515608 0.469219
vt 0.257845 0.089406
vt 0.747594 0.542998
vt 0.300484 0.089406
vt 0.346375 0.089406
vt 0.398651 0.089406
vt 0.706521 0.542998
vt 0.671831 0.542998
vt 0.637262 0.542998
vt 0.633769 0.567351
vt 0.438761 0.089406
vt 0.674361 0.567351
vt 0.706039 0.567351
vt 0.748558 0.567351
vt 0.487061 0.089406
vt 0.599080 0.542998
vt 0.560536 0.542998
vt 0.527773 0.542998
vt 0.561499 0.567351
vt 0.545359 0.089406
vt 0.523919 0.567351
vt 0.486097 0.567351
vt 0.491638 0.542998
vt 0.447794 0.567351
vt 0.603054 0.089406
vt 0.660630 0.089406
vt 0.703148 0.089406
vt 0.593298 0.567351
vt 0.738802 0.089406
vt 0.782766 0.089406
vt 0.489711 0.537359
vt 0.478750 0.495611
vt 0.439002 0.520564
vt 0.442374 0.537359
vt 0.402144 0.531961
vt 0.410937 0.537359
vt 0.842268 0.089406
vt 0.377692 0.537359
vt 0.368418 0.518285
vt 0.343726 0.537359
vt 0.312529 0.490213
vt 0.296389 0.537359
vt 0.263385 0.466819
vt 0.218578 0.492132
vt 0.257604 0.537359
vt 0.905745 0.089406
vt 0.207376 0.537359
vt 0.169796 0.514206
vt 0.148476 0.537359
vt 0.141731 0.518285
vt 0.112702 0.537359
vt 0.107041 0.503889
vt 0.059704 0.537359
vt 0.063077 0.477976
vt 0.010440 0.537359
vt 0.010440 0.444386
vt 0.948746 0.089406
vt 0.989699 0.089406
vt 0.008995 0.105482
vt 0.060186 0.105482
vt 0.114750 0.105482
vt 0.010440 0.542998
vt 0.064161 0.542998
vt 0.068136 0.567351
vt 0.123663 0.567351
vt 0.115232 0.542998
vt 0.157028 0.567351
vt 0.153776 0.542998
vt 0.212435 0.542998
vt 0.168230 0.105482
vt 0.261458 0.542998
vt 0.217374 0.105482
vt 0.257845 0.105482
vt 0.300484 0.105482
vt 0.346375 0.105482
vt 0.398651 0.105482
vt 0.010440 0.567351
vt 0.438761 0.105482
vt 0.487061 0.105482
vt 0.214724 0.567351
vt 0.263385 0.567351
vt 0.300484 0.542998
vt 0.303254 0.567351
vt 0.545359 0.105482
vt 0.350350 0.567351
vt 0.348182 0.542998
vt 0.375765 0.567351
vt 0.379861 0.542998
vt 0.414550 0.567351
vt 0.414309 0.542998
vt 0.603054 0.105482
vt 0.660630 0.105482
vt 0.445024 0.542998
vt 0.703148 0.105482
vt 0.738802 0.105482
vt 0.782766 0.105482
vt 0.842268 0.105482
vt 0.905745 0.105482
vt 0.948746 0.105482
vt 0.989699 0.105482
vt 0.008995 0.121077
vt 0.060186 0.121077
vt 0.988735 0.567351
vt 0.935015 0.567351
vt 0.988735 0.542998
vt 0.930197 0.542998
vt 0.874549 0.567351
vt 0.876476 0.542998
vt 0.832512 0.542998
vt 0.114750 0.121077
vt 0.799267 0.542998
vt 0.168230 0.121077
vt 0.217374 0.121077
vt 0.257845 0.121077
vt 0.828657 0.567351
vt 0.796858 0.567351
vt 0.300484 0.121077
vt 0.346375 0.121077
vt 0.398651 0.121077
vt 0.438761 0.121077
vt 0.487061 0.121077
vt 0.988735 0.574909
vt 0.935015 0.574909
vt 0.874549 0.574909
vt 0.828657 0.574909
vt 0.796858 0.574909
vt 0.748558 0.574909
vt 0.706039 0.574909
vt 0.674361 0.574909
vt 0.632806 0.574909
vt 0.545359 0.121077
vt 0.593298 0.574909
vt 0.561499 0.574909
vt 0.523919 0.574909
vt 0.603054 0.121077
vt 0.483448 0.574909
vt 0.447794 0.574909
vt 0.417200 0.574909
vt 0.378897 0.574909
vt 0.350350 0.574909
vt 0.303254 0.574909
vt 0.660630 0.121077
vt 0.263385 0.574909
vt 0.214724 0.574909
vt 0.703148 0.121077
vt 0.157028 0.574909
vt 0.123543 0.574909
vt 0.067654 0.574909
vt 0.010440 0.574909
vt 0.738802 0.121077
vt 0.782766 0.121077
vt 0.988735 0.583066
vt 0.935015 0.583066
vt 0.874549 0.583066
vt 0.828657 0.583066
vt 0.796858 0.583066
vt 0.748558 0.583066
vt 0.706039 0.583066
vt 0.842268 0.121077
vt 0.674361 0.583066
vt 0.632324 0.583066
vt 0.593298 0.583066
vt 0.561017 0.583066
vt 0.523919 0.583066
vt 0.905745 0.121077
vt 0.483929 0.583066
vt 0.447794 0.583066
vt 0.415996 0.583066
vt 0.376729 0.583066
vt 0.350350 0.583066
vt 0.303254 0.583066
vt 0.948746 0.121077
vt 0.263385 0.583066
vt 0.214724 0.583066
vt 0.157148 0.583066
vt 0.123663 0.583066
vt 0.071388 0.583066
vt 0.010440 0.583066
vt 0.989699 0.121077
vt 0.008995 0.131394
vt 0.060186 0.131394
vt 0.988735 0.624814
vt 0.972595 0.622055
vt 0.932606 0.622535
vt 0.878885 0.622775
vt 0.828657 0.621335
vt 0.114750 0.131394
vt 0.877921 0.657445
vt 0.880812 0.657445
vt 0.168230 0.131394
vt 0.893098 0.648448
vt 0.217374 0.131394
vt 0.257845 0.131394
vt 0.796858 0.617976
vt 0.773491 0.619416
vt 0.741692 0.615457
vt 0.722661 0.614017
vt 0.733381 0.649168
vt 0.693392 0.611858
vt 0.300484 0.131394
vt 0.677252 0.613538
vt 0.635696 0.614977
vt 0.598598 0.613538
vt 0.614738 0.634772
vt 0.346375 0.131394
vt 0.639189 0.655766
vt 0.398651 0.131394
vt 0.438761 0.131394
vt 0.737838 0.649407
vt 0.487061 0.131394
vt 0.545359 0.131394
vt 0.603054 0.131394
vt 0.660630 0.131394
vt 0.583060 0.614497
vt 0.548370 0.619416
vt 0.497299 0.619416
vt 0.468512 0.616177
vt 0.460201 0.618936
vt 0.413827 0.626014
vt 0.414550 0.652886
vt 0.703148 0.131394
vt 0.376970 0.626254
vt 0.362275 0.615937
vt 0.324935 0.613298
vt 0.311084 0.616417
vt 0.738802 0.131394
vt 0.262422 0.617137
vt 0.260736 0.650847
vt 0.782766 0.131394
vt 0.257604 0.650847
vt 0.238934 0.626974
vt 0.219903 0.608139
vt 0.842268 0.131394
vt 0.196897 0.610898
vt 0.159558 0.610898
vt 0.159919 0.648688
vt 0.905745 0.131394
vt 0.156787 0.648928
vt 0.117882 0.608619
vt 0.096683 0.610538
vt 0.049828 0.613538
vt 0.948746 0.131394
vt 0.989699 0.131394
vt 0.661111 0.181180
vt 0.543432 0.659725
vt 0.650391 0.191377
vt 0.702667 0.215850
vt 0.695801 0.230966
vt 0.738802 0.220169
vt 0.748076 0.235405
vt 0.794931 0.197256
vt 0.783248 0.184059
vt 0.842268 0.168944
vt 0.841304 0.158746
vt 0.545359 0.145070
vt 0.487061 0.145070
vt 0.051514 0.647248
vt 0.438761 0.145070
vt 0.048503 0.647248
vt 0.037421 0.638131
vt 0.398651 0.145070
vt 0.010440 0.611618
vt 0.346375 0.145070
vt 0.300484 0.145070
vt 0.978015 0.636451
vt 0.937062 0.638131
vt 0.257845 0.145070
vt 0.217374 0.145070
vt 0.168230 0.145070
vt 0.895507 0.654806
vt 0.881294 0.661404
vt 0.114750 0.145070
vt 0.060186 0.145070
vt 0.875512 0.661404
vt 0.008995 0.145070
vt 0.660630 0.145070
vt 0.703148 0.145070
vt 0.824201 0.627694
vt 0.738802 0.145070
vt 0.023088 0.212851
vt 0.008995 0.207573
vt 0.060186 0.179741
vt 0.796858 0.622775
vt 0.778791 0.628893
vt 0.738802 0.660204
vt 0.730972 0.660444
vt 0.701703 0.635011
vt 0.692910 0.620376
vt 0.680624 0.623255
vt 0.638226 0.662604
vt 0.603054 0.145070
vt 0.610884 0.639930
vt 0.595707 0.623495
vt 0.584987 0.628413
vt 0.554633 0.660444
vt 0.542468 0.666203
vt 0.782766 0.145070
vt 0.842268 0.145070
vt 0.989699 0.145070
vt 0.535121 0.662364
vt 0.948746 0.145070
vt 0.493927 0.627454
vt 0.905745 0.145070
vt 0.468753 0.622295
vt 0.463814 0.623975
vt 0.414791 0.661404
vt 0.910202 0.179741
vt 0.963320 0.208053
vt 0.372272 0.633092
vt 0.360107 0.619656
vt 0.990663 0.207573
vt 0.318070 0.622295
vt 0.071749 0.254839
vt 0.112221 0.210452
vt 0.145103 0.254839
vt 0.262663 0.659964
vt 0.061993 0.221249
vt 0.154017 0.217770
vt 0.061993 0.191857
vt 0.023088 0.227487
vt 0.008995 0.223648
vt 0.008995 0.254839
vt 0.219421 0.254839
vt 0.302773 0.254839
vt 0.385281 0.208053
vt 0.602091 0.208053
vt 0.650873 0.254839
vt 0.565956 0.254839
vt 0.563908 0.209972
vt 0.652318 0.219689
vt 0.344930 0.210452
vt 0.392146 0.254839
vt 0.301327 0.221729
vt 0.479232 0.254839
vt 0.734345 0.254839
vt 0.802760 0.227487
vt 0.823237 0.254839
vt 0.847688 0.219209
vt 0.904782 0.254839
vt 0.897916 0.189458
vt 0.953564 0.225568
vt 0.901891 0.222209
vt 0.989699 0.254839
vt 0.989699 0.223648
vt 0.256399 0.659964
vt 0.008995 0.260718
vt 0.077531 0.260718
vt 0.234477 0.637171
vt 0.219301 0.612098
vt 0.147392 0.260718
vt 0.222071 0.260718
vt 0.199908 0.617137
vt 0.303736 0.260718
vt 0.392387 0.260718
vt 0.162930 0.657445
vt 0.908154 0.260718
vt 0.989699 0.260718
vt 0.825164 0.260718
vt 0.154860 0.657445
vt 0.736272 0.260718
vt 0.652318 0.260718
vt 0.113425 0.617377
vt 0.566919 0.260718
vt 0.479955 0.260718
vt 0.099814 0.625534
vt 0.989699 0.282671
vt 0.909118 0.282671
vt 0.052357 0.656006
vt 0.824682 0.282671
vt 0.733863 0.282671
vt 0.046575 0.656006
vt 0.649909 0.282671
vt 0.564992 0.282671
vt 0.031760 0.641370
vt 0.010440 0.622775
vt 0.481159 0.282671
vt 0.395519 0.282671
vt 0.303495 0.282671
vt 0.008995 0.294428
vt 0.077170 0.294428
vt 0.009718 0.320341
vt 0.079338 0.320341
vt 0.150644 0.294428
vt 0.143417 0.320341
vt 0.175096 0.320341
vt 0.224721 0.294428
vt 0.238211 0.320341
vt 0.303495 0.294428
vt 0.316865 0.320341
vt 0.398651 0.294428
vt 0.354927 0.320341
vt 0.410214 0.320341
vt 0.223637 0.282671
vt 0.476100 0.320341
vt 0.481882 0.294428
vt 0.553670 0.320341
vt 0.565474 0.294428
vt 0.635696 0.320341
vt 0.649909 0.294428
vt 0.665568 0.320341
vt 0.731936 0.294428
vt 0.734345 0.320341
vt 0.152090 0.282671
vt 0.811072 0.320341
vt 0.825164 0.294428
vt 0.843714 0.320341
vt 0.911165 0.320341
vt 0.909118 0.294428
vt 0.989699 0.320341
vt 0.989699 0.294428
vt 0.078254 0.282671
vt 0.008995 0.282671
s 1
f 1/1/1 2/2/2 3/3/3
f 1498/4/4 1508/5/5 1509/6/6
f 3/3/3 2/2/2 4/7/3
f 2/2/2 5/8/7 4/7/3
f 4/7/3 5/8/7 6/9/8
f 5/8/7 7/10/9 6/9/8
f 1507/11/10 1508/5/5 1498/4/4
f 7/10/9 8/12/8 6/9/8
f 6/9/8 8/12/8 9/13/11
f 1503/14/12 1507/11/10 1498/4/4
f 9/13/11 8/12/8 10/15/8
f 8/12/8 11/16/13 10/15/8
f 10/15/8 11/16/13 12/17/7
f 11/16/13 13/18/8 12/17/7
f 12/17/7 13/18/8 14/19/14
f 13/18/8 15/20/15 14/19/14
f 1501/21/16 1503/14/12 1498/4/4
f 15/20/15 16/22/17 14/19/14
f 14/19/14 16/22/17 17/23/18
f 16/22/17 18/24/15 17/23/18
f 17/23/18 18/24/15 19/25/19
f 18/24/15 20/26/20 19/25/19
f 1504/11/21 1505/27/22 1506/5/23
f 1502/28/24 1505/27/22 1504/11/21
f 1503/14/12 1502/28/24 1504/11/21
f 1501/21/16 1502/28/24 1503/14/12
f 21/29/25 22/30/26 23/31/27
f 1500/32/28 1502/28/24 1501/21/16
f 23/31/27 22/30/26 24/33/29
f 1498/4/4 1500/32/28 1501/21/16
f 24/33/29 22/30/26 25/34/30
f 22/30/26 26/35/31 25/34/30
f 25/34/30 26/35/31 27/36/32
f 26/35/31 28/37/33 27/36/32
f 1499/38/34 1500/32/28 1498/4/4
f 28/37/33 29/39/35 27/36/32
f 27/36/32 29/39/35 30/40/36
f 1497/6/37 1499/38/34 1498/4/4
f 30/40/36 29/39/35 31/41/38
f 29/39/35 32/42/39 31/41/38
f 31/41/38 32/42/39 33/43/40
f 1494/27/41 1495/44/41 1496/5/41
f 33/43/40 32/42/39 34/45/42
f 1491/6/43 1493/5/43 1492/44/43
f 34/45/42 32/42/39 35/46/44
f 32/42/39 36/47/45 35/46/44
f 35/46/44 36/47/45 37/48/46
f 36/47/45 29/39/35 37/48/46
f 1488/6/47 1489/44/47 1490/38/47
f 29/39/35 28/37/33 37/48/46
f 37/48/46 28/37/33 38/49/48
f 1485/50/49 1487/51/49 1486/52/50
f 38/49/48 28/37/33 39/53/51
f 28/37/33 40/54/52 39/53/51
f 39/53/51 40/54/52 41/55/53
f 1484/56/54 1485/50/49 1486/52/50
f 41/55/53 40/54/52 42/57/55
f 40/54/52 26/35/31 42/57/55
f 42/57/55 26/35/31 43/58/56
f 26/35/31 44/59/57 43/58/56
f 43/58/56 44/59/57 45/60/58
f 44/59/57 46/61/59 45/60/58
f 1481/62/60 1483/52/61 1482/51/62
f 1480/63/63 1481/62/60 1482/51/62
f 1477/52/64 1479/62/65 1478/64/66
f 1476/65/67 1477/52/64 1478/64/66
f 27/36/32 47/40/68 25/34/30
f 1475/56/69 1477/52/64 1476/65/67
f 1474/66/70 1475/56/69 1476/65/67
f 1471/67/71 1473/65/72 1472/64/73
f 1470/68/74 1471/67/71 1472/64/73
f 29/39/35 36/47/45 32/42/39
f 1467/64/75 1469/62/76 1468/63/77
f 1466/69/78 1467/64/75 1468/63/77
f 1465/68/79 1467/64/75 1466/69/78
f 1462/66/80 1463/50/81 1464/56/82
f 38/49/48 35/46/44 37/48/46
f 1461/70/83 1463/50/81 1462/66/80
f 1458/69/84 1459/67/84 1460/68/85
f 1457/71/86 1459/67/84 1458/69/84
f 1454/67/87 1455/66/88 1456/65/89
f 28/37/33 26/35/31 40/54/52
f 1453/70/90 1455/66/88 1454/67/87
f 1452/71/91 1453/70/90 1454/67/87
f 1449/72/92 1451/73/93 1450/74/94
f 1448/75/95 1449/72/92 1450/74/94
f 45/60/58 48/76/96 43/58/56
f 48/76/96 49/77/97 43/58/56
f 43/58/56 49/77/97 42/57/55
f 1445/78/98 1447/75/99 1446/74/100
f 42/57/55 49/77/97 50/79/101
f 49/77/97 51/80/102 50/79/101
f 1443/81/103 1445/78/98 1446/74/100
f 51/80/102 52/82/104 50/79/101
f 1444/83/105 1445/78/98 1443/81/103
f 52/82/104 53/84/106 50/79/101
f 1442/85/107 1444/83/105 1443/81/103
f 53/84/106 54/86/108 50/79/101
f 1438/87/109 1440/88/110 1441/89/111
f 54/86/108 55/90/112 50/79/101
f 1439/91/113 1440/88/110 1438/87/109
f 55/90/112 56/92/114 50/79/101
f 50/79/101 56/92/114 42/57/55
f 56/92/114 57/93/115 42/57/55
f 42/57/55 57/93/115 41/55/53
f 1437/94/116 1439/91/113 1438/87/109
f 41/55/53 57/93/115 58/95/117
f 57/93/115 59/96/118 58/95/117
f 58/95/117 59/96/118 60/97/119
f 1434/85/120 1435/98/121 1436/83/122
f 60/97/119 59/96/118 61/99/123
f 1433/100/124 1435/98/121 1434/85/120
f 61/99/123 59/96/118 62/101/125
f 1429/72/126 1431/91/127 1432/73/128
f 62/101/125 59/96/118 56/92/114
f 59/96/118 57/93/115 56/92/114
f 1430/88/129 1431/91/127 1429/72/126
f 1425/89/130 1430/88/129 1429/72/126
f 1428/75/131 1425/89/130 1429/72/126
f 1427/78/132 1425/89/130 1428/75/131
f 51/80/102 49/77/97 48/76/96
f 1426/83/133 1425/89/130 1427/78/132
f 1423/98/134 1425/89/130 1426/83/133
f 1424/87/135 1425/89/130 1423/98/134
f 1422/94/136 1424/87/135 1423/98/134
f 60/97/119 63/102/137 58/95/117
f 1421/100/138 1422/94/136 1423/98/134
f 63/102/137 64/103/139 58/95/117
f 58/95/117 64/103/139 41/55/53
f 1418/104/140 1420/105/141 1419/106/140
f 41/55/53 64/103/139 39/53/51
f 64/103/139 65/107/142 39/53/51
f 39/53/51 65/107/142 66/108/143
f 1417/109/144 1418/104/140 1419/106/140
f 1414/109/145 1416/106/145 1415/110/145
f 1410/104/146 1412/111/147 1413/105/148
f 1411/112/149 1412/111/147 1410/104/146
f 65/107/142 64/103/139 67/113/150
f 67/113/150 64/103/139 60/97/119
f 64/103/139 68/102/151 60/97/119
f 1409/114/152 1411/112/149 1410/104/146
f 1406/115/153 1407/109/153 1408/110/154
f 1405/116/153 1407/109/153 1406/115/153
f 1397/112/155 1404/114/156 1395/117/157
f 60/97/119 61/99/123 67/113/150
f 61/99/123 69/118/158 67/113/150
f 67/113/150 69/118/158 70/119/159
f 69/118/158 71/120/160 70/119/159
f 1400/115/161 1403/110/162 1402/106/163
f 1401/105/164 1400/115/161 1402/106/163
f 1398/111/165 1400/115/161 1401/105/164
f 1399/121/166 1400/115/161 1398/111/165
f 61/99/123 62/101/125 72/118/167
f 62/101/125 73/122/168 72/118/167
f 72/118/167 73/122/168 74/120/169
f 1396/123/170 1399/121/166 1398/111/165
f 74/120/169 73/122/168 75/119/171
f 1397/112/155 1396/123/170 1398/111/165
f 75/119/171 73/122/168 76/124/172
f 73/122/168 77/125/173 76/124/172
f 76/124/172 77/125/173 78/126/174
f 77/125/173 62/101/125 78/126/174
f 1395/117/157 1396/123/170 1397/112/155
f 62/101/125 56/92/114 78/126/174
f 78/126/174 56/92/114 79/127/175
f 1392/121/176 1396/123/170 1395/117/157
f 79/127/175 56/92/114 80/128/177
f 56/92/114 55/90/112 80/128/177
f 1394/129/178 1392/121/176 1395/117/157
f 55/90/112 81/130/179 80/128/177
f 1393/116/180 1392/121/176 1394/129/178
f 81/130/179 82/131/181 80/128/177
f 80/128/177 82/131/181 83/132/182
f 82/131/181 84/133/183 83/132/182
f 1391/115/184 1392/121/176 1393/116/180
f 84/133/183 85/134/185 83/132/182
f 1388/135/186 1390/136/187 1389/137/188
f 85/134/185 86/138/189 83/132/182
f 83/132/182 86/138/189 87/139/190
f 86/138/189 88/140/191 87/139/190
f 1387/141/192 1388/135/186 1389/137/188
f 88/140/191 89/142/193 87/139/190
f 87/139/190 89/142/193 83/132/182
f 89/142/193 79/127/175 83/132/182
f 83/132/182 79/127/175 80/128/177
f 1384/135/194 1386/141/195 1385/143/196
f 1383/144/197 1384/135/194 1385/143/196
f 1380/137/198 1382/136/199 1381/145/200
f 1379/146/201 1380/137/198 1381/145/200
f 77/125/173 73/122/168 62/101/125
f 1376/143/202 1378/147/202 1377/144/202
f 1372/144/203 1375/148/204 1370/149/205
f 1371/145/206 1374/136/207 1373/135/208
f 1372/144/203 1371/145/206 1373/135/208
f 76/124/172 78/126/174 90/150/209
f 78/126/174 79/127/175 90/150/209
f 1370/149/205 1371/145/206 1372/144/203
f 79/127/175 89/142/193 90/150/209
f 1369/146/210 1371/145/206 1370/149/205
f 89/142/193 91/151/211 90/150/209
f 90/150/209 91/151/211 76/124/172
f 1368/152/212 1369/146/210 1370/149/205
f 76/124/172 91/151/211 92/153/213
f 91/151/211 93/154/214 92/153/213
f 1365/148/215 1367/144/216 1366/147/217
f 93/154/214 94/155/218 92/153/213
f 92/153/213 94/155/218 95/156/219
f 94/155/218 96/157/220 95/156/219
f 95/156/219 96/157/220 97/158/221
f 1363/159/222 1365/148/215 1366/147/217
f 97/158/221 96/157/220 98/160/223
f 1364/149/224 1365/148/215 1363/159/222
f 98/160/223 96/157/220 99/161/225
f 1362/152/226 1364/149/224 1363/159/222
f 99/161/225 96/157/220 100/162/227
f 96/157/220 94/155/218 100/162/227
f 1359/163/228 1360/164/229 1361/165/230
f 1358/166/231 1360/164/229 1359/163/228
f 1352/167/232 1356/168/233 1357/169/234
f 1355/170/235 1356/168/233 1352/167/232
f 101/171/236 102/172/237 103/173/238
f 102/172/237 104/174/239 103/173/238
f 103/173/238 104/174/239 97/158/221
f 1350/175/240 1355/170/235 1352/167/232
f 97/158/221 104/174/239 95/156/219
f 1352/167/232 1354/169/241 1353/165/242
f 95/156/219 104/174/239 105/153/243
f 1351/164/244 1352/167/232 1353/165/242
f 105/153/243 104/174/239 106/176/245
f 104/174/239 102/172/237 106/176/245
f 1350/175/240 1352/167/232 1351/164/244
f 102/172/237 107/177/246 106/176/245
f 1348/166/247 1350/175/240 1351/164/244
f 107/177/246 35/46/44 106/176/245
f 106/176/245 35/46/44 108/178/248
f 35/46/44 38/49/48 108/178/248
f 108/178/248 38/49/48 66/108/143
f 38/49/48 39/53/51 66/108/143
f 1349/179/249 1350/175/240 1348/166/247
f 1347/180/250 1349/179/249 1348/166/247
f 1343/179/251 1345/170/252 1346/175/253
f 1344/168/254 1345/170/252 1343/179/251
f 108/178/248 66/108/143 106/176/245
f 1342/181/255 1344/168/254 1343/179/251
f 106/176/245 66/108/143 105/153/243
f 66/108/143 109/107/256 105/153/243
f 105/153/243 109/107/256 110/124/257
f 109/107/256 111/113/258 110/124/257
f 110/124/257 111/113/258 112/119/259
f 1339/163/260 1340/180/261 1341/166/262
f 1338/182/263 1340/180/261 1339/163/260
f 1335/180/264 1336/181/265 1337/179/265
f 1334/182/265 1336/181/265 1335/180/264
f 88/140/191 113/183/266 89/142/193
f 89/142/193 113/183/266 114/184/267
f 113/183/266 115/185/268 114/184/267
f 1331/186/269 1332/187/270 1333/188/271
f 115/185/268 116/189/272 114/184/267
f 1330/190/273 1332/187/270 1331/186/269
f 116/189/272 93/154/214 114/184/267
f 1327/191/274 1328/192/275 1329/190/276
f 93/154/214 91/151/211 114/184/267
f 114/184/267 91/151/211 89/142/193
f 1326/193/277 1328/192/275 1327/191/274
f 1323/191/278 1324/194/279 1325/193/280
f 1322/195/281 1324/194/279 1323/191/278
f 1319/195/282 1320/196/283 1321/194/284
f 117/197/285 119/198/286 118/199/287
f 1318/200/288 1320/196/283 1319/195/282
f 119/198/286 120/201/289 118/199/287
f 118/199/287 120/201/289 121/202/290
f 1315/192/291 1316/187/292 1317/190/293
f 121/202/290 120/201/289 122/203/294
f 120/201/289 123/204/295 122/203/294
f 122/203/294 123/204/295 124/205/296
f 123/204/295 125/206/297 124/205/296
f 124/205/296 125/206/297 126/207/298
f 125/206/297 127/208/299 126/207/298
f 126/207/298 127/208/299 128/209/300
f 1310/210/301 1316/187/292 1315/192/291
f 128/209/300 127/208/299 129/211/302
f 127/208/299 130/212/303 129/211/302
f 1314/193/304 1310/210/301 1315/192/291
f 130/212/303 131/213/305 129/211/302
f 129/211/302 131/213/305 132/214/306
f 1313/194/307 1310/210/301 1314/193/304
f 132/214/306 131/213/305 133/215/308
f 131/213/305 134/216/309 133/215/308
f 133/215/308 134/216/309 135/217/310
f 1307/218/311 1310/210/301 1313/194/307
f 135/217/310 134/216/309 136/219/312
f 134/216/309 137/220/313 136/219/312
f 136/219/312 137/220/313 138/221/314
f 1312/196/315 1307/218/311 1313/194/307
f 138/221/314 137/220/313 139/222/316
f 137/220/313 140/223/317 139/222/316
f 1309/188/318 1311/187/319 1310/210/301
f 140/223/317 141/224/320 139/222/316
f 139/222/316 141/224/320 142/225/321
f 141/224/320 143/226/322 142/225/321
f 142/225/321 143/226/322 144/227/322
f 143/226/322 145/228/323 144/227/322
f 144/227/322 145/228/323 146/229/285
f 1307/218/311 1309/188/318 1310/210/301
f 1308/186/324 1309/188/318 1307/218/311
f 1305/230/325 1308/186/324 1307/218/311
f 1306/196/326 1305/230/325 1307/218/311
f 147/198/327 149/231/328 148/201/329
f 148/201/329 149/231/328 150/232/330
f 1304/200/331 1305/230/325 1306/196/326
f 1301/233/332 1303/234/332 1302/235/332
f 1298/233/333 1299/236/334 1300/237/335
f 1297/235/336 1299/236/334 1298/233/333
f 151/231/337 153/238/338 152/232/339
f 1294/235/340 1295/234/340 1296/239/340
f 153/238/338 154/240/341 152/232/339
f 152/232/339 154/240/341 155/241/342
f 154/240/341 156/242/343 155/241/342
f 155/241/342 156/242/343 157/243/344
f 156/242/343 158/244/345 157/243/344
f 157/243/344 158/244/345 159/245/346
f 158/244/345 160/246/347 159/245/346
f 159/245/346 160/246/347 161/247/348
f 160/246/347 162/248/349 161/247/348
f 161/247/348 162/248/349 163/249/350
f 162/248/349 164/250/351 163/249/350
f 163/249/350 164/250/351 165/251/352
f 164/250/351 166/252/352 165/251/352
f 165/251/352 166/252/352 167/253/353
f 166/252/352 168/254/354 167/253/353
f 167/253/353 168/254/354 169/255/355
f 168/254/354 170/256/356 169/255/355
f 169/255/355 170/256/356 171/257/357
f 170/256/356 172/258/358 171/257/357
f 171/257/357 172/258/358 173/259/359
f 172/258/358 174/260/360 173/259/359
f 173/259/359 174/260/360 175/261/337
f 174/260/360 176/262/338 175/261/337
f 1291/239/361 1293/234/362 1292/263/363
f 1290/264/361 1291/239/361 1292/263/363
f 1287/265/364 1289/237/365 1288/236/366
f 1286/266/367 1287/265/364 1288/236/366
f 177/232/368 178/241/368 179/201/368
f 178/241/368 180/204/368 179/201/368
f 1285/267/369 1287/265/364 1286/266/367
f 1284/268/370 1285/267/369 1286/266/367
f 1281/264/371 1283/263/372 1282/269/371
f 1280/270/373 1281/264/371 1282/269/371
f 181/241/374 182/243/375 183/204/376
f 1277/234/377 1279/233/378 1278/237/379
f 183/204/376 182/243/375 184/206/380
f 1276/265/381 1277/234/377 1278/237/379
f 184/206/380 182/243/375 185/208/382
f 182/243/375 186/245/383 185/208/382
f 185/208/382 186/245/383 187/212/384
f 186/245/383 188/247/385 187/212/384
f 1275/263/386 1277/234/377 1276/265/381
f 188/247/385 189/249/387 187/212/384
f 187/212/384 189/249/387 190/213/388
f 1274/267/389 1275/263/386 1276/265/381
f 1272/269/390 1275/263/386 1274/267/389
f 1273/268/391 1272/269/390 1274/267/389
f 1271/270/392 1272/269/390 1273/268/391
f 191/240/393 193/238/394 192/271/395
f 192/271/395 193/238/394 194/272/396
f 1268/273/397 1270/274/398 1269/275/399
f 1267/276/400 1268/273/397 1269/275/399
f 1266/277/401 1268/273/397 1267/276/400
f 1265/278/402 1266/277/401 1267/276/400
f 195/240/403 197/271/404 196/242/405
f 196/242/405 197/271/404 198/279/406
f 1264/280/407 1266/277/401 1265/278/402
f 1263/281/408 1264/280/407 1265/278/402
f 1261/282/409 1264/280/407 1263/281/408
f 1262/283/410 1261/282/409 1263/281/408
f 199/272/411 201/284/412 200/271/413
f 1260/285/414 1261/282/409 1262/283/410
f 201/284/412 202/286/415 200/271/413
f 200/271/413 202/286/415 203/279/416
f 202/286/415 204/287/417 203/279/416
f 203/279/416 204/287/417 205/288/418
f 204/287/417 206/289/419 205/288/418
f 205/288/418 206/289/419 207/290/420
f 206/289/419 208/291/421 207/290/420
f 207/290/420 208/291/421 209/292/422
f 208/291/421 210/293/423 209/292/422
f 1259/294/424 1261/282/409 1260/285/414
f 210/293/423 211/295/425 209/292/422
f 209/292/422 211/295/425 212/296/426
f 211/295/425 213/297/427 212/296/426
f 212/296/426 213/297/427 214/298/428
f 213/297/427 215/299/429 214/298/428
f 214/298/428 215/299/429 216/300/430
f 1258/301/431 1259/294/424 1260/285/414
f 216/300/430 215/299/429 217/302/432
f 215/299/429 218/303/433 217/302/432
f 1256/304/434 1259/294/424 1258/301/431
f 218/303/433 219/305/435 217/302/432
f 217/302/432 219/305/435 220/306/436
f 1257/307/437 1256/304/434 1258/301/431
f 220/306/436 219/305/435 221/308/438
f 219/305/435 222/309/439 221/308/438
f 221/308/438 222/309/439 223/310/440
f 222/309/439 224/311/441 223/310/440
f 1255/312/442 1256/304/434 1257/307/437
f 1252/307/443 1254/313/444 1253/314/445
f 1251/312/446 1252/307/443 1253/314/445
f 1248/315/447 1250/314/448 1249/313/449
f 225/284/450 226/316/451 227/286/452
f 226/316/451 228/317/453 227/286/452
f 227/286/452 228/317/453 229/318/454
f 228/317/453 230/319/455 229/318/454
f 1247/320/456 1248/315/447 1249/313/449
f 230/319/455 231/321/457 229/318/454
f 1245/322/458 1248/315/447 1247/320/456
f 231/321/457 232/323/459 229/318/454
f 1246/324/460 1245/322/458 1247/320/456
f 232/323/459 233/325/461 229/318/454
f 229/318/454 233/325/461 234/287/462
f 233/325/461 235/326/463 234/287/462
f 234/287/462 235/326/463 236/289/464
f 235/326/463 237/327/465 236/289/464
f 236/289/464 237/327/465 238/328/466
f 237/327/465 239/329/467 238/328/466
f 1244/330/468 1245/322/458 1246/324/460
f 239/329/467 240/331/469 238/328/466
f 1242/332/470 1245/322/458 1244/330/468
f 240/331/469 241/333/471 238/328/466
f 1243/334/472 1242/332/470 1244/330/468
f 241/333/471 242/335/473 238/328/466
f 238/328/466 242/335/473 243/293/474
f 242/335/473 244/336/475 243/293/474
f 243/293/474 244/336/475 245/295/476
f 244/336/475 246/337/477 245/295/476
f 245/295/476 246/337/477 247/338/478
f 246/337/477 248/339/479 247/338/478
f 1241/340/480 1242/332/470 1243/334/472
f 248/339/479 249/341/481 247/338/478
f 1238/342/482 1240/343/483 1239/344/484
f 249/341/481 250/345/485 247/338/478
f 1237/346/486 1238/342/482 1239/344/484
f 250/345/485 251/347/487 247/338/478
f 247/338/478 251/347/487 252/299/488
f 251/347/487 253/348/489 252/299/488
f 252/299/488 253/348/489 254/303/490
f 1236/349/491 1238/342/482 1237/346/486
f 254/303/490 253/348/489 255/305/492
f 1235/350/493 1236/349/491 1237/346/486
f 255/305/492 253/348/489 256/351/494
f 253/348/489 257/352/495 256/351/494
f 1233/353/496 1236/349/491 1235/350/493
f 257/352/495 258/354/497 256/351/494
f 1234/355/498 1233/353/496 1235/350/493
f 258/354/497 259/356/499 256/351/494
f 1232/357/500 1233/353/496 1234/355/498
f 259/356/499 260/358/501 256/351/494
f 1231/359/502 1233/353/496 1232/357/500
f 260/358/501 261/360/503 256/351/494
f 1229/361/504 1231/359/502 1232/357/500
f 261/360/503 262/362/505 256/351/494
f 256/351/494 262/362/505 263/309/506
f 262/362/505 264/311/507 263/309/506
f 1230/363/508 1231/359/502 1229/361/504
f 1228/364/509 1230/363/508 1229/361/504
f 1227/365/510 1228/364/509 1229/361/504
f 1226/366/511 1228/364/509 1227/365/510
f 234/287/462 227/286/452 229/318/454
f 1225/367/512 1226/366/511 1227/365/510
f 1223/368/513 1226/366/511 1225/367/512
f 1224/369/514 1223/368/513 1225/367/512
f 1222/370/515 1223/368/513 1224/369/514
f 236/289/464 238/328/466 265/291/516
f 265/291/516 238/328/466 243/293/474
f 1221/371/517 1223/368/513 1222/370/515
f 1219/372/518 1221/371/517 1222/370/515
f 1220/373/519 1221/371/517 1219/372/518
f 1218/374/520 1220/373/519 1219/372/518
f 245/295/476 247/338/478 266/297/521
f 266/297/521 247/338/478 252/299/488
f 1217/375/522 1218/374/520 1219/372/518
f 1216/376/523 1218/374/520 1217/375/522
f 1215/377/524 1216/376/523 1217/375/522
f 1213/378/525 1216/376/523 1215/377/524
f 263/309/506 255/305/492 256/351/494
f 1214/379/526 1213/378/525 1215/377/524
f 1211/380/527 1213/378/525 1214/379/526
f 1212/381/528 1213/378/525 1211/380/527
f 1210/382/529 1212/381/528 1211/380/527
f 267/242/530 268/279/531 269/244/532
f 268/279/531 270/288/533 269/244/532
f 1209/383/534 1210/382/529 1211/380/527
f 270/288/533 271/290/535 269/244/532
f 269/244/532 271/290/535 272/246/536
f 1208/384/537 1210/382/529 1209/383/534
f 272/246/536 271/290/535 273/248/538
f 271/290/535 274/292/539 273/248/538
f 273/248/538 274/292/539 275/250/540
f 274/292/539 276/296/541 275/250/540
f 1207/385/542 1208/384/537 1209/383/534
f 276/296/541 277/298/543 275/250/540
f 275/250/540 277/298/543 278/252/544
f 1206/386/545 1208/384/537 1207/385/542
f 1205/387/546 1206/386/545 1207/385/542
f 1203/388/547 1206/386/545 1205/387/546
f 1204/389/548 1203/388/547 1205/387/546
f 279/316/549 281/390/550 280/317/551
f 1202/391/552 1203/388/547 1204/389/548
f 281/390/550 282/392/553 280/317/551
f 1201/393/554 1203/388/547 1202/391/552
f 282/392/553 283/394/555 280/317/551
f 280/317/551 283/394/555 284/319/556
f 283/394/555 285/395/557 284/319/556
f 284/319/556 285/395/557 286/321/558
f 1200/396/559 1201/393/554 1202/391/552
f 1199/397/560 1201/393/554 1200/396/559
f 1196/342/561 1197/398/562 1198/343/563
f 1195/399/564 1197/398/562 1196/342/561
f 287/390/565 289/400/566 288/392/567
f 1193/349/568 1195/399/564 1196/342/561
f 289/400/566 290/401/569 288/392/567
f 288/392/567 290/401/569 291/394/570
f 290/401/569 292/402/571 291/394/570
f 291/394/570 292/402/571 293/395/572
f 292/402/571 294/403/573 293/395/572
f 293/395/572 294/403/573 295/404/574
f 294/403/573 296/405/575 295/404/574
f 295/404/574 296/405/575 297/406/576
f 296/405/575 298/407/577 297/406/576
f 297/406/576 298/407/577 299/408/578
f 1194/409/579 1195/399/564 1193/349/568
f 299/408/578 298/407/577 300/410/580
f 298/407/577 301/411/581 300/410/580
f 1192/412/582 1194/409/579 1193/349/568
f 301/411/581 302/413/583 300/410/580
f 300/410/580 302/413/583 303/414/584
f 302/413/583 304/415/585 303/414/584
f 303/414/584 304/415/585 305/416/586
f 1191/353/587 1192/412/582 1193/349/568
f 305/416/586 304/415/585 306/417/588
f 304/415/585 307/418/589 306/417/588
f 306/417/588 307/418/589 308/419/590
f 307/418/589 309/420/591 308/419/590
f 1189/421/592 1192/412/582 1191/353/587
f 309/420/591 310/422/593 308/419/590
f 308/419/590 310/422/593 311/423/594
f 1190/359/595 1189/421/592 1191/353/587
f 1188/363/596 1189/421/592 1190/359/595
f 1187/424/597 1189/421/592 1188/363/596
f 1186/364/598 1187/424/597 1188/363/596
f 301/411/581 298/407/577 312/425/599
f 312/425/599 298/407/577 296/405/575
f 1185/426/600 1187/424/597 1186/364/598
f 1183/366/601 1185/426/600 1186/364/598
f 1184/427/602 1185/426/600 1183/366/601
f 1182/428/603 1184/427/602 1183/366/601
f 312/425/599 313/429/604 301/411/581
f 301/411/581 313/429/604 302/413/583
f 313/429/604 314/430/605 302/413/583
f 302/413/583 314/430/605 315/431/606
f 1181/368/607 1182/428/603 1183/366/601
f 315/431/606 314/430/605 316/432/608
f 1180/433/609 1182/428/603 1181/368/607
f 316/432/608 314/430/605 317/434/610
f 314/430/605 313/429/604 317/434/610
f 317/434/610 313/429/604 318/435/611
f 313/429/604 312/425/599 318/435/611
f 318/435/611 312/425/599 319/436/612
f 1179/371/613 1180/433/609 1181/368/607
f 1177/437/614 1180/433/609 1179/371/613
f 1178/373/615 1177/437/614 1179/371/613
f 1176/374/616 1177/437/614 1178/373/615
f 302/413/583 315/431/606 320/415/617
f 320/415/617 315/431/606 321/418/618
f 315/431/606 322/438/619 321/418/618
f 321/418/618 322/438/619 323/420/620
f 322/438/619 324/439/621 323/420/620
f 323/420/620 324/439/621 325/440/622
f 324/439/621 326/441/623 325/440/622
f 1175/442/624 1177/437/614 1176/374/616
f 326/441/623 327/443/625 325/440/622
f 1173/376/626 1175/442/624 1176/374/616
f 327/443/625 328/444/627 325/440/622
f 325/440/622 328/444/627 329/445/628
f 328/444/627 330/446/629 329/445/628
f 1174/447/630 1175/442/624 1173/376/626
f 1172/448/631 1174/447/630 1173/376/626
f 1171/378/632 1172/448/631 1173/376/626
f 1169/449/633 1172/448/631 1171/378/632
f 315/431/606 316/432/608 322/438/619
f 316/432/608 331/450/634 322/438/619
f 322/438/619 331/450/634 324/439/621
f 331/450/634 326/441/623 324/439/621
f 1170/381/635 1169/449/633 1171/378/632
f 1168/382/636 1169/449/633 1170/381/635
f 1167/451/637 1169/449/633 1168/382/636
f 1166/384/638 1167/451/637 1168/382/636
f 323/420/620 325/440/622 332/422/639
f 325/440/622 329/445/628 332/422/639
f 1165/452/640 1167/451/637 1166/384/638
f 329/445/628 333/453/641 332/422/639
f 332/422/639 333/453/641 334/454/642
f 1164/386/643 1165/452/640 1166/384/638
f 334/454/642 333/453/641 335/455/644
f 333/453/641 336/456/645 335/455/644
f 335/455/644 336/456/645 337/457/646
f 336/456/645 338/458/647 337/457/646
f 1163/459/648 1165/452/640 1164/386/643
f 338/458/647 339/460/649 337/457/646
f 337/457/646 339/460/649 340/461/650
f 339/460/649 341/462/651 340/461/650
f 340/461/650 341/462/651 342/463/652
f 341/462/651 343/464/653 342/463/652
f 342/463/652 343/464/653 344/465/654
f 1161/388/655 1163/459/648 1164/386/643
f 344/465/654 343/464/653 345/466/656
f 343/464/653 346/467/657 345/466/656
f 1162/468/658 1163/459/648 1161/388/655
f 346/467/657 347/469/659 345/466/656
f 345/466/656 347/469/659 348/470/660
f 347/469/659 349/471/661 348/470/660
f 348/470/660 349/471/661 350/472/662
f 349/471/661 351/473/663 350/472/662
f 350/472/662 351/473/663 352/474/664
f 351/473/663 353/475/665 352/474/664
f 352/474/664 353/475/665 354/476/666
f 353/475/665 355/477/667 354/476/666
f 354/476/666 355/477/667 356/478/668
f 1160/479/669 1162/468/658 1161/388/655
f 1158/393/670 1160/479/669 1161/388/655
f 1159/480/671 1160/479/669 1158/393/670
f 1157/397/672 1159/480/671 1158/393/670
f 357/423/673 332/422/639 334/454/642
f 1154/399/674 1155/481/675 1156/398/676
f 1153/482/677 1155/481/675 1154/399/674
f 1152/409/678 1153/482/677 1154/399/674
f 1151/483/679 1153/482/677 1152/409/678
f 355/477/667 353/475/665 358/484/680
f 353/475/665 359/485/681 358/484/680
f 358/484/680 359/485/681 360/486/682
f 1150/412/683 1151/483/679 1152/409/678
f 360/486/682 359/485/681 361/487/684
f 359/485/681 362/488/685 361/487/684
f 361/487/684 362/488/685 363/489/686
f 362/488/685 364/490/687 363/489/686
f 363/489/686 364/490/687 365/491/688
f 364/490/687 349/471/661 365/491/688
f 1149/492/689 1151/483/679 1150/412/683
f 349/471/661 366/469/690 365/491/688
f 365/491/688 366/469/690 367/493/691
f 366/469/690 346/467/657 367/493/691
f 1148/421/692 1149/492/689 1150/412/683
f 1147/494/692 1149/492/689 1148/421/692
f 1146/424/693 1147/494/692 1148/421/692
f 1145/495/694 1147/494/692 1146/424/693
f 353/475/665 351/473/663 359/485/681
f 1144/426/695 1145/495/694 1146/424/693
f 359/485/681 351/473/663 362/488/685
f 1143/496/696 1145/495/694 1144/426/695
f 362/488/685 351/473/663 364/490/687
f 351/473/663 349/471/661 364/490/687
f 1142/427/697 1143/496/696 1144/426/695
f 1141/497/698 1143/496/696 1142/427/697
f 1140/428/699 1141/497/698 1142/427/697
f 1139/498/700 1141/497/698 1140/428/699
f 360/486/682 368/499/701 358/484/680
f 1138/433/702 1139/498/700 1140/428/699
f 1137/500/703 1139/498/700 1138/433/702
f 1136/437/704 1137/500/703 1138/433/702
f 1135/501/705 1137/500/703 1136/437/704
f 363/489/686 365/491/688 369/502/706
f 1134/442/707 1135/501/705 1136/437/704
f 365/491/688 367/493/691 369/502/706
f 369/502/706 367/493/691 370/503/708
f 367/493/691 371/504/709 370/503/708
f 370/503/708 371/504/709 372/505/710
f 1133/506/711 1135/501/705 1134/442/707
f 372/505/710 371/504/709 373/507/712
f 371/504/709 374/508/713 373/507/712
f 373/507/712 374/508/713 375/509/714
f 374/508/713 376/510/715 375/509/714
f 375/509/714 376/510/715 377/511/716
f 1132/447/717 1133/506/711 1134/442/707
f 377/511/716 376/510/715 378/512/718
f 376/510/715 339/460/649 378/512/718
f 1131/513/719 1133/506/711 1132/447/717
f 339/460/649 379/458/720 378/512/718
f 1130/448/721 1131/513/719 1132/447/717
f 379/458/720 380/456/722 378/512/718
f 1129/514/721 1131/513/719 1130/448/721
f 380/456/722 381/515/723 378/512/718
f 378/512/718 381/515/723 377/511/716
f 1128/449/724 1129/514/721 1130/448/721
f 1127/516/725 1129/514/721 1128/449/724
f 1126/451/726 1127/516/725 1128/449/724
f 1125/517/727 1127/516/725 1126/451/726
f 367/493/691 346/467/657 371/504/709
f 1124/452/728 1125/517/727 1126/451/726
f 346/467/657 343/464/653 371/504/709
f 1123/518/729 1125/517/727 1124/452/728
f 343/464/653 341/462/651 371/504/709
f 371/504/709 341/462/651 374/508/713
f 1122/459/730 1123/518/729 1124/452/728
f 374/508/713 341/462/651 376/510/715
f 341/462/651 339/460/649 376/510/715
f 1121/519/731 1123/518/729 1122/459/730
f 1120/468/732 1121/519/731 1122/459/730
f 1119/520/733 1121/519/731 1120/468/732
f 1118/479/734 1119/520/733 1120/468/732
f 380/456/722 333/453/641 381/515/723
f 333/453/641 329/445/628 381/515/723
f 1117/521/735 1119/520/733 1118/479/734
f 329/445/628 330/446/629 381/515/723
f 381/515/723 330/446/629 377/511/716
f 1116/480/676 1117/521/735 1118/479/734
f 1115/522/675 1117/521/735 1116/480/676
f 1111/482/736 1113/523/737 1114/481/738
f 1112/524/739 1113/523/737 1111/482/736
f 382/525/740 384/526/741 383/527/680
f 383/527/680 384/526/741 385/528/742
f 384/526/741 386/529/743 385/528/742
f 385/528/742 386/529/743 387/530/744
f 386/529/743 388/531/745 387/530/744
f 387/530/744 388/531/745 292/402/571
f 1110/532/746 1112/524/739 1111/482/736
f 292/402/571 388/531/745 294/403/573
f 388/531/745 389/533/747 294/403/573
f 294/403/573 389/533/747 296/405/575
f 1109/483/748 1110/532/746 1111/482/736
f 1108/534/749 1110/532/746 1109/483/748
f 1107/492/750 1108/534/749 1109/483/748
f 1105/535/751 1108/534/749 1107/492/750
f 383/527/680 385/528/742 289/400/752
f 289/400/752 385/528/742 390/401/753
f 385/528/742 387/530/744 390/401/753
f 390/401/753 387/530/744 292/402/571
f 1106/494/754 1105/535/751 1107/492/750
f 1104/495/755 1105/535/751 1106/494/754
f 1103/536/756 1105/535/751 1104/495/755
f 1101/496/757 1103/536/756 1104/495/755
f 386/529/743 391/537/758 388/531/745
f 388/531/745 391/537/758 389/533/747
f 391/537/758 392/538/759 389/533/747
f 389/533/747 392/538/759 312/425/599
f 392/538/759 319/436/612 312/425/599
f 1102/539/760 1103/536/756 1101/496/757
f 1100/540/761 1102/539/760 1101/496/757
f 1099/497/762 1100/540/761 1101/496/757
f 1098/541/763 1100/540/761 1099/497/762
f 389/533/747 312/425/599 296/405/575
f 1097/498/763 1098/541/763 1099/497/762
f 1096/542/764 1098/541/763 1097/498/763
f 1095/500/765 1096/542/764 1097/498/763
f 1093/543/766 1096/542/764 1095/500/765
f 393/525/767 395/544/768 394/526/769
f 1094/501/770 1093/543/766 1095/500/765
f 395/544/768 396/545/771 394/526/769
f 394/526/769 396/545/771 397/529/772
f 396/545/771 398/546/773 397/529/772
f 397/529/772 398/546/773 399/537/774
f 398/546/773 400/547/775 399/537/774
f 399/537/774 400/547/775 401/538/776
f 400/547/775 402/548/777 401/538/776
f 401/538/776 402/548/777 403/436/778
f 402/548/777 404/549/779 403/436/778
f 403/436/778 404/549/779 405/435/780
f 404/549/779 406/550/781 405/435/780
f 405/435/780 406/550/781 407/434/782
f 406/550/781 408/551/783 407/434/782
f 1092/506/784 1093/543/766 1094/501/770
f 408/551/783 409/552/785 407/434/782
f 407/434/782 409/552/785 410/432/786
f 1091/553/787 1093/543/766 1092/506/784
f 410/432/786 409/552/785 411/450/788
f 409/552/785 412/554/789 411/450/788
f 1090/513/790 1091/553/787 1092/506/784
f 412/554/789 413/555/791 411/450/788
f 411/450/788 413/555/791 414/441/792
f 413/555/791 415/556/793 414/441/792
f 414/441/792 415/556/793 416/443/794
f 1089/557/795 1091/553/787 1090/513/790
f 416/443/794 415/556/793 417/444/796
f 415/556/793 418/558/797 417/444/796
f 417/444/796 418/558/797 419/446/798
f 418/558/797 420/559/799 419/446/798
f 419/446/798 420/559/799 421/511/800
f 420/559/799 422/560/801 421/511/800
f 1087/514/802 1089/557/795 1090/513/790
f 422/560/801 423/561/803 421/511/800
f 421/511/800 423/561/803 424/509/804
f 423/561/803 425/562/805 424/509/804
f 424/509/804 425/562/805 426/507/806
f 425/562/805 427/563/807 426/507/806
f 426/507/806 427/563/807 428/505/808
f 1088/564/809 1089/557/795 1087/514/802
f 428/505/808 427/563/807 429/503/810
f 427/563/807 430/565/811 429/503/810
f 429/503/810 430/565/811 431/502/812
f 430/565/811 432/566/813 431/502/812
f 1085/567/814 1088/564/809 1087/514/802
f 432/566/813 433/568/815 431/502/812
f 431/502/812 433/568/815 434/489/816
f 433/568/815 435/569/817 434/489/816
f 434/489/816 435/569/817 436/487/818
f 435/569/817 437/570/819 436/487/818
f 436/487/818 437/570/819 438/486/820
f 437/570/819 439/571/821 438/486/820
f 438/486/820 439/571/821 440/499/822
f 1086/516/823 1085/567/814 1087/514/802
f 1083/517/824 1085/567/814 1086/516/823
f 1084/572/825 1085/567/814 1083/517/824
f 1082/573/826 1084/572/825 1083/517/824
f 441/574/827 443/575/828 442/544/829
f 442/544/829 443/575/828 444/545/830
f 443/575/828 445/576/831 444/545/830
f 444/545/830 445/576/831 446/546/832
f 1081/518/833 1082/573/826 1083/517/824
f 446/546/832 445/576/831 447/547/834
f 445/576/831 448/577/835 447/547/834
f 447/547/834 448/577/835 449/548/836
f 448/577/835 450/578/837 449/548/836
f 449/548/836 450/578/837 451/549/838
f 450/578/837 452/579/839 451/549/838
f 451/549/838 452/579/839 453/550/840
f 452/579/839 454/580/841 453/550/840
f 1080/581/842 1082/573/826 1081/518/833
f 454/580/841 455/582/843 453/550/840
f 453/550/840 455/582/843 456/551/844
f 455/582/843 457/583/845 456/551/844
f 456/551/844 457/583/845 458/552/846
f 1079/519/847 1080/581/842 1081/518/833
f 458/552/846 457/583/845 459/554/848
f 457/583/845 460/584/849 459/554/848
f 459/554/848 460/584/849 461/555/850
f 460/584/849 462/585/851 461/555/850
f 461/555/850 462/585/851 463/556/852
f 462/585/851 464/586/853 463/556/852
f 1078/587/854 1080/581/842 1079/519/847
f 464/586/853 465/588/855 463/556/852
f 463/556/852 465/588/855 466/558/856
f 465/588/855 467/589/857 466/558/856
f 466/558/856 467/589/857 468/559/858
f 1077/520/859 1078/587/854 1079/519/847
f 468/559/858 467/589/857 469/560/860
f 467/589/857 470/590/861 469/560/860
f 469/560/860 470/590/861 471/561/862
f 470/590/861 472/591/863 471/561/862
f 471/561/862 472/591/863 473/562/864
f 472/591/863 474/592/865 473/562/864
f 473/562/864 474/592/865 475/563/866
f 474/592/865 476/593/867 475/563/866
f 1076/594/868 1078/587/854 1077/520/859
f 476/593/867 477/595/869 475/563/866
f 475/563/866 477/595/869 478/565/870
f 477/595/869 479/596/871 478/565/870
f 478/565/870 479/596/871 480/566/872
f 479/596/871 481/597/873 480/566/872
f 480/566/872 481/597/873 482/568/874
f 1074/521/875 1076/594/868 1077/520/859
f 482/568/874 481/597/873 483/569/876
f 481/597/873 484/598/877 483/569/876
f 483/569/876 484/598/877 485/570/878
f 484/598/877 486/599/879 485/570/878
f 485/570/878 486/599/879 487/571/880
f 486/599/879 488/600/881 487/571/880
f 1075/601/882 1076/594/868 1074/521/875
f 1073/522/883 1075/601/882 1074/521/875
f 1070/524/884 1071/602/885 1072/523/886
f 1069/603/887 1071/602/885 1070/524/884
f 489/604/888 490/605/889 491/574/890
f 1068/532/891 1069/603/887 1070/524/884
f 491/574/890 490/605/889 492/575/892
f 490/605/889 493/606/893 492/575/892
f 492/575/892 493/606/893 494/576/894
f 493/606/893 495/607/895 494/576/894
f 494/576/894 495/607/895 496/608/896
f 1067/609/897 1069/603/887 1068/532/891
f 496/608/896 495/607/895 497/610/898
f 1066/534/899 1067/609/897 1068/532/891
f 497/610/898 495/607/895 498/611/900
f 1065/612/901 1067/609/897 1066/534/899
f 498/611/900 495/607/895 499/613/902
f 495/607/895 493/606/893 499/613/902
f 1064/535/903 1065/612/901 1066/534/899
f 1063/614/904 1065/612/901 1064/535/903
f 1062/536/905 1063/614/904 1064/535/903
f 1061/615/905 1063/614/904 1062/536/905
f 494/576/894 496/608/896 500/577/906
f 496/608/896 501/616/907 500/577/906
f 500/577/906 501/616/907 502/578/908
f 501/616/907 503/617/909 502/578/908
f 502/578/908 503/617/909 504/579/910
f 503/617/909 505/618/911 504/579/910
f 504/579/910 505/618/911 506/619/912
f 505/618/911 507/620/913 506/619/912
f 1060/539/914 1061/615/905 1062/536/905
f 507/620/913 508/621/915 506/619/912
f 506/619/912 508/621/915 509/580/916
f 1059/622/917 1061/615/905 1060/539/914
f 509/580/916 508/621/915 510/582/918
f 508/621/915 511/623/919 510/582/918
f 510/582/918 511/623/919 512/583/920
f 511/623/919 513/624/921 512/583/920
f 512/583/920 513/624/921 514/625/922
f 1058/540/923 1059/622/917 1060/539/914
f 514/625/922 513/624/921 515/626/924
f 1057/627/925 1059/622/917 1058/540/923
f 515/626/924 513/624/921 516/628/926
f 513/624/921 511/623/919 516/628/926
f 1056/541/927 1057/627/925 1058/540/923
f 1055/629/928 1057/627/925 1056/541/927
f 1054/542/929 1055/629/928 1056/541/927
f 1053/630/930 1055/629/928 1054/542/929
f 503/617/909 517/631/931 505/618/911
f 517/631/931 507/620/913 505/618/911
f 1052/543/932 1053/630/930 1054/542/929
f 1051/632/933 1053/630/930 1052/543/932
f 1050/553/934 1051/632/933 1052/543/932
f 1049/633/935 1051/632/933 1050/553/934
f 504/579/910 506/619/912 509/580/916
f 1048/557/936 1049/633/935 1050/553/934
f 1047/634/937 1049/633/935 1048/557/936
f 1046/564/938 1047/634/937 1048/557/936
f 1045/635/939 1047/634/937 1046/564/938
f 512/583/920 514/625/922 518/584/940
f 1044/567/941 1045/635/939 1046/564/938
f 514/625/922 519/636/942 518/584/940
f 518/584/940 519/636/942 520/585/943
f 519/636/942 521/637/944 520/585/943
f 520/585/943 521/637/944 522/586/945
f 521/637/944 523/638/946 522/586/945
f 522/586/945 523/638/946 524/588/947
f 523/638/946 525/639/948 524/588/947
f 524/588/947 525/639/948 526/589/949
f 525/639/948 527/640/950 526/589/949
f 526/589/949 527/640/950 528/641/951
f 527/640/950 529/642/952 528/641/951
f 1043/643/953 1045/635/939 1044/567/941
f 529/642/952 530/644/954 528/641/951
f 528/641/951 530/644/954 531/590/955
f 1041/572/956 1043/643/953 1044/567/941
f 531/590/955 530/644/954 532/591/957
f 530/644/954 533/645/958 532/591/957
f 532/591/957 533/645/958 534/592/959
f 533/645/958 535/646/960 534/592/959
f 534/592/959 535/646/960 536/593/961
f 535/646/960 537/647/962 536/593/961
f 536/593/961 537/647/962 538/595/963
f 1042/648/964 1043/643/953 1041/572/956
f 538/595/963 537/647/962 539/649/965
f 537/647/962 540/650/966 539/649/965
f 1039/651/967 1042/648/964 1041/572/956
f 540/650/966 541/652/968 539/649/965
f 1040/573/969 1039/651/967 1041/572/956
f 541/652/968 542/653/970 539/649/965
f 1038/581/971 1039/651/967 1040/573/969
f 542/653/970 543/654/972 539/649/965
f 539/649/965 543/654/972 538/595/963
f 1037/655/973 1039/651/967 1038/581/971
f 538/595/963 543/654/972 544/596/974
f 543/654/972 545/656/975 544/596/974
f 544/596/974 545/656/975 546/597/976
f 1036/587/977 1037/655/973 1038/581/971
f 546/597/976 545/656/975 547/657/978
f 545/656/975 548/658/979 547/657/978
f 1035/659/980 1037/655/973 1036/587/977
f 548/658/979 549/660/981 547/657/978
f 1034/594/982 1035/659/980 1036/587/977
f 549/660/981 550/661/983 547/657/978
f 547/657/978 550/661/983 551/598/984
f 550/661/983 552/662/985 551/598/984
f 551/598/984 552/662/985 553/599/986
f 552/662/985 554/663/987 553/599/986
f 553/599/986 554/663/987 555/600/988
f 1033/664/982 1035/659/980 1034/594/982
f 1032/601/886 1033/664/982 1034/594/982
f 1031/665/885 1033/664/982 1032/601/886
f 1028/666/989 1029/275/990 1030/274/991
f 519/636/942 556/667/992 521/637/944
f 521/637/944 556/667/992 523/638/946
f 1027/668/993 1029/275/990 1028/666/989
f 1026/669/994 1027/668/993 1028/666/989
f 1025/670/995 1027/668/993 1026/669/994
f 1023/671/996 1025/670/995 1026/669/994
f 526/589/949 528/641/951 531/590/955
f 1024/672/997 1025/670/995 1023/671/996
f 1022/673/998 1024/672/997 1023/671/996
f 1021/674/999 1022/673/998 1023/671/996
f 1020/675/1000 1022/673/998 1021/674/999
f 546/597/976 547/657/978 551/598/984
f 1019/676/1001 1020/675/1000 1021/674/999
f 1018/632/1002 979/633/1003 980/677/1004
f 982/678/1005 1018/632/1002 980/677/1004
f 1017/630/1006 1018/632/1002 982/678/1005
f 552/662/985 557/679/1007 554/663/987
f 985/680/1008 1017/630/1006 982/678/1005
f 557/679/1007 558/681/1009 554/663/987
f 1016/629/1010 1017/630/1006 985/680/1008
f 558/681/1009 559/682/1011 554/663/987
f 989/683/1012 1016/629/1010 985/680/1008
f 559/682/1011 560/684/1013 554/663/987
f 554/663/987 560/684/1013 555/600/988
f 1015/627/1014 1016/629/1010 989/683/1012
f 991/685/1015 1015/627/1014 989/683/1012
f 1014/622/1016 1015/627/1014 991/685/1015
f 992/686/1017 1014/622/1016 991/685/1015
f 561/604/1018 563/687/1019 562/605/1020
f 1013/615/1021 1014/622/1016 992/686/1017
f 563/687/1019 564/688/1022 562/605/1020
f 562/605/1020 564/688/1022 565/606/1023
f 994/689/1024 1013/615/1021 992/686/1017
f 1012/614/1025 1013/615/1021 994/689/1024
f 997/690/1026 1012/614/1025 994/689/1024
f 1011/612/1027 1012/614/1025 997/690/1026
f 566/606/1028 568/688/1029 567/613/1030
f 999/691/1031 1011/612/1027 997/690/1026
f 568/688/1029 569/692/1032 567/613/1030
f 567/613/1030 569/692/1032 570/611/1033
f 569/692/1032 571/693/1034 570/611/1033
f 1010/609/1035 1011/612/1027 999/691/1031
f 1001/694/1036 1010/609/1035 999/691/1031
f 1009/603/1037 1010/609/1035 1001/694/1036
f 1002/695/1038 1009/603/1037 1001/694/1036
f 572/611/1039 573/693/1040 574/610/1041
f 573/693/1040 575/696/1042 574/610/1041
f 1004/697/1043 1009/603/1037 1002/695/1038
f 1008/602/1044 1009/603/1037 1004/697/1043
f 1007/635/1045 975/698/1046 978/634/1047
f 972/699/1048 975/698/1046 1007/635/1045
f 576/696/1049 577/700/1050 578/610/1051
f 577/700/1050 579/608/1052 578/610/1051
f 967/643/1053 972/699/1048 1007/635/1045
f 966/701/1054 972/699/1048 967/643/1053
f 1004/697/1043 1005/702/1055 1006/703/1056
f 1003/704/1057 1005/702/1055 1004/697/1043
f 580/700/1058 581/705/1059 582/608/1060
f 1002/695/1038 1003/704/1057 1004/697/1043
f 582/608/1060 581/705/1059 583/616/1061
f 581/705/1059 584/706/1062 583/616/1061
f 583/616/1061 584/706/1062 585/617/1063
f 1000/340/214 1003/704/1057 1002/695/1038
f 1001/694/1036 1000/340/214 1002/695/1038
f 999/691/1031 1000/340/214 1001/694/1036
f 998/332/1064 1000/340/214 999/691/1031
f 586/617/1065 588/706/1066 587/631/1067
f 587/631/1067 588/706/1066 589/707/1068
f 997/690/1026 998/332/1064 999/691/1031
f 996/322/1069 998/332/1064 997/690/1026
f 994/689/1024 996/322/1069 997/690/1026
f 995/315/1070 996/322/1069 994/689/1024
f 590/707/1071 592/708/1072 591/631/1073
f 591/631/1073 592/708/1072 593/620/1074
f 993/314/1075 995/315/1070 994/689/1024
f 992/686/1017 993/314/1075 994/689/1024
f 990/312/1076 993/314/1075 992/686/1017
f 991/685/1015 990/312/1076 992/686/1017
f 594/708/1077 596/709/1078 595/620/1079
f 595/620/1079 596/709/1078 597/621/1080
f 596/709/1078 598/710/1081 597/621/1080
f 989/683/1012 990/312/1076 991/685/1015
f 988/304/1082 990/312/1076 989/683/1012
f 985/680/1008 988/304/1082 989/683/1012
f 987/294/1083 988/304/1082 985/680/1008
f 599/710/1084 600/711/1085 601/621/1085
f 600/711/1085 602/623/1086 601/621/1085
f 986/282/1087 987/294/1083 985/680/1008
f 984/280/1088 986/282/1087 985/680/1008
f 982/678/1005 984/280/1088 985/680/1008
f 983/277/1089 984/280/1088 982/678/1005
f 603/623/1090 604/711/1090 605/628/1091
f 604/711/1090 606/712/1092 605/628/1091
f 981/273/1093 983/277/1089 982/678/1005
f 980/677/1004 981/273/1093 982/678/1005
f 976/274/1094 981/273/1093 980/677/1004
f 977/713/1095 976/274/1094 980/677/1004
f 607/712/1096 608/714/1097 609/628/1098
f 979/633/1003 977/713/1095 980/677/1004
f 609/628/1098 608/714/1097 610/626/1099
f 608/714/1097 611/715/1100 610/626/1099
f 610/626/1099 611/715/1100 612/625/1101
f 978/634/1047 977/713/1095 979/633/1003
f 975/698/1046 977/713/1095 978/634/1047
f 976/274/1094 977/713/1095 975/698/1046
f 974/666/1102 976/274/1094 975/698/1046
f 613/625/1103 615/715/1104 614/636/1105
f 614/636/1105 615/715/1104 616/716/1106
f 972/699/1048 974/666/1102 975/698/1046
f 973/669/1107 974/666/1102 972/699/1048
f 971/671/1108 973/669/1107 972/699/1048
f 966/701/1054 971/671/1108 972/699/1048
f 617/636/1109 619/716/1110 618/667/1111
f 970/674/1112 971/671/1108 966/701/1054
f 619/716/1110 620/717/1113 618/667/1111
f 618/667/1111 620/717/1113 621/718/1114
f 963/719/1115 970/674/1112 966/701/1054
f 959/676/1116 970/674/1112 963/719/1115
f 960/720/1117 959/676/1116 963/719/1115
f 968/664/1118 969/665/1044 954/721/1043
f 622/718/1119 624/722/1120 623/667/1121
f 956/723/1122 968/664/1118 954/721/1043
f 624/722/1120 625/724/1123 623/667/1121
f 623/667/1121 625/724/1123 626/638/1124
f 961/659/1125 968/664/1118 956/723/1122
f 958/725/1126 961/659/1125 956/723/1122
f 965/648/1127 966/701/1054 967/643/1053
f 963/719/1115 966/701/1054 965/648/1127
f 627/724/1128 629/726/1129 628/638/1130
f 628/638/1130 629/726/1129 630/639/1131
f 629/726/1129 631/727/1132 630/639/1131
f 964/651/1133 963/719/1115 965/648/1127
f 962/655/1134 963/719/1115 964/651/1133
f 960/720/1117 963/719/1115 962/655/1134
f 961/659/1125 960/720/1117 962/655/1134
f 632/639/1135 633/727/1136 634/640/1137
f 958/725/1126 960/720/1117 961/659/1125
f 634/640/1137 633/727/1136 635/642/1138
f 633/727/1136 636/728/1138 635/642/1138
f 959/676/1116 960/720/1117 958/725/1126
f 957/729/1139 959/676/1116 958/725/1126
f 956/723/1122 957/729/1139 958/725/1126
f 955/730/1140 957/729/1139 956/723/1122
f 637/728/1141 638/731/1142 639/642/1143
f 954/721/1043 955/730/1140 956/723/1122
f 639/642/1143 638/731/1142 640/644/1144
f 638/731/1142 641/732/1145 640/644/1144
f 640/644/1144 641/732/1145 642/645/1146
f 953/733/1056 955/730/1140 954/721/1043
f 642/645/1146 641/732/1145 643/646/1147
f 641/732/1145 644/734/1148 643/646/1147
f 643/646/1147 644/734/1148 645/647/1149
f 944/735/1150 938/736/1151 936/737/1152
f 645/647/1149 644/734/1148 646/650/1153
f 644/734/1148 647/738/1154 646/650/1153
f 942/739/1155 938/736/1151 944/735/1150
f 935/324/1156 937/740/1157 939/330/1158
f 950/704/1159 952/340/1160 951/334/1161
f 949/741/1162 950/704/1159 951/334/1161
f 648/321/1163 649/395/1164 650/323/1165
f 649/395/1164 651/404/1166 650/323/1165
f 948/702/1167 950/704/1159 949/741/1162
f 651/404/1166 652/406/1168 650/323/1165
f 650/323/1165 652/406/1168 653/325/1169
f 652/406/1168 654/408/1170 653/325/1169
f 653/325/1169 654/408/1170 655/326/1171
f 943/742/1172 948/702/1167 949/741/1162
f 947/703/1173 948/702/1167 943/742/1172
f 946/743/1174 947/703/1173 943/742/1172
f 945/744/1009 946/743/1174 943/742/1172
f 656/326/1175 658/408/1176 657/327/1177
f 944/735/1150 945/744/1009 943/742/1172
f 658/408/1176 659/410/1178 657/327/1177
f 942/739/1155 944/735/1150 943/742/1172
f 659/410/1178 660/414/1179 657/327/1177
f 657/327/1177 660/414/1179 661/329/1180
f 660/414/1179 662/416/1181 661/329/1180
f 661/329/1180 662/416/1181 663/331/1182
f 941/741/1183 942/739/1155 943/742/1172
f 938/736/1151 942/739/1155 941/741/1183
f 940/334/1184 938/736/1151 941/741/1183
f 939/330/1158 938/736/1151 940/334/1184
f 664/331/1185 666/416/1186 665/333/1187
f 937/740/1157 938/736/1151 939/330/1158
f 666/416/1186 667/417/1188 665/333/1187
f 936/737/1152 938/736/1151 937/740/1157
f 667/417/1188 668/419/1189 665/333/1187
f 665/333/1187 668/419/1189 669/335/1190
f 668/419/1189 670/423/1191 669/335/1190
f 669/335/1190 670/423/1191 671/336/1192
f 935/324/1156 936/737/1152 937/740/1157
f 934/745/1193 936/737/1152 935/324/1156
f 931/320/1194 934/745/1193 935/324/1156
f 932/746/1195 934/745/1193 931/320/1194
f 672/336/1196 674/423/1197 673/337/1198
f 925/747/1199 927/301/1200 933/285/1201
f 674/423/1197 675/454/1202 673/337/1198
f 673/337/1198 675/454/1202 676/339/1203
f 675/454/1202 677/455/1204 676/339/1203
f 923/283/1205 925/747/1199 933/285/1201
f 677/455/1204 678/457/1206 676/339/1203
f 676/339/1203 678/457/1206 679/341/1207
f 914/748/1208 912/749/1209 920/750/1210
f 918/751/1211 914/748/1208 920/750/1210
f 915/668/1212 911/670/1213 913/752/1214
f 932/746/1195 926/753/1215 924/754/1216
f 680/213/1217 682/249/1218 681/216/1219
f 681/216/1219 682/249/1218 683/251/1220
f 930/755/1221 926/753/1215 932/746/1195
f 931/320/1194 930/755/1221 932/746/1195
f 929/313/1222 930/755/1221 931/320/1194
f 926/753/1215 930/755/1221 929/313/1222
f 684/216/1223 686/251/1224 685/220/1225
f 685/220/1225 686/251/1224 687/253/1226
f 928/307/1227 926/753/1215 929/313/1222
f 927/301/1200 926/753/1215 928/307/1227
f 925/747/1199 926/753/1215 927/301/1200
f 924/754/1216 926/753/1215 925/747/1199
f 688/252/1228 690/298/1229 689/254/1230
f 689/254/1230 690/298/1229 691/300/1230
f 923/283/1205 924/754/1216 925/747/1199
f 921/756/1231 924/754/1216 923/283/1205
f 922/281/1232 921/756/1231 923/283/1205
f 919/278/1233 921/756/1231 922/281/1232
f 692/253/1234 694/255/1235 693/220/1236
f 693/220/1236 694/255/1235 695/223/1237
f 694/255/1235 696/257/1238 695/223/1237
f 695/223/1237 696/257/1238 697/224/1239
f 696/257/1238 698/259/1240 697/224/1239
f 697/224/1239 698/259/1240 699/226/1241
f 698/259/1240 700/261/328 699/226/1241
f 699/226/1241 700/261/328 701/228/1242
f 920/750/1210 921/756/1231 919/278/1233
f 918/751/1211 920/750/1210 919/278/1233
f 917/276/1243 918/751/1211 919/278/1233
f 914/748/1208 918/751/1211 917/276/1243
f 702/254/1244 704/300/1245 703/256/1246
f 916/275/1247 914/748/1208 917/276/1243
f 704/300/1245 705/302/1248 703/256/1246
f 915/668/1212 914/748/1208 916/275/1247
f 705/302/1248 706/306/1249 703/256/1246
f 703/256/1246 706/306/1249 707/258/1250
f 913/752/1214 914/748/1208 915/668/1212
f 707/258/1250 706/306/1249 708/260/1251
f 706/306/1249 709/308/1252 708/260/1251
f 708/260/1251 709/308/1252 710/262/1253
f 709/308/1252 711/310/1254 710/262/1253
f 912/749/1209 914/748/1208 913/752/1214
f 911/670/1213 912/749/1209 913/752/1214
f 910/757/1255 912/749/1209 911/670/1213
f 904/672/1256 910/757/1255 911/670/1213
f 712/362/1257 713/360/1258 714/478/1259
f 903/758/1260 910/757/1255 904/672/1256
f 714/478/1259 713/360/1258 715/476/1261
f 713/360/1258 716/358/1262 715/476/1261
f 715/476/1261 716/358/1262 717/474/1263
f 909/759/1264 910/757/1255 903/758/1260
f 717/474/1263 716/358/1262 718/472/1265
f 716/358/1262 719/356/1266 718/472/1265
f 899/760/1267 909/759/1264 903/758/1260
f 897/761/1268 909/759/1264 899/760/1267
f 900/762/1269 895/763/1270 898/764/1271
f 908/762/1272 893/730/1273 895/763/1270
f 720/356/1274 721/354/1275 722/472/1276
f 907/729/1277 893/730/1273 908/762/1272
f 722/472/1276 721/354/1275 723/470/1278
f 906/675/1279 907/729/1277 908/762/1272
f 723/470/1278 721/354/1275 724/466/1280
f 721/354/1275 725/352/1281 724/466/1280
f 724/466/1280 725/352/1281 726/465/1282
f 725/352/1281 727/348/1283 726/465/1282
f 905/676/1284 907/729/1277 906/675/1279
f 902/673/1285 903/758/1260 904/672/1256
f 899/760/1267 903/758/1260 902/673/1285
f 901/675/1286 899/760/1267 902/673/1285
f 728/348/1287 729/347/1157 730/465/1288
f 900/762/1269 899/760/1267 901/675/1286
f 730/465/1288 729/347/1157 731/463/1289
f 729/347/1157 732/345/1290 731/463/1289
f 731/463/1289 732/345/1290 733/461/1291
f 898/764/1271 899/760/1267 900/762/1269
f 733/461/1291 732/345/1290 734/457/1292
f 732/345/1290 735/341/1293 734/457/1292
f 897/761/1268 899/760/1267 898/764/1271
f 895/763/1270 897/761/1268 898/764/1271
f 896/765/1294 897/761/1268 895/763/1270
f 894/766/1295 896/765/1294 895/763/1270
f 736/738/1296 737/767/1297 738/650/1298
f 737/767/1297 739/652/1299 738/650/1298
f 893/730/1273 894/766/1295 895/763/1270
f 892/733/1173 894/766/1295 893/730/1273
f 889/735/1300 890/768/1301 891/744/1302
f 888/769/1303 890/768/1301 889/735/1300
f 740/767/1304 741/770/1305 742/652/1306
f 887/737/1307 888/769/1303 889/735/1300
f 742/652/1306 741/770/1305 743/653/1308
f 741/770/1305 744/771/1309 743/653/1308
f 743/653/1308 744/771/1309 745/654/1309
f 886/772/1310 888/769/1303 887/737/1307
f 885/745/1311 886/772/1310 887/737/1307
f 884/773/1312 886/772/1310 885/745/1311
f 882/746/1313 884/773/1312 885/745/1311
f 746/771/1314 748/774/1315 747/654/1316
f 747/654/1316 748/774/1315 749/656/1317
f 883/775/1318 884/773/1312 882/746/1313
f 866/776/1319 883/775/1318 882/746/1313
f 881/754/1320 866/776/1319 882/746/1313
f 867/756/1321 866/776/1319 881/754/1320
f 750/656/1322 752/774/1323 751/658/1324
f 751/658/1324 752/774/1323 753/777/1325
f 878/778/1326 879/765/1302 880/779/1301
f 877/761/1327 879/765/1302 878/778/1326
f 876/780/1328 877/761/1327 878/778/1326
f 875/759/1329 877/761/1327 876/780/1328
f 754/658/1330 756/777/1331 755/660/1332
f 755/660/1332 756/777/1331 757/781/1333
f 874/782/1334 875/759/1329 876/780/1328
f 873/757/1335 875/759/1329 874/782/1334
f 872/783/1336 873/757/1335 874/782/1334
f 871/749/1337 873/757/1335 872/783/1336
f 758/781/1338 760/784/1339 759/660/1340
f 759/660/1340 760/784/1339 761/661/1341
f 869/785/1342 871/749/1337 872/783/1336
f 870/750/1343 871/749/1337 869/785/1342
f 867/756/1321 870/750/1343 869/785/1342
f 868/786/1344 867/756/1321 869/785/1342
f 762/661/1345 764/784/1346 763/662/1347
f 763/662/1347 764/784/1346 765/787/1348
f 866/776/1319 867/756/1321 868/786/1344
f 863/778/1349 865/779/1350 864/788/1351
f 862/789/1352 863/778/1349 864/788/1351
f 861/780/1353 863/778/1349 862/789/1352
f 766/662/1354 768/787/1355 767/679/1356
f 767/679/1356 768/787/1355 769/790/1357
f 860/791/1358 861/780/1353 862/789/1352
f 859/782/1359 861/780/1353 860/791/1358
f 858/792/1360 859/782/1359 860/791/1358
f 857/783/1361 859/782/1359 858/792/1360
f 770/790/1362 772/793/1363 771/679/1364
f 771/679/1364 772/793/1363 773/681/1020
f 856/794/1365 857/783/1361 858/792/1360
f 855/785/1366 857/783/1361 856/794/1365
f 854/795/1367 855/785/1366 856/794/1365
f 850/786/1368 853/785/1369 852/795/1370
f 774/793/1371 776/796/1372 775/681/1373
f 775/681/1373 776/796/1372 777/682/1374
f 776/796/1372 778/797/1375 777/682/1374
f 777/682/1374 778/797/1375 779/684/1376
f 851/798/1377 850/786/1368 852/795/1370
f 849/799/1378 850/786/1368 851/798/1377
f 848/776/1378 850/786/1368 849/799/1378
f 844/800/1379 846/776/1380 847/799/1381
f 780/801/1382 782/802/1383 781/803/1384
f 781/803/1384 782/802/1383 783/804/1383
f 782/802/1383 784/805/1385 783/804/1383
f 783/804/1383 784/805/1385 785/806/1386
f 845/775/1387 846/776/1380 844/800/1379
f 785/806/1386 784/805/1385 786/807/1307
f 784/805/1385 787/808/1388 786/807/1307
f 786/807/1307 787/808/1388 788/809/1389
f 787/808/1388 789/810/1390 788/809/1389
f 788/809/1389 789/810/1390 790/811/1391
f 789/810/1390 791/812/1392 790/811/1391
f 790/811/1391 791/812/1392 792/813/1393
f 842/773/1394 845/775/1387 844/800/1379
f 792/813/1393 791/812/1392 793/814/1395
f 843/815/1396 842/773/1394 844/800/1379
f 793/814/1395 791/812/1392 794/816/1397
f 791/812/1392 795/817/1398 794/816/1397
f 794/816/1397 795/817/1398 796/818/1399
f 795/817/1398 797/819/1400 796/818/1399
f 796/818/1399 797/819/1400 798/820/1401
f 797/819/1400 799/821/1402 798/820/1401
f 798/820/1401 799/821/1402 800/822/1403
f 799/821/1402 801/823/1404 800/822/1403
f 800/822/1403 801/823/1404 802/824/1405
f 841/825/1406 842/773/1394 843/815/1396
f 802/824/1405 801/823/1404 803/826/1407
f 801/823/1404 804/827/1408 803/826/1407
f 803/826/1407 804/827/1408 805/828/1409
f 840/772/1410 842/773/1394 841/825/1406
f 805/828/1409 804/827/1408 806/829/1411
f 804/827/1408 807/830/1412 806/829/1411
f 806/829/1411 807/830/1412 808/831/1384
f 807/830/1412 809/832/1413 808/831/1384
f 838/833/1414 840/772/1410 841/825/1406
f 839/769/1415 840/772/1410 838/833/1414
f 837/768/1350 839/769/1415 838/833/1414
f 836/834/1416 837/768/1350 838/833/1414
f 810/801/1417 811/834/1418 812/802/1419
f 811/834/1418 813/833/1420 812/802/1419
f 812/802/1419 813/833/1420 814/805/1421
f 813/833/1420 815/825/1422 814/805/1421
f 814/805/1421 815/825/1422 816/808/1423
f 815/825/1422 817/815/1424 816/808/1423
f 816/808/1423 817/815/1424 818/810/1425
f 817/815/1424 819/800/1426 818/810/1425
f 833/789/1427 835/788/1428 834/832/1429
f 819/800/1426 820/799/1430 818/810/1425
f 818/810/1425 820/799/1430 821/812/1431
f 832/830/1432 833/789/1427 834/832/1429
f 821/812/1431 820/799/1430 822/817/1433
f 820/799/1430 823/798/1434 822/817/1433
f 831/791/1435 833/789/1427 832/830/1432
f 823/798/1434 824/795/1436 822/817/1433
f 822/817/1433 824/795/1436 825/819/1437
f 824/795/1436 826/794/1438 825/819/1437
f 825/819/1437 826/794/1438 827/821/1439
f 830/827/1440 831/791/1435 832/830/1432
f 827/821/1439 826/794/1438 828/823/1441
f 826/794/1438 829/792/1442 828/823/1441
f 828/823/1441 829/792/1442 830/827/1440
f 829/792/1442 831/791/1435 830/827/1440
