# Blender 5.0.1
# www.blender.org
mtllib Rock.mtl
o model_0
v 0.080780 0.034484 0.066577
v 0.081627 0.034632 0.062268
v 0.083204 0.038871 0.068120
v 0.086458 0.038980 0.062550
v 0.084778 0.046404 0.067214
v 0.087802 0.045592 0.062668
v 0.088617 0.055031 0.065647
v 0.091229 0.055006 0.061463
v 0.091168 0.064429 0.062789
v 0.092119 0.065492 0.059600
v 0.090311 0.076309 0.060315
v 0.091350 0.077006 0.058354
v 0.086350 0.088194 0.058133
v 0.088657 0.088377 0.056643
v 0.084671 0.099339 0.052464
v 0.087874 0.098886 0.050978
v 0.081147 0.107535 0.044732
v 0.084781 0.107636 0.043157
v 0.079042 0.115936 0.035993
v 0.083477 0.116759 0.035083
v 0.077893 0.124495 0.028982
v 0.083579 0.126200 0.028613
v 0.077377 0.134574 0.024944
v 0.082154 0.135833 0.019678
v 0.075573 0.144805 0.015719
v 0.077888 0.143785 0.011011
v 0.069292 0.152704 0.009884
v 0.072404 0.151390 0.005710
v 0.061246 0.154744 -0.000278
v 0.071978 0.148375 0.000930
v 0.061980 0.152293 -0.003785
v 0.071002 0.145542 -0.003198
v 0.062735 0.149583 -0.006471
v 0.063815 0.149159 -0.010592
v 0.051013 0.150315 -0.010678
v 0.053049 0.149761 -0.014876
v 0.042124 0.150184 -0.018645
v 0.045281 0.148779 -0.024753
v 0.035716 0.148869 -0.029638
v 0.047875 0.144615 -0.029935
v 0.037501 0.144825 -0.034547
v 0.047837 0.140629 -0.032418
v 0.037029 0.141930 -0.037203
v 0.047803 0.137659 -0.034771
v 0.037530 0.140203 -0.039948
v 0.048638 0.137618 -0.038368
v 0.038594 0.141279 -0.043334
v 0.050419 0.138061 -0.042530
v 0.040342 0.141821 -0.047414
v 0.041334 0.139177 -0.052156
v 0.028286 0.143196 -0.052990
v 0.028924 0.139230 -0.057035
v 0.013865 0.140615 -0.060664
v 0.015779 0.135446 -0.064225
v 0.001650 0.130335 -0.070426
v 0.017676 0.129177 -0.066540
v 0.005837 0.123557 -0.070420
v 0.018881 0.124011 -0.068933
v 0.008339 0.119258 -0.073730
v 0.022359 0.118946 -0.073875
v 0.011838 0.116489 -0.078647
v 0.016693 0.110089 -0.082304
v 0.007114 0.104834 -0.085170
v 0.012824 0.096334 -0.086059
v -0.000617 0.097919 -0.087480
v 0.004884 0.090567 -0.088746
v -0.007818 0.091350 -0.089552
v -0.002650 0.084808 -0.091142
v -0.015377 0.085227 -0.090429
v -0.010356 0.078801 -0.091550
v -0.022745 0.079547 -0.089623
v -0.017590 0.072921 -0.089836
v -0.029304 0.073990 -0.087570
v -0.024308 0.067138 -0.087552
v -0.034699 0.067170 -0.085122
v -0.030320 0.060730 -0.084098
v -0.039698 0.061109 -0.082015
v -0.036253 0.054539 -0.080094
v -0.043594 0.057736 -0.077875
v -0.041072 0.051317 -0.075198
v -0.048117 0.055041 -0.075401
v -0.045461 0.048120 -0.073716
v -0.054158 0.051653 -0.076615
v -0.051573 0.043990 -0.074422
v -0.059135 0.049809 -0.078270
v -0.056654 0.041488 -0.075583
v -0.060922 0.040095 -0.075556
v -0.055588 0.030970 -0.073813
v -0.059418 0.029894 -0.071012
v -0.049799 0.023247 -0.070636
v -0.054209 0.020626 -0.067979
v -0.046022 0.013691 -0.065220
v -0.057242 0.019347 -0.064074
v -0.046990 0.014401 -0.059586
v -0.058827 0.020453 -0.057529
v -0.049063 0.017168 -0.052623
v -0.052984 0.016182 -0.046525
v -0.042218 0.012707 -0.043439
v -0.049644 0.010284 -0.035748
v -0.043817 0.006517 -0.030279
v -0.052252 0.007136 -0.024046
v -0.039851 0.004341 -0.023894
v -0.047668 0.004715 -0.017622
v -0.036376 0.002749 -0.017601
v -0.042726 0.001970 -0.011633
v -0.033331 0.003219 -0.011637
v -0.036744 0.000285 -0.005326
v -0.028688 0.004118 -0.004474
v -0.030679 -0.000227 0.001282
v -0.023078 0.004895 0.000760
v -0.024572 0.001057 0.007215
v -0.016199 0.004947 0.005135
v -0.017918 0.001173 0.012554
v -0.008486 0.002297 0.006043
v -0.009609 -0.001207 0.014296
v -0.000736 0.000351 0.005671
v -0.000824 -0.003049 0.014491
v 0.007206 -0.001257 0.006316
v 0.007894 -0.004677 0.014945
v 0.025035 -0.004800 0.007562
v 0.026882 -0.005207 0.016003
v 0.035384 -0.006266 0.008087
v 0.037019 -0.003803 0.016365
v 0.045162 -0.004432 0.009549
v 0.045338 -0.001627 0.017382
v 0.054269 -0.001663 0.012323
v 0.053961 0.000900 0.019221
v 0.063084 0.001231 0.015369
v 0.062254 0.005298 0.021151
v 0.071361 0.006933 0.016800
v 0.070611 0.010810 0.020567
v 0.076556 0.014166 0.013702
v 0.078621 0.016609 0.018281
v 0.083032 0.021392 0.012358
v 0.086740 0.021557 0.016617
v 0.092673 0.027355 0.010143
v 0.093686 0.026023 0.016102
v 0.101288 0.030798 0.013394
v 0.100032 0.029506 0.016522
v 0.109419 0.034499 0.018845
v 0.105255 0.034489 0.022938
v 0.114003 0.037430 0.025197
v 0.109869 0.036411 0.029743
v 0.115915 0.043597 0.031717
v 0.112836 0.041985 0.034896
v 0.117338 0.051636 0.039985
v 0.112494 0.047475 0.042789
v 0.112412 0.055690 0.050931
v 0.105556 0.043376 0.049967
v 0.106939 0.056861 0.053862
v 0.102011 0.045510 0.052258
v 0.100786 0.056332 0.054044
v 0.097698 0.046566 0.052188
v 0.096673 0.056779 0.053388
v 0.093618 0.047216 0.053351
v 0.093215 0.055840 0.056752
v 0.091611 0.046685 0.057526
v 0.077825 0.141537 0.006400
v 0.085041 0.133782 0.011433
v 0.084210 0.131136 0.008736
v 0.091062 0.122750 0.014453
v 0.091125 0.121098 0.011404
v 0.097055 0.113060 0.019112
v 0.096554 0.111189 0.016097
v 0.102122 0.101930 0.020784
v 0.104057 0.101870 0.018066
v 0.109078 0.093568 0.022017
v 0.111152 0.094006 0.018343
v 0.116290 0.086386 0.020042
v 0.116911 0.086461 0.015841
v 0.122262 0.078693 0.017953
v 0.119367 0.076522 0.012162
v 0.121785 0.069189 0.013718
v 0.118535 0.068554 0.009728
v 0.122989 0.061604 0.012976
v 0.117537 0.063758 0.007666
v 0.119901 0.054514 0.011084
v 0.114633 0.057589 0.006114
v 0.115294 0.047561 0.010728
v 0.110606 0.049415 0.005369
v 0.111677 0.040682 0.012115
v 0.105374 0.040948 0.006423
v 0.110633 0.036490 0.015217
v 0.101689 0.034509 0.009492
v 0.096270 0.034084 0.005371
v 0.088502 0.026418 0.004058
v 0.083390 0.017637 0.007208
v 0.077540 0.009566 0.009173
v 0.071023 0.003280 0.011537
v 0.063397 -0.000301 0.008697
v 0.055258 -0.003176 0.004089
v 0.044962 -0.005364 0.000443
v 0.033896 -0.003371 0.000029
v 0.023730 -0.001135 -0.001106
v 0.007232 0.003432 -0.001735
v -0.000685 0.005783 -0.001524
v -0.008302 0.007362 -0.001289
v -0.015731 0.008007 -0.001781
v -0.020053 0.006336 -0.006483
v -0.023578 0.004145 -0.012076
v -0.026035 0.001732 -0.018608
v -0.024329 0.002867 -0.023854
v -0.026506 0.005144 -0.032204
v -0.034360 0.007974 -0.038498
v -0.020682 0.005927 -0.042459
v -0.029020 0.009105 -0.045984
v -0.026600 0.008364 -0.053561
v -0.036499 0.012318 -0.056430
v -0.035665 0.009192 -0.062557
v 0.077149 0.138024 0.002868
v 0.072875 0.143869 -0.006536
v 0.065200 0.148843 -0.015412
v 0.055602 0.148972 -0.020595
v 0.057558 0.145554 -0.025117
v 0.058370 0.140690 -0.027752
v 0.058153 0.136859 -0.030065
v 0.058653 0.135056 -0.033285
v 0.059792 0.135168 -0.037297
v 0.052175 0.135237 -0.046561
v 0.051887 0.130271 -0.050837
v 0.040340 0.132614 -0.054716
v 0.051410 0.123533 -0.054538
v 0.040952 0.125261 -0.059391
v 0.043083 0.118042 -0.063893
v 0.032946 0.118589 -0.068850
v 0.036816 0.110711 -0.072468
v 0.026972 0.111132 -0.077697
v 0.030733 0.101838 -0.079336
v 0.021510 0.100535 -0.083220
v 0.025233 0.090611 -0.083103
v 0.017361 0.087246 -0.086464
v 0.009831 0.082458 -0.089015
v 0.002638 0.077815 -0.091491
v -0.004388 0.073040 -0.092095
v 0.002040 0.066886 -0.091895
v -0.004661 0.062520 -0.088863
v 0.001037 0.056628 -0.088316
v -0.005009 0.053191 -0.083581
v -0.001051 0.048107 -0.082967
v -0.010570 0.047123 -0.079109
v -0.002933 0.042518 -0.079059
v -0.009033 0.036898 -0.074171
v -0.002430 0.032295 -0.074024
v -0.008530 0.026373 -0.071036
v -0.001414 0.023694 -0.069441
v -0.005441 0.016033 -0.066957
v 0.003006 0.014574 -0.063510
v 0.000485 0.006601 -0.061755
v 0.009403 0.004937 -0.058276
v 0.007876 0.000518 -0.056015
v 0.017574 -0.000285 -0.053452
v 0.016022 -0.002423 -0.049897
v 0.033817 -0.004779 -0.041730
v 0.014178 -0.001577 -0.044967
v 0.032128 -0.004664 -0.036781
v 0.031248 -0.002142 -0.033090
v 0.043094 -0.005860 -0.032986
v 0.042419 -0.002963 -0.029940
v 0.054821 -0.002613 -0.026879
v 0.052568 -0.000417 -0.024306
v 0.063548 0.001297 -0.020974
v 0.060824 0.003502 -0.019669
v 0.066085 0.003807 -0.014652
v 0.059043 0.002983 -0.015982
v 0.067453 0.006337 -0.010282
v 0.058217 0.002168 -0.013418
v 0.067378 0.007316 -0.009561
v 0.057232 0.001159 -0.010432
v 0.067945 0.006539 -0.005249
v 0.064403 0.002279 0.001176
v 0.070143 0.004170 0.004966
v 0.067394 0.145974 -0.018949
v 0.075269 0.143127 -0.010314
v 0.075836 0.141095 -0.013888
v 0.083314 0.134465 -0.008060
v 0.082008 0.130918 -0.011490
v 0.088485 0.124176 -0.005742
v 0.081686 0.126277 -0.014258
v 0.088293 0.120875 -0.008529
v 0.083329 0.123501 -0.017713
v 0.090207 0.118261 -0.012886
v 0.086416 0.121444 -0.022743
v 0.092835 0.113923 -0.018625
v 0.087638 0.117166 -0.027713
v 0.092705 0.109046 -0.023986
v 0.086244 0.111414 -0.031668
v 0.089746 0.102963 -0.027987
v 0.084153 0.105765 -0.035738
v 0.086525 0.098537 -0.032153
v 0.083564 0.101690 -0.039278
v 0.085098 0.095470 -0.036633
v 0.083046 0.098660 -0.041426
v 0.083780 0.094167 -0.040907
v 0.079083 0.094034 -0.046243
v 0.079565 0.086157 -0.045769
v 0.072445 0.087080 -0.052150
v 0.072452 0.078407 -0.051745
v 0.064747 0.079657 -0.057106
v 0.064775 0.070574 -0.056831
v 0.057575 0.071582 -0.061861
v 0.057757 0.061799 -0.061377
v 0.051003 0.062055 -0.065996
v 0.051093 0.051834 -0.065539
v 0.044832 0.051552 -0.069780
v 0.049678 0.041895 -0.064543
v 0.042840 0.040993 -0.069368
v 0.046656 0.032671 -0.061907
v 0.034458 0.029704 -0.067572
v 0.036467 0.022208 -0.061023
v 0.028550 0.026327 -0.066548
v 0.021595 0.020328 -0.063159
v 0.022552 0.025234 -0.065303
v 0.015644 0.026856 -0.065950
v 0.021751 0.026690 -0.069138
v 0.017138 0.028290 -0.070659
v 0.025481 0.028003 -0.072075
v 0.018548 0.031120 -0.076369
v 0.025320 0.036560 -0.077819
v 0.014324 0.038811 -0.081781
v 0.020657 0.041741 -0.082929
v 0.011080 0.049746 -0.086734
v 0.015599 0.051727 -0.087439
v 0.006861 0.058664 -0.090685
v 0.011504 0.061287 -0.089544
v 0.007776 0.069999 -0.091027
v 0.014380 0.073696 -0.089277
v 0.021210 0.077767 -0.085736
v 0.028022 0.080679 -0.081329
v 0.032938 0.091976 -0.078158
v 0.039522 0.101859 -0.073690
v 0.046627 0.110344 -0.067442
v 0.052844 0.116553 -0.058299
v 0.061713 0.120027 -0.048623
v 0.062269 0.126937 -0.044657
v 0.061356 0.132234 -0.040921
v 0.070616 0.129358 -0.035301
v 0.069841 0.132628 -0.031535
v 0.078370 0.127142 -0.026767
v 0.075663 0.128359 -0.022966
v 0.089720 0.126951 -0.001995
v 0.094553 0.116454 -0.000131
v 0.094227 0.113384 -0.003636
v 0.096288 0.110775 -0.007702
v 0.098344 0.106848 -0.013798
v 0.097425 0.101635 -0.019301
v 0.093665 0.092139 -0.024025
v 0.088755 0.089463 -0.029833
v 0.086469 0.087888 -0.034648
v 0.084971 0.086634 -0.039416
v 0.079877 0.077683 -0.045493
v 0.072346 0.069660 -0.051523
v 0.064690 0.061448 -0.056548
v 0.057793 0.052056 -0.060899
v 0.057099 0.042666 -0.059503
v 0.055925 0.034337 -0.057107
v 0.054184 0.027827 -0.052468
v 0.045261 0.025754 -0.056327
v 0.054025 0.023081 -0.046940
v 0.044776 0.018360 -0.051644
v 0.047762 0.012986 -0.045432
v 0.039960 0.005041 -0.049039
v 0.049070 0.004153 -0.041787
v 0.046983 -0.002251 -0.039989
v 0.058538 -0.000007 -0.036644
v 0.058167 -0.002292 -0.033846
v 0.068963 0.003898 -0.030642
v 0.068404 0.002548 -0.027115
v 0.080056 0.009013 -0.023078
v 0.075918 0.006826 -0.019613
v 0.081992 0.013426 -0.014526
v 0.075839 0.010478 -0.012694
v 0.075414 0.014145 -0.009186
v 0.071207 0.005006 -0.016791
v 0.066702 0.002021 -0.024304
v 0.056544 -0.002601 -0.030485
v 0.044855 -0.004902 -0.036353
v 0.035824 -0.001784 -0.047271
v 0.033406 0.004794 -0.053578
v 0.018564 0.004446 -0.056152
v 0.019942 0.013106 -0.059478
v 0.011299 0.013755 -0.060652
v 0.013912 0.021940 -0.063805
v 0.005798 0.022801 -0.065598
v 0.008723 0.027925 -0.068166
v 0.002141 0.028914 -0.071732
v 0.009504 0.030479 -0.075293
v 0.005138 0.036716 -0.079500
v 0.004043 0.047563 -0.085998
v 0.082970 0.035045 0.057137
v 0.089287 0.039521 0.057009
v 0.085648 0.034882 0.053169
v 0.091110 0.039357 0.053919
v 0.093804 0.038161 0.052160
v 0.088701 0.030792 0.051676
v 0.094666 0.029203 0.049884
v 0.088471 0.026228 0.046655
v 0.093414 0.024875 0.044533
v 0.084832 0.018489 0.040191
v 0.094970 0.024717 0.037155
v 0.086167 0.016916 0.035084
v 0.092405 0.023125 0.029810
v 0.084807 0.016191 0.029549
v 0.089760 0.021466 0.022866
v 0.082146 0.016124 0.023910
v 0.079644 0.026318 0.047420
v 0.082247 0.021615 0.043200
v 0.073857 0.015598 0.040066
v 0.076238 0.011945 0.036751
v 0.065375 0.009868 0.041465
v 0.067347 0.005387 0.038963
v 0.056339 0.005996 0.043444
v 0.057385 0.000574 0.041092
v 0.046894 0.003806 0.045156
v 0.047298 -0.001976 0.042764
v 0.037219 -0.002586 0.044127
v 0.037336 -0.002539 0.037885
v 0.027700 -0.002269 0.039304
v 0.028359 -0.001881 0.031352
v 0.009809 -0.001412 0.030693
v 0.027788 -0.002663 0.023489
v 0.008891 -0.004311 0.022874
v -0.000574 -0.003777 0.022400
v -0.009889 -0.002253 0.022157
v -0.018728 -0.000432 0.018848
v -0.027213 -0.000011 0.014593
v -0.033900 -0.002855 0.008421
v -0.040349 -0.002852 0.000823
v -0.047186 -0.001395 -0.006033
v -0.053931 0.000561 -0.012480
v -0.059595 0.002696 -0.019249
v -0.057804 0.009406 -0.030251
v -0.058211 0.014854 -0.040566
v -0.062661 0.021732 -0.050524
v -0.065943 0.028228 -0.060811
v -0.063327 0.028795 -0.067525
v 0.000185 -0.001239 0.029594
v -0.009897 -0.000581 0.028320
v -0.019846 -0.000471 0.025770
v -0.029670 -0.000112 0.022596
v -0.037713 -0.001865 0.016056
v -0.044254 -0.002436 0.007575
v -0.051141 -0.002297 0.000053
v -0.058240 -0.001949 -0.007503
v -0.064555 0.000304 -0.015654
v -0.070198 0.004494 -0.023918
v -0.065142 0.005770 -0.026654
v -0.075620 0.010508 -0.031888
v -0.071061 0.011383 -0.034657
v -0.080049 0.019789 -0.041156
v -0.072911 0.021524 -0.043088
v -0.081248 0.029631 -0.049345
v -0.074169 0.030828 -0.051387
v -0.079640 0.038865 -0.055879
v -0.074772 0.038098 -0.059751
v -0.079372 0.047976 -0.061711
v -0.077223 0.047466 -0.065916
v -0.078502 0.058132 -0.068100
v -0.073001 0.047787 -0.071325
v -0.073542 0.057637 -0.072989
v -0.067407 0.048464 -0.075426
v -0.067489 0.057783 -0.077200
v -0.063423 0.048795 -0.078304
v -0.063213 0.058109 -0.079590
v -0.058824 0.058781 -0.080087
v -0.053693 0.059970 -0.077938
v -0.048671 0.061949 -0.076792
v -0.045174 0.063956 -0.079156
v -0.042033 0.067045 -0.082570
v -0.037768 0.072413 -0.085079
v -0.032824 0.079315 -0.085885
v -0.026332 0.085252 -0.086634
v -0.019707 0.090944 -0.086760
v -0.013148 0.097045 -0.085393
v -0.006139 0.103397 -0.083578
v 0.001997 0.110200 -0.081738
v -0.000806 0.112805 -0.077087
v -0.003417 0.115401 -0.073603
v -0.007354 0.120226 -0.073396
v -0.012251 0.126735 -0.073945
v -0.002504 0.137315 -0.068614
v -0.012357 0.137050 -0.065649
v -0.008198 0.140186 -0.060693
v -0.015114 0.140320 -0.058182
v -0.010605 0.140814 -0.055728
v -0.011348 0.141279 -0.052198
v -0.005345 0.140138 -0.056887
v -0.000986 0.139731 -0.054095
v -0.000134 0.140366 -0.061599
v 0.013411 0.142962 -0.055388
v -0.042979 0.072079 -0.081032
v -0.044810 0.069924 -0.080008
v -0.045573 0.073128 -0.078569
v -0.047923 0.068230 -0.077888
v -0.049674 0.073975 -0.078607
v -0.052311 0.067377 -0.078531
v -0.053920 0.074576 -0.080456
v -0.056675 0.066934 -0.080409
v -0.059360 0.075196 -0.080457
v -0.061881 0.066966 -0.080317
v -0.064612 0.075439 -0.077671
v -0.066223 0.066853 -0.077669
v -0.070715 0.076742 -0.073592
v -0.072431 0.067392 -0.073761
v -0.078321 0.068592 -0.068984
v -0.082315 0.058563 -0.063980
v -0.084177 0.047469 -0.058514
v -0.087662 0.038062 -0.053998
v -0.087685 0.028961 -0.046219
v -0.084237 0.018946 -0.038490
v -0.078911 0.011871 -0.028208
v -0.073582 0.005419 -0.020266
v -0.067993 0.001737 -0.011791
v -0.061619 0.000097 -0.003055
v -0.054361 0.000066 0.004840
v -0.047069 -0.000005 0.013033
v -0.040161 -0.000267 0.022231
v -0.030596 0.000081 0.029871
v -0.020297 0.000639 0.033873
v -0.010369 0.000817 0.035793
v -0.000566 0.000535 0.037007
v 0.008820 0.000010 0.038357
v 0.007519 0.001756 0.045092
v 0.026866 -0.001834 0.045371
v 0.027367 0.002833 0.049110
v 0.037420 0.002731 0.047080
v 0.036758 0.008631 0.050233
v 0.045760 0.009941 0.048466
v -0.011463 0.067567 -0.089471
v -0.018081 0.061805 -0.085438
v -0.011207 0.057712 -0.084008
v -0.017916 0.051602 -0.079432
v -0.024664 0.055989 -0.081201
v -0.024207 0.045751 -0.074897
v -0.031419 0.049561 -0.077257
v -0.028638 0.040908 -0.071789
v -0.035925 0.045743 -0.073143
v -0.033257 0.036412 -0.071659
v -0.040035 0.042065 -0.072265
v -0.039181 0.031558 -0.071763
v -0.046251 0.037125 -0.073428
v -0.044668 0.026463 -0.072609
v -0.051462 0.033299 -0.074475
v -0.016312 0.041255 -0.074182
v -0.021577 0.035941 -0.070707
v -0.026817 0.030719 -0.070461
v -0.032191 0.025848 -0.070174
v -0.037711 0.020852 -0.070937
v -0.042430 0.017015 -0.068282
v -0.014841 0.030987 -0.070601
v -0.020828 0.024806 -0.069521
v -0.025651 0.020070 -0.067891
v -0.030249 0.014968 -0.069125
v -0.033608 0.010950 -0.066635
v -0.014038 0.019510 -0.068581
v -0.018323 0.014431 -0.066702
v -0.021202 0.009080 -0.066922
v -0.023547 0.005515 -0.064115
v -0.025157 0.005819 -0.058806
v -0.008888 0.009720 -0.065563
v -0.010912 0.004809 -0.063905
v -0.013061 0.002507 -0.060520
v -0.014633 0.003652 -0.055636
v -0.016573 0.005751 -0.050710
v -0.001447 0.002173 -0.059785
v -0.003517 -0.000016 -0.056514
v 0.006244 -0.001807 -0.052820
v 0.004313 -0.000444 -0.048166
v 0.012581 0.001578 -0.040501
v 0.030397 0.001745 -0.030884
v 0.041285 0.000269 -0.028019
v 0.039658 0.001696 -0.024350
v 0.050675 0.001394 -0.022548
v 0.048960 0.000541 -0.019880
v 0.047704 -0.000706 -0.016467
v 0.037772 0.000444 -0.020644
v 0.028975 0.001053 -0.026683
v 0.010783 0.002499 -0.036459
v 0.002470 0.003048 -0.043462
v -0.005415 0.001369 -0.051182
v -0.007504 0.005123 -0.046714
v 0.000104 0.002887 -0.038566
v 0.008618 0.001850 -0.031387
v 0.027143 -0.000527 -0.022048
v 0.035528 -0.000394 -0.015932
v 0.046865 -0.001544 -0.012146
v 0.056005 -0.000674 -0.003907
v 0.045864 -0.003351 -0.006014
v 0.034864 0.000440 -0.010903
v 0.024928 0.000287 -0.017015
v 0.007700 0.001141 -0.025430
v -0.001727 0.001594 -0.032126
v -0.010750 0.004535 -0.039802
v 0.034180 -0.001113 -0.006467
v 0.024603 0.002023 -0.007161
v 0.024970 0.003005 -0.011895
v 0.006486 0.006542 -0.009048
v 0.006053 0.006757 -0.014732
v -0.001731 0.007047 -0.008447
v -0.002979 0.005987 -0.016363
v -0.008635 0.007129 -0.008167
v -0.009966 0.005198 -0.014484
v -0.014012 0.006670 -0.007607
v -0.016299 0.005171 -0.011947
v 0.030691 0.125438 -0.064485
v 0.029741 0.132510 -0.060739
v 0.081621 0.136121 -0.004037
v 0.087522 0.128925 0.002172
v 0.095012 0.119250 0.003808
v 0.100283 0.108557 0.005216
v 0.100633 0.105718 0.001479
v 0.103382 0.103561 -0.003340
v 0.104153 0.099018 -0.008852
v 0.103644 0.094859 -0.013743
v 0.100259 0.086486 -0.017963
v 0.092032 0.078610 -0.023821
v 0.096074 0.077936 -0.019428
v 0.088876 0.066925 -0.021963
v 0.092806 0.065919 -0.019368
v 0.092891 0.054365 -0.021037
v 0.097185 0.062896 -0.013724
v 0.097500 0.052475 -0.015087
v 0.100743 0.059469 -0.009186
v 0.100987 0.050922 -0.010456
v 0.102853 0.056545 -0.005993
v 0.102113 0.049453 -0.005645
v 0.102856 0.050212 -0.001479
v 0.099108 0.041918 -0.000550
v 0.101724 0.041381 0.002652
v 0.100132 0.073567 -0.012694
v 0.104972 0.080113 -0.011105
v 0.107784 0.086115 -0.007871
v 0.108365 0.091122 -0.002823
v 0.108298 0.091955 0.001331
v 0.107227 0.097027 0.005297
v 0.107056 0.099787 0.009339
v 0.100930 0.110599 0.009567
v 0.093419 0.120668 0.007966
v 0.085082 0.129410 0.005699
v 0.078200 0.136129 -0.000435
v 0.098895 0.111077 0.013290
v 0.106072 0.101801 0.014473
v 0.111444 0.093155 0.013510
v 0.110634 0.089888 0.009354
v 0.114567 0.084228 0.010157
v 0.108108 0.079010 -0.000897
v 0.111579 0.076131 0.003555
v 0.112558 0.068579 0.003587
v 0.115687 0.072506 0.007346
v 0.068289 0.133137 -0.028207
v 0.074888 0.131478 -0.020151
v 0.067872 0.135963 -0.025637
v 0.075235 0.136770 -0.017096
v 0.067856 0.140518 -0.022562
v -0.001967 0.002533 0.043702
v -0.011637 0.002434 0.042257
v -0.021173 0.001923 0.040390
v -0.013259 0.007583 0.046211
v -0.022707 0.006419 0.043766
v -0.023582 0.012436 0.046316
v -0.033611 0.009411 0.041732
v -0.031564 0.000701 0.034935
v -0.041835 -0.001335 0.028440
v -0.049789 -0.001563 0.018151
v -0.057344 -0.000077 0.008272
v -0.064915 0.000354 -0.000077
v -0.071467 0.002300 -0.007692
v -0.076063 0.006799 -0.016005
v -0.080426 0.013448 -0.023881
v -0.087824 0.019963 -0.031249
v -0.087291 0.017940 -0.035310
v -0.096812 0.028112 -0.039363
v -0.093075 0.028720 -0.042382
v -0.099126 0.037783 -0.047720
v -0.093761 0.037508 -0.050988
v -0.098802 0.049107 -0.053514
v -0.095332 0.047726 -0.056509
v -0.092556 0.060009 -0.058657
v -0.089748 0.058812 -0.060707
v -0.089246 0.070752 -0.061827
v -0.085166 0.070087 -0.063085
v -0.086311 0.081098 -0.060940
v -0.081468 0.079876 -0.063862
v -0.079702 0.090891 -0.060841
v -0.075648 0.089439 -0.063240
v -0.072647 0.099843 -0.060901
v -0.068696 0.097854 -0.062046
v -0.066830 0.108496 -0.059745
v -0.062984 0.105985 -0.059540
v -0.058574 0.114865 -0.056569
v -0.055741 0.114213 -0.058998
v -0.051214 0.121703 -0.054442
v -0.048098 0.121450 -0.058201
v -0.042991 0.127642 -0.054510
v -0.044210 0.120130 -0.062472
v -0.038202 0.126490 -0.059976
v -0.039208 0.118710 -0.068285
v -0.031941 0.125110 -0.066186
v -0.033573 0.115529 -0.074890
v -0.026347 0.122703 -0.072816
v -0.020428 0.117969 -0.076155
v -0.018107 0.130406 -0.069950
v -0.090556 0.047019 -0.057273
v -0.086432 0.058553 -0.061251
v -0.081716 0.069267 -0.065000
v -0.077647 0.079117 -0.065690
v -0.075386 0.078801 -0.068952
v -0.071501 0.088395 -0.065802
v -0.068443 0.087785 -0.068530
v -0.065021 0.096939 -0.065115
v -0.061059 0.095109 -0.067162
v -0.059993 0.105468 -0.062770
v -0.056118 0.104155 -0.065094
v -0.052291 0.113211 -0.062053
v -0.048921 0.112036 -0.065373
v -0.045959 0.112151 -0.071430
v -0.039944 0.108538 -0.076700
v -0.033825 0.103421 -0.079198
v -0.027196 0.110370 -0.077674
v -0.028574 0.098414 -0.078207
v -0.021744 0.104830 -0.076792
v -0.024766 0.095032 -0.077767
v -0.018241 0.101202 -0.076508
v -0.015863 0.099179 -0.080180
v -0.008808 0.105712 -0.078589
v -0.013328 0.002253 -0.032718
v -0.013324 0.001681 -0.025711
v -0.002107 0.000392 -0.026870
v -0.011410 0.003148 -0.021269
v -0.002019 0.003246 -0.022258
v 0.006649 0.003399 -0.019848
v -0.013625 0.014282 0.048653
v -0.003431 0.008013 0.048091
v -0.002871 0.012900 0.049944
v 0.006919 0.006669 0.049376
v 0.007161 0.011197 0.052260
v 0.027522 0.007999 0.052477
v -0.011173 0.108000 -0.075154
v -0.014777 0.111940 -0.075098
v 0.079450 0.123966 -0.031327
v 0.070986 0.123373 -0.039512
v 0.079124 0.118128 -0.035366
v 0.070643 0.116254 -0.043445
v 0.061854 0.113074 -0.052096
v 0.054924 0.108423 -0.060902
v 0.048174 0.101229 -0.068038
v 0.041268 0.092421 -0.073066
v 0.035222 0.082272 -0.076809
v 0.030519 0.070842 -0.079472
v 0.023898 0.068147 -0.083622
v 0.017194 0.064339 -0.087692
v 0.078468 0.111515 -0.039087
v 0.070617 0.109722 -0.046984
v 0.062778 0.105563 -0.054797
v 0.056416 0.099606 -0.062617
v 0.049144 0.091691 -0.067982
v 0.042631 0.082672 -0.072197
v 0.037089 0.072325 -0.075324
v 0.032916 0.061197 -0.078036
v 0.026725 0.059132 -0.081798
v 0.028810 0.052653 -0.080281
v 0.020638 0.055124 -0.085544
v 0.025597 0.047930 -0.081965
v 0.078108 0.105837 -0.042665
v 0.071129 0.102922 -0.049799
v 0.064004 0.097356 -0.056999
v 0.056994 0.090385 -0.062709
v 0.049889 0.082187 -0.067152
v 0.043981 0.072657 -0.071091
v 0.038764 0.062161 -0.074098
v 0.033156 0.051951 -0.077442
v 0.030535 0.043852 -0.078102
v 0.078312 0.100558 -0.045138
v 0.071941 0.095473 -0.051829
v 0.064607 0.088682 -0.057470
v 0.057268 0.081041 -0.062197
v 0.050655 0.072258 -0.066547
v 0.044801 0.062280 -0.070318
v 0.039121 0.051268 -0.073534
v 0.036220 0.040914 -0.073933
v 0.029682 0.032226 -0.072259
v 0.088032 0.078617 -0.027524
v 0.086801 0.076737 -0.031900
v 0.085504 0.077307 -0.038810
v 0.085373 0.067984 -0.038399
v 0.079658 0.068878 -0.045359
v 0.079181 0.060053 -0.045319
v 0.071981 0.060909 -0.051300
v 0.071730 0.052202 -0.051084
v 0.064672 0.052169 -0.056144
v 0.064149 0.043359 -0.054646
v 0.097225 0.036066 0.052299
v 0.098688 0.033595 0.049964
v 0.100299 0.033654 0.046935
v 0.106482 0.040840 0.044819
v 0.107454 0.038545 0.039826
v 0.105543 0.035372 0.035266
v 0.102227 0.034240 0.027068
v 0.098301 0.030214 0.020306
v 0.095305 0.026707 0.021351
v 0.098317 0.030269 0.029356
v 0.100607 0.030728 0.037757
v 0.100978 0.031590 0.042880
v 0.036628 0.013514 -0.056133
v 0.011877 0.028664 -0.071401
v 0.107123 0.071470 -0.005250
v 0.102650 0.066677 -0.006728
v 0.108931 0.061756 0.000971
v 0.104438 0.059686 -0.002694
v 0.106318 0.050487 0.001594
v -0.018339 0.003123 -0.017855
v -0.019152 0.001712 -0.020943
v -0.065957 0.087255 -0.073705
v -0.059882 0.096033 -0.071789
v -0.054249 0.104081 -0.068978
v -0.061344 0.084809 -0.077505
v -0.056017 0.083647 -0.080632
v -0.050110 0.081853 -0.080444
v -0.045622 0.079929 -0.078774
v -0.041751 0.078009 -0.078664
v -0.039407 0.076145 -0.081874
v -0.056824 0.095076 -0.076702
v -0.051614 0.092809 -0.080238
v -0.045087 0.088973 -0.080700
v -0.040436 0.085674 -0.078714
v -0.036816 0.083061 -0.078590
v -0.034638 0.081571 -0.082152
v -0.028676 0.087372 -0.081809
v -0.022422 0.093108 -0.081357
v -0.030999 0.088917 -0.078158
v -0.034674 0.091949 -0.078640
v -0.039512 0.096107 -0.080373
v -0.045890 0.101115 -0.078539
v -0.051884 0.104167 -0.074349
v 0.084033 0.100432 0.055310
v 0.081235 0.110163 0.047918
v 0.080489 0.112318 0.051471
v 0.077654 0.121042 0.043460
v 0.076357 0.123456 0.048142
v 0.073843 0.130894 0.039361
v 0.070510 0.133227 0.044250
v 0.068146 0.139055 0.036212
v 0.064346 0.139736 0.040000
v 0.060559 0.144162 0.031699
v 0.056634 0.144640 0.036396
v 0.053348 0.150498 0.028353
v 0.050040 0.150700 0.032899
v 0.046124 0.156251 0.023250
v 0.042703 0.156471 0.028183
v 0.036973 0.160665 0.016411
v 0.032575 0.158913 0.022631
v 0.026694 0.162056 0.010248
v 0.022339 0.159652 0.017254
v 0.013212 0.159243 0.010013
v 0.077216 0.117807 0.039202
v 0.074055 0.127329 0.035155
v 0.070240 0.136271 0.031590
v 0.064259 0.143717 0.027776
v 0.056039 0.150570 0.023958
v 0.073775 0.124379 0.031046
v 0.070331 0.133489 0.028233
v 0.065077 0.142409 0.024380
v 0.057670 0.150113 0.020135
v 0.048602 0.156456 0.018347
v 0.073314 0.133874 0.026321
v 0.067376 0.143176 0.022212
v 0.059989 0.150441 0.017647
v 0.052131 0.152240 0.011127
v 0.049791 0.155059 0.014088
v 0.042365 0.152834 0.006162
v 0.040739 0.156756 0.008656
v 0.032392 0.157419 0.001829
v 0.030415 0.161005 0.004960
v 0.020617 0.161366 -0.002013
v 0.017396 0.161158 0.003475
v 0.006888 0.161506 -0.002425
v 0.003746 0.158885 0.003934
v -0.006415 0.158766 -0.001405
v 0.070980 0.144332 0.020470
v 0.063877 0.151933 0.014196
v 0.055510 0.153036 0.007689
v 0.044981 0.153870 0.002393
v 0.033134 0.154399 -0.000905
v 0.022060 0.159183 -0.004978
v 0.008373 0.160954 -0.007110
v -0.004379 0.160677 -0.006969
v -0.017194 0.159012 -0.006022
v 0.059085 0.154914 0.003689
v 0.047389 0.156161 -0.001088
v 0.035199 0.155648 -0.003831
v 0.022560 0.157516 -0.007343
v 0.009353 0.158362 -0.009620
v -0.002965 0.159398 -0.011051
v -0.015509 0.160603 -0.010853
v -0.028002 0.159951 -0.013087
v -0.028933 0.158795 -0.008033
v -0.039796 0.154875 -0.014910
v -0.040851 0.155951 -0.010503
v -0.049641 0.150835 -0.014462
v 0.049224 0.156201 -0.004796
v 0.036798 0.158224 -0.005994
v 0.023683 0.159311 -0.009479
v 0.010880 0.159682 -0.014506
v 0.010463 0.157079 -0.012338
v -0.000354 0.156364 -0.017290
v -0.001626 0.156496 -0.013902
v -0.011704 0.157294 -0.020555
v -0.013140 0.156170 -0.017162
v -0.022685 0.152827 -0.024325
v -0.024266 0.152047 -0.019038
v -0.030845 0.148004 -0.026773
v -0.032439 0.146942 -0.021344
v -0.038467 0.142686 -0.029921
v -0.039781 0.141264 -0.024337
v -0.046986 0.135979 -0.028951
v -0.050186 0.137659 -0.026004
v -0.056915 0.130690 -0.029279
v -0.060944 0.135198 -0.028340
v -0.068091 0.127909 -0.031954
v -0.072212 0.131933 -0.031328
v -0.078992 0.123782 -0.034415
v -0.014458 0.158647 -0.014536
v -0.027310 0.155658 -0.016203
v -0.036618 0.150837 -0.018262
v -0.043660 0.144328 -0.021610
v -0.047402 0.147996 -0.019174
v -0.054115 0.141975 -0.024645
v -0.057322 0.146916 -0.022411
v -0.064635 0.139882 -0.027137
v 0.039584 0.160579 0.011847
v 0.050350 0.153372 -0.008534
v 0.037820 0.157367 -0.009559
v 0.038879 0.154752 -0.013040
v 0.028037 0.156091 -0.018123
v 0.029459 0.151824 -0.019782
v 0.020553 0.153435 -0.025493
v 0.023949 0.150084 -0.029441
v 0.017625 0.150955 -0.033768
v 0.025713 0.148974 -0.035207
v 0.015385 0.149350 -0.040137
v 0.026589 0.145241 -0.040262
v 0.013507 0.146018 -0.045159
v 0.026409 0.142356 -0.042336
v 0.013043 0.142494 -0.047423
v 0.026926 0.141849 -0.045568
v 0.012910 0.142285 -0.050897
v 0.027757 0.143528 -0.048952
v 0.039888 0.151196 -0.014812
v 0.031962 0.150125 -0.023603
v 0.116778 0.038903 0.022528
v 0.118172 0.045138 0.029524
v 0.119742 0.053061 0.037323
v 0.118341 0.060925 0.047177
v 0.112757 0.070414 0.052096
v 0.107834 0.068953 0.055835
v 0.102644 0.067665 0.056332
v 0.103681 0.081226 0.057195
v 0.098750 0.079775 0.056647
v 0.095728 0.090249 0.054494
v 0.091944 0.089098 0.055457
v 0.091270 0.098634 0.049654
v 0.094887 0.100311 0.049290
v 0.100596 0.092778 0.054482
v 0.106120 0.095570 0.051992
v 0.108149 0.081844 0.055539
v 0.112680 0.083682 0.052032
v 0.117359 0.073100 0.048747
v 0.120965 0.063645 0.041484
v 0.119483 0.055281 0.034437
v 0.119019 0.048265 0.027078
v 0.117558 0.042182 0.019961
v 0.119553 0.048087 0.017756
v 0.119516 0.050889 0.024226
v 0.118687 0.057676 0.030257
v 0.118872 0.065099 0.037746
v 0.118540 0.074828 0.042920
v 0.116606 0.086031 0.048249
v 0.110071 0.095895 0.048531
v 0.099773 0.103622 0.046036
v 0.088677 0.108952 0.042948
v 0.117808 0.065762 0.035205
v 0.116759 0.075792 0.039065
v 0.115642 0.085959 0.042708
v 0.112853 0.096254 0.043214
v 0.103218 0.104054 0.041389
v 0.096140 0.109737 0.036102
v 0.092791 0.110699 0.040527
v 0.087957 0.117733 0.033759
v 0.118906 0.066694 0.031453
v 0.115065 0.076148 0.034917
v 0.113448 0.084611 0.036591
v 0.111485 0.093573 0.037893
v 0.106455 0.103048 0.036971
v 0.100095 0.108159 0.031288
v 0.095625 0.116248 0.026495
v 0.091824 0.116914 0.030188
v 0.087788 0.126406 0.024392
v 0.090533 0.126091 0.020546
v 0.097635 0.115163 0.022771
v 0.102585 0.106119 0.027229
v 0.107581 0.100114 0.032567
v 0.109828 0.091973 0.032596
v 0.111404 0.084404 0.031656
v 0.115044 0.075862 0.030677
v 0.123019 0.068168 0.027322
v 0.121228 0.059646 0.026924
v 0.124269 0.060341 0.023697
v 0.122896 0.054603 0.022272
v 0.126405 0.059747 0.020869
v 0.123063 0.053261 0.016543
v 0.126322 0.060706 0.017112
v 0.024926 0.160429 -0.011800
v 0.025844 0.158885 -0.015061
v 0.017283 0.156883 -0.023120
v 0.013262 0.153777 -0.031977
v 0.012349 0.160298 -0.020546
v 0.008315 0.157078 -0.028216
v 0.004815 0.159514 -0.025389
v -0.003349 0.154794 -0.037788
v -0.007128 0.157727 -0.034261
v -0.016998 0.152008 -0.040559
v -0.018967 0.152802 -0.033770
v -0.027286 0.147557 -0.037222
v -0.029022 0.147492 -0.032049
v -0.035893 0.141624 -0.034914
v -0.045685 0.137196 -0.033918
v -0.054654 0.130269 -0.033206
v -0.064542 0.124251 -0.033223
v -0.074859 0.120053 -0.035088
v -0.084821 0.114773 -0.035904
v 0.004218 0.151610 -0.040496
v -0.000522 0.146808 -0.046356
v -0.013549 0.148179 -0.044529
v -0.012983 0.143577 -0.047401
v -0.017700 0.147754 -0.044948
v -0.021560 0.141519 -0.047658
v -0.023240 0.145798 -0.045903
v -0.031233 0.140675 -0.047524
v -0.025572 0.148002 -0.042455
v -0.033586 0.143199 -0.044516
v -0.034750 0.142571 -0.039935
v -0.043236 0.135885 -0.038287
v -0.053052 0.130715 -0.038147
v -0.063115 0.125838 -0.038053
v -0.072364 0.119135 -0.038351
v -0.080471 0.111731 -0.037174
v -0.087551 0.104486 -0.039431
v -0.090371 0.105508 -0.036574
v -0.093768 0.096644 -0.041982
v -0.095503 0.096291 -0.038614
v -0.101119 0.089085 -0.044287
v -0.102342 0.087769 -0.040766
v -0.106594 0.078661 -0.046818
v -0.109026 0.078274 -0.044418
v -0.109162 0.065003 -0.045717
v -0.111602 0.065246 -0.043710
v -0.110637 0.052001 -0.043844
v -0.113052 0.052956 -0.041171
v -0.109904 0.043259 -0.036317
v -0.085457 0.104243 -0.044944
v -0.078556 0.111627 -0.042612
v -0.069545 0.117916 -0.042443
v -0.060779 0.124498 -0.042321
v -0.051475 0.130631 -0.042615
v -0.042764 0.137631 -0.042851
v -0.041266 0.137495 -0.046823
v -0.082887 0.104720 -0.050865
v -0.075970 0.110935 -0.047177
v -0.074376 0.111951 -0.052891
v -0.068906 0.119167 -0.047415
v -0.066082 0.118723 -0.052897
v -0.060791 0.126063 -0.047440
v -0.057608 0.125581 -0.051552
v -0.051329 0.132633 -0.046634
v -0.048818 0.130440 -0.049208
v -0.038501 0.134487 -0.048293
v -0.029524 0.137897 -0.049907
v -0.020817 0.140978 -0.051663
v -0.000401 0.143108 -0.048690
v 0.097918 0.066726 0.055995
v 0.094251 0.066468 0.056036
v 0.094245 0.078029 0.056925
v -0.020924 0.153514 -0.029402
v -0.011158 0.158197 -0.024984
v -0.009318 0.156335 -0.030046
v 0.002246 0.161124 -0.023209
v 0.000898 0.159362 -0.020299
v 0.011419 0.161532 -0.017332
v -0.019399 0.137207 -0.060804
v -0.026812 0.137484 -0.054906
v -0.024639 0.131457 -0.063883
v -0.031927 0.132133 -0.057659
v -0.036691 0.133845 -0.052477
v -0.045815 0.127845 -0.050548
v -0.054480 0.123370 -0.052662
v -0.062273 0.117366 -0.056577
v -0.070747 0.110553 -0.057637
v -0.080401 0.104099 -0.056610
v -0.087811 0.096093 -0.058454
v -0.091064 0.098555 -0.053586
v -0.095388 0.086255 -0.057669
v -0.099526 0.089451 -0.054086
v -0.102619 0.076431 -0.053282
v -0.106223 0.078133 -0.050435
v -0.107206 0.064533 -0.048564
v -0.076830 0.102314 -0.060515
v -0.084178 0.093292 -0.061418
v -0.090474 0.083461 -0.058783
v -0.097422 0.074036 -0.055725
v -0.102947 0.063396 -0.051988
v -0.107976 0.050663 -0.047041
v -0.109191 0.041414 -0.038459
v -0.102335 0.031700 -0.030485
v -0.092550 0.071669 -0.059050
v -0.097015 0.061603 -0.055599
v -0.103771 0.050066 -0.050063
v -0.104119 0.038105 -0.044459
v -0.107715 0.039087 -0.041790
v -0.099570 0.028011 -0.036230
v -0.101409 0.029616 -0.032784
v -0.091295 0.021541 -0.027019
v -0.092713 0.021502 -0.024967
v -0.085344 0.012881 -0.020771
v -0.088923 0.012468 -0.018173
v -0.081211 0.005115 -0.013107
v -0.086092 0.005571 -0.009283
v -0.076912 -0.000108 -0.003607
v -0.081984 0.000253 0.000719
v -0.073417 -0.001248 0.007971
v -0.069537 -0.001817 0.004068
v -0.061152 -0.001201 0.013223
v -0.052877 -0.002122 0.023598
v -0.043658 -0.000702 0.034476
v -0.033041 0.003345 0.040262
v -0.045179 0.003893 0.036570
v -0.055684 -0.000578 0.027833
v -0.064490 -0.000034 0.017031
v -0.065031 0.039394 -0.072815
v -0.069391 0.038122 -0.069301
v -0.072332 0.037522 -0.063848
v -0.069034 0.029389 -0.055151
v -0.067304 0.022798 -0.045336
v -0.064277 0.014321 -0.036878
v -0.092963 0.097430 -0.047173
v -0.100885 0.090418 -0.048980
v -0.038125 0.014304 -0.049246
v 0.054542 0.012209 0.047034
v 0.062610 0.015900 0.045083
v 0.070987 0.021047 0.044654
v 0.077422 0.009729 0.033597
v 0.075921 0.010286 0.029612
v 0.073644 0.010773 0.025248
v 0.067297 0.003600 0.035351
v 0.065437 0.004331 0.030851
v 0.063410 0.005450 0.026095
v 0.056888 -0.000582 0.036308
v 0.055358 0.000773 0.030540
v 0.053719 0.003130 0.025100
v 0.046885 -0.002141 0.037140
v 0.046322 -0.000756 0.030394
v 0.045142 0.000981 0.024273
v 0.074828 0.008075 0.002202
v 0.081383 0.015399 0.000648
v 0.077186 0.013992 -0.004583
v 0.082669 0.020506 -0.005424
v 0.083070 0.021284 -0.010906
v 0.084062 0.018231 -0.018213
v 0.079823 0.011747 -0.026533
v 0.077421 0.014481 -0.031448
v 0.068413 0.006213 -0.033445
v 0.074126 0.016265 -0.035726
v 0.067121 0.008420 -0.036329
v 0.071748 0.017548 -0.036709
v 0.064293 0.012113 -0.037890
v 0.066321 0.018266 -0.037992
v 0.060043 0.014495 -0.039146
v 0.063944 0.022165 -0.039391
v 0.055947 0.018657 -0.041463
v 0.063032 0.026313 -0.042876
v 0.062882 0.029904 -0.048025
v 0.063584 0.035475 -0.052223
v 0.070732 0.024017 -0.037835
v 0.069936 0.029497 -0.039486
v 0.070166 0.032717 -0.042920
v 0.070672 0.037161 -0.046841
v 0.071232 0.043984 -0.049680
v 0.076665 0.033956 -0.035130
v 0.076622 0.026550 -0.035998
v 0.086665 0.038293 -0.029098
v 0.086851 0.032459 -0.026904
v 0.081631 0.023683 -0.029697
v 0.086433 0.027830 -0.020616
v 0.084226 0.021317 -0.023574
v 0.086370 0.024492 -0.015215
v 0.090801 0.027459 -0.013251
v 0.089349 0.027957 -0.008363
v 0.087555 0.024860 -0.002123
v 0.094172 0.033812 -0.002962
v 0.096829 0.034180 -0.006041
v 0.099755 0.039848 -0.005189
v 0.097380 0.033574 -0.009353
v 0.100444 0.042220 -0.010729
v 0.097685 0.035755 -0.013889
v 0.096923 0.043857 -0.015372
v 0.095934 0.038506 -0.016567
v 0.092234 0.042913 -0.021456
v 0.092542 0.036161 -0.020967
v 0.092349 0.031166 -0.017542
v 0.036711 -0.001179 0.023642
v 0.037278 -0.001548 0.030520
v 0.058043 0.004627 -0.038745
v 0.058206 0.008513 -0.039071
v 0.052454 0.009306 -0.040950
v 0.094093 0.034425 0.001713
v 0.088540 0.053945 -0.024672
v 0.084138 0.043952 -0.030291
v 0.077266 0.037389 -0.037527
v 0.077688 0.040811 -0.040798
v 0.076496 0.045139 -0.045578
v 0.083646 0.046745 -0.033365
v 0.081649 0.049229 -0.039604
v 0.078671 0.051343 -0.045103
v 0.084320 0.058661 -0.038182
v 0.085584 0.058129 -0.031571
v 0.085888 0.056348 -0.027294
v 0.086783 0.067669 -0.030166
v 0.087149 0.067531 -0.025079
v 0.125426 0.069748 0.019376
v 0.121528 0.078559 0.022066
v 0.114437 0.085095 0.024046
v 0.111137 0.084441 0.027559
v 0.106433 0.093556 0.025428
v 0.107259 0.092329 0.026889
v 0.106851 0.097050 0.028866
v 0.119045 0.077248 0.026268
v 0.125535 0.069426 0.023323
v 0.102722 0.103564 0.023934
v 0.092072 0.125257 0.017074
v 0.084111 0.135107 0.015216
v 0.083204 0.038871 0.068120
v 0.084778 0.046404 0.067214
v 0.082371 0.047032 0.072179
v 0.086461 0.056125 0.069175
v 0.079514 0.049799 0.074856
v 0.082636 0.058514 0.070646
v 0.076173 0.054683 0.074567
v 0.079120 0.061922 0.070883
v 0.070290 0.066591 0.072965
v 0.074854 0.070992 0.069246
v 0.066037 0.078587 0.070960
v 0.071081 0.082032 0.066905
v 0.060883 0.090173 0.068630
v 0.066590 0.093599 0.064676
v 0.055286 0.101000 0.067006
v 0.060919 0.105254 0.062823
v 0.047174 0.109965 0.065580
v 0.051931 0.114340 0.060598
v 0.043652 0.120958 0.058572
v 0.052112 0.126297 0.052268
v 0.036883 0.128778 0.059081
v 0.047655 0.137358 0.047392
v 0.036176 0.141347 0.054940
v 0.045441 0.139700 0.045169
v 0.036898 0.144239 0.053213
v 0.039468 0.143991 0.042733
v 0.037361 0.146736 0.049017
v 0.032373 0.149435 0.044107
v 0.029778 0.148080 0.048317
v 0.021782 0.151952 0.042051
v 0.019045 0.148992 0.046516
v 0.009889 0.154658 0.036945
v 0.007219 0.151605 0.041911
v -0.001532 0.157355 0.033107
v -0.004598 0.153816 0.039125
v -0.011856 0.159004 0.029923
v -0.015398 0.154956 0.037677
v -0.022522 0.159823 0.028624
v -0.025939 0.156174 0.036704
v -0.032655 0.159027 0.025828
v -0.036251 0.155518 0.033984
v -0.042408 0.157406 0.021897
v -0.046105 0.154194 0.030298
v -0.051064 0.154510 0.017195
v -0.055186 0.151790 0.026005
v -0.063338 0.148605 0.021349
v -0.059125 0.147240 0.034716
v -0.067323 0.143903 0.030473
v -0.062639 0.142228 0.043208
v -0.071254 0.138724 0.039577
v -0.065510 0.137622 0.052025
v -0.074554 0.133640 0.048957
v -0.064944 0.129270 0.059296
v -0.074189 0.125987 0.057382
v -0.063261 0.119353 0.066425
v -0.071629 0.115843 0.064645
v -0.066718 0.103373 0.070135
v -0.074027 0.100196 0.066549
v -0.070316 0.087995 0.071120
v -0.078096 0.085084 0.067881
v -0.070368 0.077045 0.077342
v -0.078691 0.073566 0.074388
v -0.071175 0.068095 0.081785
v -0.078793 0.063824 0.078957
v -0.070166 0.062331 0.082994
v -0.078068 0.057360 0.079596
v -0.068632 0.058168 0.081708
v -0.073693 0.049723 0.079349
v -0.065742 0.052445 0.077845
v -0.068446 0.045516 0.074758
v -0.059799 0.043251 0.076385
v -0.063389 0.031524 0.070944
v -0.049526 0.034509 0.076314
v -0.049110 0.026195 0.072961
v -0.035953 0.029913 0.077824
v -0.034723 0.025217 0.074577
v -0.020314 0.027110 0.079829
v -0.019038 0.025317 0.076607
v -0.006027 0.026187 0.080170
v -0.005535 0.022322 0.076499
v 0.004539 0.025348 0.079719
v 0.004655 0.020481 0.076305
v 0.024303 0.019249 0.079423
v 0.005114 0.018998 0.070209
v 0.026163 0.016706 0.072522
v 0.005831 0.017278 0.062592
v 0.026926 0.014955 0.063352
v 0.006632 0.014190 0.056168
v 0.026855 0.013064 0.056639
v 0.007161 0.011197 0.052260
v 0.027522 0.007999 0.052477
v -0.059447 0.052416 0.080674
v -0.049241 0.043691 0.079627
v -0.036690 0.036671 0.080938
v -0.021165 0.031027 0.082225
v -0.006827 0.031512 0.083804
v 0.003802 0.032392 0.084638
v 0.023791 0.026381 0.084328
v 0.034448 0.020205 0.081316
v 0.035703 0.017945 0.072714
v 0.036096 0.015935 0.062221
v 0.035653 0.013847 0.054566
v 0.036758 0.008631 0.050233
v 0.044072 0.015288 0.052584
v 0.044501 0.017111 0.060476
v 0.044501 0.018803 0.071117
v 0.044606 0.020867 0.079458
v 0.044828 0.029085 0.086236
v 0.033815 0.028043 0.086596
v 0.032015 0.038669 0.090458
v 0.023646 0.035084 0.088204
v 0.022321 0.043784 0.091885
v 0.001021 0.040046 0.089752
v -0.009859 0.038292 0.087791
v -0.022724 0.037487 0.084899
v -0.037185 0.044842 0.084217
v -0.049498 0.052517 0.084555
v -0.060305 0.059956 0.084638
v -0.001840 0.046953 0.090992
v -0.013299 0.046436 0.089515
v -0.024712 0.045994 0.087150
v -0.038356 0.052978 0.088962
v -0.051141 0.060828 0.089077
v -0.061810 0.065938 0.087291
v -0.004446 0.053256 0.094665
v -0.015801 0.053668 0.094404
v -0.026784 0.053841 0.092331
v -0.040516 0.061266 0.093391
v -0.052170 0.067500 0.091133
v -0.062131 0.072244 0.085898
v -0.061787 0.080588 0.080675
v -0.052665 0.074900 0.089567
v -0.053118 0.083508 0.083620
v -0.045100 0.086787 0.086702
v -0.054889 0.094139 0.077448
v -0.047926 0.097708 0.079998
v -0.059788 0.107056 0.072861
v -0.052713 0.110579 0.074834
v -0.054963 0.121969 0.067762
v -0.055825 0.132198 0.061168
v -0.055873 0.140784 0.055321
v -0.052981 0.145086 0.047039
v -0.049952 0.150052 0.038847
v -0.043333 0.077892 0.093182
v -0.037945 0.090543 0.089319
v -0.041435 0.101422 0.082134
v -0.045078 0.113228 0.076166
v -0.046757 0.124252 0.069737
v -0.046843 0.134673 0.064281
v -0.046095 0.142980 0.059063
v -0.043262 0.146805 0.051052
v -0.040032 0.151177 0.042369
v -0.029866 0.151965 0.045653
v -0.033254 0.147338 0.054377
v -0.022859 0.146190 0.055533
v -0.025175 0.142311 0.063163
v -0.014567 0.140759 0.063118
v -0.016929 0.133313 0.066543
v -0.007281 0.130828 0.066158
v -0.010136 0.123815 0.068540
v -0.001443 0.121641 0.069373
v -0.004456 0.114932 0.075310
v 0.005728 0.118574 0.071517
v 0.003290 0.112122 0.075757
v 0.012735 0.113994 0.072050
v 0.010732 0.109097 0.076238
v 0.019867 0.106957 0.071806
v 0.017180 0.102850 0.078303
v 0.026348 0.100263 0.071604
v 0.023336 0.096608 0.079880
v 0.032671 0.093647 0.073533
v 0.029492 0.090532 0.082503
v 0.038790 0.086533 0.075346
v 0.036662 0.084562 0.083257
v 0.044845 0.077837 0.076729
v 0.042809 0.076002 0.082768
v 0.050149 0.067015 0.077866
v 0.047483 0.065144 0.084007
v 0.052154 0.055026 0.079285
v 0.049692 0.053486 0.084498
v 0.054321 0.044217 0.080225
v 0.051380 0.043482 0.084823
v 0.050749 0.038230 0.085853
v 0.047685 0.050430 0.089659
v 0.045002 0.046690 0.092202
v 0.040728 0.059427 0.092417
v 0.036619 0.055794 0.093579
v 0.030680 0.063267 0.094826
v 0.025635 0.056435 0.094451
v 0.020280 0.061267 0.096995
v 0.015578 0.055476 0.096065
v 0.010885 0.060470 0.099849
v -0.006268 0.059105 0.099774
v -0.017940 0.061774 0.100129
v -0.029349 0.062378 0.098084
v -0.042079 0.069311 0.095423
v 0.058877 0.046707 0.077004
v 0.057319 0.057810 0.075141
v 0.054776 0.070081 0.073092
v 0.049485 0.081123 0.071433
v 0.043442 0.090115 0.070003
v 0.036593 0.097445 0.068253
v 0.029194 0.104958 0.067156
v 0.022024 0.111139 0.067731
v 0.015456 0.118607 0.069271
v 0.008757 0.124538 0.069594
v 0.001599 0.127931 0.067593
v -0.004435 0.138546 0.063860
v -0.012026 0.144740 0.055569
v -0.019483 0.150476 0.046572
v 0.065932 0.049990 0.075021
v 0.063523 0.061955 0.073215
v 0.060046 0.074006 0.071494
v 0.055342 0.085858 0.069706
v 0.049078 0.095702 0.067946
v 0.042076 0.103823 0.066557
v 0.033438 0.110961 0.066201
v 0.026852 0.117193 0.068132
v 0.019249 0.124723 0.070149
v 0.012162 0.131942 0.070170
v 0.004458 0.136141 0.066482
v -0.001251 0.142903 0.056445
v -0.008537 0.149145 0.047076
v 0.037381 0.117660 0.064746
v 0.030437 0.123990 0.065687
v 0.021527 0.130995 0.066424
v 0.016410 0.138282 0.065070
v 0.008994 0.141127 0.059650
v 0.003159 0.147400 0.048717
v 0.029492 0.135964 0.060277
v 0.023177 0.141920 0.058550
v 0.015010 0.145316 0.052847
v 0.028155 0.145292 0.052949
v 0.019156 0.050537 0.093539
v 0.030022 0.048957 0.093303
v 0.039991 0.042632 0.092945
v 0.048725 0.033108 0.086180
v 0.054072 0.028588 0.081249
v 0.054115 0.035692 0.080217
v 0.059008 0.035863 0.078436
v -0.062569 0.091021 0.074535
v 0.045760 0.009941 0.048466
v 0.052474 0.018169 0.050957
v 0.052699 0.019450 0.058448
v 0.060788 0.022806 0.056843
v 0.061347 0.023490 0.065988
v 0.068573 0.027368 0.064202
v 0.069303 0.028179 0.070600
v 0.076462 0.032195 0.068597
v 0.070191 0.029094 0.076006
v 0.079750 0.036589 0.073645
v 0.075090 0.038597 0.076053
v 0.054542 0.012209 0.047034
v 0.060709 0.021500 0.049453
v 0.068227 0.026598 0.055850
v 0.075573 0.031220 0.062810
v 0.080780 0.034484 0.066577
v 0.075486 0.030710 0.056073
v 0.081627 0.034632 0.062268
v 0.077117 0.030026 0.050824
v 0.082970 0.035045 0.057137
v 0.068544 0.025990 0.048739
v 0.070987 0.021047 0.044654
v 0.062610 0.015900 0.045083
v 0.079644 0.026318 0.047420
v 0.088701 0.030792 0.051676
v 0.085648 0.034882 0.053169
v -0.034368 0.081808 0.096650
v -0.031575 0.094798 0.090786
v -0.034697 0.104663 0.083177
v -0.037131 0.115297 0.076811
v -0.038005 0.125352 0.071023
v -0.028851 0.116360 0.076544
v -0.028807 0.125399 0.070821
v -0.020403 0.116943 0.075964
v -0.019522 0.124688 0.069375
v -0.012331 0.116463 0.075262
v -0.030944 0.073214 0.100258
v -0.019373 0.074243 0.104672
v -0.006843 0.067511 0.105353
v 0.005146 0.067878 0.103931
v 0.013986 0.067493 0.099414
v 0.023994 0.069493 0.095102
v 0.034748 0.069942 0.091037
v 0.044467 0.062696 0.089267
v 0.028984 0.076169 0.091508
v 0.034417 0.081214 0.089050
v 0.026479 0.086817 0.090399
v 0.020290 0.092916 0.087383
v 0.013983 0.098107 0.085194
v 0.007764 0.102690 0.082712
v 0.000656 0.104800 0.081889
v -0.006397 0.106462 0.081235
v 0.022561 0.080693 0.091665
v 0.016280 0.086898 0.092042
v 0.010073 0.091989 0.090843
v 0.003287 0.095565 0.089690
v 0.005617 0.087054 0.097180
v -0.001828 0.091664 0.096057
v -0.002807 0.098143 0.089280
v -0.009011 0.094526 0.094530
v -0.012322 0.100005 0.087912
v -0.014347 0.093460 0.096161
v -0.019130 0.099031 0.089431
v -0.021510 0.091240 0.098852
v -0.025321 0.097721 0.090418
v -0.007562 0.100648 0.086933
v -0.013376 0.107402 0.081476
v -0.020426 0.107600 0.082223
v -0.027593 0.106753 0.082942
v 0.039872 0.073576 0.087342
v -0.037261 0.135426 0.066304
v -0.027245 0.134875 0.067171
v -0.035862 0.143570 0.062184
v 0.053491 0.019651 0.068352
v 0.053637 0.020805 0.075863
v 0.053905 0.023610 0.080969
v 0.061952 0.024097 0.073294
v 0.062277 0.024734 0.078356
v 0.060384 0.029040 0.078937
v 0.067510 0.033155 0.077016
v 0.069067 0.042038 0.075896
v 0.064453 0.038649 0.076727
v 0.088617 0.055031 0.065647
v 0.089357 0.064829 0.065453
v 0.084381 0.066115 0.066612
v 0.088058 0.075663 0.061879
v 0.084737 0.075072 0.063337
v 0.081619 0.086648 0.060229
v 0.076809 0.085064 0.062917
v 0.072769 0.096791 0.060564
v 0.084548 0.087813 0.060239
v 0.078380 0.099066 0.058352
v 0.067269 0.109027 0.058813
v 0.059445 0.119345 0.055809
v 0.081726 0.100354 0.057465
v 0.073735 0.111243 0.055344
v 0.066449 0.121280 0.052968
v 0.059538 0.129582 0.049992
v 0.053174 0.136609 0.045758
v 0.048899 0.140563 0.041330
v 0.042617 0.143442 0.037657
v 0.033044 0.147836 0.038615
v 0.023872 0.153626 0.037986
v 0.077844 0.112170 0.054028
v 0.071843 0.122793 0.050877
v 0.065567 0.132085 0.047549
v 0.059302 0.139073 0.044684
v 0.052591 0.143923 0.040114
v 0.045822 0.148281 0.035719
v 0.035293 0.146922 0.033500
v 0.025048 0.151918 0.033679
v 0.011675 0.156117 0.032914
v 0.000838 0.158533 0.028342
v -0.009361 0.160324 0.023868
v -0.019318 0.161094 0.021116
v -0.028821 0.160288 0.017932
v -0.037685 0.158676 0.013708
v -0.045945 0.156402 0.008809
v -0.053905 0.153358 0.003936
v -0.059024 0.151451 0.012227
v -0.066153 0.147832 0.006666
v -0.070860 0.145425 0.016400
v -0.077193 0.141497 0.011277
v -0.080685 0.136333 0.021255
v -0.082720 0.136692 0.007366
v -0.086513 0.132147 0.016368
v -0.089162 0.131137 0.002892
v -0.092333 0.127151 0.010734
v -0.091754 0.121484 -0.000736
v -0.097161 0.117393 0.003909
v -0.094350 0.113825 -0.002440
v -0.101317 0.113608 0.005485
v -0.098465 0.106077 -0.004032
v -0.105030 0.107589 0.004396
v -0.103584 0.099771 -0.006536
v -0.109433 0.100907 0.002732
v -0.113730 0.094702 -0.000567
v -0.118691 0.093216 0.008728
v -0.123038 0.087900 0.001781
v -0.125738 0.083679 0.009465
v -0.129747 0.080385 -0.002479
v -0.130916 0.075884 0.000867
v -0.133732 0.072889 -0.010930
v -0.133608 0.068178 -0.009012
v -0.135827 0.065680 -0.018551
v -0.134631 0.059479 -0.014934
v -0.135741 0.056802 -0.020256
v -0.133969 0.054245 -0.013907
v -0.133994 0.050645 -0.015867
v -0.131692 0.049115 -0.005007
v -0.133398 0.048164 -0.015473
v -0.130379 0.043265 -0.005732
v -0.132794 0.044630 -0.017346
v -0.128140 0.038339 -0.006702
v -0.130441 0.042091 -0.020449
v -0.123894 0.034231 -0.010042
v -0.120402 0.032001 -0.015922
v -0.113183 0.025549 -0.008954
v -0.116373 0.032090 -0.021683
v -0.107994 0.023179 -0.015590
v -0.111759 0.032426 -0.024854
v -0.103401 0.023849 -0.019106
v -0.107629 0.032853 -0.026870
v -0.099429 0.024111 -0.020512
v -0.104062 0.033167 -0.028186
v -0.094540 0.023327 -0.022043
v -0.102335 0.031700 -0.030485
v -0.092713 0.021502 -0.024967
v -0.135700 0.052671 -0.024469
v -0.135704 0.054725 -0.022166
v -0.137705 0.061758 -0.027278
v -0.137037 0.063254 -0.023912
v -0.136231 0.070570 -0.021763
v -0.132913 0.077024 -0.013828
v -0.126664 0.082726 -0.007332
v -0.118115 0.088908 -0.004809
v -0.108453 0.094067 -0.009623
v -0.100980 0.102311 -0.015804
v -0.096524 0.108711 -0.012926
v -0.091963 0.115754 -0.010637
v -0.089096 0.123713 -0.008980
v -0.086083 0.134473 -0.006308
v -0.080342 0.138465 -0.006164
v -0.072553 0.143862 0.000186
v -0.074067 0.142401 -0.014582
v -0.067263 0.146441 -0.007432
v -0.062361 0.145363 -0.012716
v -0.055603 0.148934 -0.007147
v -0.052074 0.147954 -0.010887
v -0.046196 0.150691 -0.005868
v -0.044974 0.152098 -0.008819
v -0.038870 0.154574 -0.005998
v -0.040851 0.155951 -0.010503
v -0.028933 0.158795 -0.008033
v -0.060617 0.150014 -0.001571
v -0.049003 0.152175 -0.002012
v -0.039329 0.153033 -0.002052
v -0.029263 0.155993 -0.003594
v -0.019089 0.156046 -0.000583
v -0.017194 0.159012 -0.006022
v -0.009219 0.155974 0.003033
v -0.006415 0.158766 -0.001405
v -0.000004 0.155548 0.008556
v 0.003746 0.158885 0.003934
v 0.009290 0.155355 0.014723
v 0.013212 0.159243 0.010013
v 0.018742 0.155523 0.021515
v 0.022339 0.159652 0.017254
v 0.029346 0.153861 0.027039
v 0.032575 0.158913 0.022631
v 0.038656 0.151956 0.031141
v 0.042703 0.156471 0.028183
v 0.050040 0.150700 0.032899
v 0.056634 0.144640 0.036396
v 0.064346 0.139736 0.040000
v 0.070510 0.133227 0.044250
v 0.076357 0.123456 0.048142
v 0.080489 0.112318 0.051471
v 0.084033 0.100432 0.055310
v 0.026362 0.150876 0.029462
v 0.015684 0.153547 0.024849
v 0.005831 0.154507 0.018657
v -0.003125 0.154861 0.012659
v -0.011876 0.155818 0.007441
v -0.021021 0.154733 0.004107
v -0.030440 0.155055 0.000939
v -0.041461 0.154885 0.002427
v -0.032776 0.156621 0.006632
v -0.024082 0.157561 0.010183
v -0.015355 0.158373 0.013464
v -0.006579 0.157871 0.017732
v 0.002578 0.156862 0.022860
v 0.013156 0.154624 0.028574
v 0.079176 0.074069 0.065931
v 0.080944 0.067125 0.067815
v -0.109904 0.043259 -0.036317
v -0.112391 0.043230 -0.034657
v -0.115280 0.052916 -0.039606
v -0.118321 0.052100 -0.037139
v -0.120142 0.061866 -0.041127
v -0.123772 0.060346 -0.037866
v -0.125301 0.067779 -0.039145
v -0.128451 0.065259 -0.036504
v -0.130436 0.069081 -0.036235
v -0.132635 0.065401 -0.033897
v -0.133127 0.071187 -0.035012
v -0.135184 0.066496 -0.032512
v -0.134090 0.072338 -0.032857
v -0.136652 0.067921 -0.030498
v -0.134528 0.072867 -0.030311
v -0.136932 0.068871 -0.026948
v -0.134436 0.074333 -0.023823
v -0.115273 0.042564 -0.032895
v -0.122363 0.051201 -0.034561
v -0.127727 0.058931 -0.035011
v -0.130754 0.063445 -0.034657
v -0.134764 0.059908 -0.031270
v -0.137066 0.060725 -0.029744
v -0.119124 0.041821 -0.030439
v -0.127415 0.050941 -0.031694
v -0.131193 0.058471 -0.032989
v -0.123704 0.041507 -0.026590
v -0.131115 0.051099 -0.029576
v -0.133994 0.051402 -0.027969
v -0.127417 0.041566 -0.023190
v 0.086350 0.088194 0.058133
v 0.090311 0.076309 0.060315
v 0.091168 0.064429 0.062789
v -0.002871 0.012900 0.049944
v -0.003413 0.015719 0.054658
v -0.013625 0.014282 0.048653
v -0.013023 0.018773 0.052906
v -0.024128 0.019169 0.048168
v -0.027802 0.023364 0.055001
v -0.037531 0.016469 0.047818
v -0.040593 0.016757 0.054785
v -0.049659 0.009677 0.046657
v -0.053430 0.009682 0.052988
v -0.065566 0.002190 0.043075
v -0.069983 0.006246 0.049638
v -0.079249 0.001318 0.034934
v -0.084100 0.003805 0.041455
v -0.087837 0.002927 0.025912
v -0.096476 0.008492 0.032527
v -0.101698 0.010540 0.019733
v -0.106607 0.016706 0.035799
v -0.109168 0.018172 0.024559
v -0.112040 0.028079 0.029704
v -0.115290 0.029229 0.020073
v -0.118546 0.038809 0.025368
v -0.122187 0.040337 0.015969
v -0.125911 0.047917 0.017977
v -0.126400 0.042155 0.005452
v -0.128994 0.048345 0.006513
v -0.123581 0.035810 0.002856
v -0.119690 0.032224 0.011804
v -0.115352 0.025334 0.005107
v -0.111875 0.019723 0.013597
v -0.104683 0.014993 0.007726
v -0.093426 0.006155 0.014586
v -0.081705 0.003065 0.020825
v -0.073759 0.000884 0.028477
v -0.062371 0.001777 0.037491
v -0.047611 0.009298 0.041653
v -0.035029 0.014573 0.042762
v -0.023582 0.012436 0.046316
v -0.118530 0.030356 -0.002218
v -0.108566 0.020550 -0.001340
v -0.098364 0.011564 0.002232
v -0.089017 0.005919 0.010825
v -0.077742 0.003473 0.015987
v -0.069074 0.001614 0.022614
v -0.066442 0.001331 0.019250
v -0.057252 0.001266 0.030851
v -0.055684 -0.000578 0.027833
v -0.045179 0.003893 0.036570
v -0.102088 0.017211 -0.007920
v -0.093967 0.011153 -0.000723
v -0.085529 0.005773 0.007439
v -0.075010 0.002741 0.011428
v -0.064490 -0.000034 0.017031
v -0.097533 0.016979 -0.011390
v -0.089942 0.010801 -0.003004
v -0.083874 0.003337 0.004222
v -0.073417 -0.001248 0.007971
v -0.093799 0.016858 -0.012734
v -0.091288 0.014802 -0.014453
v -0.088923 0.012468 -0.018173
v -0.088637 0.007984 -0.005868
v -0.081984 0.000253 0.000719
v -0.086092 0.005571 -0.009283
v -0.059580 0.001658 0.033516
v -0.045734 0.008443 0.037210
v -0.033611 0.009411 0.041732
v -0.049641 0.150835 -0.014462
v -0.058966 0.144628 -0.017079
v -0.057322 0.146916 -0.022411
v -0.066692 0.140785 -0.023189
v -0.069245 0.141302 -0.019180
v -0.078098 0.134240 -0.025850
v -0.081610 0.136395 -0.022881
v -0.085775 0.126634 -0.029511
v -0.089921 0.127693 -0.026854
v -0.089033 0.121745 -0.030876
v -0.091804 0.121243 -0.028361
v -0.094532 0.116384 -0.031485
v -0.094778 0.120320 -0.025487
v -0.096502 0.114094 -0.027224
v -0.093565 0.118379 -0.020113
v -0.096402 0.111967 -0.022113
v -0.099895 0.104868 -0.024296
v -0.106479 0.096542 -0.018978
v -0.113848 0.088942 -0.013386
v -0.122747 0.082937 -0.012041
v -0.130385 0.078607 -0.017684
v -0.105365 0.098166 -0.026542
v -0.112258 0.091119 -0.022401
v -0.120385 0.084412 -0.019289
v -0.128942 0.078225 -0.026195
v -0.132067 0.075449 -0.028968
v -0.126977 0.080224 -0.026026
v -0.119337 0.086385 -0.025740
v -0.112370 0.092755 -0.028701
v -0.105031 0.099262 -0.031100
v -0.099728 0.106369 -0.029015
v -0.098247 0.107553 -0.033392
v -0.102770 0.098841 -0.035026
v -0.111581 0.092365 -0.033120
v -0.118970 0.087261 -0.031139
v -0.126079 0.081720 -0.029479
v -0.132024 0.076883 -0.031924
v -0.130785 0.076910 -0.034850
v -0.129284 0.075340 -0.037231
v -0.127595 0.073077 -0.038819
v -0.120875 0.071635 -0.042194
v -0.115474 0.064672 -0.042645
v -0.113052 0.052956 -0.041171
v -0.122254 0.077821 -0.040450
v -0.123247 0.080178 -0.037513
v -0.124874 0.081559 -0.034129
v -0.117681 0.085612 -0.035358
v -0.116146 0.083747 -0.039055
v -0.109404 0.090801 -0.037157
v -0.106251 0.089045 -0.039215
v -0.099174 0.097935 -0.037220
v -0.094108 0.107305 -0.035301
v -0.089330 0.117499 -0.034974
v -0.082917 0.126287 -0.033839
v -0.114007 0.078635 -0.042820
v -0.109026 0.078274 -0.044418
v -0.111602 0.065246 -0.043710
v -0.086808 0.133892 -0.017515
v -0.093434 0.127188 -0.023754
v -0.089467 0.127628 -0.017785
v -0.091169 0.123835 -0.018643
v -0.064635 0.139882 -0.027137
v -0.075766 0.134621 -0.029904
v -0.072212 0.131933 -0.031328
v -0.078992 0.123782 -0.034415
v -0.084821 0.114773 -0.035904
v -0.090371 0.105508 -0.036574
v -0.095503 0.096291 -0.038614
v -0.102342 0.087769 -0.040766
v -0.004034 0.018894 0.062433
v -0.012823 0.022350 0.061786
v -0.030785 0.023901 0.062708
v -0.043993 0.016945 0.061964
v -0.058561 0.012605 0.059829
v -0.073578 0.013306 0.056795
v -0.086293 0.009849 0.048091
v -0.088323 0.019583 0.053167
v -0.099916 0.018434 0.045557
v -0.101241 0.027194 0.049619
v -0.108971 0.027159 0.039981
v -0.111456 0.035809 0.045619
v -0.115860 0.037410 0.034844
v -0.118604 0.045936 0.039722
v -0.122616 0.047160 0.028715
v -0.123895 0.055769 0.030463
v -0.127766 0.055771 0.018287
v -0.124445 0.063935 0.030723
v -0.128891 0.063242 0.017488
v -0.125173 0.071863 0.028683
v -0.129353 0.070543 0.015840
v -0.124517 0.079974 0.024958
v -0.128342 0.077707 0.014019
v -0.121579 0.087465 0.018506
v -0.005469 0.021157 0.070255
v -0.017766 0.024927 0.071604
v -0.033626 0.023307 0.069816
v -0.046988 0.019621 0.068162
v -0.061593 0.019882 0.066951
v -0.077131 0.022132 0.063087
v -0.090775 0.027967 0.057678
v -0.104598 0.034471 0.055670
v -0.113531 0.045377 0.051013
v -0.118665 0.055510 0.041998
v -0.082648 0.031075 0.065658
v -0.096618 0.034822 0.062919
v -0.105147 0.045917 0.059694
v -0.113092 0.056232 0.052598
v -0.118408 0.065263 0.042103
v -0.120401 0.074690 0.039533
v -0.120583 0.083657 0.033918
v -0.117235 0.091750 0.025228
v -0.113926 0.098442 0.013449
v -0.112729 0.097049 0.030425
v -0.115664 0.088607 0.041508
v -0.113755 0.078595 0.047483
v -0.112118 0.067832 0.050656
v -0.105749 0.059930 0.059998
v -0.097425 0.048594 0.064723
v -0.088863 0.037732 0.069957
v -0.080999 0.039488 0.075717
v -0.073900 0.037237 0.071302
v -0.084852 0.047815 0.074003
v -0.089866 0.050090 0.070232
v -0.097460 0.064006 0.066168
v -0.104804 0.072402 0.056748
v -0.087185 0.066966 0.072224
v -0.094854 0.078037 0.061696
v -0.105912 0.083498 0.053717
v -0.109360 0.093664 0.046938
v -0.097376 0.089521 0.057143
v -0.102609 0.100329 0.050748
v -0.107635 0.102990 0.034447
v -0.102528 0.109182 0.038138
v -0.099715 0.118074 0.025814
v -0.094921 0.122488 0.032223
v -0.090698 0.127693 0.023798
v -0.085041 0.131524 0.030007
v -0.074565 0.140423 0.026059
v -0.095467 0.123900 0.017485
v -0.098400 0.121054 0.013165
v -0.104108 0.112623 0.019376
v -0.109178 0.104837 0.016815
v -0.085889 0.081877 0.064690
v -0.081469 0.097340 0.062815
v -0.079535 0.112638 0.061746
v -0.082737 0.122300 0.053683
v -0.087394 0.109478 0.057768
v -0.089341 0.093990 0.059549
v -0.095054 0.105799 0.053774
v -0.090171 0.118452 0.048061
v -0.082764 0.130008 0.044762
v -0.078721 0.135186 0.035366
v -0.096942 0.114585 0.042539
v -0.089456 0.126193 0.038745
v -0.100175 0.012247 0.040404
v -0.130144 0.055285 0.006188
v -0.132242 0.054560 -0.004996
v -0.132941 0.061494 -0.006488
v -0.130831 0.062560 0.004934
v -0.131146 0.069776 0.003007
v -0.007627 0.087920 0.100744
v -0.015592 0.082589 0.104611
v -0.024761 0.080974 0.101751
v -0.027063 0.086449 0.098835
v -0.003975 0.075318 0.106060
v 0.000936 0.081866 0.102486
v 0.007563 0.075026 0.101625
v 0.011811 0.081276 0.095956
v 0.017483 0.074671 0.095837
vn 0.6736 -0.7162 0.1824
vn 0.5959 -0.7921 0.1326
vn 0.8423 -0.3593 0.4018
vn 0.7820 -0.4902 0.3849
vn 0.8395 -0.1989 0.5057
vn 0.8121 -0.2275 0.5374
vn 0.8256 -0.1580 0.5416
vn 0.8832 -0.1193 0.4535
vn 0.8937 0.0726 0.4428
vn 0.9104 0.0434 0.4115
vn 0.7120 0.2335 0.6622
vn 0.6549 0.1673 0.7370
vn 0.6224 0.3352 0.7073
vn 0.3865 0.3467 0.8547
vn 0.7680 0.4792 0.4250
vn 0.3522 0.5965 0.7212
vn 0.7652 0.5832 0.2727
vn 0.0769 0.6681 0.7401
vn 0.4852 0.6748 0.5561
vn 0.0370 0.6425 0.7654
vn 0.1431 0.5121 0.8469
vn 0.2826 0.5845 0.7606
vn 0.3474 0.5424 0.7649
vn 0.6324 0.6478 0.4247
vn 0.6113 0.6876 0.3918
vn 0.7945 0.6073 -0.0016
vn 0.3797 0.8887 0.2569
vn 0.6486 0.7483 -0.1389
vn 0.2967 0.9249 -0.2377
vn 0.6886 0.5525 -0.4697
vn 0.4075 0.7445 -0.5288
vn 0.6760 0.6873 -0.2657
vn 0.3814 0.8560 -0.3491
vn 0.2765 0.9609 -0.0139
vn 0.2193 0.8621 -0.4568
vn 0.0701 0.9927 -0.0982
vn 0.1016 0.9792 -0.1756
vn 0.1597 0.9226 -0.3511
vn 0.1941 0.9132 -0.3582
vn 0.3017 0.6630 -0.6851
vn 0.3369 0.6894 -0.6412
vn 0.3705 0.5283 -0.7640
vn 0.3750 0.7022 -0.6052
vn 0.3379 0.8592 -0.3841
vn 0.2311 0.9711 -0.0594
vn 0.2183 0.9669 0.1321
vn 0.1233 0.9559 0.2664
vn 0.3636 0.9265 -0.0965
vn 0.3007 0.9470 -0.1130
vn 0.4052 0.6241 -0.6680
vn 0.1615 0.9143 -0.3713
vn 0.3013 0.5921 -0.7474
vn 0.1283 0.7819 -0.6101
vn 0.2301 0.5124 -0.8273
vn 0.2226 0.2795 -0.9340
vn 0.2362 0.4053 -0.8831
vn 0.0995 0.3486 -0.9320
vn 0.1281 0.5978 -0.7913
vn -0.1144 0.6964 -0.7084
vn 0.2111 0.6639 -0.7175
vn -0.0291 0.7132 -0.7004
vn 0.2041 0.4140 -0.8871
vn 0.0234 0.3497 -0.9366
vn 0.2034 0.1807 -0.9623
vn -0.0338 0.3451 -0.9380
vn 0.1539 0.2107 -0.9654
vn -0.0862 0.3386 -0.9370
vn 0.0567 0.1816 -0.9817
vn -0.1823 0.2348 -0.9548
vn -0.1034 -0.0007 -0.9946
vn -0.2613 0.0776 -0.9621
vn -0.1466 -0.1960 -0.9696
vn -0.2650 -0.0486 -0.9630
vn -0.1235 -0.2981 -0.9465
vn -0.2555 -0.2146 -0.9427
vn -0.1222 -0.4216 -0.8985
vn -0.3859 -0.3313 -0.8610
vn -0.2378 -0.5267 -0.8161
vn -0.4025 -0.3784 -0.8336
vn -0.2176 -0.4565 -0.8627
vn 0.0335 -0.2406 -0.9700
vn 0.0930 -0.1933 -0.9767
vn 0.3299 -0.1609 -0.9302
vn 0.2348 -0.0934 -0.9675
vn 0.1847 -0.2024 -0.9617
vn 0.1475 -0.1679 -0.9747
vn -0.2437 -0.3311 -0.9116
vn -0.2107 -0.3992 -0.8923
vn -0.4558 -0.4790 -0.7502
vn -0.1649 -0.4571 -0.8740
vn -0.3691 -0.5837 -0.7233
vn -0.3227 -0.8343 -0.4470
vn -0.5754 -0.7652 -0.2887
vn -0.3860 -0.9093 0.1557
vn -0.5565 -0.8268 -0.0815
vn -0.2838 -0.9581 -0.0390
vn -0.2508 -0.9042 -0.3458
vn -0.1972 -0.8930 -0.4046
vn -0.1926 -0.8959 -0.4004
vn -0.1905 -0.9341 -0.3019
vn -0.0052 -0.9296 -0.3686
vn -0.1393 -0.9683 -0.2073
vn -0.0006 -0.9312 -0.3645
vn -0.0714 -0.9917 -0.1069
vn 0.0813 -0.9321 -0.3529
vn 0.1392 -0.9900 -0.0208
vn 0.2672 -0.9007 -0.3425
vn 0.3461 -0.9213 -0.1773
vn 0.3914 -0.8624 -0.3212
vn 0.3537 -0.8868 -0.2975
vn 0.3324 -0.9118 -0.2409
vn 0.0383 -0.8870 -0.4602
vn -0.0119 -0.9489 -0.3153
vn -0.2175 -0.8409 -0.4956
vn -0.1875 -0.9437 -0.2724
vn -0.2001 -0.8566 -0.4756
vn -0.1753 -0.9573 -0.2297
vn -0.1592 -0.8957 -0.4153
vn -0.0854 -0.9874 -0.1331
vn -0.1260 -0.9674 -0.2198
vn 0.0039 -0.9827 0.1850
vn -0.0038 -0.9998 -0.0192
vn 0.1611 -0.9384 0.3057
vn 0.1817 -0.9601 0.2124
vn 0.1940 -0.9195 0.3419
vn 0.2051 -0.9380 0.2793
vn 0.2369 -0.8954 0.3770
vn 0.3106 -0.8559 0.4135
vn 0.3993 -0.8682 0.2945
vn 0.6152 -0.5730 0.5416
vn 0.6079 -0.7838 0.1269
vn 0.7542 -0.5463 0.3642
vn 0.5671 -0.8039 -0.1791
vn 0.6660 -0.7459 -0.0028
vn 0.4743 -0.8251 -0.3071
vn 0.5317 -0.7744 -0.3431
vn 0.5140 -0.8363 -0.1908
vn 0.5052 -0.7779 -0.3736
vn 0.5098 -0.8582 0.0591
vn 0.4711 -0.8821 -0.0030
vn 0.3282 -0.9124 0.2445
vn 0.5420 -0.8039 0.2448
vn 0.4748 -0.8495 0.2301
vn 0.7168 -0.5853 0.3789
vn 0.6914 -0.6196 0.3716
vn 0.7380 -0.5032 0.4496
vn 0.7315 -0.5147 0.4473
vn 0.6029 -0.2976 0.7403
vn 0.6216 -0.4159 0.6639
vn 0.2870 -0.1923 0.9384
vn 0.2082 -0.1825 0.9609
vn -0.0554 -0.1818 0.9818
vn 0.0823 -0.0910 0.9924
vn 0.2528 -0.1719 0.9521
vn 0.6272 -0.1600 0.7622
vn 0.8405 -0.1003 0.5324
vn 0.8551 -0.2199 0.4694
vn -0.3719 -0.6449 0.6676
vn -0.5918 -0.4495 0.6692
vn -0.5916 -0.6901 0.4169
vn 0.1920 -0.2670 0.9444
vn 0.6228 -0.5206 0.5840
vn 0.5635 -0.5153 -0.6457
vn 0.6178 -0.2981 -0.7276
vn 0.6090 -0.3441 -0.7146
vn 0.7193 -0.6899 -0.0816
vn 0.6313 -0.7704 0.0893
vn 0.7006 -0.7131 -0.0255
vn 0.2956 -0.0589 -0.9535
vn 0.4601 -0.0643 -0.8856
vn 0.2406 -0.2352 -0.9417
vn 0.8171 0.4268 -0.3875
vn 0.8200 0.4806 -0.3110
vn 0.8107 0.4709 -0.3480
vn 0.8509 0.3688 -0.3741
vn 0.8036 0.5909 0.0712
vn 0.8735 0.3509 -0.3374
vn 0.8489 0.5222 0.0822
vn 0.8502 0.5213 0.0735
vn 0.6751 0.6094 0.4158
vn 0.6662 0.5620 0.4903
vn 0.7663 0.6006 0.2283
vn 0.7526 0.5833 0.3054
vn 0.8266 0.5242 -0.2047
vn 0.8916 0.4161 -0.1788
vn 0.7823 0.2356 -0.5766
vn 0.7877 0.1781 -0.5897
vn 0.7369 0.1383 -0.6617
vn 0.7588 -0.0135 -0.6512
vn 0.6800 0.0148 -0.7330
vn 0.7009 -0.3060 -0.6443
vn 0.6173 -0.1780 -0.7663
vn 0.6853 -0.4231 -0.5928
vn 0.6409 -0.5167 -0.5678
vn 0.6070 -0.6690 -0.4290
vn 0.5089 -0.6268 -0.5900
vn 0.5865 -0.6242 -0.5161
vn 0.7652 -0.6380 -0.0855
vn 0.8280 -0.5222 0.2044
vn 0.7777 -0.5964 0.1986
vn 0.5711 -0.8058 0.1569
vn 0.3639 -0.9314 0.0136
vn 0.3013 -0.9523 -0.0485
vn 0.0816 -0.9839 -0.1589
vn -0.1587 -0.9306 -0.3299
vn -0.1961 -0.8877 -0.4165
vn -0.2202 -0.8679 -0.4453
vn -0.2101 -0.8934 -0.3970
vn -0.1136 -0.9584 -0.2620
vn 0.1015 -0.9904 -0.0943
vn 0.2137 -0.9651 0.1513
vn 0.1474 -0.9588 0.2430
vn -0.0077 -0.9991 0.0419
vn -0.1243 -0.9704 -0.2070
vn -0.1708 -0.9602 -0.2210
vn -0.2178 -0.9178 -0.3320
vn -0.1916 -0.9695 -0.1528
vn -0.3477 -0.9223 -0.1687
vn -0.3509 -0.9237 0.1535
vn -0.3687 -0.8940 0.2548
vn -0.3356 -0.9331 -0.1290
vn 0.5698 -0.0975 -0.8160
vn 0.5746 -0.0404 -0.8174
vn 0.5736 -0.1034 -0.8126
vn 0.5589 -0.4352 -0.7058
vn 0.5612 -0.2314 -0.7947
vn 0.5702 -0.2207 -0.7913
vn 0.9281 -0.1308 -0.3487
vn 0.6889 -0.2066 -0.6947
vn 0.7228 -0.0878 -0.6854
vn 0.6816 0.7077 0.1860
vn 0.6814 0.7030 0.2036
vn 0.6386 0.7294 0.2453
vn 0.4540 0.5953 0.6630
vn 0.0889 0.7806 0.6187
vn 0.4038 0.4342 0.8053
vn 0.8181 0.5001 -0.2839
vn 0.5917 0.7990 0.1075
vn 0.3425 0.9187 -0.1970
vn 0.1565 0.9292 -0.3347
vn 0.3224 0.6706 -0.6680
vn 0.3870 0.4827 -0.7857
vn 0.3686 0.6720 -0.6422
vn 0.2647 0.9527 -0.1493
vn 0.3650 0.9169 -0.1613
vn 0.5180 0.6803 -0.5186
vn 0.4904 0.4475 -0.7478
vn 0.3921 0.4064 -0.8253
vn 0.4850 0.4607 -0.7433
vn 0.4145 0.5325 -0.7380
vn 0.4296 0.5418 -0.7224
vn 0.3848 0.5617 -0.7324
vn 0.4434 0.4117 -0.7962
vn 0.3750 0.4359 -0.8181
vn 0.4576 0.1819 -0.8704
vn 0.3067 0.1804 -0.9346
vn 0.4216 0.0482 -0.9055
vn 0.3181 0.1142 -0.9411
vn 0.2463 0.1503 -0.9575
vn 0.1400 0.1037 -0.9847
vn -0.0871 -0.0843 -0.9926
vn -0.0288 -0.1375 -0.9901
vn -0.2534 -0.3751 -0.8917
vn -0.2926 -0.3774 -0.8786
vn -0.3263 -0.4142 -0.8497
vn -0.4238 -0.3923 -0.8164
vn -0.2643 -0.4395 -0.8585
vn -0.3330 -0.4560 -0.8253
vn -0.2483 -0.3805 -0.8908
vn -0.1579 -0.4733 -0.8667
vn -0.0934 -0.3234 -0.9416
vn 0.2026 -0.4437 -0.8730
vn 0.1758 -0.3397 -0.9240
vn 0.3052 -0.3330 -0.8922
vn 0.2657 -0.3906 -0.8814
vn 0.2236 -0.4088 -0.8848
vn 0.1515 -0.6916 -0.7063
vn 0.1307 -0.7218 -0.6797
vn -0.0236 -0.9765 -0.2142
vn 0.0373 -0.9741 -0.2229
vn -0.2264 -0.9268 0.2995
vn -0.2128 -0.9469 0.2412
vn -0.3305 -0.6798 0.6547
vn -0.0362 -0.9750 0.2193
vn -0.2323 -0.6643 0.7104
vn 0.1033 -0.9189 0.3807
vn -0.1254 -0.7574 0.6407
vn 0.0980 -0.9212 0.3766
vn -0.0625 -0.9224 0.3813
vn 0.1529 -0.9174 0.3675
vn 0.2663 -0.9608 -0.0774
vn 0.2746 -0.7161 0.6417
vn 0.4007 -0.9023 -0.1593
vn 0.5323 -0.7978 0.2833
vn 0.3926 -0.9010 -0.1847
vn 0.5565 -0.7860 -0.2691
vn 0.4656 -0.8499 -0.2467
vn 0.5311 -0.8186 -0.2187
vn 0.0666 0.6949 0.7160
vn -0.0614 0.9012 0.4291
vn -0.1162 0.7245 0.6794
vn -0.5979 0.7309 -0.3292
vn -0.6053 0.7499 -0.2670
vn -0.6238 0.7503 -0.2187
vn -0.6332 -0.1881 -0.7508
vn -0.3138 -0.3622 -0.8777
vn -0.3457 -0.2053 -0.9156
vn -0.4310 0.1983 -0.8803
vn -0.6052 0.0631 -0.7935
vn -0.3995 0.0287 -0.9163
vn 0.5016 0.6857 -0.5275
vn 0.6227 0.7811 -0.0469
vn 0.7065 0.5384 -0.4593
vn 0.8071 0.5094 -0.2983
vn 0.7606 0.2832 -0.5842
vn 0.8101 0.3174 -0.4930
vn 0.7533 0.4992 -0.4282
vn 0.7932 0.5268 -0.3054
vn 0.6311 0.7695 -0.0980
vn 0.7455 0.6626 -0.0722
vn 0.6923 0.7031 -0.1627
vn 0.8316 0.5064 -0.2282
vn 0.7535 0.4325 -0.4953
vn 0.8248 0.2203 -0.5207
vn 0.7331 0.2133 -0.6458
vn 0.7770 0.0374 -0.6283
vn 0.7907 0.2148 -0.5733
vn 0.8624 0.0588 -0.5028
vn 0.8273 0.2576 -0.4993
vn 0.9301 0.0932 -0.3552
vn 0.8034 0.1797 -0.5677
vn 0.8644 0.0603 -0.4992
vn 0.6815 0.0896 -0.7263
vn 0.7127 -0.0075 -0.7014
vn 0.6087 0.0093 -0.7933
vn 0.6112 -0.0218 -0.7911
vn 0.5640 -0.0217 -0.8255
vn 0.5688 -0.0274 -0.8220
vn 0.5640 -0.0215 -0.8255
vn 0.5666 -0.0364 -0.8232
vn 0.5654 -0.0290 -0.8243
vn 0.5663 -0.0993 -0.8182
vn 0.5588 -0.0952 -0.8238
vn 0.5549 -0.2607 -0.7900
vn 0.5467 -0.3021 -0.7809
vn 0.4881 -0.4954 -0.7185
vn 0.3842 -0.5630 -0.7317
vn 0.3893 -0.5229 -0.7583
vn 0.2203 -0.7112 -0.6676
vn 0.0518 -0.4664 -0.8831
vn -0.0599 -0.6734 -0.7368
vn -0.0132 -0.7411 -0.6712
vn -0.0723 -0.9095 -0.4094
vn -0.0902 -0.9096 -0.4057
vn 0.2650 -0.7620 -0.5909
vn 0.0706 -0.7040 -0.7067
vn 0.3629 -0.4714 -0.8038
vn 0.0269 -0.5151 -0.8567
vn 0.2629 -0.4098 -0.8734
vn 0.0022 -0.3875 -0.9219
vn 0.0085 -0.2337 -0.9723
vn 0.2128 -0.0055 -0.9771
vn 0.3529 0.0573 -0.9339
vn 0.4633 0.0515 -0.8847
vn 0.5197 0.0050 -0.8544
vn 0.5300 0.0101 -0.8479
vn 0.5229 0.1397 -0.8409
vn 0.5294 0.3531 -0.7714
vn 0.5576 0.4458 -0.7002
vn 0.5787 0.3816 -0.7207
vn 0.5656 0.4593 -0.6849
vn 0.5350 0.6571 -0.5310
vn 0.5767 0.6162 -0.5365
vn 0.4839 0.8468 -0.2208
vn 0.5833 0.8004 -0.1383
vn 0.6308 0.7587 -0.1627
vn -0.6789 0.4456 -0.5835
vn -0.9356 0.3528 -0.0141
vn -0.7186 0.4542 -0.5266
vn -0.9245 0.3329 0.1859
vn -0.9840 0.0556 0.1693
vn -0.9710 0.0944 0.2195
vn 0.7148 0.6923 0.0985
vn 0.8949 0.2473 -0.3715
vn 0.9164 0.3275 -0.2303
vn 0.9037 0.3226 -0.2815
vn 0.8435 0.4999 -0.1965
vn 0.8490 0.3576 -0.3890
vn 0.7742 0.6306 -0.0538
vn 0.8387 0.4582 -0.2945
vn 0.7988 0.1853 -0.5723
vn 0.7310 -0.0053 -0.6824
vn 0.8434 -0.0485 -0.5351
vn 0.9381 0.0102 -0.3463
vn 0.8736 0.0262 -0.4860
vn 0.7069 -0.0107 -0.7072
vn 0.6103 -0.0382 -0.7913
vn 0.5056 -0.4607 -0.7295
vn 0.4506 -0.6396 -0.6228
vn 0.5219 -0.5583 -0.6450
vn 0.5239 -0.5851 -0.6190
vn 0.5975 -0.4224 -0.6816
vn 0.6116 -0.3372 -0.7157
vn 0.5498 -0.4059 -0.7300
vn 0.4687 -0.2878 -0.8352
vn 0.3437 -0.6779 -0.6499
vn 0.4286 -0.5568 -0.7115
vn 0.3798 -0.8862 -0.2654
vn 0.5744 -0.7002 -0.4240
vn 0.4745 -0.8768 -0.0778
vn 0.7590 -0.6364 -0.1376
vn 0.5097 -0.8333 0.2143
vn 0.7597 -0.5205 0.3898
vn 0.4884 -0.6801 0.5467
vn 0.6635 -0.7145 0.2218
vn 0.9404 0.2460 -0.2348
vn 0.9379 -0.2273 0.2621
vn 0.9306 -0.0862 -0.3558
vn -0.0385 0.0508 0.9980
vn 0.1850 0.3533 0.9170
vn 0.2232 0.0593 0.9730
vn -0.6313 0.7755 0.0025
vn -0.6429 0.5873 -0.4916
vn -0.7652 0.6410 -0.0599
vn -0.9399 -0.3218 -0.1140
vn -0.6993 -0.6513 -0.2946
vn -0.8983 -0.4395 -0.0030
vn 0.4332 -0.8512 0.2962
vn 0.3911 -0.9155 0.0947
vn 0.2821 -0.9565 0.0749
vn 0.1849 -0.9326 -0.3100
vn 0.2877 -0.7352 -0.6138
vn 0.3223 -0.4765 -0.8179
vn 0.1664 -0.4343 -0.8853
vn 0.1262 -0.4067 -0.9048
vn 0.1906 -0.3426 -0.9200
vn 0.0925 -0.4286 -0.8987
vn 0.2812 -0.4497 -0.8478
vn 0.1194 -0.7759 -0.6194
vn 0.0711 -0.6557 -0.7517
vn -0.0763 -0.7821 -0.6185
vn -0.2061 -0.5519 -0.8080
vn -0.2401 -0.3995 -0.8847
vn -0.5544 -0.0679 0.8295
vn -0.0049 -0.3421 0.9397
vn -0.4389 -0.0936 0.8936
vn -0.3585 -0.5312 0.7677
vn 0.0057 -0.5228 0.8525
vn -0.3013 -0.6061 0.7361
vn 0.7831 0.1410 -0.6057
vn 0.7306 0.1092 -0.6741
vn 0.5929 0.3127 0.7421
vn 0.8028 0.2950 0.5182
vn 0.7424 0.4336 0.5107
vn 0.6795 0.1054 0.7261
vn 0.7474 -0.1245 0.6526
vn 0.5880 0.0125 0.8088
vn 0.4355 -0.7328 0.5229
vn 0.3187 -0.4277 0.8459
vn 0.3684 -0.4359 0.8211
vn 0.6876 0.0342 0.7253
vn 0.3528 0.3286 0.8761
vn 0.4331 0.2992 0.8502
vn 0.3974 0.3501 0.8482
vn 0.4180 0.3255 0.8481
vn 0.3824 0.3300 0.8631
vn 0.1431 -0.9619 -0.2330
vn 0.5208 -0.8244 0.2217
vn 0.7347 -0.5290 0.4247
vn 0.3116 0.7027 -0.6396
vn 0.2792 0.7936 -0.5406
vn 0.3596 0.6574 -0.6622
vn 0.5494 0.4750 -0.6874
vn 0.3222 -0.6179 0.7172
vn 0.5812 -0.4257 0.6936
vn -0.0653 -0.9571 0.2824
vn 0.0115 -0.9802 0.1979
vn -0.0460 -0.9717 0.2319
vn 0.4047 -0.6075 0.6835
vn 0.4881 -0.8717 0.0436
vn 0.5524 -0.8199 0.1503
vn -0.1281 -0.5026 0.8550
vn 0.0547 -0.7895 0.6112
vn -0.0158 -0.4578 0.8889
vn 0.1665 -0.1817 0.9692
vn 0.0971 -0.4852 0.8690
vn 0.3531 -0.6105 0.7089
vn 0.0633 -0.7174 0.6938
vn 0.4414 -0.7886 0.4282
vn 0.3447 -0.7465 0.5691
vn 0.6827 -0.7301 0.0300
vn 0.6060 -0.7771 0.1700
vn 0.7058 -0.7049 -0.0705
vn 0.6069 -0.7807 -0.1490
vn 0.6030 -0.7793 -0.1704
vn 0.4994 -0.8154 -0.2928
vn -0.0738 -0.3654 0.9279
vn 0.1131 -0.4354 0.8931
vn -0.0174 -0.5844 0.8113
vn -0.1646 0.5920 0.7890
vn -0.3769 0.5115 0.7722
vn -0.4171 0.3895 0.8212
vn -0.4584 0.1988 0.8662
vn -0.4738 0.3064 0.8256
vn -0.4557 0.2915 0.8410
vn -0.7703 -0.6377 -0.0024
vn -0.5874 -0.8091 -0.0190
vn -0.8158 -0.5641 0.1273
vn 0.0708 -0.6566 0.7509
vn 0.1030 -0.6362 0.7646
vn 0.2750 -0.5180 0.8100
vn 0.3733 -0.3417 0.8625
vn 0.4943 -0.5776 0.6496
vn 0.3015 -0.3677 0.8797
vn 0.3353 -0.7283 0.5977
vn 0.2276 -0.4048 0.8856
vn 0.2037 -0.8141 0.5439
vn 0.0820 -0.8586 0.5061
vn 0.0199 -0.9981 -0.0586
vn -0.0728 -0.9971 0.0240
vn 0.0136 -0.9999 -0.0105
vn 0.0695 -0.9742 0.2146
vn -0.1241 -0.9822 0.1407
vn -0.1534 -0.9862 0.0619
vn -0.0934 -0.9884 -0.1202
vn 0.1513 -0.9885 -0.0080
vn 0.1856 -0.9826 0.0042
vn 0.0898 -0.9817 -0.1677
vn 0.0949 -0.9494 -0.2995
vn 0.1443 -0.8965 -0.4188
vn 0.1398 -0.8799 -0.4542
vn -0.0130 -0.8796 -0.4755
vn -0.2834 -0.8392 -0.4642
vn -0.5427 -0.7932 -0.2761
vn -0.7147 -0.6428 -0.2755
vn -0.6280 -0.5521 -0.5485
vn -0.4889 0.3073 0.8164
vn -0.5472 0.2295 0.8049
vn -0.4534 0.3455 0.8216
vn -0.4996 0.7370 0.4552
vn -0.5881 0.5241 0.6160
vn -0.4395 0.5636 0.6995
vn -0.2543 0.3177 -0.9135
vn 0.1615 -0.0041 -0.9869
vn -0.2061 0.3497 -0.9139
vn -0.0395 0.9925 0.1152
vn 0.2858 0.8542 -0.4344
vn 0.2182 0.8894 -0.4017
vn -0.0813 -0.9724 0.2187
vn -0.0559 -0.9955 0.0765
vn 0.0224 -0.9989 0.0419
vn -0.0339 -0.9837 0.1764
vn -0.1689 -0.9731 0.1569
vn -0.1512 -0.9850 0.0837
vn -0.1326 -0.9881 -0.0774
vn -0.1716 -0.9527 -0.2507
vn -0.2654 -0.8881 -0.3752
vn 0.0448 -0.8523 -0.5211
vn -0.3799 -0.8205 -0.4272
vn -0.0599 -0.7616 -0.6453
vn -0.1904 -0.6769 -0.7110
vn -0.0818 -0.6674 -0.7402
vn -0.1880 -0.6196 -0.7621
vn -0.3487 -0.6782 -0.6469
vn -0.3627 -0.5248 -0.7701
vn -0.6775 -0.5573 -0.4801
vn -0.6842 -0.3792 -0.6229
vn -0.8103 -0.3256 -0.4873
vn -0.7316 -0.1349 -0.6683
vn -0.6500 -0.2766 -0.7078
vn -0.6389 -0.0808 -0.7650
vn -0.5474 -0.2619 -0.7949
vn -0.5338 -0.0662 -0.8430
vn -0.2739 -0.2523 -0.9281
vn -0.2979 -0.0839 -0.9509
vn 0.1519 -0.1440 -0.9779
vn 0.3506 -0.1522 -0.9241
vn -0.0812 -0.1880 -0.9788
vn -0.5455 -0.1919 -0.8158
vn -0.5372 -0.1033 -0.8371
vn -0.4572 0.0926 -0.8845
vn -0.4820 0.3529 -0.8020
vn -0.4684 0.4658 -0.7508
vn -0.4065 0.5299 -0.7443
vn -0.3615 0.5816 -0.7288
vn -0.3321 0.5818 -0.7425
vn -0.2505 0.6045 -0.7562
vn -0.3407 0.6692 -0.6604
vn -0.0914 0.4033 -0.9105
vn 0.1773 0.1011 -0.9790
vn -0.0187 0.3458 -0.9381
vn 0.0403 0.6846 -0.7278
vn -0.2432 0.7682 -0.5922
vn -0.0550 0.9659 -0.2530
vn -0.1863 0.9298 -0.3173
vn 0.0338 0.9927 -0.1159
vn 0.0058 0.9528 -0.3036
vn 0.0751 0.9971 -0.0153
vn -0.0356 0.9778 -0.2064
vn -0.0506 0.9763 -0.2105
vn -0.0717 0.9885 -0.1329
vn -0.3900 0.8910 -0.2323
vn -0.5109 0.8292 -0.2268
vn -0.4286 0.8801 -0.2041
vn -0.5012 0.8575 -0.1165
vn -0.2347 0.8414 -0.4868
vn -0.3673 0.8515 -0.3743
vn -0.0600 0.7267 -0.6843
vn 0.0295 0.6292 -0.7767
vn 0.0062 0.7348 -0.6783
vn -0.6039 0.2537 -0.7556
vn -0.6269 0.0861 -0.7743
vn -0.3025 0.1068 -0.9471
vn -0.1967 -0.0862 -0.9767
vn 0.2074 -0.1365 -0.9687
vn 0.3053 -0.1487 -0.9406
vn 0.1885 -0.0889 -0.9780
vn 0.1964 -0.0855 -0.9768
vn -0.2483 0.0730 -0.9659
vn -0.2884 0.0189 -0.9573
vn -0.5026 0.1535 -0.8508
vn -0.5205 0.0632 -0.8515
vn -0.5841 0.2343 -0.7771
vn -0.5887 0.0568 -0.8064
vn -0.6971 0.0813 -0.7124
vn -0.2489 -0.4982 -0.8306
vn -0.3475 -0.6374 -0.6877
vn -0.3383 -0.7251 -0.5999
vn -0.6305 -0.7667 -0.1212
vn -0.5608 -0.8122 -0.1609
vn -0.3874 -0.9201 -0.0580
vn -0.2252 -0.9713 0.0771
vn -0.1465 -0.9821 0.1186
vn -0.0779 -0.9964 0.0327
vn 0.0561 -0.9984 0.0024
vn 0.0347 -0.9968 0.0724
vn -0.0112 -0.9865 0.1636
vn -0.0361 -0.9769 0.2107
vn -0.0710 -0.9681 0.2402
vn -0.1115 -0.9732 0.2012
vn -0.1328 -0.8437 0.5201
vn -0.0704 -0.8747 0.4796
vn 0.0382 -0.5801 0.8137
vn 0.1810 -0.4819 0.8573
vn 0.2306 -0.5161 0.8249
vn 0.2555 -0.4671 0.8465
vn -0.3228 0.5897 -0.7403
vn -0.3222 0.7500 -0.5776
vn -0.4355 0.7808 -0.4480
vn -0.6721 0.4417 -0.5943
vn -0.6776 0.7336 -0.0525
vn -0.5881 0.6929 -0.4172
vn 0.1194 -0.3320 -0.9357
vn -0.2286 -0.7775 0.5859
vn 0.7818 -0.5934 -0.1915
vn 0.4382 -0.1656 -0.8835
vn -0.1849 -0.3252 -0.9274
vn -0.0983 -0.4595 -0.8827
vn 0.6604 -0.6739 -0.3313
vn -0.5189 0.8541 -0.0364
vn -0.3241 0.9260 -0.1937
vn -0.3368 0.9225 -0.1887
vn -0.6479 0.7604 0.0441
vn -0.6131 0.7890 0.0397
vn -0.8040 0.5671 0.1786
vn -0.7272 0.4164 0.5456
vn -0.8133 0.5343 0.2304
vn -0.2050 -0.4648 -0.8614
vn -0.1645 -0.4827 -0.8602
vn -0.0558 -0.5270 -0.8480
vn -0.1008 -0.4906 -0.8655
vn -0.1189 -0.5547 -0.8235
vn -0.0196 -0.3170 -0.9482
vn -0.1182 -0.3840 -0.9157
vn 0.0745 -0.1037 -0.9918
vn 0.0783 -0.1181 -0.9899
vn 0.1525 -0.0635 -0.9863
vn 0.1970 -0.0284 -0.9800
vn 0.0403 -0.2424 -0.9693
vn 0.0826 -0.1632 -0.9831
vn -0.6710 -0.7412 -0.0166
vn -0.6224 -0.7720 -0.1289
vn -0.7040 -0.7100 -0.0172
vn -0.6177 -0.7663 -0.1767
vn -0.2636 -0.8419 -0.4709
vn -0.4821 -0.7751 -0.4083
vn -0.7477 -0.5353 -0.3928
vn 0.0454 -0.6007 -0.7982
vn -0.1370 -0.9696 -0.2030
vn -0.1823 -0.9436 -0.2764
vn -0.0663 -0.9916 0.1113
vn -0.1700 -0.9422 0.2888
vn -0.1399 -0.8872 0.4397
vn -0.2217 -0.4204 -0.8799
vn -0.0873 -0.2518 -0.9638
vn 0.0648 -0.1476 -0.9869
vn 0.1607 -0.1167 -0.9801
vn 0.0220 -0.2573 -0.9661
vn -0.1572 -0.5264 -0.8356
vn 0.1236 0.1295 0.9839
vn -0.2404 -0.0813 0.9673
vn -0.0263 -0.3331 0.9425
vn 0.2701 -0.1576 0.9499
vn 0.4487 0.2495 0.8582
vn 0.4108 0.0601 0.9097
vn -0.1694 -0.2320 -0.9579
vn -0.0437 -0.2048 -0.9778
vn 0.1240 -0.1317 -0.9835
vn 0.0745 -0.2618 -0.9622
vn -0.2144 -0.6847 -0.6965
vn 0.3939 0.2950 0.8705
vn 0.2996 0.2258 0.9270
vn 0.2446 0.2228 0.9437
vn 0.4364 0.3387 0.8335
vn 0.2841 0.4102 0.8666
vn -0.0337 -0.2761 -0.9605
vn 0.0535 -0.1860 -0.9811
vn 0.0606 -0.3715 -0.9265
vn -0.2087 -0.8607 -0.4644
vn -0.3294 -0.9370 0.1159
vn 0.3608 0.5265 0.7698
vn 0.3048 0.4102 0.8596
vn -0.2910 -0.9319 0.2167
vn -0.2060 -0.9699 0.1299
vn 0.2281 0.6661 0.7101
vn 0.1133 0.5747 0.8105
vn 0.1385 -0.6854 -0.7148
vn -0.0624 -0.9792 -0.1931
vn -0.2496 -0.9052 0.3439
vn -0.2298 -0.9070 0.3529
vn -0.1776 -0.9115 0.3709
vn -0.0212 -0.9994 -0.0280
vn 0.0021 -0.9663 0.2575
vn 0.1556 -0.9588 -0.2376
vn -0.0981 0.3350 0.9371
vn -0.3691 0.2309 0.9002
vn 0.0582 -0.9701 -0.2358
vn 0.0600 -0.9730 -0.2230
vn -0.0652 -0.9979 0.0023
vn -0.2104 -0.9495 0.2328
vn -0.3245 -0.8872 0.3281
vn -0.3874 -0.0155 0.9218
vn -0.4685 0.3202 0.8234
vn -0.2281 -0.9590 0.1680
vn -0.0772 -0.9863 -0.1459
vn 0.0005 -0.9900 -0.1411
vn -0.0011 -0.9948 -0.1021
vn -0.0397 -0.9992 0.0068
vn 0.0862 -0.9765 -0.1977
vn 0.3573 -0.9085 -0.2169
vn 0.0352 0.7133 0.7000
vn 0.0827 0.7388 0.6688
vn 0.0614 -0.9562 -0.2864
vn -0.1847 -0.9796 -0.0788
vn -0.0085 -0.9767 -0.2142
vn -0.0740 -0.9748 -0.2104
vn -0.9540 0.2441 0.1742
vn -0.8324 0.5414 0.1182
vn -0.9776 0.0297 0.2083
vn -0.9796 -0.0383 0.1974
vn -0.1963 -0.9137 -0.3559
vn -0.2283 -0.9073 -0.3530
vn -0.2501 -0.9597 0.1283
vn -0.1609 -0.9716 -0.1734
vn -0.1131 -0.9564 0.2691
vn -0.0468 -0.9989 -0.0106
vn 0.0432 -0.9519 0.3034
vn 0.0643 -0.9890 0.1330
vn 0.1524 -0.9535 0.2598
vn 0.0747 -0.9709 0.2274
vn 0.1156 -0.9513 0.2858
vn -0.9859 -0.0267 0.1650
vn -0.9671 -0.0571 0.2479
vn -0.9785 -0.0784 0.1907
vn -0.9762 -0.1101 0.1870
vn -0.9529 -0.1623 0.2561
vn -0.9736 -0.0644 0.2189
vn -0.9738 -0.1025 0.2033
vn -0.9650 -0.1770 0.1933
vn -0.9324 -0.2811 0.2273
vn -0.9004 -0.3546 0.2520
vn -0.9009 -0.3448 0.2635
vn -0.8591 -0.4616 0.2211
vn -0.8621 -0.4483 0.2365
vn -0.8894 -0.4006 0.2201
vn -0.8099 -0.4252 0.4040
vn 0.3277 0.5471 -0.7702
vn -0.7811 -0.5518 0.2922
vn -0.5204 -0.8443 0.1276
vn -0.2870 -0.8799 0.3788
vn 0.3574 0.4803 -0.8010
vn -0.1083 -0.8280 0.5501
vn -0.7151 0.6957 0.0676
vn -0.6585 0.7472 0.0899
vn -0.7559 0.6500 -0.0790
vn -0.7848 0.6087 -0.1167
vn -0.7184 0.5397 -0.4388
vn -0.7587 0.5381 -0.3671
vn -0.4059 0.9138 0.0155
vn -0.5264 0.8443 0.1003
vn -0.4505 0.8793 0.1545
vn -0.3607 0.9304 0.0650
vn -0.5543 0.8059 0.2082
vn -0.5721 0.7982 0.1885
vn -0.6235 0.7688 0.1423
vn -0.6829 0.6789 0.2698
vn 0.8528 0.5066 -0.1270
vn 0.8330 0.4519 -0.3193
vn 0.7940 0.5986 -0.1063
vn 0.8332 0.5493 -0.0630
vn 0.8859 0.3637 -0.2881
vn 0.8327 0.1907 -0.5199
vn 0.7193 -0.0743 -0.6907
vn 0.6982 -0.2427 -0.6735
vn 0.6748 -0.0361 -0.7371
vn 0.7185 0.0607 -0.6929
vn 0.7980 -0.0141 -0.6025
vn 0.8019 0.0364 -0.5963
vn 0.8346 0.0406 -0.5493
vn 0.8896 -0.0102 -0.4567
vn 0.9243 -0.0392 -0.3797
vn 0.9737 -0.1825 -0.1361
vn 0.8377 -0.3063 -0.4522
vn 0.8460 -0.5001 -0.1850
vn 0.6058 -0.5083 -0.6121
vn -0.5986 0.7133 0.3645
vn -0.6753 0.5294 0.5135
vn -0.7389 0.6485 0.1827
vn -0.7363 0.5499 0.3944
vn 0.7188 -0.2715 -0.6400
vn 0.8084 -0.1926 -0.5563
vn 0.9399 -0.0270 -0.3404
vn 0.9872 0.1346 -0.0855
vn 0.9474 0.2556 -0.1927
vn 0.8910 0.4038 -0.2075
vn 0.8566 0.4834 -0.1807
vn 0.8335 0.5524 0.0071
vn 0.7345 0.6365 0.2351
vn -0.5798 0.3887 0.7160
vn -0.7995 0.5285 0.2855
vn -0.6718 0.3944 0.6270
vn 0.6841 0.6039 0.4090
vn 0.8006 0.5736 0.1733
vn 0.8482 0.4819 -0.2200
vn 0.8528 0.4313 -0.2945
vn 0.8000 0.3374 -0.4961
vn 0.9162 0.0489 -0.3978
vn 0.7493 0.0132 -0.6621
vn -0.4767 0.2456 0.8441
vn -0.4927 0.8297 0.2622
vn -0.4974 0.8333 0.2412
vn -0.5496 0.3150 0.7738
vn -0.4322 0.2168 0.8753
vn -0.5932 0.2300 0.7715
vn -0.4682 0.1807 0.8650
vn -0.4820 0.2943 0.8253
vn -0.3938 0.3409 0.8536
vn -0.4764 0.1732 0.8620
vn -0.4718 0.3312 0.8172
vn -0.4876 0.4154 0.7679
vn -0.5223 0.1640 0.8369
vn 0.4879 0.8242 -0.2875
vn 0.7321 0.4357 -0.5236
vn -0.8169 0.5767 -0.0100
vn -0.7049 0.6319 -0.3221
vn -0.7721 0.6355 -0.0061
vn -0.7453 0.5696 -0.3466
vn -0.8395 0.5433 0.0130
vn 0.5549 0.5217 -0.6481
vn 0.7149 0.3336 -0.6145
vn -0.7917 0.5976 0.1266
vn -0.6718 0.7339 0.1006
vn -0.6326 0.7642 0.1259
vn -0.1122 -0.8395 0.5317
vn -0.0666 -0.8392 0.5398
vn -0.0583 -0.8559 0.5139
vn -0.1467 -0.4909 0.8588
vn -0.1658 -0.5016 0.8491
vn -0.2379 -0.3308 0.9132
vn -0.3009 -0.2692 0.9149
vn 0.0277 -0.9613 0.2743
vn 0.1058 -0.9943 0.0148
vn 0.1112 -0.9829 -0.1465
vn 0.0773 -0.9908 -0.1113
vn 0.0451 -0.9826 -0.1801
vn -0.1039 -0.9497 -0.2954
vn -0.3553 -0.8574 -0.3725
vn -0.5242 -0.8063 -0.2740
vn -0.6573 -0.7529 -0.0323
vn -0.5694 -0.7924 -0.2187
vn -0.4812 -0.7109 -0.5128
vn -0.4158 -0.6496 -0.6365
vn -0.4867 -0.5123 -0.7076
vn -0.4126 -0.5368 -0.7359
vn -0.6141 -0.2063 -0.7618
vn -0.4914 -0.2890 -0.8216
vn -0.5949 -0.0311 -0.8032
vn -0.3749 -0.1349 -0.9172
vn -0.4700 0.0655 -0.8802
vn -0.4123 0.1375 -0.9006
vn -0.1629 0.1451 -0.9759
vn -0.3897 0.3235 -0.8622
vn -0.1237 0.2176 -0.9682
vn -0.2949 0.3759 -0.8785
vn -0.0677 0.3040 -0.9503
vn -0.2142 0.4060 -0.8884
vn -0.1359 0.4504 -0.8824
vn -0.4711 0.5692 -0.6738
vn -0.3755 0.6431 -0.6674
vn -0.4985 0.6561 -0.5666
vn -0.5074 0.7060 -0.4941
vn -0.5002 0.6429 -0.5801
vn -0.4498 0.6835 -0.5750
vn -0.4118 0.6657 -0.6223
vn -0.4223 0.6813 -0.5979
vn -0.2985 0.4997 -0.8132
vn -0.3014 0.5668 -0.7668
vn 0.0194 0.2329 -0.9723
vn -0.2927 0.6302 -0.7191
vn -0.1982 -0.3521 -0.9148
vn -0.5852 0.2765 -0.7623
vn -0.6732 0.3418 -0.6558
vn -0.4952 0.4256 -0.7574
vn -0.6088 0.5087 -0.6087
vn -0.3935 0.4576 -0.7973
vn -0.6298 0.5557 -0.5428
vn -0.4740 0.4822 -0.7368
vn -0.5763 0.5287 -0.6232
vn -0.4804 0.5175 -0.7082
vn -0.6403 0.5682 -0.5168
vn -0.5070 0.6351 -0.5828
vn -0.2332 0.4601 -0.8567
vn 0.0442 0.1662 -0.9851
vn 0.0299 0.1808 -0.9831
vn 0.1611 0.0488 -0.9857
vn -0.1730 0.3749 -0.9108
vn -0.4766 0.6461 -0.5962
vn -0.4459 0.6335 -0.6323
vn -0.8098 0.4090 0.4207
vn -0.7459 0.1415 0.6509
vn -0.6274 0.2074 0.7505
vn -0.5777 0.1379 0.8045
vn -0.1116 -0.9711 -0.2110
vn -0.5866 -0.0513 0.8082
vn -0.0484 -0.9965 0.0679
vn 0.0039 -0.9916 0.1290
vn 0.0914 -0.9445 0.3154
vn -0.0112 -0.8875 0.4608
vn -0.7576 0.1350 0.6386
vn -0.6620 0.0773 0.7455
vn -0.5609 -0.0920 0.8228
vn -0.4928 -0.4232 0.7603
vn -0.2277 -0.4978 0.8369
vn -0.1535 -0.4854 0.8607
vn -0.1999 -0.6269 0.7530
vn -0.1563 -0.5817 0.7983
vn -0.1756 -0.6726 0.7189
vn 0.0724 -0.5845 0.8082
vn -0.1775 -0.4593 0.8704
vn 0.0261 -0.4262 0.9043
vn -0.2500 -0.9505 0.1844
vn -0.1512 -0.9633 0.2217
vn -0.1450 -0.8395 0.5236
vn -0.1580 -0.8662 0.4741
vn -0.1039 -0.9889 0.1064
vn -0.0693 -0.9435 0.3239
vn 0.1868 -0.9542 0.2335
vn -0.0643 -0.7753 0.6283
vn 0.0423 -0.7683 0.6387
vn -0.1908 -0.4829 0.8547
vn -0.1963 -0.5607 0.8044
vn -0.2423 -0.3596 0.9011
vn -0.1721 0.3835 -0.9074
vn 0.1543 0.0751 -0.9852
vn -0.5076 -0.5037 0.6990
vn -0.6269 -0.1438 0.7657
vn 0.6402 0.5809 -0.5028
vn 0.5887 0.4309 -0.6839
vn -0.7968 0.0301 0.6035
vn -0.8536 0.0223 0.5205
vn 0.6291 0.3684 -0.6845
vn 0.5958 0.3660 -0.7149
vn 0.6051 0.3542 -0.7130
vn 0.6290 0.2990 -0.7176
vn 0.5681 0.1126 -0.8152
vn 0.5348 0.0206 -0.8447
vn 0.5320 -0.0134 -0.8466
vn 0.5355 -0.0117 -0.8445
vn 0.5251 -0.0168 -0.8509
vn 0.4249 -0.0324 -0.9047
vn -0.8644 0.0949 0.4938
vn -0.8855 0.3694 0.2818
vn 0.6468 0.3442 -0.6806
vn 0.5828 0.3669 -0.7251
vn 0.6052 0.3112 -0.7327
vn 0.5997 0.1545 -0.7852
vn 0.5556 0.0147 -0.8313
vn 0.5439 -0.0156 -0.8390
vn 0.5354 -0.0117 -0.8445
vn 0.5440 -0.0156 -0.8390
vn 0.5301 -0.0224 -0.8476
vn 0.5366 -0.0592 -0.8417
vn 0.4891 -0.1502 -0.8592
vn -0.8183 0.5547 0.1507
vn -0.7424 0.6691 -0.0335
vn 0.6439 0.3686 -0.6705
vn 0.5762 0.3121 -0.7554
vn 0.5864 0.1813 -0.7895
vn 0.5675 0.0126 -0.8233
vn 0.5591 -0.0161 -0.8289
vn 0.5405 -0.0173 -0.8412
vn 0.5420 -0.0723 -0.8373
vn 0.5003 -0.2236 -0.8365
vn -0.8194 0.5505 0.1599
vn -0.8999 0.3572 0.2502
vn 0.6276 0.2895 -0.7227
vn 0.5901 0.1663 -0.7900
vn 0.5637 0.0270 -0.8255
vn 0.5504 -0.0285 -0.8344
vn 0.5463 -0.0780 -0.8339
vn 0.5171 -0.3134 -0.7965
vn -0.9360 0.1038 0.3365
vn -0.9250 -0.0319 0.3787
vn -0.8964 -0.0423 0.4412
vn 0.4595 -0.5432 -0.7027
vn -0.8142 -0.2218 0.5365
vn -0.6316 -0.5153 0.5793
vn -0.4417 -0.6197 0.6487
vn -0.9296 -0.1309 0.3446
vn -0.8963 -0.2765 0.3467
vn -0.7891 -0.4708 0.3945
vn -0.5812 -0.5425 0.6065
vn -0.4554 -0.5124 0.7280
vn -0.2736 -0.6766 0.6836
vn -0.0002 -0.8095 0.5871
vn 0.3204 -0.8808 0.3487
vn 0.2283 -0.9666 0.1161
vn -0.2591 -0.9335 0.2478
vn -0.2656 -0.9209 0.2853
vn -0.1473 -0.9406 0.3060
vn 0.8514 -0.1397 -0.5056
vn 0.9757 -0.0393 -0.2154
vn 0.9018 -0.0174 -0.4317
vn 0.9106 -0.0640 -0.4083
vn 0.7068 -0.0347 -0.7065
vn 0.7213 -0.0579 -0.6902
vn 0.6070 -0.0397 -0.7937
vn 0.6090 -0.1009 -0.7867
vn 0.7266 -0.5613 0.3962
vn 0.7468 -0.5314 0.3999
vn 0.7308 -0.6122 0.3017
vn 0.5011 -0.8644 0.0424
vn 0.6506 -0.7146 0.2570
vn 0.6935 -0.7204 -0.0068
vn 0.2776 -0.8878 0.3671
vn 0.7245 -0.6407 0.2540
vn 0.4463 -0.8630 0.2367
vn 0.0937 -0.9457 0.3112
vn -0.3094 -0.7884 0.5317
vn -0.2402 -0.8591 0.4520
vn -0.1573 -0.8599 0.4856
vn 0.1767 0.1320 0.9754
vn 0.3588 0.1530 0.9208
vn 0.2978 0.1055 0.9488
vn 0.2019 0.0202 0.9792
vn -0.8662 -0.4365 0.2433
vn -0.8494 -0.4903 0.1950
vn -0.8540 -0.4491 0.2627
vn -0.8636 -0.4389 0.2481
vn -0.5790 0.5655 -0.5873
vn -0.4873 0.3058 -0.8180
vn -0.2588 0.4536 -0.8528
vn -0.2912 0.3824 -0.8769
vn -0.5192 0.5442 -0.6590
vn -0.3966 0.3848 -0.8334
vn -0.3021 0.2928 -0.9072
vn -0.1158 0.2289 -0.9665
vn -0.3806 0.3456 -0.8577
vn -0.3235 0.5148 -0.7939
vn 0.4254 -0.4098 -0.8069
vn 0.0363 0.2529 -0.9668
vn -0.3402 0.7119 -0.6144
vn 0.0538 0.3679 -0.9283
vn -0.1211 0.6503 -0.7499
vn -0.3789 0.7705 -0.5126
vn -0.3921 0.8699 -0.2992
vn -0.2384 0.8554 -0.4599
vn -0.5586 0.7385 -0.3777
vn -0.6089 0.7740 -0.1739
vn -0.5794 0.3297 -0.7454
vn -0.7761 0.6303 -0.0185
vn -0.7261 0.6858 -0.0494
vn -0.8908 0.3245 0.3180
vn -0.9505 0.3106 -0.0074
vn -0.0488 -0.9314 -0.3607
vn -0.6019 0.7042 -0.3766
vn -0.5367 0.5411 -0.6474
vn -0.4205 0.5662 -0.7089
vn -0.5198 0.6899 -0.5038
vn -0.9120 0.3243 0.2512
vn -0.8597 0.5080 0.0537
vn -0.9012 0.4312 0.0439
vn -0.9030 0.2689 0.3350
vn -0.9358 0.3405 -0.0917
vn -0.8764 0.4721 -0.0950
vn -0.6518 0.4859 -0.5823
vn -0.5144 0.5871 -0.6250
vn 0.7947 -0.1511 -0.5879
vn 0.7370 -0.2236 -0.6378
vn 0.6665 -0.1826 -0.7228
vn 0.7809 -0.1586 -0.6041
vn -0.3888 0.7920 -0.4707
vn -0.5592 0.8289 -0.0105
vn -0.3691 0.8995 -0.2336
vn -0.2472 0.8894 -0.3845
vn -0.1858 0.9180 -0.3503
vn -0.4109 0.9098 -0.0585
vn -0.4627 -0.0207 -0.8862
vn -0.6398 -0.3125 -0.7021
vn -0.2264 -0.1148 -0.9672
vn -0.2669 0.2870 -0.9200
vn -0.3837 0.5841 -0.7153
vn -0.3079 0.0098 -0.9514
vn -0.4044 0.4063 -0.8194
vn -0.4939 0.6470 -0.5809
vn 0.1364 -0.9394 0.3146
vn 0.0393 -0.9930 0.1115
vn -0.4765 0.6271 -0.6162
vn -0.6015 0.5344 -0.5938
vn -0.6813 0.4299 -0.5924
vn -0.7652 0.5613 -0.3152
vn -0.7111 0.6235 -0.3251
vn -0.4975 0.2296 -0.8366
vn -0.2282 0.1214 -0.9660
vn 0.1418 -0.1003 -0.9848
vn 0.1444 -0.1233 -0.9818
vn -0.2849 0.2306 -0.9304
vn -0.5891 0.4215 -0.6894
vn -0.5410 0.0261 -0.8406
vn -0.5438 0.4286 -0.7215
vn -0.2230 0.2371 -0.9456
vn 0.1036 -0.0449 -0.9936
vn 0.1444 -0.1073 -0.9837
vn -0.2926 0.3040 -0.9066
vn -0.5758 0.5545 -0.6008
vn -0.5514 0.5988 -0.5809
vn -0.5092 0.6303 -0.5860
vn -0.4817 -0.4052 -0.7770
vn -0.3928 -0.2634 -0.8811
vn 0.1538 -0.0952 -0.9835
vn 0.0494 0.0371 -0.9981
vn -0.2268 0.3406 -0.9124
vn -0.5607 0.5640 -0.6062
vn -0.5061 -0.1810 -0.8433
vn -0.5264 -0.1565 -0.8357
vn -0.6918 0.0646 -0.7192
vn -0.8578 0.3226 -0.4002
vn -0.8542 0.5032 -0.1309
vn -0.7171 0.6911 0.0901
vn -0.6764 0.7041 0.2160
vn -0.6163 0.7770 0.1282
vn -0.6458 0.7629 0.0307
vn -0.7005 0.6887 -0.1869
vn -0.8726 0.4860 -0.0485
vn -0.9156 0.3768 0.1401
vn -0.8429 0.5281 0.1030
vn -0.7233 0.6839 0.0956
vn -0.6485 0.7511 0.1238
vn -0.5968 0.8005 0.0554
vn -0.6500 0.7599 0.0093
vn 0.8446 0.3363 0.4166
vn 0.9570 0.2756 -0.0903
vn 0.8436 0.3863 0.3730
vn 0.9503 0.2970 -0.0936
vn 0.7294 0.4957 0.4715
vn 0.8834 0.4683 0.0161
vn 0.5660 0.6488 0.5087
vn 0.6530 0.7342 0.1861
vn 0.4269 0.7948 0.4313
vn 0.4645 0.8245 0.3232
vn 0.4085 0.8117 0.4175
vn 0.4923 0.8088 0.3218
vn 0.3127 0.7923 0.5239
vn 0.3891 0.8904 0.2362
vn 0.1152 0.8473 0.5185
vn 0.1360 0.9755 0.1728
vn -0.1117 0.8677 0.4844
vn -0.0162 0.9982 0.0585
vn -0.2243 0.8879 0.4016
vn -0.2551 0.9163 0.3086
vn -0.7848 0.6148 -0.0779
vn -0.5399 0.8330 -0.1214
vn -0.4890 0.8502 -0.1949
vn 0.9308 0.3590 -0.0682
vn 0.9352 0.2694 -0.2298
vn 0.8710 0.4713 -0.1391
vn 0.6575 0.7458 0.1073
vn 0.5345 0.8139 0.2277
vn -0.6194 0.7803 -0.0865
vn -0.7271 0.6852 0.0431
vn 0.7876 0.4943 0.3678
vn 0.8139 0.5011 0.2940
vn 0.6580 0.6923 0.2963
vn 0.4809 0.8545 0.1963
vn 0.4651 0.8826 0.0683
vn -0.8196 0.5722 0.0304
vn -0.5596 0.8071 -0.1881
vn 0.3176 0.4711 0.8229
vn 0.2929 0.6383 0.7119
vn 0.1803 0.8798 0.4398
vn 0.2271 0.9733 -0.0334
vn 0.5176 0.8008 -0.3013
vn 0.2751 0.9324 -0.2344
vn 0.4972 0.6292 -0.5974
vn 0.4877 0.6749 -0.5538
vn 0.2874 0.8977 -0.3341
vn 0.1706 0.9517 -0.2551
vn -0.0790 0.9924 0.0939
vn -0.0803 0.9915 0.1026
vn -0.2097 0.9105 0.3564
vn -0.1656 0.9202 0.3548
vn -0.5642 0.7624 -0.3169
vn -0.6608 0.7286 -0.1800
vn 0.3307 0.6586 0.6760
vn 0.1246 0.8824 0.4537
vn -0.0625 0.9509 0.3031
vn -0.0910 0.9312 0.3531
vn 0.2850 0.9537 -0.0964
vn 0.3239 0.8070 -0.4938
vn 0.0812 0.9071 -0.4131
vn -0.0560 0.9984 0.0020
vn -0.1122 0.9302 0.3494
vn -0.7796 0.6253 0.0351
vn 0.0492 0.9824 0.1801
vn -0.0129 0.9556 0.2944
vn -0.0939 0.8314 0.5477
vn 0.0973 0.9916 0.0855
vn 0.1237 0.8187 -0.5607
vn 0.0905 0.8622 -0.4984
vn -0.0129 0.9946 -0.1029
vn -0.1743 0.9277 -0.3301
vn -0.2082 0.9260 0.3150
vn -0.2286 0.8056 -0.5466
vn -0.3909 0.9169 0.0801
vn -0.4410 0.8909 -0.1085
vn 0.2164 0.9450 -0.2453
vn 0.0356 0.9524 0.3029
vn -0.1120 0.8523 0.5110
vn -0.2696 0.7629 0.5876
vn -0.1583 0.9713 0.1777
vn -0.1289 0.9310 0.3415
vn 0.0759 0.9311 -0.3567
vn -0.2536 0.9468 0.1983
vn -0.1508 0.9453 -0.2892
vn -0.4606 0.8873 -0.0242
vn -0.2830 0.8321 -0.4770
vn -0.5141 0.8499 -0.1153
vn -0.3744 0.7892 -0.4868
vn -0.5460 0.8224 -0.1595
vn -0.4087 0.8025 -0.4346
vn -0.4763 0.8262 -0.3009
vn -0.0486 0.5614 -0.8261
vn -0.1757 0.6363 -0.7511
vn 0.1435 0.3377 -0.9302
vn 0.1065 0.3262 -0.9393
vn 0.0539 0.3678 -0.9283
vn 0.0364 0.2529 -0.9668
vn 0.0334 0.7932 -0.6080
vn -0.0779 0.5732 -0.8157
vn -0.1043 0.5589 -0.8226
vn -0.0288 0.5590 -0.8287
vn -0.0323 0.6882 -0.7248
vn 0.1391 0.4615 -0.8762
vn -0.2384 0.8554 -0.4598
vn -0.1211 0.6503 -0.7500
vn -0.4411 0.8909 -0.1085
vn 0.3468 0.9091 -0.2308
vn -0.3749 0.9241 -0.0740
vn -0.5284 0.8019 0.2788
vn -0.3910 0.9169 0.0802
vn -0.2379 -0.3307 0.9132
vn -0.0347 -0.6590 0.7513
vn -0.0058 -0.6499 0.7600
vn -0.3515 -0.3391 0.8726
vn -0.0526 -0.9246 0.3773
vn 0.3754 -0.8810 0.2878
vn 0.1691 -0.9660 0.1956
vn -0.0579 -0.9963 -0.0632
vn 0.1989 -0.9653 0.1690
vn -0.0480 -0.9974 -0.0544
vn -0.1217 -0.9796 -0.1596
vn -0.5987 -0.7540 -0.2701
vn -0.7899 -0.5756 -0.2112
vn -0.6120 -0.6639 -0.4298
vn -0.8308 -0.5556 -0.0330
vn -0.4847 -0.8741 0.0308
vn -0.6440 -0.7188 0.2620
vn -0.3064 -0.9047 0.2960
vn 0.2747 0.8936 -0.3551
vn 0.4007 0.6622 -0.6331
vn 0.3822 0.7328 -0.5630
vn 0.4034 0.7784 -0.4809
vn 0.2506 0.9335 -0.2566
vn 0.3189 0.8921 -0.3201
vn 0.2354 0.8992 -0.3689
vn 0.2376 0.8340 -0.4981
vn 0.3321 0.6697 -0.6643
vn 0.2078 0.6383 -0.7412
vn 0.2696 0.8295 -0.4891
vn 0.1304 0.8683 -0.4786
vn 0.0173 0.9858 0.1670
vn -0.0604 0.9980 0.0195
vn 0.0007 0.9852 0.1713
vn 0.1450 0.9652 -0.2176
vn -0.6594 -0.6981 -0.2790
vn -0.6336 -0.7051 -0.3184
vn -0.2485 -0.7486 -0.6147
vn -0.2378 -0.7583 -0.6070
vn -0.4631 -0.7960 -0.3899
vn -0.3836 -0.8691 0.3122
vn -0.2766 -0.9361 0.2174
vn 0.7988 -0.6012 -0.0214
vn 0.8916 -0.4026 0.2074
vn 0.9376 -0.3012 0.1737
vn 0.7927 -0.1949 0.5776
vn 0.5953 -0.0473 0.8021
vn 0.3982 -0.1004 0.9118
vn 0.0337 -0.1196 0.9923
vn 0.1143 0.1136 0.9869
vn -0.0314 0.3486 0.9367
vn 0.0724 0.5504 0.8318
vn -0.4138 -0.9102 -0.0161
vn -0.2965 -0.8909 -0.3440
vn -0.0325 0.5553 0.8310
vn 0.0218 0.3866 0.9220
vn 0.3626 0.5203 0.7732
vn 0.4546 0.1367 0.8802
vn 0.5940 0.1677 0.7868
vn 0.8189 0.0501 0.5717
vn 0.9981 0.0598 0.0148
vn 0.9892 0.0154 -0.1457
vn 0.9860 -0.1528 0.0663
vn 0.8841 -0.4015 -0.2389
vn 0.8669 -0.4603 -0.1914
vn -0.4530 -0.8376 -0.3053
vn -0.2500 -0.9603 0.1239
vn -0.2569 -0.9033 0.3436
vn 0.9344 -0.2582 0.2454
vn 0.9847 -0.0350 0.1707
vn 0.9059 0.2294 -0.3561
vn 0.9786 0.1874 -0.0851
vn 0.8842 0.2798 0.3740
vn 0.6028 0.5843 0.5433
vn 0.2951 0.7464 0.5965
vn -0.0351 0.6393 0.7681
vn -0.1646 -0.9825 -0.0869
vn -0.2332 -0.9503 -0.2060
vn 0.9743 0.2107 -0.0800
vn 0.9023 0.2354 -0.3612
vn 0.9282 0.2513 -0.2745
vn 0.8349 0.5494 0.0340
vn 0.5002 0.8102 0.3056
vn 0.5883 0.7479 0.3075
vn 0.3509 0.7663 0.5382
vn 0.3539 0.6849 0.6369
vn -0.4501 -0.8562 -0.2535
vn -0.6361 -0.7536 -0.1656
vn 0.8597 0.1071 0.4994
vn 0.9315 0.3061 -0.1964
vn 0.8973 0.2402 -0.3704
vn 0.8855 0.3041 -0.3511
vn 0.7156 0.6978 0.0323
vn 0.6774 0.7083 0.1986
vn 0.7042 0.6060 0.3698
vn 0.5790 0.6513 0.4905
vn 0.6118 0.6060 0.5084
vn 0.7335 0.6136 0.2925
vn 0.8761 0.4798 -0.0475
vn 0.8488 0.5130 -0.1280
vn 0.8782 0.3967 -0.2674
vn 0.8367 0.4347 0.3331
vn 0.7583 0.1069 0.6431
vn 0.7764 -0.2299 0.5869
vn 0.7555 -0.2178 0.6179
vn 0.7958 -0.4576 0.3966
vn 0.8390 -0.4826 -0.2513
vn -0.3743 -0.9146 -0.1530
vn -0.6086 -0.7757 -0.1667
vn -0.7554 -0.6493 -0.0880
vn 0.0952 0.9949 0.0331
vn -0.7995 -0.5822 0.1479
vn -0.7846 -0.6089 0.1167
vn 0.3311 0.7950 -0.5083
vn 0.2972 0.8565 -0.4221
vn -0.1505 -0.6746 0.7227
vn 0.3353 -0.8706 0.3601
vn 0.4191 -0.8760 0.2387
vn 0.2326 0.8569 -0.4601
vn 0.2115 0.8720 -0.4414
vn 0.0977 0.8017 -0.5897
vn -0.1462 0.9407 -0.3060
vn -0.5304 0.8185 -0.2208
vn -0.5073 0.8436 -0.1762
vn -0.3087 0.7911 -0.5281
vn -0.1911 0.4828 -0.8546
vn -0.1158 0.2290 -0.9665
vn 0.0815 -0.9426 0.3238
vn -0.1390 -0.9820 0.1275
vn 0.1465 0.8078 -0.5710
vn -0.0058 0.6398 -0.7685
vn -0.0679 0.6129 -0.7872
vn -0.1781 0.7424 -0.6459
vn -0.1266 0.5840 -0.8018
vn -0.2154 0.5769 -0.7879
vn -0.4340 0.8046 -0.4053
vn -0.5666 0.8240 -0.0009
vn -0.5335 0.8370 -0.1220
vn -0.5087 0.8390 -0.1931
vn -0.5163 0.8304 -0.2094
vn -0.4908 0.7338 -0.4697
vn -0.4228 0.5792 -0.6969
vn -0.5893 0.6087 -0.5313
vn -0.3967 0.3849 -0.8334
vn -0.7020 0.6861 -0.1908
vn -0.5192 0.5443 -0.6589
vn -0.8221 0.5691 0.0177
vn -0.5791 0.5655 -0.5873
vn -0.8689 0.3676 -0.3316
vn -0.4873 0.3058 -0.8179
vn -0.7506 0.0231 -0.6603
vn -0.4628 -0.0207 -0.8862
vn -0.7890 -0.2212 -0.5731
vn -0.6399 -0.3125 -0.7021
vn -0.7478 -0.5353 -0.3928
vn -0.2986 -0.9541 -0.0221
vn -0.6516 0.7299 -0.2067
vn -0.5588 0.8200 -0.1238
vn -0.5553 0.8263 0.0945
vn -0.5319 0.8464 0.0262
vn -0.3293 0.6957 -0.6385
vn -0.6034 0.7405 -0.2960
vn -0.6211 0.6971 -0.3583
vn -0.6660 0.7383 -0.1064
vn -0.5057 0.6802 -0.5306
vn -0.5836 0.8042 -0.1124
vn -0.2665 0.6533 -0.7087
vn -0.4927 0.8373 -0.2369
vn -0.1350 0.5164 -0.8456
vn -0.2529 0.9268 -0.2775
vn -0.9153 -0.3478 0.2030
vn -0.0150 -0.1472 0.9890
vn 0.4948 -0.0663 0.8665
vn -0.1999 -0.6270 0.7530
vn -0.1756 -0.6727 0.7188
vn 0.6211 0.2046 0.7565
vn 0.8256 -0.1581 0.5416
vn 0.8936 0.0726 0.4429
vn 0.4259 0.2737 0.8624
vn 0.7119 0.2335 0.6623
vn 0.3362 0.2455 0.9092
vn 0.4283 0.3209 0.8448
vn 0.8446 0.3363 0.4167
vn 0.4252 0.4036 0.8101
vn -0.5386 -0.6625 -0.5205
vn -0.5057 -0.6227 -0.5972
vn -0.4617 -0.7389 -0.4908
vn -0.4706 -0.4866 -0.7360
vn -0.7083 -0.4501 -0.5438
vn -0.5731 -0.7806 -0.2495
vn -0.9977 -0.0619 -0.0278
vn -0.8214 -0.2448 -0.5151
vn -0.5789 -0.3128 -0.7530
vn -0.2664 0.9585 -0.1016
vn -0.3227 0.9376 -0.1292
vn -0.0639 0.9971 -0.0416
vn -0.4888 -0.3076 -0.8163
vn -0.4487 -0.4552 -0.7691
vn -0.2607 0.8295 0.4940
vn -0.4141 -0.5909 -0.6923
vn -0.3225 -0.6933 -0.6445
vn -0.5119 -0.2212 -0.8301
vn -0.4639 -0.3121 -0.8291
vn -0.4253 -0.4226 -0.8003
vn -0.3379 -0.5669 -0.7513
vn -0.2349 -0.6733 -0.7011
vn -0.9643 0.2618 -0.0394
vn -0.9817 0.0063 0.1903
vn -0.9647 0.2455 0.0955
vn -0.9147 0.1750 -0.3642
vn -0.6941 -0.0711 -0.7163
vn -0.3709 0.7765 -0.5095
vn -0.4255 0.8007 -0.4217
vn -0.4302 0.6945 -0.5766
vn -0.4044 0.7248 -0.5577
vn -0.5336 -0.2002 -0.8217
vn -0.5105 -0.2285 -0.8289
vn -0.2932 0.6198 -0.7279
vn -0.0542 0.4980 -0.8655
vn -0.1141 0.4900 -0.8642
vn -0.3818 0.5256 -0.7603
vn -0.5623 0.6155 -0.5522
vn -0.4858 0.4515 -0.7485
vn -0.4047 0.1274 -0.9055
vn -0.5487 -0.0201 -0.8358
vn -0.8506 0.1785 -0.4946
vn -0.7404 -0.0331 -0.6714
vn -0.5090 -0.3249 -0.7971
vn -0.4518 -0.4451 -0.7731
vn -0.2353 0.3586 -0.9034
vn -0.2396 0.1609 -0.9574
vn -0.3665 0.0412 -0.9295
vn -0.4907 -0.0204 -0.8711
vn -0.5776 -0.0626 -0.8139
vn -0.7080 -0.2018 -0.6768
vn -0.9223 -0.3763 -0.0878
vn -0.7836 -0.6211 0.0126
vn -0.3830 -0.5847 -0.7151
vn -0.4887 -0.7219 -0.4900
vn -0.5715 0.0630 -0.8182
vn -0.5571 -0.0468 -0.8291
vn -0.5792 -0.2087 -0.7880
vn -0.5561 -0.5157 -0.6518
vn -0.7997 -0.4645 -0.3805
vn -0.6100 -0.7519 -0.2500
vn -0.7650 -0.6412 0.0600
vn -0.5682 -0.7726 -0.2834
vn -0.6594 -0.6981 -0.2791
vn -0.3277 -0.7591 -0.5625
vn -0.6119 -0.6639 -0.4298
vn -0.2143 -0.8372 -0.5031
vn -0.5987 -0.7541 -0.2701
vn -0.0983 -0.9477 -0.3036
vn -0.3063 -0.9048 0.2959
vn 0.0198 -0.9926 -0.1195
vn -0.0270 -0.9996 0.0026
vn -0.0785 -0.9943 0.0720
vn -0.1542 -0.8310 0.5344
vn -0.1663 -0.6007 0.7820
vn -0.3515 -0.3392 0.8726
vn -0.2765 -0.9361 0.2174
vn -0.7836 -0.6212 0.0126
vn -0.4595 0.8874 -0.0373
vn -0.2940 0.9407 -0.1695
vn -0.4907 -0.3964 -0.7759
vn -0.1319 0.9188 -0.3721
vn -0.9732 -0.1607 0.1645
vn -0.9627 -0.2179 0.1604
vn -0.9700 -0.1652 0.1783
vn -0.9716 -0.1043 0.2122
vn -0.6293 -0.4603 -0.6262
vn 0.3856 0.3234 0.8641
vn 0.4288 0.3288 0.8414
vn 0.3340 0.3225 0.8857
vn 0.3961 0.3189 0.8610
vn 0.4035 0.3211 0.8568
vn 0.1849 0.9802 0.0701
vn 0.3929 0.9056 -0.1595
vn 0.2791 0.9427 -0.1831
vn -0.6303 -0.6874 -0.3608
vn -0.3472 -0.7575 -0.5529
vn -0.0944 -0.7688 -0.6325
vn 0.1820 0.9821 0.0481
vn 0.2809 0.9263 -0.2511
vn 0.1290 0.9914 -0.0231
vn -0.0733 0.9916 -0.1069
vn -0.0228 0.9564 -0.2910
vn -0.1469 0.9798 -0.1359
vn 0.0590 0.9399 -0.3364
vn 0.0219 0.9977 -0.0638
vn 0.1084 0.9428 -0.3151
vn 0.2447 0.9224 -0.2988
vn 0.1230 0.8617 0.4923
vn 0.1339 0.9347 0.3293
vn 0.0797 0.9896 0.1200
vn -0.7848 0.6086 -0.1167
vn 0.1184 0.9913 -0.0583
vn 0.1377 0.9848 -0.1058
vn 0.0640 0.9902 -0.1243
vn -0.0144 0.9969 -0.0768
vn -0.3317 -0.9373 -0.1069
vn -0.0746 0.9943 -0.0764
vn -0.0873 0.9348 -0.3443
vn -0.2284 0.9611 -0.1550
vn -0.2164 0.9732 -0.0774
vn -0.1758 0.9165 0.3593
vn -0.1189 0.9383 0.3248
vn -0.0950 0.9593 0.2659
vn -0.1423 0.9470 0.2879
vn -0.2037 0.9256 0.3190
vn -0.2222 0.8440 0.4882
vn -0.1831 0.7018 0.6884
vn -0.2120 0.6062 0.7665
vn -0.1074 0.6189 0.7781
vn 0.8435 0.3864 0.3731
vn 0.3074 0.4607 0.8326
vn 0.5659 0.6488 0.5087
vn 0.2746 0.5494 0.7892
vn 0.1848 0.6756 0.7138
vn 0.2379 -0.5549 0.7972
vn 0.0416 0.7067 0.7063
vn 0.1151 0.8472 0.5186
vn -0.2243 0.8879 0.4017
vn -0.2551 0.9163 0.3087
vn -0.2098 0.9105 0.3564
vn 0.4743 -0.8250 -0.3073
vn 0.4537 -0.8308 -0.3222
vn -0.1656 0.9201 0.3549
vn 0.3737 -0.8691 -0.3240
vn 0.3788 -0.8915 -0.2483
vn -0.3506 0.8594 0.3721
vn 0.2624 -0.9644 -0.0336
vn 0.2266 -0.9110 -0.3447
vn 0.2634 -0.9622 -0.0686
vn -0.3012 0.9446 -0.1303
vn -0.1618 0.9143 -0.3713
vn 0.1235 -0.9893 -0.0772
vn 0.1400 -0.9535 -0.2668
vn 0.2067 -0.9765 0.0603
vn 0.6239 -0.7455 -0.2345
vn 0.7551 -0.6217 -0.2081
vn 0.7067 -0.6789 -0.1990
vn 0.7779 -0.6075 0.1607
vn 0.9401 -0.3408 0.0033
vn 0.7844 -0.4138 -0.4620
vn 0.6950 -0.3744 -0.6138
vn 0.5628 -0.5394 -0.6263
vn 0.5283 -0.2650 -0.8066
vn 0.4310 -0.4077 -0.8050
vn 0.2716 -0.1403 -0.9521
vn 0.2629 -0.1363 -0.9551
vn 0.2459 -0.1358 -0.9597
vn 0.2884 -0.1408 -0.9471
vn 0.3729 -0.3318 -0.8665
vn 0.4810 -0.3780 -0.7910
vn 0.5227 -0.5943 -0.6112
vn 0.5312 -0.6229 -0.5743
vn 0.3117 -0.1829 -0.9324
vn 0.5448 -0.4016 -0.7362
vn 0.6381 -0.5699 -0.5177
vn 0.6491 -0.4584 -0.6071
vn 0.6098 -0.2501 -0.7521
vn -0.8292 0.5547 -0.0684
vn -0.8702 0.4016 -0.2854
vn -0.8185 0.4558 -0.3498
vn 0.6509 -0.1762 -0.7384
vn 0.5623 -0.0935 -0.8216
vn -0.7461 0.5844 -0.3189
vn -0.6915 0.6726 -0.2634
vn 0.6840 -0.0312 -0.7288
vn 0.7819 -0.3410 -0.5218
vn 0.7973 -0.2322 -0.5572
vn 0.8188 -0.4550 -0.3501
vn 0.9191 -0.2493 -0.3051
vn 0.8029 -0.5942 -0.0488
vn -0.6301 0.6976 -0.3412
vn -0.6937 0.7116 -0.1110
vn 0.6202 -0.7816 -0.0670
vn 0.6824 -0.7263 0.0823
vn 0.7923 -0.6058 -0.0732
vn -0.8361 0.5451 0.0610
vn -0.9637 0.1904 0.1870
vn 0.7550 -0.6164 0.2238
vn 0.7052 -0.6028 0.3732
vn 0.9032 -0.3843 0.1913
vn 0.7955 -0.6054 0.0278
vn 0.9367 -0.1721 -0.3048
vn 0.8345 -0.3490 -0.4263
vn 0.7968 -0.0304 -0.6035
vn 0.7914 -0.1097 -0.6014
vn 0.7842 0.0094 -0.6204
vn 0.7973 -0.2455 -0.5514
vn -0.9743 0.0028 0.2254
vn 0.6955 -0.5422 -0.4715
vn 0.1767 -0.9695 0.1697
vn 0.0731 -0.9884 -0.1329
vn 0.3567 -0.2467 -0.9010
vn 0.2858 -0.1111 -0.9518
vn -0.2855 0.9500 0.1263
vn -0.1833 0.9626 0.1997
vn 0.6999 0.0833 -0.7094
vn 0.7714 -0.0609 -0.6334
vn 0.7733 -0.4565 -0.4400
vn 0.7812 -0.4261 -0.4563
vn 0.7183 -0.2853 -0.6346
vn -0.0405 0.9598 0.2779
vn 0.0338 0.9383 0.3443
vn 0.0446 0.9167 0.3971
vn 0.9142 -0.2148 -0.3436
vn 0.8714 -0.2297 -0.4336
vn 0.7484 -0.1476 -0.6466
vn 0.0280 0.8973 0.4406
vn 0.2874 0.9550 0.0740
vn 0.9117 -0.1498 -0.3825
vn 0.9768 -0.1292 -0.1708
vn 0.9112 -0.0182 -0.4115
vn 0.4979 0.8654 -0.0559
vn 0.0963 0.8009 0.5910
vn 0.9875 -0.0827 -0.1345
vn -0.0190 0.7351 0.6777
vn 0.0620 0.6023 0.7958
vn 0.0903 0.4896 0.8673
vn 0.2244 0.4377 0.8707
vn 0.2643 0.3747 0.8887
vn 0.0366 0.8830 0.4679
vn 0.3856 0.9165 0.1060
vn 0.8001 0.4814 0.3579
vn 0.6187 0.5397 0.5708
vn 0.8046 0.5012 0.3185
vn 0.8924 0.4467 0.0635
vn 0.8887 0.2695 -0.3709
vn 0.5580 0.8249 0.0905
vn 0.4384 0.8242 0.3585
vn 0.6469 0.4455 0.6189
vn 0.9233 0.2137 0.3190
vn 0.4138 0.6545 0.6327
vn 0.2192 0.5083 0.8328
vn 0.1934 0.4847 0.8530
vn 0.3131 0.3762 0.8720
vn 0.2044 0.2560 0.9448
vn 0.8861 0.3538 -0.2995
vn 0.2583 0.5307 0.8072
vn 0.3392 0.3922 0.8551
vn 0.8697 0.4540 -0.1936
vn 0.7670 0.6309 0.1169
vn 0.3416 0.2785 0.8976
vn 0.1790 0.2314 0.9563
vn 0.8423 -0.3592 0.4018
vn 0.8395 -0.1989 0.5056
vn 0.7493 -0.1376 0.6478
vn 0.3844 0.0533 0.9216
vn 0.1743 0.2059 0.9629
vn 0.1738 0.2217 0.9595
vn 0.2196 0.2534 0.9421
vn 0.2248 0.2708 0.9360
vn 0.2012 0.2856 0.9370
vn 0.1920 0.3633 0.9117
vn 0.3911 0.4666 0.7933
vn 0.4894 0.3768 0.7864
vn 0.6364 0.7189 0.2798
vn 0.0771 0.8822 0.4645
vn -0.0169 0.8534 0.5210
vn 0.0029 0.8513 0.5247
vn 0.0280 0.8576 0.5135
vn 0.0488 0.8803 0.4719
vn -0.0442 0.9132 0.4051
vn -0.2033 0.9213 0.3314
vn -0.3010 0.9174 0.2604
vn -0.3942 0.9002 0.1849
vn -0.4395 0.8511 0.2871
vn -0.4294 0.8492 0.3073
vn -0.4435 0.7299 0.5202
vn -0.3607 0.5615 0.7447
vn -0.3411 0.4311 0.8354
vn -0.4771 0.4442 0.7583
vn -0.4801 0.2761 0.8326
vn -0.3505 -0.1331 0.9271
vn -0.1438 -0.3960 0.9069
vn -0.0800 -0.5028 0.8607
vn -0.2769 -0.3504 0.8947
vn -0.2631 -0.3535 0.8977
vn -0.2054 -0.4977 0.8427
vn -0.1052 -0.7162 0.6899
vn -0.0627 -0.6406 0.7653
vn -0.1035 -0.5842 0.8050
vn -0.0980 -0.8042 0.5862
vn -0.0130 -0.9662 0.2574
vn 0.0220 -0.9715 0.2361
vn 0.0506 -0.8495 0.5251
vn 0.0724 -0.5845 0.8081
vn -0.3036 -0.4650 0.8316
vn -0.2830 -0.3913 0.8757
vn -0.2545 -0.3928 0.8837
vn -0.1618 -0.4911 0.8560
vn -0.0485 -0.5507 0.8333
vn -0.0474 -0.5433 0.8382
vn 0.1197 -0.9656 0.2309
vn 0.1520 -0.9651 0.2132
vn 0.2281 -0.8106 0.5393
vn 0.0538 0.1127 0.9922
vn 0.0900 0.1393 0.9862
vn 0.2632 -0.0268 0.9644
vn 0.3008 -0.7839 0.5431
vn 0.2211 -0.9621 0.1596
vn 0.1319 -0.9733 0.1880
vn 0.1327 -0.8460 0.5164
vn 0.2070 -0.4537 0.8668
vn -0.0647 -0.3543 0.9329
vn -0.1060 -0.3966 0.9119
vn -0.0501 -0.3230 0.9451
vn -0.0523 -0.3923 0.9183
vn -0.1207 -0.3935 0.9114
vn -0.1986 -0.3614 0.9110
vn -0.2408 -0.4325 0.8689
vn -0.3046 -0.4887 0.8175
vn -0.2852 -0.4536 0.8443
vn -0.1251 -0.4250 0.8965
vn -0.1791 -0.4347 0.8826
vn -0.2425 -0.5156 0.8218
vn -0.3311 -0.4248 0.8426
vn -0.3910 -0.1118 0.9136
vn 0.5058 -0.5901 0.6292
vn 0.2851 0.0419 0.9576
vn 0.4508 -0.6072 0.6543
vn -0.1073 -0.5943 0.7971
vn -0.1928 -0.5726 0.7968
vn -0.3068 -0.4215 0.8533
vn -0.3790 -0.0775 0.9221
vn -0.4565 0.3300 0.8262
vn 0.4572 -0.8868 0.0681
vn 0.4968 -0.8658 0.0603
vn -0.4558 0.4570 0.7638
vn -0.4278 0.3310 0.8411
vn -0.4516 0.4454 0.7731
vn -0.4780 0.4180 0.7725
vn -0.4404 0.2784 0.8536
vn -0.4436 0.2805 0.8512
vn -0.4240 0.2531 0.8696
vn -0.3422 0.3471 0.8731
vn -0.3118 0.4764 0.8221
vn -0.3711 0.5076 0.7776
vn -0.4036 0.7250 0.5581
vn -0.3529 0.8671 0.3517
vn -0.3256 0.8832 0.3375
vn 0.4578 -0.8885 0.0331
vn 0.4557 -0.0162 0.8900
vn 0.2942 -0.5514 0.7806
vn -0.4451 0.3193 0.8366
vn -0.4761 0.4079 0.7790
vn -0.3892 0.3646 0.8459
vn -0.2578 0.4300 0.8652
vn -0.2720 0.4576 0.8465
vn -0.3062 0.4814 0.8213
vn -0.3007 0.7409 0.6005
vn -0.2328 0.8996 0.3696
vn -0.2137 0.9030 0.3728
vn 0.2440 -0.9303 0.2737
vn -0.0539 0.9017 0.4290
vn 0.0863 0.8772 0.4724
vn 0.1055 0.6567 0.7467
vn 0.1093 0.3429 0.9330
vn 0.0103 0.3053 0.9522
vn 0.0884 0.4704 0.8780
vn -0.0064 0.4781 0.8783
vn 0.1126 0.5857 0.8026
vn 0.1072 0.4318 0.8956
vn 0.1621 0.5517 0.8182
vn 0.3451 0.4376 0.8303
vn 0.3020 0.5918 0.7473
vn 0.5009 0.5192 0.6925
vn 0.4501 0.6399 0.6228
vn 0.4966 0.5734 0.6517
vn 0.4994 0.6907 0.5230
vn 0.5006 0.6275 0.5964
vn 0.5296 0.6972 0.4832
vn 0.5790 0.5860 0.5669
vn 0.6290 0.6221 0.4662
vn 0.6697 0.4645 0.5794
vn 0.7144 0.3099 0.6274
vn 0.7224 0.2053 0.6603
vn 0.8584 0.1969 0.4737
vn 0.8320 0.0666 0.5508
vn 0.7433 0.1340 0.6553
vn 0.4560 -0.0487 0.8887
vn 0.3820 0.1751 0.9074
vn 0.1481 -0.0203 0.9888
vn 0.2383 0.1088 0.9651
vn 0.1250 -0.1992 0.9720
vn 0.2677 -0.1373 0.9537
vn 0.1887 -0.3905 0.9011
vn -0.0138 -0.5951 0.8036
vn -0.1649 -0.4941 0.8536
vn -0.2620 -0.4273 0.8653
vn -0.3845 -0.0594 0.9212
vn 0.3040 -0.9495 0.0782
vn 0.3558 -0.9308 0.0839
vn 0.3668 0.2010 0.9083
vn 0.3607 0.2611 0.8954
vn 0.3265 0.3279 0.8865
vn 0.2743 0.3926 0.8779
vn 0.2381 0.4013 0.8845
vn 0.2686 0.3010 0.9150
vn 0.3197 0.1858 0.9291
vn 0.1826 0.0742 0.9804
vn -0.0601 0.1216 0.9908
vn -0.1556 0.2487 0.9560
vn 0.0162 0.6165 0.7872
vn 0.1081 0.8639 0.4920
vn 0.0818 0.8797 0.4684
vn 0.0612 0.1575 0.9856
vn 0.0510 0.1689 0.9843
vn 0.0663 0.2057 0.9764
vn 0.0445 0.2041 0.9779
vn 0.0386 0.1642 0.9857
vn 0.1366 0.0710 0.9881
vn 0.2191 -0.0217 0.9755
vn 0.1956 0.0967 0.9759
vn 0.0203 0.3127 0.9496
vn -0.1434 0.5622 0.8145
vn 0.0510 0.8519 0.5212
vn 0.0681 0.8618 0.5026
vn -0.1392 0.4524 0.8809
vn 0.3412 0.3172 0.8848
vn 0.4029 0.3132 0.8600
vn 0.3797 0.4123 0.8282
vn 0.1847 0.6755 0.7138
vn -0.0391 0.8480 0.5285
vn 0.0101 0.8558 0.5172
vn 0.0343 0.4014 0.9153
vn 0.1349 0.4709 0.8718
vn 0.3586 0.4707 0.8061
vn 0.1988 0.7337 0.6498
vn -0.0101 0.8625 0.5059
vn 0.0640 0.4683 0.8813
vn -0.1074 0.4687 0.8768
vn 0.1130 0.6035 0.7893
vn 0.0838 0.5811 0.8095
vn 0.0952 0.6109 0.7860
vn 0.1103 0.6252 0.7726
vn 0.0598 0.7021 0.7096
vn 0.1171 0.6576 0.7442
vn 0.4994 0.3947 0.7712
vn 0.3657 0.2705 0.8905
vn 0.6379 0.2854 0.7153
vn 0.0174 -0.3087 0.9510
vn -0.0597 0.5778 0.8140
vn -0.1250 0.4909 0.8622
vn -0.2343 0.4947 0.8369
vn -0.0086 0.5346 0.8451
vn 0.0502 0.6002 0.7982
vn -0.0056 -0.1691 0.9856
vn 0.1070 -0.2534 0.9614
vn 0.5281 -0.2673 0.8060
vn -0.1441 0.6743 0.7243
vn 0.0125 0.7142 0.6999
vn 0.0531 0.7150 0.6971
vn 0.1526 0.7227 0.6742
vn 0.2241 0.6644 0.7130
vn 0.2555 -0.4672 0.8465
vn 0.3754 -0.7518 0.5420
vn 0.4324 -0.8965 0.0961
vn 0.4884 -0.8710 0.0524
vn 0.5461 -0.8240 0.1510
vn 0.6675 -0.3803 0.6401
vn 0.2526 0.5977 0.7609
vn 0.1825 0.6630 0.7261
vn 0.2851 0.6600 0.6951
vn 0.4678 -0.8784 0.0977
vn 0.4968 -0.8658 0.0604
vn 0.6736 -0.7163 0.1824
vn 0.3292 0.6455 0.6892
vn 0.3438 0.4657 0.8155
vn 0.4747 -0.8643 0.1662
vn 0.5958 -0.7921 0.1326
vn 0.2585 0.2198 0.9407
vn 0.2582 -0.7925 0.5525
vn 0.3651 -0.7765 0.5135
vn 0.3221 -0.6180 0.7172
vt 0.867208 0.546384
vt 0.861427 0.535778
vt 0.856008 0.555182
vt 0.844928 0.541563
vt 0.837099 0.564704
vt 0.829753 0.551687
vt 0.812651 0.571694
vt 0.805545 0.561088
vt 0.786516 0.576635
vt 0.780253 0.570248
vt 0.756888 0.584951
vt 0.753155 0.580251
vt 0.726899 0.596522
vt 0.725454 0.589531
vt 0.694381 0.595075
vt 0.696068 0.586157
vt 0.665356 0.588206
vt 0.667885 0.579166
vt 0.638980 0.574948
vt 0.642955 0.564945
vt 0.618386 0.560967
vt 0.622962 0.549036
vt 0.598754 0.546987
vt 0.601163 0.531319
vt 0.577317 0.525654
vt 0.581050 0.515410
vt 0.557445 0.514084
vt 0.563346 0.506491
vt 0.542269 0.493595
vt 0.566236 0.496729
vt 0.546364 0.485882
vt 0.568645 0.487087
vt 0.550820 0.479253
vt 0.554434 0.471660
vt 0.530226 0.464669
vt 0.536729 0.458041
vt 0.519266 0.442855
vt 0.530346 0.434177
vt 0.517580 0.416942
vt 0.540824 0.425741
vt 0.527456 0.408747
vt 0.546123 0.418750
vt 0.531551 0.402359
vt 0.549857 0.413327
vt 0.535525 0.397900
vt 0.553350 0.408144
vt 0.539740 0.392958
vt 0.558528 0.402118
vt 0.545280 0.387776
vt 0.551543 0.381750
vt 0.533357 0.369456
vt 0.540583 0.363310
vt 0.524445 0.342459
vt 0.534802 0.338120
vt 0.530828 0.311123
vt 0.545642 0.334264
vt 0.543956 0.311364
vt 0.554434 0.330527
vt 0.553350 0.310159
vt 0.566357 0.327755
vt 0.563346 0.310521
vt 0.575992 0.310762
vt 0.576714 0.294853
vt 0.591046 0.296660
vt 0.580930 0.280028
vt 0.593696 0.282680
vt 0.585627 0.266530
vt 0.597068 0.269302
vt 0.589360 0.253152
vt 0.600561 0.256165
vt 0.592612 0.240015
vt 0.604415 0.243148
vt 0.596346 0.227119
vt 0.608510 0.230252
vt 0.602849 0.214946
vt 0.614652 0.217356
vt 0.609353 0.203255
vt 0.621397 0.204340
vt 0.613448 0.193131
vt 0.625853 0.192890
vt 0.616097 0.183248
vt 0.629105 0.183730
vt 0.618024 0.171075
vt 0.632356 0.171558
vt 0.617904 0.161313
vt 0.633681 0.161313
vt 0.634163 0.153238
vt 0.651988 0.158421
vt 0.653794 0.150225
vt 0.667885 0.164447
vt 0.672101 0.155649
vt 0.687035 0.166255
vt 0.675955 0.148056
vt 0.693900 0.159505
vt 0.682458 0.137329
vt 0.701849 0.147453
vt 0.708834 0.134557
vt 0.725454 0.151671
vt 0.735450 0.131423
vt 0.752793 0.139860
vt 0.759176 0.116961
vt 0.769534 0.144199
vt 0.777483 0.122746
vt 0.785552 0.148297
vt 0.795789 0.129977
vt 0.800727 0.152515
vt 0.814698 0.140101
vt 0.818793 0.161193
vt 0.833125 0.151189
vt 0.832161 0.172642
vt 0.848782 0.165170
vt 0.843482 0.187346
vt 0.863355 0.181561
vt 0.848661 0.205545
vt 0.870099 0.202894
vt 0.849384 0.223623
vt 0.870942 0.224949
vt 0.850347 0.241822
vt 0.870822 0.246161
vt 0.848059 0.281475
vt 0.865281 0.290273
vt 0.843603 0.303410
vt 0.859862 0.312931
vt 0.839869 0.323658
vt 0.855526 0.331612
vt 0.837340 0.343785
vt 0.850949 0.351498
vt 0.833968 0.363189
vt 0.845771 0.372590
vt 0.826260 0.382111
vt 0.832763 0.391271
vt 0.812771 0.394646
vt 0.816264 0.405613
vt 0.798680 0.407662
vt 0.801450 0.418750
vt 0.781216 0.421522
vt 0.789647 0.429959
vt 0.774833 0.438395
vt 0.780855 0.440203
vt 0.770257 0.454907
vt 0.779289 0.456715
vt 0.769414 0.467442
vt 0.778326 0.470696
vt 0.767366 0.481061
vt 0.774592 0.483592
vt 0.763392 0.498657
vt 0.774472 0.499742
vt 0.768571 0.518543
vt 0.792056 0.508540
vt 0.773749 0.528306
vt 0.796030 0.517459
vt 0.782662 0.536622
vt 0.802052 0.524931
vt 0.788322 0.543612
vt 0.808676 0.532644
vt 0.796753 0.551567
vt 0.817107 0.540478
vt 0.446161 0.649431
vt 0.450737 0.672451
vt 0.460613 0.667148
vt 0.816023 0.505768
vt 0.814578 0.497813
vt 0.753395 0.438878
vt 0.736173 0.439360
vt 0.740388 0.447314
vt 0.797716 0.457318
vt 0.789768 0.475637
vt 0.803497 0.473227
vt 0.633440 0.275448
vt 0.645845 0.284126
vt 0.647050 0.275930
vt 0.583820 0.506009
vt 0.605138 0.513361
vt 0.607546 0.506129
vt 0.629948 0.512638
vt 0.631152 0.506129
vt 0.652951 0.515651
vt 0.653674 0.508901
vt 0.674871 0.509866
vt 0.674750 0.503960
vt 0.692093 0.503237
vt 0.690648 0.496488
vt 0.704257 0.493113
vt 0.702210 0.487328
vt 0.714856 0.485399
vt 0.712688 0.476842
vt 0.722443 0.475034
vt 0.720034 0.468647
vt 0.730753 0.471057
vt 0.724491 0.463344
vt 0.737377 0.464067
vt 0.730512 0.456112
vt 0.745928 0.456594
vt 0.756286 0.451653
vt 0.764235 0.452738
vt 0.766041 0.435623
vt 0.765078 0.423692
vt 0.777362 0.407903
vt 0.793742 0.396574
vt 0.807351 0.383678
vt 0.819395 0.372228
vt 0.822767 0.356199
vt 0.822406 0.337759
vt 0.823490 0.316547
vt 0.828066 0.294973
vt 0.829873 0.274123
vt 0.830596 0.239050
vt 0.830114 0.221816
vt 0.829512 0.205425
vt 0.827464 0.190359
vt 0.816986 0.181561
vt 0.803497 0.174812
vt 0.787840 0.171558
vt 0.777362 0.176861
vt 0.759417 0.176137
vt 0.742315 0.163844
vt 0.742797 0.191805
vt 0.731235 0.178066
vt 0.720275 0.187467
vt 0.708352 0.172522
vt 0.699801 0.180597
vt 0.675593 0.336192
vt 0.669330 0.352101
vt 0.680652 0.346557
vt 0.702210 0.337638
vt 0.687276 0.330648
vt 0.691852 0.341615
vt 0.689684 0.406457
vt 0.677761 0.419353
vt 0.692816 0.410314
vt 0.591046 0.490943
vt 0.612484 0.492028
vt 0.594660 0.483230
vt 0.116404 0.816235
vt 0.135072 0.821659
vt 0.118211 0.809245
vt 0.587795 0.497331
vt 0.573342 0.480699
vt 0.558528 0.463344
vt 0.544919 0.449243
vt 0.552627 0.441650
vt 0.559492 0.434539
vt 0.563948 0.427789
vt 0.567441 0.422245
vt 0.571174 0.416099
vt 0.565273 0.396936
vt 0.572258 0.388740
vt 0.559251 0.373916
vt 0.580689 0.380303
vt 0.569970 0.365600
vt 0.581773 0.359091
vt 0.573704 0.344146
vt 0.587313 0.340772
vt 0.580689 0.326189
vt 0.594780 0.324140
vt 0.590926 0.310762
vt 0.605258 0.309556
vt 0.605017 0.297022
vt 0.606703 0.284247
vt 0.608751 0.272315
vt 0.611039 0.260745
vt 0.621999 0.266048
vt 0.624889 0.254718
vt 0.635006 0.259660
vt 0.638378 0.248572
vt 0.646568 0.252067
vt 0.645604 0.237363
vt 0.654758 0.246402
vt 0.662225 0.234350
vt 0.671017 0.242666
vt 0.678484 0.231096
vt 0.685830 0.240376
vt 0.696188 0.231337
vt 0.703294 0.243389
vt 0.713892 0.236640
vt 0.721118 0.249415
vt 0.728224 0.245800
vt 0.733523 0.260142
vt 0.739786 0.257490
vt 0.751709 0.284247
vt 0.747615 0.253875
vt 0.759056 0.282439
vt 0.765680 0.281233
vt 0.762428 0.298950
vt 0.768450 0.298348
vt 0.768571 0.317149
vt 0.774472 0.315583
vt 0.772665 0.333661
vt 0.777844 0.331251
vt 0.779892 0.342580
vt 0.784348 0.331371
vt 0.784950 0.349811
vt 0.789165 0.331733
vt 0.786636 0.351378
vt 0.794946 0.331853
vt 0.793501 0.355355
vt 0.808435 0.352583
vt 0.809519 0.365600
vt 0.252016 0.812981
vt 0.266950 0.831662
vt 0.271045 0.816115
vt 0.446040 0.136847
vt 0.437369 0.166013
vt 0.457241 0.145645
vt 0.591287 0.109488
vt 0.615375 0.094423
vt 0.588999 0.098159
vt 0.545040 0.123348
vt 0.568284 0.117563
vt 0.564189 0.109247
vt 0.564671 0.457800
vt 0.577558 0.473709
vt 0.580568 0.467200
vt 0.598152 0.475878
vt 0.600922 0.467803
vt 0.618024 0.475758
vt 0.606342 0.460572
vt 0.621637 0.469129
vt 0.611159 0.454305
vt 0.625973 0.461054
vt 0.616700 0.446109
vt 0.632718 0.450689
vt 0.622119 0.437552
vt 0.637415 0.440444
vt 0.627539 0.428272
vt 0.642353 0.429597
vt 0.632236 0.418268
vt 0.644761 0.419473
vt 0.635849 0.411037
vt 0.645845 0.411157
vt 0.638499 0.406457
vt 0.644761 0.404649
vt 0.640305 0.395489
vt 0.650542 0.391150
vt 0.643196 0.379580
vt 0.654155 0.374398
vt 0.646688 0.363430
vt 0.658009 0.357766
vt 0.651265 0.347401
vt 0.663550 0.341857
vt 0.658250 0.331974
vt 0.670896 0.326068
vt 0.666560 0.316667
vt 0.682699 0.319198
vt 0.678604 0.308351
vt 0.694381 0.311605
vt 0.690166 0.292804
vt 0.704498 0.293768
vt 0.693418 0.283282
vt 0.701608 0.271833
vt 0.694502 0.274243
vt 0.690648 0.265324
vt 0.688721 0.274243
vt 0.684867 0.268458
vt 0.685349 0.279546
vt 0.677159 0.271953
vt 0.672341 0.282318
vt 0.663911 0.269302
vt 0.662104 0.278220
vt 0.647772 0.269543
vt 0.634163 0.268458
vt 0.621035 0.274846
vt 0.619831 0.284970
vt 0.618747 0.296660
vt 0.619470 0.308351
vt 0.608751 0.322091
vt 0.600441 0.337759
vt 0.594660 0.355114
vt 0.591046 0.373554
vt 0.593937 0.394405
vt 0.585506 0.403685
vt 0.577558 0.410796
vt 0.590444 0.423933
vt 0.585265 0.430441
vt 0.601284 0.439480
vt 0.596346 0.445627
vt 0.496744 0.876979
vt 0.476872 0.880112
vt 0.480244 0.890477
vt 0.463745 0.773329
vt 0.482653 0.770557
vt 0.466394 0.763446
vt 0.609955 0.499621
vt 0.702089 0.519025
vt 0.711483 0.511553
vt 0.695827 0.511312
vt 0.616218 0.483953
vt 0.636331 0.482025
vt 0.638860 0.474552
vt 0.642955 0.466718
vt 0.647893 0.455630
vt 0.651988 0.444422
vt 0.660539 0.429718
vt 0.658852 0.417545
vt 0.657287 0.409349
vt 0.655601 0.401998
vt 0.661382 0.385968
vt 0.664995 0.368733
vt 0.698115 0.325706
vt 0.708713 0.322452
vt 0.706425 0.308713
vt 0.718589 0.322091
vt 0.718348 0.306302
vt 0.729549 0.310159
vt 0.734487 0.294491
vt 0.742917 0.308472
vt 0.751107 0.303410
vt 0.753516 0.320042
vt 0.758093 0.319560
vt 0.756647 0.336554
vt 0.761826 0.336915
vt 0.759056 0.354994
vt 0.766041 0.352101
vt 0.765198 0.366202
vt 0.773508 0.360538
vt 0.777965 0.367648
vt 0.725695 0.482145
vt 0.736414 0.479253
vt 0.733764 0.475999
vt 0.742556 0.564342
vt 0.723286 0.581215
vt 0.748698 0.573261
vt 0.516014 0.806834
vt 0.524445 0.799603
vt 0.521073 0.797916
vt 0.525047 0.767423
vt 0.528540 0.751755
vt 0.522638 0.753563
vt 0.773027 0.347883
vt 0.766523 0.336071
vt 0.763030 0.318355
vt 0.757249 0.300758
vt 0.742797 0.286657
vt 0.730031 0.284247
vt 0.725575 0.262793
vt 0.712567 0.267253
vt 0.708593 0.255201
vt 0.697272 0.261468
vt 0.692575 0.250741
vt 0.685951 0.256526
vt 0.678845 0.247969
vt 0.675955 0.259780
vt 0.664633 0.256406
vt 0.648013 0.259780
vt 0.390760 0.689324
vt 0.374621 0.681731
vt 0.373055 0.694386
vt 0.413041 0.651480
vt 0.389555 0.665220
vt 0.407862 0.667269
vt 0.704378 0.462862
vt 0.712929 0.466959
vt 0.162291 0.639428
vt 0.148440 0.617613
vt 0.149765 0.643646
vt 0.144346 0.567355
vt 0.163977 0.560847
vt 0.152776 0.549518
vt 0.146032 0.441770
vt 0.174214 0.421763
vt 0.146393 0.419714
vt 0.050164 0.559160
vt 0.042095 0.587362
vt 0.058594 0.569404
vt 0.050886 0.593388
vt 0.063653 0.609056
vt 0.063653 0.581818
vt 0.791213 0.311967
vt 0.853720 0.523003
vt 0.833245 0.529029
vt 0.525167 0.470696
vt 0.511678 0.448399
vt 0.504934 0.453822
vt 0.571777 0.449001
vt 0.845048 0.513240
vt 0.826982 0.521074
vt 0.910204 0.229409
vt 0.889610 0.250741
vt 0.910445 0.256044
vt 0.860705 0.425379
vt 0.870942 0.398984
vt 0.851190 0.420558
vt 0.230458 0.551446
vt 0.212152 0.529752
vt 0.207455 0.550361
vt 0.821563 0.513843
vt 0.840471 0.498778
vt 0.826139 0.491426
vt 0.840471 0.480217
vt 0.827946 0.475758
vt 0.846012 0.451050
vt 0.817227 0.462862
vt 0.835052 0.442614
vt 0.812651 0.446350
vt 0.828548 0.431044
vt 0.807592 0.431405
vt 0.822647 0.418268
vt 0.264903 0.613515
vt 0.225761 0.619662
vt 0.263699 0.628099
vt 0.263578 0.700654
vt 0.278031 0.716924
vt 0.274418 0.697158
vt 0.333913 0.757299
vt 0.347041 0.736449
vt 0.332950 0.735605
vt 0.496624 0.692458
vt 0.491325 0.669679
vt 0.481328 0.684744
vt 0.864679 0.478048
vt 0.855767 0.459969
vt 0.871544 0.435262
vt 0.888646 0.415617
vt 0.878048 0.405854
vt 0.907434 0.394525
vt 0.895752 0.384040
vt 0.925259 0.372349
vt 0.911409 0.362225
vt 0.925741 0.338964
vt 0.910325 0.333058
vt 0.922248 0.309556
vt 0.901533 0.304735
vt 0.882624 0.297745
vt 0.890453 0.226757
vt 0.890453 0.202170
vt 0.880457 0.178307
vt 0.867208 0.156372
vt 0.849263 0.139860
vt 0.828548 0.127446
vt 0.807953 0.114912
vt 0.787840 0.103342
vt 0.767487 0.095387
vt 0.740388 0.109729
vt 0.715458 0.118527
vt 0.687637 0.121299
vt 0.662345 0.128290
vt 0.656323 0.140704
vt 0.388953 0.737534
vt 0.380763 0.714393
vt 0.374139 0.737654
vt 0.342464 0.816838
vt 0.355713 0.797916
vt 0.340176 0.799000
vt 0.567441 0.230252
vt 0.554072 0.239894
vt 0.561780 0.243751
vt 0.449894 0.415978
vt 0.477354 0.438998
vt 0.456759 0.410916
vt 0.907555 0.201688
vt 0.899245 0.174330
vt 0.887924 0.147332
vt 0.867329 0.127928
vt 0.843242 0.114550
vt 0.820720 0.101534
vt 0.797596 0.089240
vt 0.773268 0.080442
vt 0.747855 0.075260
vt 0.745447 0.089120
vt 0.721118 0.071644
vt 0.719312 0.084299
vt 0.688841 0.073934
vt 0.689443 0.091530
vt 0.660539 0.083335
vt 0.662466 0.100449
vt 0.638258 0.097074
vt 0.640185 0.111296
vt 0.616338 0.107560
vt 0.616700 0.117804
vt 0.594298 0.121541
vt 0.616700 0.131544
vt 0.597670 0.135642
vt 0.616940 0.144801
vt 0.600200 0.149381
vt 0.617543 0.153600
vt 0.601645 0.158300
vt 0.602849 0.166255
vt 0.604174 0.176258
vt 0.604054 0.186141
vt 0.602247 0.194336
vt 0.599116 0.203135
vt 0.593576 0.213620
vt 0.586349 0.224949
vt 0.581893 0.237604
vt 0.578160 0.250259
vt 0.573222 0.262914
vt 0.568645 0.276774
vt 0.565032 0.292563
vt 0.555879 0.291840
vt 0.547689 0.290755
vt 0.537452 0.289067
vt 0.524083 0.287260
vt 0.516978 0.311846
vt 0.504934 0.299553
vt 0.499755 0.311485
vt 0.489518 0.302446
vt 0.489398 0.312569
vt 0.482292 0.314980
vt 0.496865 0.319801
vt 0.497587 0.329563
vt 0.509390 0.322693
vt 0.516616 0.349088
vt 0.428697 0.329081
vt 0.414245 0.302446
vt 0.416051 0.330648
vt 0.428456 0.302446
vt 0.445559 0.325345
vt 0.441945 0.302807
vt 0.470850 0.317872
vt 0.481569 0.343544
vt 0.488675 0.338241
vt 0.590324 0.203255
vt 0.592612 0.198434
vt 0.585988 0.197952
vt 0.593455 0.191082
vt 0.582375 0.191323
vt 0.592251 0.182887
vt 0.578521 0.183489
vt 0.590083 0.174450
vt 0.574065 0.174450
vt 0.587192 0.165411
vt 0.569850 0.163844
vt 0.584543 0.156131
vt 0.562382 0.151189
vt 0.579605 0.142632
vt 0.572981 0.128290
vt 0.634645 0.078393
vt 0.659455 0.066341
vt 0.689925 0.062002
vt 0.722805 0.059351
vt 0.751228 0.063087
vt 0.778446 0.068028
vt 0.805786 0.076224
vt 0.830957 0.088999
vt 0.856128 0.103342
vt 0.883347 0.118648
vt 0.908157 0.142632
vt 0.922007 0.171437
vt 0.928752 0.200122
vt 0.931642 0.228685
vt 0.932485 0.256406
vt 0.953562 0.255201
vt 0.939471 0.312811
vt 0.956573 0.318837
vt 0.941157 0.347521
vt 0.961631 0.356078
vt 0.944047 0.383919
vt 0.454832 0.257129
vt 0.462299 0.278944
vt 0.465190 0.259178
vt 0.509751 0.084058
vt 0.481690 0.093700
vt 0.492168 0.106716
vt 0.704257 0.223744
vt 0.774231 0.296901
vt 0.761706 0.416942
vt 0.738100 0.315583
vt 0.614773 0.248451
vt 0.619951 0.235435
vt 0.783625 0.373795
vt 0.383413 0.898673
vt 0.362939 0.919885
vt 0.384617 0.919403
vt 0.392687 0.871555
vt 0.377150 0.874930
vt 0.423519 0.786466
vt 0.406657 0.769111
vt 0.411234 0.790805
vt 0.629466 0.242064
vt 0.636090 0.228806
vt 0.625853 0.221936
vt 0.642955 0.215910
vt 0.632597 0.207835
vt 0.649217 0.206268
vt 0.638017 0.197591
vt 0.651747 0.197229
vt 0.641750 0.189395
vt 0.656444 0.185659
vt 0.646327 0.176861
vt 0.664031 0.174450
vt 0.649820 0.166255
vt 0.522156 0.731869
vt 0.529142 0.711501
vt 0.514810 0.718129
vt 0.536850 0.660158
vt 0.546485 0.683901
vt 0.552747 0.678959
vt 0.639583 0.121420
vt 0.711122 0.218923
vt 0.726056 0.228203
vt 0.716542 0.214464
vt 0.782060 0.239291
vt 0.796753 0.271592
vt 0.793140 0.237002
vt 0.653192 0.225431
vt 0.659816 0.214705
vt 0.663309 0.204581
vt 0.668487 0.194457
vt 0.675955 0.183369
vt 0.681374 0.173968
vt 0.246837 0.666787
vt 0.269600 0.674018
vt 0.255148 0.657145
vt 0.237203 0.650757
vt 0.228049 0.660399
vt 0.220944 0.643887
vt 0.669571 0.222780
vt 0.676557 0.211571
vt 0.682338 0.202291
vt 0.688119 0.193131
vt 0.694261 0.186261
vt 0.208057 0.654252
vt 0.199747 0.640633
vt 0.193363 0.662448
vt 0.213958 0.669438
vt 0.201192 0.677634
vt 0.687155 0.219767
vt 0.693659 0.211451
vt 0.700403 0.204942
vt 0.706305 0.200122
vt 0.712929 0.194336
vt 0.222630 0.681972
vt 0.235155 0.674380
vt 0.723527 0.209643
vt 0.730753 0.203255
vt 0.231903 0.693904
vt 0.244549 0.688601
vt 0.720516 0.232181
vt 0.733885 0.242546
vt 0.740870 0.238327
vt 0.756045 0.249656
vt 0.772425 0.278944
vt 0.780735 0.295214
vt 0.779169 0.313895
vt 0.784468 0.312449
vt 0.259483 0.683298
vt 0.273695 0.687034
vt 0.787720 0.293286
vt 0.779289 0.277256
vt 0.762549 0.246041
vt 0.749542 0.232783
vt 0.733644 0.223262
vt 0.287907 0.679924
vt 0.290797 0.697761
vt 0.741231 0.216513
vt 0.757249 0.227601
vt 0.771341 0.241581
vt 0.787720 0.274725
vt 0.796632 0.290755
vt 0.799162 0.312690
vt 0.807231 0.333902
vt 0.251173 0.702823
vt 0.241659 0.703064
vt 0.810844 0.314257
vt 0.806147 0.290875
vt 0.768571 0.223141
vt 0.751950 0.208799
vt 0.481449 0.779235
vt 0.464226 0.784297
vt 0.498551 0.775619
vt 0.499273 0.766218
vt 0.815180 0.291960
vt 0.816384 0.272435
vt 0.807351 0.271351
vt 0.815059 0.236158
vt 0.804340 0.235314
vt 0.815782 0.219887
vt 0.800125 0.218079
vt 0.815421 0.205545
vt 0.802052 0.203858
vt 0.815541 0.194457
vt 0.805786 0.190359
vt 0.484701 0.760553
vt 0.468803 0.753684
vt 0.501562 0.757058
vt 0.487471 0.750912
vt 0.472055 0.744042
vt 0.510474 0.768870
vt 0.512522 0.762361
vt 0.505054 0.750550
vt 0.491325 0.741993
vt 0.476752 0.734038
vt 0.463263 0.726445
vt 0.471453 0.715719
vt 0.459409 0.708729
vt 0.470248 0.697158
vt 0.456277 0.690650
vt 0.561780 0.349450
vt 0.466153 0.678116
vt 0.472296 0.660037
vt 0.457482 0.640995
vt 0.550941 0.356319
vt 0.436646 0.624483
vt 0.404128 0.836362
vt 0.390037 0.852030
vt 0.406898 0.850102
vt 0.414004 0.836483
vt 0.428938 0.844558
vt 0.432551 0.835760
vt 0.341742 0.897347
vt 0.359687 0.875653
vt 0.341140 0.875894
vt 0.320424 0.896744
vt 0.358362 0.834314
vt 0.358362 0.854320
vt 0.373658 0.834675
vt 0.373658 0.816717
vt 0.634404 0.490341
vt 0.654758 0.486484
vt 0.657046 0.478891
vt 0.660057 0.469972
vt 0.664031 0.459608
vt 0.666801 0.450568
vt 0.673907 0.437913
vt 0.682819 0.426825
vt 0.697272 0.415617
vt 0.711243 0.405493
vt 0.706425 0.422848
vt 0.719191 0.413688
vt 0.715217 0.428151
vt 0.725815 0.420076
vt 0.721961 0.431044
vt 0.731717 0.425500
vt 0.734366 0.432008
vt 0.747374 0.424053
vt 0.750385 0.430682
vt 0.358362 0.815753
vt 0.371249 0.798157
vt 0.388592 0.818163
vt 0.385822 0.798157
vt 0.694140 0.434057
vt 0.687757 0.444422
vt 0.682579 0.453943
vt 0.679447 0.463946
vt 0.681254 0.470214
vt 0.675955 0.479253
vt 0.674509 0.487448
vt 0.654758 0.494800
vt 0.632718 0.498657
vt 0.379439 0.779958
vt 0.398949 0.795385
vt 0.393048 0.773932
vt 0.654396 0.502273
vt 0.674148 0.496849
vt 0.688841 0.488774
vt 0.689564 0.480458
vt 0.699681 0.478168
vt 0.696549 0.457679
vt 0.714374 0.458161
vt 0.388231 0.755250
vt 0.342464 0.835278
vt 0.341501 0.855164
vt 0.365348 0.780681
vt 0.374621 0.759469
vt 0.403526 0.751996
vt 0.361132 0.759710
vt 0.351256 0.778752
vt 0.337165 0.779476
vt 0.347523 0.757058
vt 0.360650 0.737172
vt 0.365227 0.718250
vt 0.369442 0.702943
vt 0.581652 0.435744
vt 0.591649 0.451171
vt 0.430865 0.809365
vt 0.451821 0.819610
vt 0.442909 0.803219
vt 0.441343 0.828046
vt 0.418099 0.817802
vt 0.577437 0.441047
vt 0.585145 0.459246
vt 0.403044 0.818646
vt 0.389314 0.835519
vt 0.374380 0.853477
vt 0.952598 0.225552
vt 0.948142 0.196024
vt 0.941036 0.167460
vt 0.967653 0.189636
vt 0.957054 0.160952
vt 0.976445 0.155287
vt 0.956693 0.125879
vt 0.922248 0.138173
vt 0.899726 0.111176
vt 0.868774 0.093459
vt 0.838063 0.078755
vt 0.810483 0.065136
vt 0.784589 0.055012
vt 0.756527 0.050673
vt 0.727502 0.048021
vt 0.697031 0.041152
vt 0.693057 0.051637
vt 0.660418 0.038380
vt 0.659214 0.050552
vt 0.630550 0.047901
vt 0.632959 0.062605
vt 0.602970 0.059833
vt 0.607546 0.069957
vt 0.581773 0.083455
vt 0.586229 0.090928
vt 0.560335 0.099846
vt 0.538175 0.111778
vt 0.520591 0.132388
vt 0.526974 0.141427
vt 0.505175 0.152876
vt 0.511919 0.160469
vt 0.489759 0.170955
vt 0.497346 0.177704
vt 0.481208 0.194336
vt 0.487591 0.200242
vt 0.472055 0.216513
vt 0.481087 0.222780
vt 0.470850 0.239774
vt 0.492288 0.229288
vt 0.484701 0.247367
vt 0.506018 0.237484
vt 0.500357 0.256406
vt 0.522036 0.244474
vt 0.516135 0.262673
vt 0.529864 0.267253
vt 0.510956 0.283282
vt 0.612243 0.079840
vt 0.549375 0.132147
vt 0.553591 0.139860
vt 0.532996 0.150587
vt 0.538054 0.158300
vt 0.518664 0.168665
vt 0.525408 0.175776
vt 0.504091 0.184454
vt 0.511438 0.191444
vt 0.495540 0.206509
vt 0.503971 0.212415
vt 0.514930 0.220249
vt 0.529142 0.228324
vt 0.542751 0.234712
vt 0.536368 0.250259
vt 0.548773 0.255080
vt 0.556722 0.257852
vt 0.563948 0.260021
vt 0.559372 0.274846
vt 0.419785 0.767182
vt 0.418701 0.751514
vt 0.406417 0.736449
vt 0.397625 0.718611
vt 0.764717 0.202050
vt 0.396541 0.696315
vt 0.778085 0.199760
vt 0.778085 0.221575
vt 0.787720 0.202532
vt 0.787961 0.220851
vt 0.420869 0.736449
vt 0.412559 0.720299
vt 0.408825 0.700895
vt 0.404610 0.681249
vt 0.988850 0.185418
vt 0.974157 0.220249
vt 0.990656 0.220249
vt 0.973916 0.253995
vt 0.991499 0.254718
vt 0.977047 0.324983
vt 0.392085 0.677152
vt 0.373778 0.669559
vt 0.309465 0.551446
vt 0.288268 0.534814
vt 0.281042 0.548192
vt 0.300432 0.563137
vt 0.328855 0.573743
vt 0.323556 0.583746
vt 0.357037 0.594352
vt 0.351016 0.603753
vt 0.379920 0.610864
vt 0.370767 0.623760
vt 0.396782 0.630871
vt 0.383654 0.647141
vt 0.552025 0.273400
vt 0.543474 0.271230
vt 0.418942 0.685227
vt 0.421110 0.704028
vt 0.605981 0.432008
vt 0.598152 0.415135
vt 0.427011 0.722348
vt 0.435201 0.739944
vt 0.612484 0.423089
vt 0.606583 0.405613
vt 0.602849 0.386450
vt 0.603090 0.368251
vt 0.607065 0.351016
vt 0.613448 0.334746
vt 0.622240 0.319921
vt 0.633320 0.306784
vt 0.632356 0.295696
vt 0.632838 0.284126
vt 0.433394 0.752961
vt 0.433756 0.767062
vt 0.619710 0.413929
vt 0.614532 0.397659
vt 0.612846 0.379942
vt 0.615134 0.362948
vt 0.619831 0.346557
vt 0.626696 0.331251
vt 0.635849 0.317390
vt 0.646568 0.304856
vt 0.645002 0.294853
vt 0.654155 0.294250
vt 0.657528 0.287260
vt 0.435803 0.783814
vt 0.455073 0.799000
vt 0.625853 0.405975
vt 0.622962 0.390789
vt 0.623805 0.374036
vt 0.627178 0.357766
vt 0.632477 0.342098
vt 0.640064 0.327514
vt 0.649458 0.314016
vt 0.657889 0.300156
vt 0.665958 0.292201
vt 0.448931 0.783091
vt 0.448088 0.768749
vt 0.631995 0.400190
vt 0.632597 0.384883
vt 0.635126 0.368733
vt 0.639342 0.352704
vt 0.645364 0.337397
vt 0.653553 0.322814
vt 0.662947 0.308351
vt 0.673546 0.298830
vt 0.449292 0.756817
vt 0.451460 0.746091
vt 0.441343 0.728615
vt 0.682458 0.286778
vt 0.435201 0.711019
vt 0.431588 0.692096
vt 0.424843 0.671969
vt 0.456518 0.736328
vt 0.449533 0.718370
vt 0.445559 0.700654
vt 0.440982 0.681972
vt 0.434237 0.661001
vt 0.424482 0.637499
vt 0.408584 0.616649
vt 0.386544 0.598088
vt 0.362698 0.579287
vt 0.336081 0.549156
vt 0.318979 0.533368
vt 0.298385 0.517097
vt 0.674268 0.412242
vt 0.673425 0.405011
vt 0.667765 0.396574
vt 0.679206 0.390548
vt 0.672221 0.379942
vt 0.682699 0.373795
vt 0.675593 0.362948
vt 0.686071 0.357284
vt 0.809399 0.492751
vt 0.790611 0.497090
vt 0.788081 0.486725
vt 0.787238 0.459849
vt 0.786997 0.444301
vt 0.794585 0.439480
vt 0.415449 0.601704
vt 0.807110 0.483351
vt 0.392566 0.583385
vt 0.369924 0.563860
vt 0.352581 0.533127
vt 0.332107 0.515169
vt 0.307417 0.499260
vt 0.126039 0.544576
vt 0.129652 0.567958
vt 0.141576 0.544817
vt 0.125919 0.529390
vt 0.483014 0.704149
vt 0.493252 0.714514
vt 0.483255 0.723914
vt 0.496142 0.733918
vt 0.538656 0.851428
vt 0.550820 0.828046
vt 0.531430 0.845281
vt 0.518423 0.867337
vt 0.526010 0.873483
vt 0.509270 0.892888
vt 0.501803 0.885897
vt 0.492288 0.912412
vt 0.483496 0.903735
vt 0.466274 0.920608
vt 0.718589 0.291478
vt 0.472296 0.929406
vt 0.444354 0.933504
vt 0.449172 0.943146
vt 0.422073 0.953149
vt 0.440018 0.924103
vt 0.415931 0.943748
vt 0.395336 0.963755
vt 0.522277 0.809245
vt 0.515171 0.820815
vt 0.528419 0.799844
vt 0.417015 0.885174
vt 0.434478 0.899155
vt 0.443270 0.889513
vt 0.435442 0.873483
vt 0.682338 0.261709
vt 0.514810 0.837206
vt 0.511799 0.860226
vt 0.523843 0.840822
vt 0.523120 0.822382
vt 0.459409 0.878425
vt 0.460734 0.855767
vt 0.447967 0.864444
vt 0.449894 0.884692
vt 0.465551 0.887946
vt 0.454832 0.894696
vt 0.468201 0.896142
vt 0.456759 0.902288
vt 0.703294 0.446591
vt 0.707750 0.437311
vt 0.720757 0.447676
vt 0.720155 0.438395
vt 0.435081 0.914702
vt 0.406657 0.895057
vt 0.408344 0.918439
vt 0.411354 0.933142
vt 0.386785 0.936035
vt 0.389676 0.949413
vt 0.563466 0.804183
vt 0.569247 0.778391
vt 0.557204 0.799362
vt 0.543113 0.821056
vt 0.530828 0.823466
vt 0.542510 0.804183
vt 0.533959 0.809486
vt 0.528178 0.810450
vt 0.792658 0.187467
vt 0.785432 0.186502
vt 0.460493 0.911328
vt 0.470609 0.903614
vt 0.545762 0.166978
vt 0.531551 0.182766
vt 0.517941 0.197229
vt 0.555156 0.175655
vt 0.561539 0.185297
vt 0.568163 0.194336
vt 0.574185 0.201447
vt 0.579484 0.206871
vt 0.585627 0.211330
vt 0.532514 0.799362
vt 0.539861 0.189998
vt 0.548773 0.198434
vt 0.559131 0.206991
vt 0.567441 0.213259
vt 0.573583 0.217718
vt 0.579725 0.221816
vt 0.573944 0.233988
vt 0.568886 0.246643
vt 0.563948 0.776704
vt 0.572499 0.754286
vt 0.551182 0.791046
vt 0.560576 0.226154
vt 0.550820 0.220490
vt 0.538054 0.213259
vt 0.526492 0.204460
vt 0.539259 0.794903
vt 0.531430 0.792251
vt 0.526854 0.792733
vt 0.523843 0.792492
vt 0.520711 0.792010
vt 0.517941 0.795746
vt 0.511799 0.803339
vt 0.506981 0.817320
vt 0.506741 0.834072
vt 0.503850 0.853718
vt 0.490602 0.868181
vt 0.471091 0.870591
vt 0.483858 0.860346
vt 0.496142 0.847812
vt 0.496744 0.828408
vt 0.498671 0.810812
vt 0.513124 0.799844
vt 0.694863 0.603271
vt 0.662947 0.598329
vt 0.661141 0.609297
vt 0.631513 0.597124
vt 0.628021 0.611105
vt 0.603451 0.592544
vt 0.595503 0.607610
vt 0.576835 0.587000
vt 0.569006 0.599655
vt 0.550941 0.576997
vt 0.541547 0.592062
vt 0.523963 0.566994
vt 0.515412 0.581215
vt 0.498671 0.551326
vt 0.488193 0.565547
vt 0.473139 0.529270
vt 0.458807 0.546143
vt 0.449533 0.506611
vt 0.431467 0.523846
vt 0.410873 0.493836
vt 0.512762 0.790564
vt 0.502525 0.794661
vt 0.490361 0.802857
vt 0.635608 0.584349
vt 0.609955 0.580733
vt 0.585145 0.574104
vt 0.559733 0.564945
vt 0.530467 0.553856
vt 0.485062 0.818404
vt 0.485303 0.838050
vt 0.614411 0.570127
vt 0.591167 0.564824
vt 0.563707 0.555664
vt 0.535043 0.543130
vt 0.505054 0.537586
vt 0.499273 0.788997
vt 0.486025 0.795264
vt 0.594419 0.556146
vt 0.566598 0.547830
vt 0.540583 0.535416
vt 0.519627 0.518664
vt 0.510354 0.526618
vt 0.498551 0.502032
vt 0.489759 0.509383
vt 0.473741 0.488051
vt 0.463624 0.495764
vt 0.445559 0.468647
vt 0.430986 0.479253
vt 0.410511 0.449243
vt 0.390639 0.462741
vt 0.370888 0.427548
vt 0.475306 0.807437
vt 0.474102 0.825877
vt 0.571415 0.538671
vt 0.548050 0.524810
vt 0.528299 0.510348
vt 0.506259 0.494318
vt 0.480847 0.480579
vt 0.453989 0.461656
vt 0.421471 0.439480
vt 0.389194 0.416581
vt 0.353304 0.388017
vt 0.473139 0.847451
vt 0.536850 0.501309
vt 0.513605 0.486243
vt 0.487471 0.474552
vt 0.459409 0.455389
vt 0.429540 0.432731
vt 0.401479 0.409229
vt 0.371128 0.380665
vt 0.352461 0.343423
vt 0.335961 0.348365
vt 0.341742 0.302687
vt 0.326446 0.305941
vt 0.330059 0.268820
vt 0.519266 0.479253
vt 0.493252 0.468044
vt 0.465431 0.450086
vt 0.443752 0.421884
vt 0.436526 0.427428
vt 0.421592 0.398743
vt 0.412800 0.403082
vt 0.408344 0.367648
vt 0.396179 0.369697
vt 0.401358 0.331492
vt 0.384256 0.333058
vt 0.398709 0.303410
vt 0.381847 0.302446
vt 0.401358 0.275448
vt 0.384617 0.273158
vt 0.393771 0.244956
vt 0.380763 0.239774
vt 0.393530 0.212053
vt 0.376548 0.205183
vt 0.393048 0.176861
vt 0.378114 0.167942
vt 0.399552 0.141427
vt 0.384256 0.374277
vt 0.367154 0.334625
vt 0.361494 0.300758
vt 0.367756 0.269302
vt 0.349691 0.266048
vt 0.362939 0.234350
vt 0.342946 0.231940
vt 0.358603 0.199157
vt 0.363661 0.965443
vt 0.481449 0.518784
vt 0.364264 0.951341
vt 0.342946 0.961345
vt 0.333432 0.976049
vt 0.414365 0.547348
vt 0.388953 0.533729
vt 0.406296 0.557352
vt 0.434358 0.570248
vt 0.442909 0.564222
vt 0.463383 0.587844
vt 0.427734 0.578925
vt 0.459409 0.594352
vt 0.485785 0.609056
vt 0.453628 0.602668
vt 0.475547 0.619662
vt 0.491325 0.633281
vt 0.552507 0.649913
vt 0.558167 0.673656
vt 0.567441 0.668956
vt 0.543835 0.655216
vt 0.534562 0.631955
vt 0.525649 0.637861
vt 0.519386 0.613154
vt 0.498551 0.461295
vt 0.486868 0.434057
vt 0.496142 0.429477
vt 0.483858 0.409952
vt 0.496383 0.405734
vt 0.489638 0.390668
vt 0.505657 0.397177
vt 0.494095 0.377170
vt 0.514689 0.388619
vt 0.499755 0.365600
vt 0.519266 0.383557
vt 0.505536 0.359573
vt 0.523602 0.379098
vt 0.509872 0.354391
vt 0.528540 0.374398
vt 0.505175 0.424415
vt 0.576714 0.692096
vt 0.569247 0.695109
vt 0.561178 0.701377
vt 0.554072 0.705113
vt 0.543715 0.707403
vt 0.509872 0.619903
vt 0.496744 0.597486
vt 0.763874 0.466598
vt 0.762308 0.479855
vt 0.757972 0.496247
vt 0.755443 0.514687
vt 0.748578 0.532403
vt 0.755443 0.540478
vt 0.761947 0.547951
vt 0.737859 0.555785
vt 0.720757 0.572176
vt 0.697513 0.577479
vt 0.517821 0.642923
vt 0.529624 0.665943
vt 0.697031 0.568681
vt 0.717024 0.562293
vt 0.712447 0.552049
vt 0.734969 0.548192
vt 0.729549 0.540358
vt 0.740991 0.526136
vt 0.747494 0.509022
vt 0.753034 0.494077
vt 0.756166 0.479253
vt 0.758213 0.465995
vt 0.749180 0.467803
vt 0.536609 0.688360
vt 0.492168 0.602909
vt 0.470248 0.582300
vt 0.750746 0.477807
vt 0.746892 0.490461
vt 0.742436 0.505045
vt 0.734487 0.519266
vt 0.724009 0.533850
vt 0.710640 0.544094
vt 0.692334 0.555785
vt 0.670414 0.569886
vt 0.500598 0.625809
vt 0.509872 0.648467
vt 0.739425 0.502152
vt 0.729790 0.514807
vt 0.719914 0.527221
vt 0.707509 0.536019
vt 0.690046 0.545420
vt 0.670053 0.546746
vt 0.669812 0.558798
vt 0.646207 0.554580
vt 0.521554 0.671728
vt 0.521073 0.696435
vt 0.735812 0.497452
vt 0.725454 0.509625
vt 0.715940 0.518182
vt 0.705341 0.527221
vt 0.690287 0.535537
vt 0.672101 0.534211
vt 0.651385 0.532524
vt 0.649097 0.543251
vt 0.625251 0.536501
vt 0.627057 0.527100
vt 0.652590 0.523846
vt 0.674148 0.524328
vt 0.690648 0.526257
vt 0.722925 0.503960
vt 0.731356 0.490823
vt 0.741713 0.486846
vt 0.737980 0.482748
vt 0.743640 0.477807
vt 0.741352 0.470937
vt 0.501682 0.655457
vt 0.509149 0.681490
vt 0.506741 0.705715
vt 0.470971 0.445386
vt 0.503489 0.725963
vt 0.514087 0.737654
vt 0.471934 0.411398
vt 0.477836 0.388981
vt 0.378234 0.546505
vt 0.364384 0.521677
vt 0.399431 0.568681
vt 0.421351 0.588326
vt 0.462058 0.389825
vt 0.450015 0.390186
vt 0.457964 0.355114
vt 0.444715 0.355355
vt 0.416654 0.277136
vt 0.408223 0.248692
vt 0.405453 0.217115
vt 0.406657 0.183971
vt 0.413763 0.150948
vt 0.421230 0.117202
vt 0.446281 0.612190
vt 0.466274 0.631112
vt 0.475909 0.361502
vt 0.460252 0.324019
vt 0.456157 0.315583
vt 0.463504 0.299673
vt 0.452905 0.302446
vt 0.452785 0.279908
vt 0.441705 0.279546
vt 0.430143 0.278341
vt 0.421953 0.251344
vt 0.419062 0.221454
vt 0.419544 0.190841
vt 0.424723 0.158541
vt 0.433154 0.127205
vt 0.450858 0.103462
vt 0.443150 0.094302
vt 0.471814 0.083335
vt 0.466515 0.073934
vt 0.494576 0.064654
vt 0.491084 0.054289
vt 0.523240 0.049468
vt 0.521795 0.039946
vt 0.557926 0.034041
vt 0.555758 0.025604
vt 0.591408 0.022350
vt 0.587915 0.012708
vt 0.618386 0.006200
vt 0.482653 0.644008
vt 0.463383 0.114309
vt 0.432070 0.195542
vt 0.431106 0.224708
vt 0.434237 0.253634
vt 0.444475 0.255683
vt 0.475306 0.126723
vt 0.469405 0.154925
vt 0.449533 0.172763
vt 0.462661 0.180476
vt 0.445077 0.199398
vt 0.455916 0.206027
vt 0.441945 0.227842
vt 0.451821 0.230855
vt 0.472296 0.297745
vt 0.509631 0.743801
vt 0.768691 0.555423
vt 0.773268 0.562414
vt 0.340899 0.502152
vt 0.314162 0.486123
vt 0.030171 0.579046
vt 0.039927 0.552049
vt 0.020898 0.575792
vt 0.019091 0.610141
vt 0.010781 0.609900
vt 0.016562 0.646539
vt 0.008734 0.646900
vt 0.013912 0.683298
vt 0.005000 0.683057
vt 0.015358 0.719214
vt 0.534321 0.751153
vt 0.541547 0.751514
vt 0.544317 0.730784
vt 0.534441 0.767785
vt 0.530226 0.767785
vt 0.532996 0.730302
vt 0.522759 0.778391
vt 0.525770 0.778752
vt 0.529142 0.778752
vt 0.419665 0.361863
vt 0.433154 0.356319
vt 0.440741 0.390668
vt 0.534321 0.778511
vt 0.540342 0.768267
vt 0.432070 0.393922
vt 0.551423 0.752358
vt 0.553952 0.729338
vt 0.533478 0.785261
vt 0.539259 0.780560
vt 0.549255 0.769954
vt 0.559733 0.753202
vt 0.562382 0.727530
vt 0.519025 0.785502
vt 0.518543 0.778150
vt 0.512522 0.785020
vt 0.523120 0.786104
vt 0.526372 0.786104
vt 0.491565 0.291116
vt 0.474825 0.281354
vt 0.496263 0.275448
vt 0.479763 0.265204
vt 0.530105 0.786345
vt 0.535886 0.788997
vt 0.460854 0.234350
vt 0.464106 0.210969
vt 0.473259 0.187828
vt 0.481328 0.163844
vt 0.487350 0.136726
vt 0.503489 0.116237
vt 0.520591 0.093459
vt 0.536248 0.066944
vt 0.528660 0.057302
vt 0.561178 0.042718
vt 0.545401 0.785140
vt 0.556963 0.773208
vt 0.497346 0.145042
vt 0.512883 0.123951
vt 0.529864 0.102859
vt 0.546123 0.078755
vt 0.566959 0.055976
vt 0.595623 0.032956
vt 0.621517 0.013190
vt 0.659214 0.008369
vt 0.566357 0.754045
vt 0.569488 0.725240
vt 0.555397 0.090807
vt 0.575028 0.071644
vt 0.598754 0.045611
vt 0.628141 0.033800
vt 0.625251 0.023435
vt 0.661261 0.027774
vt 0.661020 0.016927
vt 0.697151 0.025966
vt 0.698958 0.019578
vt 0.729549 0.032595
vt 0.731958 0.020542
vt 0.760742 0.034884
vt 0.763994 0.017891
vt 0.792056 0.036692
vt 0.797716 0.019096
vt 0.825658 0.035246
vt 0.818552 0.048745
vt 0.849143 0.065256
vt 0.882143 0.082491
vt 0.915624 0.104065
vt 0.939350 0.132026
vt 0.928391 0.095749
vt 0.893223 0.071885
vt 0.857694 0.052842
vt 0.575992 0.723191
vt 0.362457 0.897588
vt 0.341019 0.919523
vt 0.634645 0.143958
vt 0.340537 0.938445
vt 0.521554 0.768146
vt 0.518062 0.756456
vt 0.516978 0.759589
vt 0.518062 0.769231
vt 0.636572 0.133352
vt 0.047153 0.613395
vt 0.061846 0.640513
vt 0.029690 0.611467
vt 0.041613 0.644851
vt 0.063171 0.673656
vt 0.165904 0.882884
vt 0.129050 0.873242
vt 0.159280 0.894213
vt 0.664754 0.114791
vt 0.689443 0.105752
vt 0.717264 0.102377
vt 0.194327 0.896624
vt 0.188546 0.911207
vt 0.220823 0.907109
vt 0.270443 0.913497
vt 0.289713 0.938686
vt 0.294049 0.916751
vt 0.264180 0.936758
vt 0.246115 0.910966
vt 0.239250 0.932540
vt 0.214079 0.924344
vt 0.099784 0.862275
vt 0.121101 0.883246
vt 0.150127 0.903735
vt 0.500839 0.075139
vt 0.177827 0.923621
vt 0.204323 0.940253
vt 0.232024 0.952185
vt 0.260567 0.956765
vt 0.717626 0.163000
vt 0.290074 0.956644
vt 0.316209 0.939048
vt 0.317654 0.919282
vt 0.318377 0.953631
vt 0.291640 0.971228
vt 0.258159 0.972553
vt 0.225641 0.967009
vt 0.195652 0.952908
vt 0.167349 0.935071
vt 0.139408 0.914100
vt 0.110021 0.892406
vt 0.086054 0.874327
vt 0.070759 0.852874
vt 0.005120 0.719937
vt 0.009215 0.754407
vt 0.024149 0.752840
vt 0.925259 0.408144
vt 0.905267 0.430441
vt 0.017887 0.786707
vt 0.034387 0.783212
vt 0.028003 0.812017
vt 0.046430 0.806955
vt 0.043058 0.835037
vt 0.885154 0.453461
vt 0.058233 0.829854
vt 0.055945 0.859141
vt 0.070277 0.886138
vt 0.096050 0.909640
vt 0.125076 0.929647
vt 0.153258 0.952185
vt 0.183729 0.970263
vt 0.844928 0.412242
vt 0.838544 0.402600
vt 0.218294 0.984244
vt 0.256352 0.993404
vt 0.863234 0.389945
vt 0.854442 0.381027
vt 0.295494 0.987619
vt 0.322111 0.965563
vt 0.886358 0.376688
vt 0.874916 0.367648
vt 0.863355 0.358850
vt 0.341742 0.951582
vt 0.363421 0.937963
vt 0.898763 0.355114
vt 0.883829 0.347160
vt 0.870460 0.338964
vt 0.799764 0.372349
vt 0.787720 0.385004
vt 0.773749 0.384642
vt 0.765319 0.379942
vt 0.757009 0.370059
vt 0.753757 0.354753
vt 0.746651 0.351257
vt 0.751709 0.335951
vt 0.740750 0.346677
vt 0.746892 0.334505
vt 0.737859 0.344508
vt 0.740750 0.332456
vt 0.734005 0.337879
vt 0.735571 0.328237
vt 0.727742 0.336674
vt 0.728104 0.324501
vt 0.720155 0.336433
vt 0.711604 0.335710
vt 0.728947 0.346677
vt 0.720998 0.348365
vt 0.714253 0.348485
vt 0.705943 0.349450
vt 0.696429 0.352463
vt 0.410271 0.866855
vt 0.428336 0.859141
vt 0.440380 0.851428
vt 0.720757 0.361863
vt 0.729669 0.355958
vt 0.452062 0.842148
vt 0.463142 0.833711
vt 0.723648 0.380062
vt 0.732680 0.377772
vt 0.739304 0.363430
vt 0.744483 0.379460
vt 0.748096 0.368733
vt 0.754720 0.381750
vt 0.463263 0.813101
vt 0.469646 0.796228
vt 0.751950 0.390668
vt 0.759056 0.395007
vt 0.771220 0.397659
vt 0.482653 0.787189
vt 0.498310 0.782248
vt 0.756888 0.410555
vt 0.750746 0.408747
vt 0.744483 0.416340
vt 0.747494 0.405011
vt 0.736293 0.412242
vt 0.740750 0.402359
vt 0.729669 0.406216
vt 0.735330 0.400190
vt 0.724972 0.395851
vt 0.734005 0.391271
vt 0.511317 0.777909
vt 0.743158 0.390789
vt 0.876603 0.319078
vt 0.892139 0.326189
vt 0.746892 0.321006
vt 0.742074 0.322934
vt 0.298023 0.895419
vt 0.274418 0.893852
vt 0.707268 0.397900
vt 0.714374 0.380906
vt 0.714856 0.362948
vt 0.708111 0.363189
vt 0.699199 0.361261
vt 0.250691 0.892406
vt 0.225641 0.891683
vt 0.200228 0.884451
vt 0.708232 0.379460
vt 0.700042 0.373675
vt 0.693057 0.367648
vt 0.171685 0.872158
vt 0.136758 0.863480
vt 0.690287 0.383557
vt 0.696068 0.391150
vt 0.701487 0.395128
vt 0.111105 0.852633
vt 0.084488 0.842268
vt 0.685710 0.400310
vt 0.071963 0.824551
vt 0.065098 0.804544
vt 0.053054 0.778511
vt 0.040408 0.750912
vt 0.027642 0.718611
vt 0.144105 0.853838
vt 0.120017 0.841304
vt 0.716783 0.490100
vt 0.707148 0.499260
vt 0.708472 0.506250
vt 0.692695 0.510227
vt 0.691009 0.518182
vt 0.098218 0.834072
vt 0.085331 0.817802
vt 0.719553 0.496005
vt 0.727983 0.486002
vt 0.081598 0.806714
vt 0.075094 0.772967
vt 0.061244 0.748019
vt 0.048357 0.714996
vt 0.024270 0.681852
vt 0.675352 0.516494
vt 0.085572 0.736569
vt 0.069554 0.707403
vt 0.628141 0.519749
vt 0.603331 0.521436
vt 0.042095 0.679080
vt 0.025354 0.645936
vt 0.076299 0.515048
vt 0.060160 0.531801
vt 0.073047 0.540720
vt 0.079430 0.552049
vt 0.081116 0.567235
vt 0.081598 0.601825
vt 0.080153 0.634848
vt 0.082441 0.667992
vt 0.088463 0.698484
vt 0.102795 0.725120
vt 0.101952 0.758264
vt 0.118090 0.777909
vt 0.113032 0.825756
vt 0.128689 0.832867
vt 0.152776 0.842389
vt 0.179513 0.858418
vt 0.207455 0.867698
vt 0.232265 0.871073
vt 0.255750 0.872158
vt 0.278392 0.873725
vt 0.300432 0.875050
vt 0.321388 0.875894
vt 0.323074 0.855646
vt 0.325001 0.836845
vt 0.325603 0.819248
vt 0.324278 0.801170
vt 0.322833 0.781283
vt 0.350654 0.717527
vt 0.355713 0.703064
vt 0.357880 0.694025
vt 0.360169 0.687034
vt 0.363180 0.675946
vt 0.364745 0.658591
vt 0.360169 0.636053
vt 0.344753 0.613877
vt 0.320545 0.591460
vt 0.295253 0.573984
vt 0.274899 0.560847
vt 0.235757 0.532283
vt 0.238046 0.514084
vt 0.244429 0.489738
vt 0.251173 0.469972
vt 0.257316 0.449725
vt 0.353665 0.670764
vt 0.348727 0.649070
vt 0.336924 0.625929
vt 0.316571 0.600378
vt 0.289472 0.586759
vt 0.268034 0.578805
vt 0.214199 0.508660
vt 0.219257 0.480579
vt 0.225520 0.457679
vt 0.229615 0.436829
vt 0.111948 0.546987
vt 0.110021 0.568078
vt 0.102674 0.532162
vt 0.199867 0.449001
vt 0.195772 0.472503
vt 0.192280 0.501188
vt 0.189148 0.521797
vt 0.183247 0.545661
vt 0.204444 0.574345
vt 0.224195 0.571332
vt 0.220582 0.590978
vt 0.265144 0.598571
vt 0.287063 0.604115
vt 0.311512 0.613756
vt 0.327771 0.639548
vt 0.338129 0.662689
vt 0.346439 0.682455
vt 0.285739 0.621349
vt 0.305972 0.630027
vt 0.319461 0.654132
vt 0.330541 0.676549
vt 0.342224 0.692217
vt 0.124835 0.517218
vt 0.146513 0.529029
vt 0.146875 0.518302
vt 0.281764 0.637620
vt 0.299830 0.646057
vt 0.313198 0.669197
vt 0.325965 0.687155
vt 0.338851 0.701859
vt 0.146754 0.506370
vt 0.124714 0.503478
vt 0.335359 0.716683
vt 0.322351 0.698846
vt 0.319943 0.715357
vt 0.307176 0.716563
vt 0.318859 0.735244
vt 0.305249 0.735967
vt 0.320545 0.758505
vt 0.307417 0.760071
vt 0.308140 0.782489
vt 0.308140 0.802857
vt 0.307538 0.820212
vt 0.305852 0.836965
vt 0.303443 0.855405
vt 0.146634 0.488051
vt 0.161207 0.535055
vt 0.166145 0.524449
vt 0.307538 0.698484
vt 0.293085 0.716924
vt 0.292242 0.737293
vt 0.293567 0.760674
vt 0.293447 0.782489
vt 0.291399 0.802375
vt 0.289231 0.818887
vt 0.286341 0.835037
vt 0.282969 0.853838
vt 0.168553 0.511191
vt 0.262013 0.851066
vt 0.247078 0.829131
vt 0.231301 0.809847
vt 0.237082 0.794179
vt 0.218053 0.788153
vt 0.225641 0.774173
vt 0.209261 0.767062
vt 0.218776 0.750671
vt 0.195772 0.756456
vt 0.204564 0.741872
vt 0.182765 0.744162
vt 0.190955 0.732231
vt 0.169276 0.727048
vt 0.181922 0.715237
vt 0.157353 0.711019
vt 0.173371 0.698846
vt 0.149043 0.692578
vt 0.167349 0.681249
vt 0.141816 0.672572
vt 0.158437 0.664376
vt 0.135554 0.648949
vt 0.132784 0.620385
vt 0.138203 0.592303
vt 0.151572 0.591821
vt 0.156751 0.570248
vt 0.164459 0.588206
vt 0.173732 0.583385
vt 0.173853 0.610261
vt 0.184451 0.605922
vt 0.191316 0.624362
vt 0.205528 0.614239
vt 0.213115 0.627858
vt 0.231301 0.633884
vt 0.261049 0.641959
vt 0.276947 0.654252
vt 0.294049 0.663050
vt 0.308501 0.682213
vt 0.169637 0.492751
vt 0.171444 0.466357
vt 0.121101 0.594232
vt 0.115320 0.624483
vt 0.117849 0.654734
vt 0.124835 0.680165
vt 0.134711 0.701738
vt 0.146875 0.721866
vt 0.160605 0.737051
vt 0.174214 0.754286
vt 0.187221 0.768628
vt 0.200831 0.779235
vt 0.210466 0.804062
vt 0.224677 0.826962
vt 0.240334 0.849138
vt 0.102313 0.597847
vt 0.098941 0.629424
vt 0.099904 0.661604
vt 0.107251 0.689806
vt 0.118211 0.713308
vt 0.134952 0.733797
vt 0.149043 0.749465
vt 0.164940 0.766821
vt 0.177948 0.782248
vt 0.192159 0.795023
vt 0.201914 0.821779
vt 0.216608 0.847089
vt 0.274538 0.800447
vt 0.122667 0.748260
vt 0.138324 0.764410
vt 0.157353 0.780922
vt 0.166747 0.796951
vt 0.180597 0.811776
vt 0.190593 0.840822
vt 0.256593 0.797554
vt 0.243465 0.777547
vt 0.136156 0.794300
vt 0.149163 0.809486
vt 0.164820 0.827203
vt 0.261169 0.779596
vt 0.277910 0.781283
vt 0.233349 0.756335
vt 0.248644 0.759228
vt 0.239852 0.736569
vt 0.227327 0.732231
vt 0.233710 0.718491
vt 0.215042 0.725361
vt 0.170360 0.656783
vt 0.176864 0.634969
vt 0.162050 0.614239
vt 0.222148 0.606766
vt 0.265867 0.739582
vt 0.279355 0.760795
vt 0.279235 0.738859
vt 0.264180 0.760433
vt 0.252739 0.738980
vt 0.201553 0.596883
vt 0.185896 0.578805
vt 0.172167 0.551446
vt 0.266348 0.718853
vt 0.255148 0.719094
vt 0.242622 0.718973
vt 0.227568 0.709813
vt 0.218053 0.702100
vt 0.201674 0.427669
vt 0.173130 0.444060
vt 0.146152 0.463103
vt 0.124233 0.486605
vt 0.101952 0.503839
vt 0.094123 0.521436
vt 0.208659 0.691253
vt 0.203119 0.716804
vt 0.195050 0.702943
vt 0.122306 0.463585
vt 0.101470 0.487207
vt 0.086656 0.502755
vt 0.187944 0.687878
vt 0.182524 0.671246
vt 0.098700 0.467924
vt 0.080755 0.490461
vt 0.184331 0.650275
vt 0.092799 0.452497
vt 0.073529 0.475758
vt 0.119776 0.443578
vt 0.117127 0.423933
vt 0.087740 0.436226
vt 0.057270 0.449845
vt 0.064375 0.464549
s 1
f 1/1/1 2/2/2 3/3/3
f 2/2/2 4/4/4 3/3/3
f 3/3/3 4/4/4 5/5/5
f 4/4/4 6/6/6 5/5/5
f 5/5/5 6/6/6 7/7/7
f 6/6/6 8/8/8 7/7/7
f 7/7/7 8/8/8 9/9/9
f 8/8/8 10/10/10 9/9/9
f 9/9/9 10/10/10 11/11/11
f 10/10/10 12/12/12 11/11/11
f 11/11/11 12/12/12 13/13/13
f 12/12/12 14/14/14 13/13/13
f 13/13/13 14/14/14 15/15/15
f 14/14/14 16/16/16 15/15/15
f 15/15/15 16/16/16 17/17/17
f 16/16/16 18/18/18 17/17/17
f 17/17/17 18/18/18 19/19/19
f 18/18/18 20/20/20 19/19/19
f 19/19/19 20/20/20 21/21/21
f 20/20/20 22/22/22 21/21/21
f 21/21/21 22/22/22 23/23/23
f 22/22/22 24/24/24 23/23/23
f 23/23/23 24/24/24 25/25/25
f 24/24/24 26/26/26 25/25/25
f 25/25/25 26/26/26 27/27/27
f 26/26/26 28/28/28 27/27/27
f 27/27/27 28/28/28 29/29/29
f 28/28/28 30/30/30 29/29/29
f 29/29/29 30/30/30 31/31/31
f 30/30/30 32/32/32 31/31/31
f 31/31/31 32/32/32 33/33/33
f 32/32/32 34/34/34 33/33/33
f 33/33/33 34/34/34 35/35/35
f 34/34/34 36/36/36 35/35/35
f 35/35/35 36/36/36 37/37/37
f 36/36/36 38/38/38 37/37/37
f 37/37/37 38/38/38 39/39/39
f 38/38/38 40/40/40 39/39/39
f 39/39/39 40/40/40 41/41/41
f 40/40/40 42/42/42 41/41/41
f 41/41/41 42/42/42 43/43/43
f 42/42/42 44/44/44 43/43/43
f 43/43/43 44/44/44 45/45/45
f 44/44/44 46/46/46 45/45/45
f 45/45/45 46/46/46 47/47/47
f 46/46/46 48/48/48 47/47/47
f 47/47/47 48/48/48 49/49/49
f 48/48/48 50/50/50 49/49/49
f 49/49/49 50/50/50 51/51/51
f 50/50/50 52/52/52 51/51/51
f 51/51/51 52/52/52 53/53/53
f 52/52/52 54/54/54 53/53/53
f 53/53/53 54/54/54 55/55/55
f 54/54/54 56/56/56 55/55/55
f 55/55/55 56/56/56 57/57/57
f 56/56/56 58/58/58 57/57/57
f 57/57/57 58/58/58 59/59/59
f 58/58/58 60/60/60 59/59/59
f 59/59/59 60/60/60 61/61/61
f 60/60/60 62/62/62 61/61/61
f 61/61/61 62/62/62 63/63/63
f 62/62/62 64/64/64 63/63/63
f 63/63/63 64/64/64 65/65/65
f 64/64/64 66/66/66 65/65/65
f 65/65/65 66/66/66 67/67/67
f 66/66/66 68/68/68 67/67/67
f 67/67/67 68/68/68 69/69/69
f 68/68/68 70/70/70 69/69/69
f 69/69/69 70/70/70 71/71/71
f 70/70/70 72/72/72 71/71/71
f 71/71/71 72/72/72 73/73/73
f 72/72/72 74/74/74 73/73/73
f 73/73/73 74/74/74 75/75/75
f 74/74/74 76/76/76 75/75/75
f 75/75/75 76/76/76 77/77/77
f 76/76/76 78/78/78 77/77/77
f 77/77/77 78/78/78 79/79/79
f 78/78/78 80/80/80 79/79/79
f 79/79/79 80/80/80 81/81/81
f 80/80/80 82/82/82 81/81/81
f 81/81/81 82/82/82 83/83/83
f 82/82/82 84/84/84 83/83/83
f 83/83/83 84/84/84 85/85/85
f 84/84/84 86/86/86 85/85/85
f 85/85/85 86/86/86 87/87/87
f 86/86/86 88/88/88 87/87/87
f 87/87/87 88/88/88 89/89/89
f 88/88/88 90/90/90 89/89/89
f 89/89/89 90/90/90 91/91/91
f 90/90/90 92/92/92 91/91/91
f 91/91/91 92/92/92 93/93/93
f 92/92/92 94/94/94 93/93/93
f 93/93/93 94/94/94 95/95/95
f 94/94/94 96/96/96 95/95/95
f 95/95/95 96/96/96 97/97/97
f 96/96/96 98/98/98 97/97/97
f 97/97/97 98/98/98 99/99/99
f 98/98/98 100/100/100 99/99/99
f 99/99/99 100/100/100 101/101/101
f 100/100/100 102/102/102 101/101/101
f 101/101/101 102/102/102 103/103/103
f 102/102/102 104/104/104 103/103/103
f 103/103/103 104/104/104 105/105/105
f 104/104/104 106/106/106 105/105/105
f 105/105/105 106/106/106 107/107/107
f 106/106/106 108/108/108 107/107/107
f 107/107/107 108/108/108 109/109/109
f 108/108/108 110/110/110 109/109/109
f 109/109/109 110/110/110 111/111/111
f 110/110/110 112/112/112 111/111/111
f 111/111/111 112/112/112 113/113/113
f 112/112/112 114/114/114 113/113/113
f 113/113/113 114/114/114 115/115/115
f 114/114/114 116/116/116 115/115/115
f 115/115/115 116/116/116 117/117/117
f 116/116/116 118/118/118 117/117/117
f 117/117/117 118/118/118 119/119/119
f 118/118/118 120/120/120 119/119/119
f 119/119/119 120/120/120 121/121/121
f 120/120/120 122/122/122 121/121/121
f 121/121/121 122/122/122 123/123/123
f 122/122/122 124/124/124 123/123/123
f 123/123/123 124/124/124 125/125/125
f 124/124/124 126/126/126 125/125/125
f 125/125/125 126/126/126 127/127/127
f 126/126/126 128/128/128 127/127/127
f 127/127/127 128/128/128 129/129/129
f 128/128/128 130/130/130 129/129/129
f 129/129/129 130/130/130 131/131/131
f 130/130/130 132/132/132 131/131/131
f 131/131/131 132/132/132 133/133/133
f 132/132/132 134/134/134 133/133/133
f 133/133/133 134/134/134 135/135/135
f 134/134/134 136/136/136 135/135/135
f 135/135/135 136/136/136 137/137/137
f 136/136/136 138/138/138 137/137/137
f 137/137/137 138/138/138 139/139/139
f 138/138/138 140/140/140 139/139/139
f 139/139/139 140/140/140 141/141/141
f 140/140/140 142/142/142 141/141/141
f 141/141/141 142/142/142 143/143/143
f 142/142/142 144/144/144 143/143/143
f 143/143/143 144/144/144 145/145/145
f 144/144/144 146/146/146 145/145/145
f 145/145/145 146/146/146 147/147/147
f 146/146/146 148/148/148 147/147/147
f 147/147/147 148/148/148 149/149/149
f 148/148/148 150/150/150 149/149/149
f 149/149/149 150/150/150 151/151/151
f 150/150/150 152/152/152 151/151/151
f 151/151/151 152/152/152 153/153/153
f 152/152/152 154/154/154 153/153/153
f 153/153/153 154/154/154 155/155/155
f 154/154/154 156/156/156 155/155/155
f 155/155/155 156/156/156 157/157/157
f 156/156/156 8/8/8 157/157/157
f 157/157/157 8/8/8 6/6/6
f 1889/158/158 1891/159/159 1968/160/160
f 149/149/149 791/161/161 792/162/162
f 182/163/163 809/164/164 180/165/165
f 800/166/166 796/167/167 801/168/168
f 324/169/169 761/170/170 322/171/171
f 28/28/28 26/26/26 158/172/172
f 26/26/26 159/173/173 158/172/172
f 158/172/172 159/173/173 160/174/174
f 159/173/173 161/175/175 160/174/174
f 160/174/174 161/175/175 162/176/176
f 161/175/175 163/177/177 162/176/176
f 162/176/176 163/177/177 164/178/178
f 163/177/177 165/179/179 164/178/178
f 164/178/178 165/179/179 166/180/180
f 165/179/179 167/181/181 166/180/180
f 166/180/180 167/181/181 168/182/182
f 167/181/181 169/183/183 168/182/182
f 168/182/182 169/183/183 170/184/184
f 169/183/183 171/185/185 170/184/184
f 170/184/184 171/185/185 172/186/186
f 171/185/185 173/187/187 172/186/186
f 172/186/186 173/187/187 174/188/188
f 173/187/187 175/189/189 174/188/188
f 174/188/188 175/189/189 176/190/190
f 175/189/189 177/191/191 176/190/190
f 176/190/190 177/191/191 178/192/192
f 177/191/191 179/193/193 178/192/192
f 178/192/192 179/193/193 180/165/165
f 179/193/193 181/194/194 180/165/165
f 180/165/165 181/194/194 182/163/163
f 181/194/194 183/195/195 182/163/163
f 182/163/163 183/195/195 184/196/196
f 183/195/195 138/138/138 184/196/196
f 184/196/196 138/138/138 185/197/197
f 138/138/138 136/136/136 185/197/197
f 185/197/197 136/136/136 186/198/198
f 136/136/136 134/134/134 186/198/198
f 186/198/198 134/134/134 187/199/199
f 134/134/134 132/132/132 187/199/199
f 187/199/199 132/132/132 188/200/200
f 132/132/132 130/130/130 188/200/200
f 188/200/200 130/130/130 189/201/201
f 130/130/130 128/128/128 189/201/201
f 189/201/201 128/128/128 190/202/202
f 128/128/128 126/126/126 190/202/202
f 190/202/202 126/126/126 191/203/203
f 126/126/126 124/124/124 191/203/203
f 191/203/203 124/124/124 192/204/204
f 124/124/124 122/122/122 192/204/204
f 192/204/204 122/122/122 193/205/205
f 122/122/122 120/120/120 193/205/205
f 193/205/205 120/120/120 194/206/206
f 120/120/120 118/118/118 194/206/206
f 194/206/206 118/118/118 195/207/207
f 118/118/118 116/116/116 195/207/207
f 195/207/207 116/116/116 196/208/208
f 116/116/116 114/114/114 196/208/208
f 196/208/208 114/114/114 197/209/209
f 114/114/114 112/112/112 197/209/209
f 197/209/209 112/112/112 198/210/210
f 112/112/112 110/110/110 198/210/210
f 198/210/210 110/110/110 199/211/211
f 110/110/110 108/108/108 199/211/211
f 199/211/211 108/108/108 200/212/212
f 108/108/108 106/106/106 200/212/212
f 200/212/212 106/106/106 201/213/213
f 106/106/106 104/104/104 201/213/213
f 201/213/213 104/104/104 202/214/214
f 104/104/104 102/102/102 202/214/214
f 202/214/214 102/102/102 203/215/215
f 102/102/102 204/216/216 203/215/215
f 203/215/215 204/216/216 205/217/217
f 204/216/216 206/218/218 205/217/217
f 205/217/217 206/218/218 207/219/219
f 206/218/218 208/220/220 207/219/219
f 207/219/219 208/220/220 209/221/221
f 208/220/220 94/94/94 209/221/221
f 209/221/221 94/94/94 92/92/92
f 353/222/222 352/223/223 789/224/224
f 1180/225/225 354/226/226 790/227/227
f 1226/228/228 615/229/229 617/230/230
f 639/231/231 607/232/232 606/233/233
f 1263/234/234 1471/235/235 1261/236/236
f 28/28/28 158/172/172 30/30/30
f 158/172/172 210/237/237 30/30/30
f 30/30/30 210/237/237 32/32/32
f 210/237/237 211/238/238 32/32/32
f 32/32/32 211/238/238 34/34/34
f 211/238/238 212/239/239 34/34/34
f 34/34/34 212/239/239 36/36/36
f 212/239/239 213/240/240 36/36/36
f 36/36/36 213/240/240 38/38/38
f 213/240/240 214/241/241 38/38/38
f 38/38/38 214/241/241 40/40/40
f 214/241/241 215/242/242 40/40/40
f 40/40/40 215/242/242 42/42/42
f 215/242/242 216/243/243 42/42/42
f 42/42/42 216/243/243 44/44/44
f 216/243/243 217/244/244 44/44/44
f 44/44/44 217/244/244 46/46/46
f 217/244/244 218/245/245 46/46/46
f 46/46/46 218/245/245 48/48/48
f 218/245/245 219/246/246 48/48/48
f 48/48/48 219/246/246 50/50/50
f 219/246/246 220/247/247 50/50/50
f 50/50/50 220/247/247 221/248/248
f 220/247/247 222/249/249 221/248/248
f 221/248/248 222/249/249 223/250/250
f 222/249/249 224/251/251 223/250/250
f 223/250/250 224/251/251 225/252/252
f 224/251/251 226/253/253 225/252/252
f 225/252/252 226/253/253 227/254/254
f 226/253/253 228/255/255 227/254/254
f 227/254/254 228/255/255 229/256/256
f 228/255/255 230/257/257 229/256/256
f 229/256/256 230/257/257 64/64/64
f 230/257/257 231/258/258 64/64/64
f 64/64/64 231/258/258 66/66/66
f 231/258/258 232/259/259 66/66/66
f 66/66/66 232/259/259 68/68/68
f 232/259/259 233/260/260 68/68/68
f 68/68/68 233/260/260 234/261/261
f 233/260/260 235/262/262 234/261/261
f 234/261/261 235/262/262 236/263/263
f 235/262/262 237/264/264 236/263/263
f 236/263/263 237/264/264 238/265/265
f 237/264/264 239/266/266 238/265/265
f 238/265/265 239/266/266 240/267/267
f 239/266/266 241/268/268 240/267/267
f 240/267/267 241/268/268 242/269/269
f 241/268/268 243/270/270 242/269/269
f 242/269/269 243/270/270 244/271/271
f 243/270/270 245/272/272 244/271/271
f 244/271/271 245/272/272 246/273/273
f 245/272/272 247/274/274 246/273/273
f 246/273/273 247/274/274 248/275/275
f 247/274/274 249/276/276 248/275/275
f 248/275/275 249/276/276 250/277/277
f 249/276/276 251/278/278 250/277/277
f 250/277/277 251/278/278 252/279/279
f 251/278/278 253/280/280 252/279/279
f 252/279/279 253/280/280 254/281/281
f 253/280/280 255/282/282 254/281/281
f 254/281/281 255/282/282 256/283/283
f 255/282/282 257/284/284 256/283/283
f 256/283/283 257/284/284 258/285/285
f 257/284/284 259/286/286 258/285/285
f 258/285/285 259/286/286 260/287/287
f 259/286/286 261/288/288 260/287/287
f 260/287/287 261/288/288 262/289/289
f 261/288/288 263/290/290 262/289/289
f 262/289/289 263/290/290 264/291/291
f 263/290/290 265/292/292 264/291/291
f 264/291/291 265/292/292 266/293/293
f 265/292/292 267/294/294 266/293/293
f 266/293/293 267/294/294 268/295/295
f 267/294/294 269/296/296 268/295/295
f 268/295/295 269/296/296 270/297/297
f 269/296/296 271/298/298 270/297/297
f 270/297/297 271/298/298 190/202/202
f 271/298/298 189/201/201 190/202/202
f 1394/299/299 1392/300/300 1552/301/301
f 1060/302/302 1061/303/303 1067/304/304
f 505/305/305 506/306/306 703/307/307
f 682/308/308 704/309/309 680/310/310
f 213/240/240 212/239/239 272/311/311
f 212/239/239 273/312/312 272/311/311
f 272/311/311 273/312/312 274/313/313
f 273/312/312 275/314/314 274/313/313
f 274/313/313 275/314/314 276/315/315
f 275/314/314 277/316/316 276/315/315
f 276/315/315 277/316/316 278/317/317
f 277/316/316 279/318/318 278/317/317
f 278/317/317 279/318/318 280/319/319
f 279/318/318 281/320/320 280/319/319
f 280/319/319 281/320/320 282/321/321
f 281/320/320 283/322/322 282/321/321
f 282/321/321 283/322/322 284/323/323
f 283/322/322 285/324/324 284/323/323
f 284/323/323 285/324/324 286/325/325
f 285/324/324 287/326/326 286/325/325
f 286/325/325 287/326/326 288/327/327
f 287/326/326 289/328/328 288/327/327
f 288/327/327 289/328/328 290/329/329
f 289/328/328 291/330/330 290/329/329
f 290/329/329 291/330/330 292/331/331
f 291/330/330 293/332/332 292/331/331
f 292/331/331 293/332/332 294/333/333
f 293/332/332 295/334/334 294/333/333
f 294/333/333 295/334/334 296/335/335
f 295/334/334 297/336/336 296/335/335
f 296/335/335 297/336/336 298/337/337
f 297/336/336 299/338/338 298/337/337
f 298/337/337 299/338/338 300/339/339
f 299/338/338 301/340/340 300/339/339
f 300/339/339 301/340/340 302/341/341
f 301/340/340 303/342/342 302/341/341
f 302/341/341 303/342/342 304/343/343
f 303/342/342 305/344/344 304/343/343
f 304/343/343 305/344/344 306/345/345
f 305/344/344 307/346/346 306/345/345
f 306/345/345 307/346/346 308/347/347
f 307/346/346 309/348/348 308/347/347
f 308/347/347 309/348/348 310/349/349
f 309/348/348 311/350/350 310/349/349
f 310/349/349 311/350/350 312/351/351
f 311/350/350 313/352/352 312/351/351
f 312/351/351 313/352/352 314/353/353
f 313/352/352 315/354/354 314/353/353
f 314/353/353 315/354/354 316/355/355
f 315/354/354 317/356/356 316/355/355
f 316/355/355 317/356/356 318/357/357
f 317/356/356 319/358/358 318/357/357
f 318/357/357 319/358/358 320/359/359
f 319/358/358 321/360/360 320/359/359
f 320/359/359 321/360/360 322/171/171
f 321/360/360 323/361/361 322/171/171
f 322/171/171 323/361/361 324/169/169
f 323/361/361 235/262/262 324/169/169
f 324/169/169 235/262/262 325/362/362
f 235/262/262 233/260/260 325/362/362
f 325/362/362 233/260/260 326/363/363
f 233/260/260 232/259/259 326/363/363
f 326/363/363 232/259/259 327/364/364
f 232/259/259 231/258/258 327/364/364
f 327/364/364 231/258/258 328/365/365
f 231/258/258 230/257/257 328/365/365
f 328/365/365 230/257/257 329/366/366
f 230/257/257 228/255/255 329/366/366
f 329/366/366 228/255/255 330/367/367
f 228/255/255 226/253/253 330/367/367
f 330/367/367 226/253/253 331/368/368
f 226/253/253 224/251/251 331/368/368
f 331/368/368 224/251/251 332/369/369
f 224/251/251 222/249/249 332/369/369
f 332/369/369 222/249/249 333/370/370
f 222/249/249 220/247/247 333/370/370
f 333/370/370 220/247/247 334/371/371
f 220/247/247 219/246/246 334/371/371
f 334/371/371 219/246/246 335/372/372
f 219/246/246 218/245/245 335/372/372
f 335/372/372 218/245/245 336/373/373
f 218/245/245 337/374/374 336/373/373
f 336/373/373 337/374/374 338/375/375
f 337/374/374 339/376/376 338/375/375
f 338/375/375 339/376/376 280/319/319
f 339/376/376 278/317/317 280/319/319
f 1845/377/377 1827/378/378 1825/379/379
f 1905/380/380 1973/381/381 1903/382/382
f 160/174/174 162/176/176 638/383/383
f 1001/384/384 1002/385/385 1232/386/386
f 275/314/314 340/387/387 277/316/316
f 340/387/387 341/388/388 277/316/316
f 277/316/316 341/388/388 279/318/318
f 341/388/388 342/389/184 279/318/318
f 279/318/318 342/389/184 281/320/320
f 342/389/184 343/390/389 281/320/320
f 281/320/320 343/390/389 283/322/322
f 343/390/389 344/391/390 283/322/322
f 283/322/322 344/391/390 285/324/324
f 344/391/390 345/392/391 285/324/324
f 285/324/324 345/392/391 287/326/326
f 345/392/391 346/393/392 287/326/326
f 287/326/326 346/393/392 289/328/328
f 346/393/392 347/394/393 289/328/328
f 289/328/328 347/394/393 291/330/330
f 347/394/393 348/395/394 291/330/330
f 291/330/330 348/395/394 293/332/332
f 348/395/394 349/396/395 293/332/332
f 293/332/332 349/396/395 295/334/334
f 349/396/395 350/397/396 295/334/334
f 295/334/334 350/397/396 297/336/336
f 350/397/396 351/398/397 297/336/336
f 297/336/336 351/398/397 299/338/338
f 351/398/397 352/223/223 299/338/338
f 299/338/338 352/223/223 301/340/340
f 352/223/223 353/222/222 301/340/340
f 301/340/340 353/222/222 303/342/342
f 353/222/222 354/226/226 303/342/342
f 303/342/342 354/226/226 305/344/344
f 354/226/226 355/399/398 305/344/344
f 305/344/344 355/399/398 307/346/346
f 355/399/398 356/400/399 307/346/346
f 307/346/346 356/400/399 357/401/400
f 356/400/399 358/402/401 357/401/400
f 357/401/400 358/402/401 359/403/402
f 358/402/401 360/404/403 359/403/402
f 359/403/402 360/404/403 361/405/404
f 360/404/403 362/406/405 361/405/404
f 361/405/404 362/406/405 363/407/406
f 362/406/405 364/408/407 363/407/406
f 363/407/406 364/408/407 365/409/408
f 364/408/407 366/410/409 365/409/408
f 365/409/408 366/410/409 367/411/410
f 366/410/409 368/412/411 367/411/410
f 367/411/410 368/412/411 369/413/412
f 368/412/411 370/414/413 369/413/412
f 369/413/412 370/414/413 371/415/414
f 370/414/413 372/416/415 371/415/414
f 371/415/414 372/416/415 267/294/294
f 372/416/415 269/296/296 267/294/294
f 1227/417/416 1008/418/417 1010/419/418
f 957/420/419 959/421/420 1081/422/421
f 1849/423/422 1851/424/423 1850/425/424
f 1648/426/425 1634/427/426 1632/428/427
f 267/294/294 265/292/292 371/415/414
f 265/292/292 373/429/428 371/415/414
f 371/415/414 373/429/428 369/413/412
f 373/429/428 374/430/429 369/413/412
f 369/413/412 374/430/429 367/411/410
f 374/430/429 375/431/430 367/411/410
f 367/411/410 375/431/430 365/409/408
f 375/431/430 376/432/431 365/409/408
f 365/409/408 376/432/431 363/407/406
f 376/432/431 253/280/280 363/407/406
f 363/407/406 253/280/280 377/433/432
f 253/280/280 251/278/278 377/433/432
f 377/433/432 251/278/278 378/434/433
f 251/278/278 379/435/434 378/434/433
f 378/434/433 379/435/434 380/436/435
f 379/435/434 381/437/436 380/436/435
f 380/436/435 381/437/436 382/438/437
f 381/437/436 383/439/438 382/438/437
f 382/438/437 383/439/438 384/440/439
f 383/439/438 385/441/440 384/440/439
f 384/440/439 385/441/440 386/442/441
f 385/441/440 387/443/442 386/442/441
f 386/442/441 387/443/442 319/358/358
f 387/443/442 388/444/443 319/358/358
f 319/358/358 388/444/443 321/360/360
f 388/444/443 237/264/264 321/360/360
f 321/360/360 237/264/264 323/361/361
f 237/264/264 235/262/262 323/361/361
f 1935/445/444 1306/446/445 1304/447/446
f 1912/448/447 1934/449/448 1917/450/449
f 646/451/450 172/186/186 648/452/451
f 1549/453/452 1416/454/453 1414/455/454
f 379/435/434 249/276/276 381/437/436
f 249/276/276 247/274/274 381/437/436
f 381/437/436 247/274/274 383/439/438
f 247/274/274 245/272/272 383/439/438
f 383/439/438 245/272/272 385/441/440
f 245/272/272 243/270/270 385/441/440
f 385/441/440 243/270/270 387/443/442
f 243/270/270 241/268/268 387/443/442
f 387/443/442 241/268/268 388/444/443
f 241/268/268 239/266/266 388/444/443
f 388/444/443 239/266/266 237/264/264
f 1419/456/455 1421/457/456 1477/458/457
f 1492/459/458 1491/460/459 1502/461/460
f 1242/462/461 1564/463/462 1244/464/463
f 1714/465/464 1248/466/465 1246/467/466
f 268/295/295 574/468/467 266/293/293
f 2/2/2 389/469/468 4/4/4
f 389/469/468 390/470/469 4/4/4
f 4/4/4 390/470/469 6/6/6
f 390/470/469 157/157/157 6/6/6
f 930/471/470 947/472/471 932/473/472
f 214/241/241 653/474/473 215/242/242
f 336/373/373 334/371/371 335/372/372
f 386/442/441 319/358/358 317/356/356
f 389/469/468 391/475/474 390/470/469
f 391/475/474 392/476/475 390/470/469
f 390/470/469 392/476/475 157/157/157
f 392/476/475 155/155/155 157/157/157
f 314/353/353 310/349/349 312/351/351
f 436/477/476 421/478/477 419/479/478
f 408/480/479 1152/481/480 1149/482/481
f 1336/483/482 1337/484/483 1347/485/484
f 392/476/475 391/475/474 393/486/485
f 391/475/474 394/487/486 393/486/485
f 393/486/485 394/487/486 395/488/487
f 394/487/486 396/489/488 395/488/487
f 395/488/487 396/489/488 397/490/489
f 396/489/488 398/491/490 397/490/489
f 397/490/489 398/491/490 399/492/491
f 398/491/490 400/493/492 399/492/491
f 399/492/491 400/493/492 401/494/493
f 400/493/492 402/495/494 401/494/493
f 401/494/493 402/495/494 403/496/495
f 402/495/494 404/497/496 403/496/495
f 403/496/495 404/497/496 135/135/135
f 404/497/496 133/133/133 135/135/135
f 1357/498/497 1429/499/498 1363/500/499
f 1543/501/500 1507/502/501 1977/503/502
f 1295/504/503 1297/505/504 1479/506/505
f 1777/507/506 1764/508/507 1766/509/508
f 394/487/486 405/510/509 396/489/488
f 405/510/509 406/511/510 396/489/488
f 396/489/488 406/511/510 398/491/490
f 406/511/510 407/512/511 398/491/490
f 398/491/490 407/512/511 408/480/479
f 407/512/511 409/513/512 408/480/479
f 408/480/479 409/513/512 410/514/513
f 409/513/512 411/515/514 410/514/513
f 410/514/513 411/515/514 412/516/515
f 411/515/514 413/517/516 412/516/515
f 412/516/515 413/517/516 414/518/517
f 413/517/516 415/519/518 414/518/517
f 414/518/517 415/519/518 416/520/519
f 415/519/518 417/521/520 416/520/519
f 416/520/519 417/521/520 418/522/521
f 417/521/520 419/479/478 418/522/521
f 418/522/521 419/479/478 420/523/522
f 419/479/478 421/478/477 420/523/522
f 420/523/522 421/478/477 119/119/119
f 421/478/477 422/524/523 119/119/119
f 119/119/119 422/524/523 117/117/117
f 422/524/523 423/525/524 117/117/117
f 117/117/117 423/525/524 115/115/115
f 423/525/524 424/526/525 115/115/115
f 115/115/115 424/526/525 113/113/113
f 424/526/525 425/527/526 113/113/113
f 113/113/113 425/527/526 111/111/111
f 425/527/526 426/528/527 111/111/111
f 111/111/111 426/528/527 109/109/109
f 426/528/527 427/529/528 109/109/109
f 109/109/109 427/529/528 107/107/107
f 427/529/528 428/530/529 107/107/107
f 107/107/107 428/530/529 105/105/105
f 428/530/529 429/531/530 105/105/105
f 105/105/105 429/531/530 103/103/103
f 429/531/530 430/532/531 103/103/103
f 103/103/103 430/532/531 101/101/101
f 430/532/531 431/533/532 101/101/101
f 101/101/101 431/533/532 99/99/99
f 431/533/532 432/534/533 99/99/99
f 99/99/99 432/534/533 97/97/97
f 432/534/533 433/535/534 97/97/97
f 97/97/97 433/535/534 95/95/95
f 433/535/534 434/536/535 95/95/95
f 95/95/95 434/536/535 93/93/93
f 434/536/535 435/537/536 93/93/93
f 93/93/93 435/537/536 91/91/91
f 435/537/536 89/89/89 91/91/91
f 1940/538/537 1939/539/538 1956/540/539
f 1290/541/540 1959/542/541 1292/543/542
f 829/544/543 719/545/544 721/546/545
f 1087/547/546 1012/548/547 1015/549/548
f 421/478/477 436/477/476 422/524/523
f 436/477/476 437/550/549 422/524/523
f 422/524/523 437/550/549 423/525/524
f 437/550/549 438/551/550 423/525/524
f 423/525/524 438/551/550 424/526/525
f 438/551/550 439/552/551 424/526/525
f 424/526/525 439/552/551 425/527/526
f 439/552/551 440/553/552 425/527/526
f 425/527/526 440/553/552 426/528/527
f 440/553/552 441/554/553 426/528/527
f 426/528/527 441/554/553 427/529/528
f 441/554/553 442/555/554 427/529/528
f 427/529/528 442/555/554 428/530/529
f 442/555/554 443/556/555 428/530/529
f 428/530/529 443/556/555 429/531/530
f 443/556/555 444/557/556 429/531/530
f 429/531/530 444/557/556 430/532/531
f 444/557/556 445/558/557 430/532/531
f 430/532/531 445/558/557 446/559/558
f 445/558/557 447/560/559 446/559/558
f 446/559/558 447/560/559 448/561/560
f 447/560/559 449/562/561 448/561/560
f 448/561/560 449/562/561 450/563/562
f 449/562/561 451/564/563 450/563/562
f 450/563/562 451/564/563 452/565/564
f 451/564/563 453/566/565 452/565/564
f 452/565/564 453/566/565 454/567/566
f 453/566/565 455/568/567 454/567/566
f 454/567/566 455/568/567 456/569/568
f 455/568/567 457/570/569 456/569/568
f 456/569/568 457/570/569 458/571/570
f 457/570/569 459/572/571 458/571/570
f 458/571/570 459/572/571 460/573/572
f 459/572/571 461/574/573 460/573/572
f 460/573/572 461/574/573 462/575/574
f 461/574/573 463/576/575 462/575/574
f 462/575/574 463/576/575 85/85/85
f 463/576/575 464/577/576 85/85/85
f 85/85/85 464/577/576 83/83/83
f 464/577/576 465/578/577 83/83/83
f 83/83/83 465/578/577 81/81/81
f 465/578/577 466/579/578 81/81/81
f 81/81/81 466/579/578 79/79/79
f 466/579/578 467/580/579 79/79/79
f 79/79/79 467/580/579 77/77/77
f 467/580/579 468/581/580 77/77/77
f 77/77/77 468/581/580 75/75/75
f 468/581/580 469/582/581 75/75/75
f 75/75/75 469/582/581 73/73/73
f 469/582/581 470/583/582 73/73/73
f 73/73/73 470/583/582 71/71/71
f 470/583/582 471/584/583 71/71/71
f 71/71/71 471/584/583 69/69/69
f 471/584/583 472/585/584 69/69/69
f 69/69/69 472/585/584 67/67/67
f 472/585/584 473/586/585 67/67/67
f 67/67/67 473/586/585 65/65/65
f 473/586/585 474/587/586 65/65/65
f 65/65/65 474/587/586 63/63/63
f 474/587/586 475/588/587 63/63/63
f 63/63/63 475/588/587 61/61/61
f 475/588/587 476/589/588 61/61/61
f 61/61/61 476/589/588 59/59/59
f 476/589/588 477/590/589 59/59/59
f 59/59/59 477/590/589 57/57/57
f 477/590/589 478/591/590 57/57/57
f 57/57/57 478/591/590 55/55/55
f 478/591/590 479/592/591 55/55/55
f 55/55/55 479/592/591 480/593/592
f 479/592/591 481/594/593 480/593/592
f 480/593/592 481/594/593 482/595/594
f 481/594/593 483/596/595 482/595/594
f 482/595/594 483/596/595 484/597/596
f 483/596/595 485/598/597 484/597/596
f 484/597/596 485/598/597 486/599/598
f 485/598/597 487/600/599 486/599/598
f 486/599/598 487/600/599 488/601/600
f 487/600/599 489/602/601 488/601/600
f 488/601/600 489/602/601 53/53/53
f 489/602/601 51/51/51 53/53/53
f 1021/603/602 1023/604/603 1082/605/604
f 1022/606/605 1020/607/606 1038/608/607
f 1033/609/608 1031/610/609 1078/611/610
f 482/595/594 484/597/596 486/599/598
f 469/582/581 468/581/580 490/612/611
f 468/581/580 491/613/612 490/612/611
f 490/612/611 491/613/612 492/614/613
f 491/613/612 493/615/614 492/614/613
f 492/614/613 493/615/614 494/616/615
f 493/615/614 495/617/616 494/616/615
f 494/616/615 495/617/616 496/618/617
f 495/617/616 497/619/618 496/618/617
f 496/618/617 497/619/618 498/620/619
f 497/619/618 499/621/620 498/620/619
f 498/620/619 499/621/620 500/622/621
f 499/621/620 501/623/622 500/622/621
f 500/622/621 501/623/622 502/624/623
f 501/623/622 503/625/624 502/624/623
f 502/624/623 503/625/624 504/626/625
f 503/625/624 457/570/569 504/626/625
f 504/626/625 457/570/569 505/305/305
f 457/570/569 455/568/567 505/305/305
f 505/305/305 455/568/567 506/306/306
f 455/568/567 453/566/565 506/306/306
f 506/306/306 453/566/565 507/627/626
f 453/566/565 451/564/563 507/627/626
f 507/627/626 451/564/563 508/628/627
f 451/564/563 449/562/561 508/628/627
f 508/628/627 449/562/561 509/629/628
f 449/562/561 447/560/559 509/629/628
f 509/629/628 447/560/559 510/630/629
f 447/560/559 445/558/557 510/630/629
f 510/630/629 445/558/557 511/631/630
f 445/558/557 444/557/556 511/631/630
f 511/631/630 444/557/556 512/632/631
f 444/557/556 443/556/555 512/632/631
f 512/632/631 443/556/555 513/633/632
f 443/556/555 442/555/554 513/633/632
f 513/633/632 442/555/554 514/634/633
f 442/555/554 441/554/553 514/634/633
f 514/634/633 441/554/553 515/635/634
f 441/554/553 440/553/552 515/635/634
f 515/635/634 440/553/552 516/636/635
f 440/553/552 439/552/551 516/636/635
f 516/636/635 439/552/551 517/637/636
f 439/552/551 438/551/550 517/637/636
f 517/637/636 438/551/550 518/638/637
f 438/551/550 437/550/549 518/638/637
f 518/638/637 437/550/549 519/639/638
f 437/550/549 436/477/476 519/639/638
f 519/639/638 436/477/476 520/640/639
f 436/477/476 419/479/478 520/640/639
f 520/640/639 419/479/478 521/641/640
f 419/479/478 417/521/520 521/641/640
f 521/641/640 417/521/520 522/642/641
f 417/521/520 523/643/642 522/642/641
f 522/642/641 523/643/642 524/644/643
f 523/643/642 525/645/644 524/644/643
f 524/644/643 525/645/644 526/646/645
f 525/645/644 527/647/646 526/646/645
f 1075/648/647 1076/649/648 1092/650/649
f 1101/651/650 1143/652/651 1099/653/652
f 491/613/612 468/581/580 467/580/579
f 246/273/273 248/275/275 559/654/653
f 491/613/612 467/580/579 493/615/614
f 467/580/579 466/579/578 493/615/614
f 493/615/614 466/579/578 495/617/616
f 466/579/578 465/578/577 495/617/616
f 495/617/616 465/578/577 497/619/618
f 465/578/577 464/577/576 497/619/618
f 497/619/618 464/577/576 499/621/620
f 464/577/576 463/576/575 499/621/620
f 499/621/620 463/576/575 501/623/622
f 463/576/575 461/574/573 501/623/622
f 501/623/622 461/574/573 503/625/624
f 461/574/573 459/572/571 503/625/624
f 503/625/624 459/572/571 457/570/569
f 570/655/654 256/283/283 258/285/285
f 185/197/197 186/198/198 1213/656/655
f 362/406/405 360/404/403 1212/657/656
f 361/405/404 363/407/406 377/433/432
f 251/278/278 249/276/276 379/435/434
f 68/68/68 234/261/261 70/70/70
f 234/261/261 528/658/657 70/70/70
f 70/70/70 528/658/657 72/72/72
f 528/658/657 529/659/658 72/72/72
f 72/72/72 529/659/658 74/74/74
f 529/659/658 76/76/76 74/74/74
f 269/296/296 372/416/415 1163/660/659
f 1663/661/660 1674/662/661 1665/663/662
f 1663/661/660 1604/664/663 1602/665/664
f 1926/666/665 1942/667/666 1945/668/667
f 234/261/261 236/263/263 528/658/657
f 236/263/263 530/669/668 528/658/657
f 528/658/657 530/669/668 529/659/658
f 530/669/668 531/670/669 529/659/658
f 529/659/658 531/670/669 532/671/670
f 531/670/669 533/672/671 532/671/670
f 532/671/670 533/672/671 534/673/672
f 533/672/671 535/674/673 534/673/672
f 534/673/672 535/674/673 536/675/674
f 535/674/673 537/676/675 536/675/674
f 536/675/674 537/676/675 538/677/676
f 537/676/675 539/678/677 538/677/676
f 538/677/676 539/678/677 540/679/678
f 539/678/677 541/680/679 540/679/678
f 540/679/678 541/680/679 542/681/680
f 541/680/679 90/90/90 542/681/680
f 542/681/680 90/90/90 88/88/88
f 1635/682/681 1637/683/682 1786/684/683
f 1802/685/684 1801/686/685 1805/687/686
f 1139/688/687 435/537/536 434/536/535
f 560/689/688 565/690/689 561/691/690
f 590/692/691 589/693/692 730/694/693
f 236/263/263 238/265/265 530/669/668
f 238/265/265 240/267/267 530/669/668
f 530/669/668 240/267/267 531/670/669
f 240/267/267 543/695/694 531/670/669
f 531/670/669 543/695/694 533/672/671
f 543/695/694 544/696/695 533/672/671
f 533/672/671 544/696/695 535/674/673
f 544/696/695 545/697/696 535/674/673
f 535/674/673 545/697/696 537/676/675
f 545/697/696 546/698/697 537/676/675
f 537/676/675 546/698/697 539/678/677
f 546/698/697 547/699/698 539/678/677
f 539/678/677 547/699/698 541/680/679
f 547/699/698 548/700/699 541/680/679
f 541/680/679 548/700/699 90/90/90
f 548/700/699 92/92/92 90/90/90
f 1978/701/700 1517/702/701 1518/703/702
f 1519/704/703 1978/701/700 1518/703/702
f 1980/705/704 1978/701/700 1519/704/703
f 1520/706/705 1980/705/704 1519/704/703
f 240/267/267 242/269/269 543/695/694
f 242/269/269 549/707/706 543/695/694
f 543/695/694 549/707/706 544/696/695
f 549/707/706 550/708/707 544/696/695
f 544/696/695 550/708/707 545/697/696
f 550/708/707 551/709/708 545/697/696
f 545/697/696 551/709/708 546/698/697
f 551/709/708 552/710/709 546/698/697
f 546/698/697 552/710/709 547/699/698
f 552/710/709 553/711/710 547/699/698
f 547/699/698 553/711/710 548/700/699
f 553/711/710 209/221/221 548/700/699
f 548/700/699 209/221/221 92/92/92
f 1982/712/711 1521/713/712 1532/714/713
f 1520/706/705 1521/713/712 1982/712/711
f 1980/705/704 1520/706/705 1982/712/711
f 1981/715/714 1532/714/713 1533/716/715
f 1982/712/711 1532/714/713 1981/715/714
f 242/269/269 244/271/271 549/707/706
f 244/271/271 554/717/716 549/707/706
f 549/707/706 554/717/716 550/708/707
f 554/717/716 555/718/717 550/708/707
f 550/708/707 555/718/717 551/709/708
f 555/718/717 556/719/718 551/709/708
f 551/709/708 556/719/718 552/710/709
f 556/719/718 557/720/719 552/710/709
f 552/710/709 557/720/719 553/711/710
f 557/720/719 558/721/720 553/711/710
f 553/711/710 558/721/720 209/221/221
f 558/721/720 207/219/219 209/221/221
f 1980/705/704 1982/712/711 1981/715/714
f 1981/715/714 1533/716/715 1536/722/721
f 1979/723/722 1981/715/714 1536/722/721
f 1980/705/704 1981/715/714 1979/723/722
f 244/271/271 246/273/273 554/717/716
f 246/273/273 559/654/653 554/717/716
f 554/717/716 559/654/653 555/718/717
f 559/654/653 560/689/688 555/718/717
f 555/718/717 560/689/688 556/719/718
f 560/689/688 561/691/690 556/719/718
f 556/719/718 561/691/690 557/720/719
f 561/691/690 562/724/723 557/720/719
f 557/720/719 562/724/723 558/721/720
f 562/724/723 563/725/724 558/721/720
f 558/721/720 563/725/724 207/219/219
f 563/725/724 205/217/217 207/219/219
f 1978/701/700 1980/705/704 1979/723/722
f 1979/723/722 1536/722/721 1537/726/725
f 1974/727/726 1979/723/722 1537/726/725
f 1978/701/700 1979/723/722 1974/727/726
f 559/654/653 248/275/275 560/689/688
f 248/275/275 564/728/727 560/689/688
f 560/689/688 564/728/727 565/690/689
f 564/728/727 566/729/728 565/690/689
f 565/690/689 566/729/728 567/730/729
f 566/729/728 254/281/281 567/730/729
f 567/730/729 254/281/281 568/731/730
f 254/281/281 256/283/283 568/731/730
f 568/731/730 256/283/283 569/732/731
f 256/283/283 570/655/654 569/732/731
f 569/732/731 570/655/654 571/733/732
f 570/655/654 572/734/733 571/733/732
f 571/733/732 572/734/733 573/735/734
f 572/734/733 264/291/291 573/735/734
f 573/735/734 264/291/291 266/293/293
f 1975/736/735 1978/701/700 1974/727/726
f 1517/702/701 1978/701/700 1975/736/735
f 1976/737/736 1517/702/701 1975/736/735
f 266/293/293 574/468/467 573/735/734
f 574/468/467 575/738/737 573/735/734
f 573/735/734 575/738/737 571/733/732
f 575/738/737 576/739/738 571/733/732
f 571/733/732 576/739/738 569/732/731
f 576/739/738 577/740/739 569/732/731
f 569/732/731 577/740/739 568/731/730
f 577/740/739 578/741/740 568/731/730
f 568/731/730 578/741/740 567/730/729
f 578/741/740 579/742/741 567/730/729
f 567/730/729 579/742/741 565/690/689
f 579/742/741 562/724/723 565/690/689
f 565/690/689 562/724/723 561/691/690
f 1516/743/742 1517/702/701 1976/737/736
f 1506/744/743 1516/743/742 1976/737/736
f 1977/503/502 1507/502/501 1506/744/743
f 1976/737/736 1977/503/502 1506/744/743
f 1543/501/500 1977/503/502 1976/737/736
f 562/724/723 579/742/741 580/745/744
f 579/742/741 578/741/740 580/745/744
f 580/745/744 578/741/740 581/746/745
f 578/741/740 577/740/739 581/746/745
f 581/746/745 577/740/739 582/747/746
f 577/740/739 576/739/738 582/747/746
f 582/747/746 576/739/738 583/748/747
f 576/739/738 575/738/737 583/748/747
f 583/748/747 575/738/737 584/749/748
f 575/738/737 574/468/467 584/749/748
f 584/749/748 574/468/467 585/750/749
f 574/468/467 268/295/295 585/750/749
f 585/750/749 268/295/295 586/751/750
f 268/295/295 270/297/297 586/751/750
f 586/751/750 270/297/297 191/203/203
f 270/297/297 190/202/202 191/203/203
f 1975/736/735 1543/501/500 1976/737/736
f 1541/752/751 1543/501/500 1975/736/735
f 1974/727/726 1541/752/751 1975/736/735
f 1539/753/752 1541/752/751 1974/727/726
f 191/203/203 192/204/204 586/751/750
f 192/204/204 587/754/753 586/751/750
f 586/751/750 587/754/753 585/750/749
f 587/754/753 588/755/754 585/750/749
f 585/750/749 588/755/754 584/749/748
f 588/755/754 589/693/692 584/749/748
f 584/749/748 589/693/692 583/748/747
f 589/693/692 590/692/691 583/748/747
f 583/748/747 590/692/691 582/747/746
f 590/692/691 591/756/755 582/747/746
f 582/747/746 591/756/755 581/746/745
f 591/756/755 592/757/756 581/746/745
f 581/746/745 592/757/756 580/745/744
f 592/757/756 563/725/724 580/745/744
f 580/745/744 563/725/724 562/724/723
f 1537/726/725 1539/753/752 1974/727/726
f 1621/758/757 1905/380/380 1619/759/758
f 1973/381/381 1905/380/380 1621/758/757
f 1623/760/759 1973/381/381 1621/758/757
f 1973/381/381 1623/760/759 1971/761/760
f 192/204/204 193/205/205 587/754/753
f 193/205/205 593/762/761 587/754/753
f 587/754/753 593/762/761 588/755/754
f 593/762/761 594/763/762 588/755/754
f 588/755/754 594/763/762 595/764/763
f 594/763/762 596/765/764 595/764/763
f 595/764/763 596/765/764 597/766/765
f 596/765/764 598/767/766 597/766/765
f 597/766/765 598/767/766 599/768/767
f 598/767/766 600/769/768 599/768/767
f 599/768/767 600/769/768 601/770/769
f 600/769/768 602/771/770 601/770/769
f 601/770/769 602/771/770 603/772/771
f 602/771/770 199/211/211 603/772/771
f 603/772/771 199/211/211 200/212/212
f 1972/773/772 1973/381/381 1971/761/760
f 1903/382/382 1973/381/381 1972/773/772
f 1901/774/773 1903/382/382 1972/773/772
f 1972/773/772 1971/761/760 1970/775/774
f 1969/776/775 1972/773/772 1970/775/774
f 602/771/770 600/769/768 197/209/209
f 600/769/768 598/767/766 197/209/209
f 197/209/209 598/767/766 196/208/208
f 598/767/766 596/765/764 196/208/208
f 196/208/208 596/765/764 195/207/207
f 596/765/764 594/763/762 195/207/207
f 195/207/207 594/763/762 194/206/206
f 594/763/762 593/762/761 194/206/206
f 194/206/206 593/762/761 193/205/205
f 1901/774/773 1972/773/772 1969/776/775
f 1899/777/776 1901/774/773 1969/776/775
f 1971/761/760 1623/760/759 1625/778/777
f 1627/779/778 1971/761/760 1625/778/777
f 1970/775/774 1971/761/760 1627/779/778
f 197/209/209 198/210/210 602/771/770
f 198/210/210 199/211/211 602/771/770
f 1629/780/779 1970/775/774 1627/779/778
f 1969/776/775 1970/775/774 1629/780/779
f 1773/781/780 1969/776/775 1629/780/779
f 1899/777/776 1969/776/775 1773/781/780
f 64/64/64 62/62/62 229/256/256
f 62/62/62 227/254/254 229/256/256
f 1771/782/781 1899/777/776 1773/781/780
f 1897/783/782 1899/777/776 1771/782/781
f 1769/784/783 1897/783/782 1771/782/781
f 1895/785/784 1897/783/782 1769/784/783
f 62/62/62 60/60/60 227/254/254
f 60/60/60 225/252/252 227/254/254
f 1767/786/785 1895/785/784 1769/784/783
f 1893/787/786 1895/785/784 1767/786/785
f 225/252/252 60/60/60 604/788/787
f 60/60/60 58/58/58 604/788/787
f 604/788/787 58/58/58 56/56/56
f 1765/789/788 1893/787/786 1767/786/785
f 1891/159/159 1893/787/786 1765/789/788
f 1968/160/160 1891/159/159 1765/789/788
f 1968/160/160 1765/789/788 1763/790/789
f 1761/791/790 1968/160/160 1763/790/789
f 225/252/252 604/788/787 223/250/250
f 604/788/787 605/792/791 223/250/250
f 223/250/250 605/792/791 221/248/248
f 605/792/791 52/52/52 221/248/248
f 221/248/248 52/52/52 50/50/50
f 1889/158/158 1968/160/160 1761/791/790
f 1759/793/792 1889/158/158 1761/791/790
f 1952/794/793 1605/795/794 1607/796/795
f 1953/797/796 1952/794/793 1607/796/795
f 1953/797/796 1607/796/795 1609/798/797
f 604/788/787 56/56/56 605/792/791
f 56/56/56 54/54/54 605/792/791
f 605/792/791 54/54/54 52/52/52
f 1611/799/798 1953/797/796 1609/798/797
f 1599/800/799 1601/801/800 1284/802/801
f 1282/803/802 1599/800/799 1284/802/801
f 1965/804/803 1951/805/804 1950/806/805
f 1967/807/806 1965/804/803 1950/806/805
f 212/239/239 211/238/238 273/312/312
f 211/238/238 606/233/233 273/312/312
f 273/312/312 606/233/233 275/314/314
f 606/233/233 607/232/232 275/314/314
f 275/314/314 607/232/232 340/387/387
f 607/232/232 608/808/807 340/387/387
f 340/387/387 608/808/807 341/388/388
f 608/808/807 609/809/808 341/388/388
f 341/388/388 609/809/808 342/389/184
f 609/809/808 610/810/809 342/389/184
f 342/389/184 610/810/809 343/390/389
f 610/810/809 611/811/810 343/390/389
f 343/390/389 611/811/810 344/391/390
f 611/811/810 612/812/811 344/391/390
f 344/391/390 612/812/811 345/392/391
f 612/812/811 613/813/812 345/392/391
f 345/392/391 613/813/812 346/393/392
f 613/813/812 614/814/813 346/393/392
f 346/393/392 614/814/813 615/229/229
f 614/814/813 616/815/814 615/229/229
f 615/229/229 616/815/814 617/230/230
f 616/815/814 618/816/815 617/230/230
f 617/230/230 618/816/815 619/817/816
f 618/816/815 620/818/817 619/817/816
f 619/817/816 620/818/817 621/819/818
f 620/818/817 622/820/819 621/819/818
f 621/819/818 622/820/819 623/821/820
f 622/820/819 624/822/821 623/821/820
f 623/821/820 624/822/821 625/823/822
f 624/822/821 626/824/823 625/823/822
f 625/823/822 626/824/823 627/825/824
f 626/824/823 628/826/825 627/825/824
f 627/825/824 628/826/825 185/197/197
f 628/826/825 184/196/196 185/197/197
f 1964/827/826 1965/804/803 1967/807/806
f 1963/828/827 1964/827/826 1967/807/806
f 1967/807/806 1950/806/805 1948/829/828
f 1966/830/829 1967/807/806 1948/829/828
f 620/818/817 618/816/815 629/831/830
f 618/816/815 616/815/814 629/831/830
f 629/831/830 616/815/814 630/832/831
f 616/815/814 614/814/813 630/832/831
f 630/832/831 614/814/813 631/833/832
f 614/814/813 613/813/812 631/833/832
f 631/833/832 613/813/812 632/834/833
f 613/813/812 612/812/811 632/834/833
f 632/834/833 612/812/811 633/835/834
f 612/812/811 611/811/810 633/835/834
f 633/835/834 611/811/810 634/836/835
f 611/811/810 610/810/809 634/836/835
f 634/836/835 610/810/809 635/837/836
f 610/810/809 609/809/808 635/837/836
f 635/837/836 609/809/808 636/838/837
f 609/809/808 608/808/807 636/838/837
f 636/838/837 608/808/807 637/839/838
f 608/808/807 607/232/232 637/839/838
f 637/839/838 607/232/232 638/383/383
f 607/232/232 639/231/231 638/383/383
f 638/383/383 639/231/231 160/174/174
f 639/231/231 210/237/237 160/174/174
f 160/174/174 210/237/237 158/172/172
f 1963/828/827 1967/807/806 1966/830/829
f 1962/840/839 1963/828/827 1966/830/829
f 1966/830/829 1948/829/828 1946/841/840
f 1944/842/841 1966/830/829 1946/841/840
f 1962/840/839 1966/830/829 1944/842/841
f 638/383/383 162/176/176 637/839/838
f 162/176/176 640/843/842 637/839/838
f 637/839/838 640/843/842 636/838/837
f 640/843/842 641/844/843 636/838/837
f 636/838/837 641/844/843 635/837/836
f 641/844/843 642/845/844 635/837/836
f 635/837/836 642/845/844 634/836/835
f 642/845/844 643/846/845 634/836/835
f 634/836/835 643/846/845 633/835/834
f 643/846/845 644/847/846 633/835/834
f 633/835/834 644/847/846 645/848/847
f 644/847/846 646/451/450 645/848/847
f 645/848/847 646/451/450 647/849/848
f 646/451/450 648/452/451 647/849/848
f 647/849/848 648/452/451 174/188/188
f 648/452/451 172/186/186 174/188/188
f 1943/850/849 1962/840/839 1944/842/841
f 1288/851/850 1286/852/851 1951/805/804
f 1965/804/803 1288/851/850 1951/805/804
f 1290/541/540 1288/851/850 1965/804/803
f 162/176/176 164/178/178 640/843/842
f 164/178/178 166/180/180 640/843/842
f 640/843/842 166/180/180 641/844/843
f 166/180/180 168/182/182 641/844/843
f 641/844/843 168/182/182 642/845/844
f 168/182/182 170/184/184 642/845/844
f 642/845/844 170/184/184 643/846/845
f 170/184/184 644/847/846 643/846/845
f 1964/827/826 1290/541/540 1965/804/803
f 1959/542/541 1290/541/540 1964/827/826
f 1963/828/827 1959/542/541 1964/827/826
f 1960/853/852 1959/542/541 1963/828/827
f 170/184/184 172/186/186 644/847/846
f 172/186/186 646/451/450 644/847/846
f 1962/840/839 1960/853/852 1963/828/827
f 1961/854/853 1960/853/852 1962/840/839
f 1943/850/849 1961/854/853 1962/840/839
f 1943/850/849 1941/855/854 1940/538/537
f 88/88/88 86/86/86 542/681/680
f 86/86/86 84/84/84 542/681/680
f 542/681/680 84/84/84 540/679/678
f 84/84/84 82/82/82 540/679/678
f 540/679/678 82/82/82 538/677/676
f 82/82/82 536/675/674 538/677/676
f 1956/540/539 1943/850/849 1940/538/537
f 1961/854/853 1943/850/849 1956/540/539
f 1957/856/855 1961/854/853 1956/540/539
f 1960/853/852 1961/854/853 1957/856/855
f 82/82/82 80/80/80 536/675/674
f 80/80/80 534/673/672 536/675/674
f 1958/857/856 1960/853/852 1957/856/855
f 1959/542/541 1960/853/852 1958/857/856
f 1292/543/542 1959/542/541 1958/857/856
f 1958/857/856 1294/858/857 1292/543/542
f 80/80/80 78/78/78 534/673/672
f 78/78/78 532/671/670 534/673/672
f 1296/859/858 1294/858/857 1958/857/856
f 1957/856/855 1296/859/858 1958/857/856
f 1298/860/859 1296/859/858 1957/856/855
f 1956/540/539 1298/860/859 1957/856/855
f 78/78/78 76/76/76 532/671/670
f 76/76/76 529/659/658 532/671/670
f 1300/861/860 1298/860/859 1956/540/539
f 1939/539/538 1300/861/860 1956/540/539
f 1302/862/861 1300/861/860 1939/539/538
f 1304/447/446 1302/862/861 1939/539/538
f 218/245/245 217/244/244 337/374/374
f 217/244/244 649/863/862 337/374/374
f 337/374/374 649/863/862 339/376/376
f 649/863/862 650/864/863 339/376/376
f 339/376/376 650/864/863 278/317/317
f 650/864/863 276/315/315 278/317/317
f 1955/865/864 1615/866/865 1925/867/866
f 1613/868/867 1615/866/865 1955/865/864
f 1954/869/868 1613/868/867 1955/865/864
f 1955/865/864 1925/867/866 1926/666/665
f 217/244/244 216/243/243 649/863/862
f 216/243/243 651/870/869 649/863/862
f 649/863/862 651/870/869 650/864/863
f 651/870/869 652/871/870 650/864/863
f 650/864/863 652/871/870 276/315/315
f 652/871/870 274/313/313 276/315/315
f 1945/668/667 1955/865/864 1926/666/665
f 1954/869/868 1955/865/864 1945/668/667
f 1947/872/871 1954/869/868 1945/668/667
f 1954/869/868 1611/799/798 1613/868/867
f 216/243/243 215/242/242 651/870/869
f 215/242/242 653/474/473 651/870/869
f 651/870/869 653/474/473 652/871/870
f 653/474/473 274/313/313 652/871/870
f 1953/797/796 1611/799/798 1954/869/868
f 1947/872/871 1953/797/796 1954/869/868
f 274/313/313 653/474/473 272/311/311
f 653/474/473 214/241/241 272/311/311
f 272/311/311 214/241/241 213/240/240
f 1952/794/793 1953/797/796 1947/872/871
f 1949/873/872 1952/794/793 1947/872/871
f 1605/795/794 1952/794/793 1949/873/872
f 1603/874/873 1605/795/794 1949/873/872
f 1601/801/800 1286/852/851 1284/802/801
f 521/641/640 522/642/641 520/640/639
f 522/642/641 654/875/874 520/640/639
f 520/640/639 654/875/874 519/639/638
f 654/875/874 655/876/875 519/639/638
f 519/639/638 655/876/875 656/877/876
f 655/876/875 657/878/877 656/877/876
f 656/877/876 657/878/877 658/879/878
f 657/878/877 659/880/879 658/879/878
f 658/879/878 659/880/879 660/881/880
f 1951/805/804 1286/852/851 1601/801/800
f 1603/874/873 1951/805/804 1601/801/800
f 1950/806/805 1951/805/804 1603/874/873
f 1949/873/872 1950/806/805 1603/874/873
f 1948/829/828 1950/806/805 1949/873/872
f 519/639/638 656/877/876 518/638/637
f 656/877/876 661/882/881 518/638/637
f 518/638/637 661/882/881 517/637/636
f 661/882/881 662/883/882 517/637/636
f 517/637/636 662/883/882 516/636/635
f 662/883/882 663/884/883 516/636/635
f 516/636/635 663/884/883 515/635/634
f 663/884/883 664/885/884 515/635/634
f 515/635/634 664/885/884 514/634/633
f 664/885/884 665/886/885 514/634/633
f 514/634/633 665/886/885 513/633/632
f 665/886/885 666/887/886 513/633/632
f 513/633/632 666/887/886 512/632/631
f 666/887/886 667/888/887 512/632/631
f 512/632/631 667/888/887 511/631/630
f 667/888/887 668/889/888 511/631/630
f 511/631/630 668/889/888 510/630/629
f 668/889/888 669/890/889 510/630/629
f 510/630/629 669/890/889 670/891/890
f 669/890/889 671/892/891 670/891/890
f 670/891/890 671/892/891 672/893/892
f 671/892/891 673/894/893 672/893/892
f 672/893/892 673/894/893 674/895/894
f 673/894/893 675/896/895 674/895/894
f 674/895/894 675/896/895 676/897/896
f 675/896/895 677/898/897 676/897/896
f 676/897/896 677/898/897 678/899/898
f 677/898/897 679/900/899 678/899/898
f 678/899/898 679/900/899 680/310/310
f 679/900/899 681/901/900 680/310/310
f 680/310/310 681/901/900 682/308/308
f 681/901/900 683/902/901 682/308/308
f 682/308/308 683/902/901 684/903/902
f 683/902/901 685/904/903 684/903/902
f 684/903/902 685/904/903 686/905/904
f 685/904/903 687/906/905 686/905/904
f 686/905/904 687/906/905 688/907/906
f 687/906/905 689/908/907 688/907/906
f 688/907/906 689/908/907 690/909/908
f 689/908/907 691/910/909 690/909/908
f 690/909/908 691/910/909 692/911/910
f 691/910/909 693/912/911 692/911/910
f 692/911/910 693/912/911 694/913/912
f 693/912/911 695/914/913 694/913/912
f 694/913/912 695/914/913 696/915/914
f 695/914/913 697/916/915 696/915/914
f 696/915/914 697/916/915 698/917/916
f 697/916/915 699/918/917 698/917/916
f 698/917/916 699/918/917 700/919/918
f 699/918/917 701/920/919 700/919/918
f 700/919/918 701/920/919 479/592/591
f 701/920/919 481/594/593 479/592/591
f 1947/872/871 1948/829/828 1949/873/872
f 1946/841/840 1948/829/828 1947/872/871
f 1945/668/667 1946/841/840 1947/872/871
f 1944/842/841 1946/841/840 1945/668/667
f 510/630/629 670/891/890 509/629/628
f 670/891/890 672/893/892 509/629/628
f 509/629/628 672/893/892 508/628/627
f 672/893/892 674/895/894 508/628/627
f 508/628/627 674/895/894 507/627/626
f 674/895/894 702/921/920 507/627/626
f 507/627/626 702/921/920 506/306/306
f 702/921/920 678/899/898 506/306/306
f 506/306/306 678/899/898 703/307/307
f 678/899/898 680/310/310 703/307/307
f 703/307/307 680/310/310 505/305/305
f 680/310/310 704/309/309 505/305/305
f 505/305/305 704/309/309 504/626/625
f 704/309/309 705/922/921 504/626/625
f 504/626/625 705/922/921 706/923/922
f 705/922/921 707/924/923 706/923/922
f 706/923/922 707/924/923 708/925/924
f 707/924/923 709/926/925 708/925/924
f 708/925/924 709/926/925 710/927/926
f 709/926/925 711/928/927 710/927/926
f 710/927/926 711/928/927 712/929/928
f 711/928/927 713/930/929 712/929/928
f 712/929/928 713/930/929 714/931/930
f 713/930/929 694/913/912 714/931/930
f 714/931/930 694/913/912 715/932/931
f 694/913/912 696/915/914 715/932/931
f 715/932/931 696/915/914 716/933/932
f 696/915/914 698/917/916 716/933/932
f 716/933/932 698/917/916 717/934/933
f 698/917/916 718/935/934 717/934/933
f 717/934/933 718/935/934 719/545/544
f 718/935/934 720/936/935 719/545/544
f 719/545/544 720/936/935 721/546/545
f 720/936/935 722/937/936 721/546/545
f 721/546/545 722/937/936 723/938/937
f 722/937/936 724/939/938 723/938/937
f 723/938/937 724/939/938 474/587/586
f 724/939/938 475/588/587 474/587/586
f 1942/667/666 1944/842/841 1945/668/667
f 1943/850/849 1944/842/841 1942/667/666
f 1941/855/854 1943/850/849 1942/667/666
f 1942/667/666 1926/666/665 1927/940/939
f 704/309/309 682/308/308 705/922/921
f 682/308/308 684/903/902 705/922/921
f 705/922/921 684/903/902 707/924/923
f 684/903/902 686/905/904 707/924/923
f 707/924/923 686/905/904 709/926/925
f 686/905/904 688/907/906 709/926/925
f 709/926/925 688/907/906 711/928/927
f 688/907/906 690/909/908 711/928/927
f 711/928/927 690/909/908 713/930/929
f 690/909/908 692/911/910 713/930/929
f 713/930/929 692/911/910 694/913/912
f 1928/941/940 1942/667/666 1927/940/939
f 1941/855/854 1942/667/666 1928/941/940
f 1938/942/941 1941/855/854 1928/941/940
f 1940/538/537 1941/855/854 1938/942/941
f 1937/943/942 1940/538/537 1938/942/941
f 563/725/724 592/757/756 205/217/217
f 592/757/756 725/944/943 205/217/217
f 205/217/217 725/944/943 203/215/215
f 725/944/943 202/214/214 203/215/215
f 1939/539/538 1940/538/537 1937/943/942
f 1936/945/944 1939/539/538 1937/943/942
f 202/214/214 725/944/943 726/946/945
f 725/944/943 727/947/946 726/946/945
f 726/946/945 727/947/946 728/948/947
f 727/947/946 729/949/948 728/948/947
f 728/948/947 729/949/948 599/768/767
f 729/949/948 730/694/693 599/768/767
f 599/768/767 730/694/693 597/766/765
f 730/694/693 589/693/692 597/766/765
f 597/766/765 589/693/692 595/764/763
f 589/693/692 588/755/754 595/764/763
f 1304/447/446 1939/539/538 1936/945/944
f 1935/445/444 1304/447/446 1936/945/944
f 1938/942/941 1928/941/940 1929/950/949
f 1930/951/950 1938/942/941 1929/950/949
f 730/694/693 729/949/948 590/692/691
f 729/949/948 727/947/946 590/692/691
f 590/692/691 727/947/946 591/756/755
f 727/947/946 725/944/943 591/756/755
f 591/756/755 725/944/943 592/757/756
f 1937/943/942 1938/942/941 1930/951/950
f 1931/952/951 1937/943/942 1930/951/950
f 1936/945/944 1937/943/942 1931/952/951
f 1932/953/952 1936/945/944 1931/952/951
f 1935/445/444 1936/945/944 1932/953/952
f 659/880/879 657/878/877 731/954/953
f 657/878/877 732/955/954 731/954/953
f 731/954/953 732/955/954 733/956/955
f 732/955/954 734/957/956 733/956/955
f 733/956/955 734/957/956 735/958/957
f 734/957/956 736/959/958 735/958/957
f 1933/960/959 1935/445/444 1932/953/952
f 1306/446/445 1935/445/444 1933/960/959
f 1308/961/960 1306/446/445 1933/960/959
f 1907/962/961 1322/963/962 1320/964/963
f 657/878/877 655/876/875 732/955/954
f 655/876/875 654/875/874 732/955/954
f 732/955/954 654/875/874 734/957/956
f 654/875/874 522/642/641 734/957/956
f 734/957/956 522/642/641 524/644/643
f 1318/965/964 1907/962/961 1320/964/963
f 1908/966/965 1907/962/961 1318/965/964
f 1316/967/966 1908/966/965 1318/965/964
f 1909/968/967 1908/966/965 1316/967/966
f 1314/969/968 1909/968/967 1316/967/966
f 734/957/956 524/644/643 736/959/958
f 524/644/643 526/646/645 736/959/958
f 1910/970/969 1909/968/967 1314/969/968
f 1312/971/970 1910/970/969 1314/969/968
f 1911/972/971 1910/970/969 1312/971/970
f 1310/973/972 1911/972/971 1312/971/970
f 475/588/587 724/939/938 476/589/588
f 724/939/938 737/974/973 476/589/588
f 476/589/588 737/974/973 477/590/589
f 737/974/973 738/975/974 477/590/589
f 477/590/589 738/975/974 478/591/590
f 738/975/974 700/919/918 478/591/590
f 478/591/590 700/919/918 479/592/591
f 1912/448/447 1911/972/971 1310/973/972
f 1934/449/448 1912/448/447 1310/973/972
f 1934/449/448 1310/973/972 1308/961/960
f 1933/960/959 1934/449/448 1308/961/960
f 1917/450/449 1934/449/448 1933/960/959
f 724/939/938 722/937/936 737/974/973
f 722/937/936 720/936/935 737/974/973
f 737/974/973 720/936/935 738/975/974
f 720/936/935 718/935/934 738/975/974
f 738/975/974 718/935/934 700/919/918
f 718/935/934 698/917/916 700/919/918
f 1932/953/952 1917/450/449 1933/960/959
f 1918/976/975 1917/450/449 1932/953/952
f 1931/952/951 1918/976/975 1932/953/952
f 1919/977/976 1918/976/975 1931/952/951
f 280/319/319 282/321/321 338/375/375
f 282/321/321 739/978/977 338/375/375
f 338/375/375 739/978/977 336/373/373
f 739/978/977 740/979/978 336/373/373
f 336/373/373 740/979/978 334/371/371
f 740/979/978 333/370/370 334/371/371
f 1930/951/950 1919/977/976 1931/952/951
f 1920/980/979 1919/977/976 1930/951/950
f 1929/950/949 1920/980/979 1930/951/950
f 1921/981/980 1920/980/979 1929/950/949
f 282/321/321 284/323/323 739/978/977
f 284/323/323 741/982/981 739/978/977
f 739/978/977 741/982/981 740/979/978
f 741/982/981 742/983/982 740/979/978
f 740/979/978 742/983/982 333/370/370
f 742/983/982 743/984/983 333/370/370
f 333/370/370 743/984/983 332/369/369
f 743/984/983 744/985/984 332/369/369
f 332/369/369 744/985/984 331/368/368
f 744/985/984 745/986/985 331/368/368
f 331/368/368 745/986/985 330/367/367
f 745/986/985 746/987/986 330/367/367
f 330/367/367 746/987/986 329/366/366
f 746/987/986 747/988/987 329/366/366
f 329/366/366 747/988/987 328/365/365
f 747/988/987 748/989/988 328/365/365
f 328/365/365 748/989/988 327/364/364
f 748/989/988 749/990/989 327/364/364
f 327/364/364 749/990/989 326/363/363
f 749/990/989 750/991/990 326/363/363
f 326/363/363 750/991/990 325/362/362
f 750/991/990 324/169/169 325/362/362
f 1928/941/940 1921/981/980 1929/950/949
f 1922/992/991 1921/981/980 1928/941/940
f 1927/940/939 1922/992/991 1928/941/940
f 1923/993/992 1922/992/991 1927/940/939
f 284/323/323 286/325/325 741/982/981
f 286/325/325 751/994/993 741/982/981
f 741/982/981 751/994/993 742/983/982
f 751/994/993 752/995/994 742/983/982
f 742/983/982 752/995/994 743/984/983
f 752/995/994 753/996/995 743/984/983
f 743/984/983 753/996/995 744/985/984
f 753/996/995 754/997/996 744/985/984
f 744/985/984 754/997/996 745/986/985
f 754/997/996 755/998/997 745/986/985
f 745/986/985 755/998/997 746/987/986
f 755/998/997 756/999/998 746/987/986
f 746/987/986 756/999/998 747/988/987
f 756/999/998 757/1000/999 747/988/987
f 747/988/987 757/1000/999 748/989/988
f 757/1000/999 758/1001/1000 748/989/988
f 748/989/988 758/1001/1000 759/1002/1001
f 758/1001/1000 760/1003/1002 759/1002/1001
f 759/1002/1001 760/1003/1002 761/170/170
f 760/1003/1002 762/1004/1003 761/170/170
f 761/170/170 762/1004/1003 322/171/171
f 762/1004/1003 320/359/359 322/171/171
f 1926/666/665 1923/993/992 1927/940/939
f 1924/1005/1004 1923/993/992 1926/666/665
f 1925/867/866 1924/1005/1004 1926/666/665
f 1925/867/866 1615/866/865 1617/1006/1005
f 286/325/325 288/327/327 751/994/993
f 288/327/327 763/1007/1006 751/994/993
f 751/994/993 763/1007/1006 752/995/994
f 763/1007/1006 764/1008/1007 752/995/994
f 752/995/994 764/1008/1007 753/996/995
f 764/1008/1007 765/1009/1008 753/996/995
f 753/996/995 765/1009/1008 754/997/996
f 765/1009/1008 766/1010/1009 754/997/996
f 754/997/996 766/1010/1009 755/998/997
f 766/1010/1009 767/1011/1010 755/998/997
f 755/998/997 767/1011/1010 756/999/998
f 767/1011/1010 768/1012/1000 756/999/998
f 756/999/998 768/1012/1000 757/1000/999
f 768/1012/1000 769/1013/1011 757/1000/999
f 757/1000/999 769/1013/1011 758/1001/1000
f 769/1013/1011 770/1014/1012 758/1001/1000
f 758/1001/1000 770/1014/1012 760/1003/1002
f 770/1014/1012 771/1015/1013 760/1003/1002
f 760/1003/1002 771/1015/1013 762/1004/1003
f 771/1015/1013 320/359/359 762/1004/1003
f 1906/1016/1014 1925/867/866 1617/1006/1005
f 1924/1005/1004 1925/867/866 1906/1016/1014
f 1904/1017/1015 1924/1005/1004 1906/1016/1014
f 1923/993/992 1924/1005/1004 1904/1017/1015
f 288/327/327 290/329/329 763/1007/1006
f 290/329/329 772/1018/1016 763/1007/1006
f 763/1007/1006 772/1018/1016 764/1008/1007
f 772/1018/1016 773/1019/1017 764/1008/1007
f 764/1008/1007 773/1019/1017 765/1009/1008
f 773/1019/1017 774/1020/1018 765/1009/1008
f 765/1009/1008 774/1020/1018 766/1010/1009
f 774/1020/1018 775/1021/1010 766/1010/1009
f 766/1010/1009 775/1021/1010 767/1011/1010
f 775/1021/1010 776/1022/1010 767/1011/1010
f 767/1011/1010 776/1022/1010 768/1012/1000
f 776/1022/1010 777/1023/1019 768/1012/1000
f 768/1012/1000 777/1023/1019 769/1013/1011
f 777/1023/1019 778/1024/1020 769/1013/1011
f 769/1013/1011 778/1024/1020 770/1014/1012
f 778/1024/1020 779/1025/1021 770/1014/1012
f 770/1014/1012 779/1025/1021 771/1015/1013
f 779/1025/1021 318/357/357 771/1015/1013
f 771/1015/1013 318/357/357 320/359/359
f 1902/1026/1022 1923/993/992 1904/1017/1015
f 1922/992/991 1923/993/992 1902/1026/1022
f 1900/1027/1023 1922/992/991 1902/1026/1022
f 1921/981/980 1922/992/991 1900/1027/1023
f 1916/1028/1024 1921/981/980 1900/1027/1023
f 290/329/329 292/331/331 772/1018/1016
f 292/331/331 294/333/333 772/1018/1016
f 772/1018/1016 294/333/333 773/1019/1017
f 294/333/333 296/335/335 773/1019/1017
f 773/1019/1017 296/335/335 774/1020/1018
f 296/335/335 298/337/337 774/1020/1018
f 774/1020/1018 298/337/337 775/1021/1010
f 298/337/337 300/339/339 775/1021/1010
f 775/1021/1010 300/339/339 776/1022/1010
f 300/339/339 302/341/341 776/1022/1010
f 776/1022/1010 302/341/341 777/1023/1019
f 302/341/341 304/343/343 777/1023/1019
f 777/1023/1019 304/343/343 778/1024/1020
f 304/343/343 306/345/345 778/1024/1020
f 778/1024/1020 306/345/345 779/1025/1021
f 306/345/345 308/347/347 779/1025/1021
f 779/1025/1021 308/347/347 780/1029/1025
f 308/347/347 310/349/349 780/1029/1025
f 780/1029/1025 310/349/349 316/355/355
f 310/349/349 314/353/353 316/355/355
f 1920/980/979 1921/981/980 1916/1028/1024
f 1915/1030/1026 1920/980/979 1916/1028/1024
f 1919/977/976 1920/980/979 1915/1030/1026
f 1914/1031/1027 1919/977/976 1915/1030/1026
f 316/355/355 318/357/357 780/1029/1025
f 318/357/357 779/1025/1021 780/1029/1025
f 1918/976/975 1919/977/976 1914/1031/1027
f 1913/1032/1028 1918/976/975 1914/1031/1027
f 1917/450/449 1918/976/975 1913/1032/1028
f 1912/448/447 1917/450/449 1913/1032/1028
f 748/989/988 759/1002/1001 749/990/989
f 759/1002/1001 750/991/990 749/990/989
f 1916/1028/1024 1900/1027/1023 1898/1033/1029
f 1896/1034/1030 1916/1028/1024 1898/1033/1029
f 1915/1030/1026 1916/1028/1024 1896/1034/1030
f 1894/1035/1031 1915/1030/1026 1896/1034/1030
f 759/1002/1001 761/170/170 750/991/990
f 761/170/170 324/169/169 750/991/990
f 1914/1031/1027 1915/1030/1026 1894/1035/1031
f 1892/1036/1032 1914/1031/1027 1894/1035/1031
f 1913/1032/1028 1914/1031/1027 1892/1036/1032
f 1890/1037/1033 1913/1032/1028 1892/1036/1032
f 264/291/291 572/734/733 262/289/289
f 572/734/733 260/287/287 262/289/289
f 1912/448/447 1913/1032/1028 1890/1037/1033
f 1888/1038/1034 1912/448/447 1890/1037/1033
f 1911/972/971 1912/448/447 1888/1038/1034
f 1887/1039/1035 1911/972/971 1888/1038/1034
f 572/734/733 570/655/654 260/287/287
f 570/655/654 258/285/285 260/287/287
f 1910/970/969 1911/972/971 1887/1039/1035
f 1886/1040/1036 1910/970/969 1887/1039/1035
f 1909/968/967 1910/970/969 1886/1040/1036
f 1885/1041/1037 1909/968/967 1886/1040/1036
f 265/292/292 263/290/290 373/429/428
f 263/290/290 261/288/288 373/429/428
f 373/429/428 261/288/288 374/430/429
f 261/288/288 259/286/286 374/430/429
f 374/430/429 259/286/286 375/431/430
f 259/286/286 257/284/284 375/431/430
f 375/431/430 257/284/284 376/432/431
f 257/284/284 255/282/282 376/432/431
f 376/432/431 255/282/282 253/280/280
f 1908/966/965 1909/968/967 1885/1041/1037
f 1884/1042/1038 1908/966/965 1885/1041/1037
f 1907/962/961 1908/966/965 1884/1042/1038
f 1883/1043/1039 1907/962/961 1884/1042/1038
f 1322/963/962 1907/962/961 1883/1043/1039
f 248/275/275 250/277/277 564/728/727
f 250/277/277 566/729/728 564/728/727
f 1324/1044/1040 1322/963/962 1883/1043/1039
f 1906/1016/1014 1617/1006/1005 1619/759/758
f 1905/380/380 1906/1016/1014 1619/759/758
f 1904/1017/1015 1906/1016/1014 1905/380/380
f 250/277/277 252/279/279 566/729/728
f 252/279/279 254/281/281 566/729/728
f 1903/382/382 1904/1017/1015 1905/380/380
f 1902/1026/1022 1904/1017/1015 1903/382/382
f 1901/774/773 1902/1026/1022 1903/382/382
f 1900/1027/1023 1902/1026/1022 1901/774/773
f 346/393/392 615/229/229 347/394/393
f 615/229/229 781/1045/1041 347/394/393
f 347/394/393 781/1045/1041 348/395/394
f 781/1045/1041 782/1046/1042 348/395/394
f 348/395/394 782/1046/1042 783/1047/1043
f 782/1046/1042 784/1048/1044 783/1047/1043
f 783/1047/1043 784/1048/1044 785/1049/1045
f 784/1048/1044 786/1050/1046 785/1049/1045
f 785/1049/1045 786/1050/1046 787/1051/1047
f 786/1050/1046 788/1052/1048 787/1051/1047
f 787/1051/1047 788/1052/1048 789/224/224
f 788/1052/1048 790/227/227 789/224/224
f 789/224/224 790/227/227 353/222/222
f 790/227/227 354/226/226 353/222/222
f 1899/777/776 1900/1027/1023 1901/774/773
f 1898/1033/1029 1900/1027/1023 1899/777/776
f 1897/783/782 1898/1033/1029 1899/777/776
f 1896/1034/1030 1898/1033/1029 1897/783/782
f 789/224/224 352/223/223 787/1051/1047
f 352/223/223 351/398/397 787/1051/1047
f 787/1051/1047 351/398/397 785/1049/1045
f 351/398/397 350/397/396 785/1049/1045
f 785/1049/1045 350/397/396 783/1047/1043
f 350/397/396 349/396/395 783/1047/1043
f 783/1047/1043 349/396/395 348/395/394
f 1895/785/784 1896/1034/1030 1897/783/782
f 1894/1035/1031 1896/1034/1030 1895/785/784
f 1893/787/786 1894/1035/1031 1895/785/784
f 1892/1036/1032 1894/1035/1031 1893/787/786
f 1891/159/159 1892/1036/1032 1893/787/786
f 392/476/475 393/486/485 155/155/155
f 393/486/485 153/153/153 155/155/155
f 1890/1037/1033 1892/1036/1032 1891/159/159
f 1889/158/158 1890/1037/1033 1891/159/159
f 153/153/153 393/486/485 791/161/161
f 393/486/485 395/488/487 791/161/161
f 791/161/161 395/488/487 792/162/162
f 395/488/487 793/1053/1049 792/162/162
f 792/162/162 793/1053/1049 149/149/149
f 793/1053/1049 794/1054/1050 149/149/149
f 149/149/149 794/1054/1050 147/147/147
f 794/1054/1050 795/1055/1051 147/147/147
f 147/147/147 795/1055/1051 145/145/145
f 795/1055/1051 796/167/167 145/145/145
f 145/145/145 796/167/167 143/143/143
f 796/167/167 797/1056/1052 143/143/143
f 143/143/143 797/1056/1052 141/141/141
f 797/1056/1052 798/1057/1053 141/141/141
f 141/141/141 798/1057/1053 139/139/139
f 798/1057/1053 799/1058/1054 139/139/139
f 139/139/139 799/1058/1054 137/137/137
f 799/1058/1054 403/496/495 137/137/137
f 137/137/137 403/496/495 135/135/135
f 1888/1038/1034 1890/1037/1033 1889/158/158
f 1759/793/792 1888/1038/1034 1889/158/158
f 1887/1039/1035 1888/1038/1034 1759/793/792
f 1757/1059/1055 1887/1039/1035 1759/793/792
f 1886/1040/1036 1887/1039/1035 1757/1059/1055
f 403/496/495 799/1058/1054 401/494/493
f 799/1058/1054 800/166/166 401/494/493
f 401/494/493 800/166/166 399/492/491
f 800/166/166 801/168/168 399/492/491
f 399/492/491 801/168/168 802/1060/1056
f 801/168/168 796/167/167 802/1060/1056
f 802/1060/1056 796/167/167 795/1055/1051
f 1755/1061/1057 1886/1040/1036 1757/1059/1055
f 1885/1041/1037 1886/1040/1036 1755/1061/1057
f 1753/1062/1058 1885/1041/1037 1755/1061/1057
f 795/1055/1051 794/1054/1050 802/1060/1056
f 794/1054/1050 793/1053/1049 802/1060/1056
f 802/1060/1056 793/1053/1049 395/488/487
f 1884/1042/1038 1885/1041/1037 1753/1062/1058
f 1751/1063/1059 1884/1042/1038 1753/1062/1058
f 1883/1043/1039 1884/1042/1038 1751/1063/1059
f 395/488/487 397/490/489 802/1060/1056
f 397/490/489 399/492/491 802/1060/1056
f 1749/1064/1060 1883/1043/1039 1751/1063/1059
f 1324/1044/1040 1883/1043/1039 1749/1064/1060
f 1326/1065/1061 1324/1044/1040 1749/1064/1060
f 1561/1066/1062 1435/1067/1063 1478/1068/1064
f 153/153/153 791/161/161 151/151/151
f 791/161/161 149/149/149 151/151/151
f 1559/1069/1065 1561/1066/1062 1478/1068/1064
f 1777/507/506 1766/509/508 1768/1070/1066
f 1775/1071/1067 1777/507/506 1768/1070/1066
f 1775/1071/1067 1768/1070/1066 1770/1072/1068
f 799/1058/1054 798/1057/1053 800/166/166
f 798/1057/1053 797/1056/1052 800/166/166
f 800/166/166 797/1056/1052 796/167/167
f 1772/1073/1069 1775/1071/1067 1770/1072/1068
f 1882/1074/1070 1869/1075/1071 1863/1076/1072
f 1864/1077/1073 1882/1074/1070 1863/1076/1072
f 1881/1078/1074 1882/1074/1070 1864/1077/1073
f 1880/1079/1075 1881/1078/1074 1864/1077/1073
f 678/899/898 702/921/920 676/897/896
f 702/921/920 674/895/894 676/897/896
f 1880/1079/1075 1864/1077/1073 1865/1080/1076
f 1879/1081/1077 1880/1079/1075 1865/1080/1076
f 1879/1081/1077 1865/1080/1076 1866/1082/1078
f 1867/1083/1079 1879/1081/1077 1866/1082/1078
f 307/346/346 357/401/400 309/348/348
f 357/401/400 359/403/402 309/348/348
f 309/348/348 359/403/402 803/1084/1080
f 359/403/402 361/405/404 803/1084/1080
f 803/1084/1080 361/405/404 378/434/433
f 361/405/404 377/433/432 378/434/433
f 1878/1085/1081 1879/1081/1077 1867/1083/1079
f 1876/1086/1082 1878/1085/1081 1867/1083/1079
f 1877/1087/1083 1878/1085/1081 1876/1086/1082
f 1875/1088/1084 1877/1087/1083 1876/1086/1082
f 378/434/433 380/436/435 803/1084/1080
f 380/436/435 311/350/350 803/1084/1080
f 803/1084/1080 311/350/350 309/348/348
f 1876/1086/1082 1867/1083/1079 1819/1089/1085
f 1817/1090/1086 1876/1086/1082 1819/1089/1085
f 1875/1088/1084 1876/1086/1082 1817/1090/1086
f 1816/1091/1087 1875/1088/1084 1817/1090/1086
f 1859/1092/1088 1849/423/422 1848/1093/1089
f 380/436/435 382/438/437 311/350/350
f 382/438/437 313/352/352 311/350/350
f 1851/424/423 1849/423/422 1859/1092/1088
f 1852/1094/1090 1851/424/423 1859/1092/1088
f 1661/1095/1091 1871/1096/1092 1873/1097/1093
f 1660/1098/1094 1661/1095/1091 1873/1097/1093
f 382/438/437 384/440/439 313/352/352
f 384/440/439 804/1099/1095 313/352/352
f 313/352/352 804/1099/1095 315/354/354
f 804/1099/1095 317/356/356 315/354/354
f 1847/1100/1096 1846/1101/1097 1862/1102/1098
f 1860/1103/1099 1847/1100/1096 1862/1102/1098
f 1828/1104/1100 1658/1105/1101 1659/1106/1102
f 1874/1107/1103 1828/1104/1100 1659/1106/1102
f 384/440/439 386/442/441 804/1099/1095
f 386/442/441 317/356/356 804/1099/1095
f 1826/1108/1104 1828/1104/1100 1874/1107/1103
f 1872/1109/1105 1826/1108/1104 1874/1107/1103
f 1824/1110/1106 1826/1108/1104 1872/1109/1105
f 1822/1111/1107 1824/1110/1106 1872/1109/1105
f 632/834/833 633/835/834 631/833/832
f 633/835/834 645/848/847 631/833/832
f 631/833/832 645/848/847 630/832/831
f 645/848/847 805/1112/1108 630/832/831
f 630/832/831 805/1112/1108 629/831/830
f 805/1112/1108 806/1113/1109 629/831/830
f 629/831/830 806/1113/1109 620/818/817
f 806/1113/1109 622/820/819 620/818/817
f 1874/1107/1103 1659/1106/1102 1660/1098/1094
f 1873/1097/1093 1874/1107/1103 1660/1098/1094
f 1872/1109/1105 1874/1107/1103 1873/1097/1093
f 1871/1096/1092 1872/1109/1105 1873/1097/1093
f 645/848/847 647/849/848 805/1112/1108
f 647/849/848 807/1114/1110 805/1112/1108
f 805/1112/1108 807/1114/1110 806/1113/1109
f 807/1114/1110 808/1115/1111 806/1113/1109
f 806/1113/1109 808/1115/1111 622/820/819
f 808/1115/1111 624/822/821 622/820/819
f 1822/1111/1107 1872/1109/1105 1871/1096/1092
f 1820/1116/1112 1822/1111/1107 1871/1096/1092
f 624/822/821 808/1115/1111 626/824/823
f 808/1115/1111 809/164/164 626/824/823
f 626/824/823 809/164/164 628/826/825
f 809/164/164 182/163/163 628/826/825
f 628/826/825 182/163/163 184/196/196
f 1871/1096/1092 1661/1095/1091 1662/1117/1113
f 1664/1118/1114 1871/1096/1092 1662/1117/1113
f 1820/1116/1112 1871/1096/1092 1664/1118/1114
f 1818/1119/1115 1820/1116/1112 1664/1118/1114
f 1818/1119/1115 1664/1118/1114 1666/1120/1116
f 808/1115/1111 807/1114/1110 809/164/164
f 807/1114/1110 178/192/192 809/164/164
f 809/164/164 178/192/192 180/165/165
f 1815/1121/1117 1818/1119/1115 1666/1120/1116
f 1870/1122/1118 1856/1123/1119 1855/1124/1120
f 1868/1125/1121 1870/1122/1118 1855/1124/1120
f 1868/1125/1121 1869/1075/1071 1870/1122/1118
f 1863/1076/1072 1869/1075/1071 1868/1125/1121
f 178/192/192 807/1114/1110 176/190/190
f 807/1114/1110 647/849/848 176/190/190
f 176/190/190 647/849/848 174/188/188
f 1861/1126/1122 1863/1076/1072 1868/1125/1121
f 1868/1125/1121 1855/1124/1120 1854/1127/1123
f 1857/1128/1124 1868/1125/1121 1854/1127/1123
f 1861/1126/1122 1868/1125/1121 1857/1128/1124
f 1858/1129/1125 1861/1126/1122 1857/1128/1124
f 599/768/767 601/770/769 728/948/947
f 601/770/769 810/1130/1126 728/948/947
f 728/948/947 810/1130/1126 811/1131/1127
f 810/1130/1126 201/213/213 811/1131/1127
f 811/1131/1127 201/213/213 202/214/214
f 1867/1083/1079 1821/1132/1128 1819/1089/1085
f 1823/1133/1129 1821/1132/1128 1867/1083/1079
f 1866/1082/1078 1823/1133/1129 1867/1083/1079
f 1825/379/379 1823/1133/1129 1866/1082/1078
f 1865/1080/1076 1825/379/379 1866/1082/1078
f 601/770/769 603/772/771 810/1130/1126
f 603/772/771 200/212/212 810/1130/1126
f 810/1130/1126 200/212/212 201/213/213
f 1845/377/377 1825/379/379 1865/1080/1076
f 1864/1077/1073 1845/377/377 1865/1080/1076
f 1846/1101/1097 1845/377/377 1864/1077/1073
f 1863/1076/1072 1846/1101/1097 1864/1077/1073
f 1862/1102/1098 1846/1101/1097 1863/1076/1072
f 504/626/625 706/923/922 502/624/623
f 706/923/922 708/925/924 502/624/623
f 502/624/623 708/925/924 812/1134/1130
f 708/925/924 710/927/926 812/1134/1130
f 812/1134/1130 710/927/926 813/1135/1131
f 710/927/926 712/929/928 813/1135/1131
f 813/1135/1131 712/929/928 814/1136/1132
f 712/929/928 714/931/930 814/1136/1132
f 814/1136/1132 714/931/930 715/932/931
f 1861/1126/1122 1862/1102/1098 1863/1076/1072
f 1860/1103/1099 1862/1102/1098 1861/1126/1122
f 1858/1129/1125 1860/1103/1099 1861/1126/1122
f 1860/1103/1099 1848/1093/1089 1847/1100/1096
f 1859/1092/1088 1848/1093/1089 1860/1103/1099
f 502/624/623 812/1134/1130 500/622/621
f 812/1134/1130 815/1137/1133 500/622/621
f 500/622/621 815/1137/1133 498/620/619
f 815/1137/1133 816/1138/1134 498/620/619
f 498/620/619 816/1138/1134 496/618/617
f 816/1138/1134 817/1139/1135 496/618/617
f 496/618/617 817/1139/1135 494/616/615
f 817/1139/1135 818/1140/1136 494/616/615
f 494/616/615 818/1140/1136 492/614/613
f 818/1140/1136 819/1141/1137 492/614/613
f 492/614/613 819/1141/1137 490/612/611
f 819/1141/1137 820/1142/1138 490/612/611
f 490/612/611 820/1142/1138 469/582/581
f 820/1142/1138 470/583/582 469/582/581
f 1858/1129/1125 1859/1092/1088 1860/1103/1099
f 1852/1094/1090 1859/1092/1088 1858/1129/1125
f 1857/1128/1124 1852/1094/1090 1858/1129/1125
f 1853/1143/1139 1852/1094/1090 1857/1128/1124
f 815/1137/1133 821/1144/1140 816/1138/1134
f 821/1144/1140 822/1145/1141 816/1138/1134
f 816/1138/1134 822/1145/1141 817/1139/1135
f 822/1145/1141 823/1146/1142 817/1139/1135
f 817/1139/1135 823/1146/1142 818/1140/1136
f 823/1146/1142 824/1147/1143 818/1140/1136
f 818/1140/1136 824/1147/1143 819/1141/1137
f 824/1147/1143 825/1148/1144 819/1141/1137
f 819/1141/1137 825/1148/1144 820/1142/1138
f 825/1148/1144 826/1149/1145 820/1142/1138
f 820/1142/1138 826/1149/1145 470/583/582
f 826/1149/1145 827/1150/1146 470/583/582
f 470/583/582 827/1150/1146 471/584/583
f 827/1150/1146 828/1151/1147 471/584/583
f 471/584/583 828/1151/1147 472/585/584
f 828/1151/1147 473/586/585 472/585/584
f 1854/1127/1123 1853/1143/1139 1857/1128/1124
f 1717/1152/1148 1856/1123/1119 1715/1153/687
f 1855/1124/1120 1856/1123/1119 1717/1152/1148
f 1719/1154/1149 1855/1124/1120 1717/1152/1148
f 826/1149/1145 825/1148/1144 829/544/543
f 825/1148/1144 830/1155/1150 829/544/543
f 829/544/543 830/1155/1150 719/545/544
f 830/1155/1150 831/1156/1151 719/545/544
f 719/545/544 831/1156/1151 717/934/933
f 831/1156/1151 832/1157/1152 717/934/933
f 717/934/933 832/1157/1152 716/933/932
f 832/1157/1152 833/1158/1153 716/933/932
f 716/933/932 833/1158/1153 715/932/931
f 833/1158/1153 814/1136/1132 715/932/931
f 1854/1127/1123 1855/1124/1120 1719/1154/1149
f 1721/1159/1154 1854/1127/1123 1719/1154/1149
f 1853/1143/1139 1854/1127/1123 1721/1159/1154
f 1723/1160/1155 1853/1143/1139 1721/1159/1154
f 826/1149/1145 829/544/543 827/1150/1146
f 829/544/543 721/546/545 827/1150/1146
f 827/1150/1146 721/546/545 828/1151/1147
f 721/546/545 723/938/937 828/1151/1147
f 828/1151/1147 723/938/937 473/586/585
f 723/938/937 474/587/586 473/586/585
f 1852/1094/1090 1853/1143/1139 1723/1160/1155
f 1725/1161/1156 1852/1094/1090 1723/1160/1155
f 1851/424/423 1852/1094/1090 1725/1161/1156
f 1727/1162/1157 1851/424/423 1725/1161/1156
f 728/948/947 811/1131/1127 726/946/945
f 811/1131/1127 202/214/214 726/946/945
f 1850/425/424 1851/424/423 1727/1162/1157
f 1729/1163/1158 1850/425/424 1727/1162/1157
f 1850/425/424 1729/1163/1158 1839/1164/1159
f 1840/1165/1160 1850/425/424 1839/1164/1159
f 825/1148/1144 824/1147/1143 830/1155/1150
f 824/1147/1143 831/1156/1151 830/1155/1150
f 1849/423/422 1850/425/424 1840/1165/1160
f 1841/1166/1161 1849/423/422 1840/1165/1160
f 1848/1093/1089 1849/423/422 1841/1166/1161
f 1842/1167/1162 1848/1093/1089 1841/1166/1161
f 824/1147/1143 823/1146/1142 831/1156/1151
f 823/1146/1142 832/1157/1152 831/1156/1151
f 1847/1100/1096 1848/1093/1089 1842/1167/1162
f 1843/1168/1163 1847/1100/1096 1842/1167/1162
f 1846/1101/1097 1847/1100/1096 1843/1168/1163
f 1844/1169/1164 1846/1101/1097 1843/1168/1163
f 823/1146/1142 822/1145/1141 832/1157/1152
f 822/1145/1141 821/1144/1140 832/1157/1152
f 832/1157/1152 821/1144/1140 833/1158/1153
f 821/1144/1140 813/1135/1131 833/1158/1153
f 833/1158/1153 813/1135/1131 814/1136/1132
f 1845/377/377 1846/1101/1097 1844/1169/1164
f 1827/378/378 1845/377/377 1844/1169/1164
f 1844/1169/1164 1829/1170/1165 1827/378/378
f 1830/1171/1166 1829/1170/1165 1844/1169/1164
f 1843/1168/1163 1830/1171/1166 1844/1169/1164
f 813/1135/1131 821/1144/1140 812/1134/1130
f 821/1144/1140 815/1137/1133 812/1134/1130
f 1835/1172/1167 1830/1171/1166 1843/1168/1163
f 1842/1167/1162 1835/1172/1167 1843/1168/1163
f 1836/1173/1168 1835/1172/1167 1842/1167/1162
f 1841/1166/1161 1836/1173/1168 1842/1167/1162
f 210/237/237 639/231/231 211/238/238
f 639/231/231 606/233/233 211/238/238
f 1837/1174/1169 1836/1173/1168 1841/1166/1161
f 1840/1165/1160 1837/1174/1169 1841/1166/1161
f 1838/1175/1170 1837/1174/1169 1840/1165/1160
f 1839/1164/1159 1838/1175/1170 1840/1165/1160
f 13/13/13 15/15/15 834/1176/1171
f 15/15/15 835/1177/1172 834/1176/1171
f 834/1176/1171 835/1177/1172 836/1178/1173
f 835/1177/1172 837/1179/1174 836/1178/1173
f 836/1178/1173 837/1179/1174 838/1180/1175
f 837/1179/1174 839/1181/1176 838/1180/1175
f 838/1180/1175 839/1181/1176 840/1182/1177
f 839/1181/1176 841/1183/1178 840/1182/1177
f 840/1182/1177 841/1183/1178 842/1184/1179
f 841/1183/1178 843/1185/1180 842/1184/1179
f 842/1184/1179 843/1185/1180 844/1186/1181
f 843/1185/1180 845/1187/1182 844/1186/1181
f 844/1186/1181 845/1187/1182 846/1188/1183
f 845/1187/1182 847/1189/1184 846/1188/1183
f 846/1188/1183 847/1189/1184 848/1190/1185
f 847/1189/1184 849/1191/1186 848/1190/1185
f 848/1190/1185 849/1191/1186 850/1192/1187
f 849/1191/1186 851/1193/1188 850/1192/1187
f 850/1192/1187 851/1193/1188 852/1194/1189
f 851/1193/1188 853/1195/1190 852/1194/1189
f 1839/1164/1159 1729/1163/1158 1731/1196/1191
f 1834/1197/1192 1839/1164/1159 1731/1196/1191
f 1838/1175/1170 1839/1164/1159 1834/1197/1192
f 1833/1198/1193 1838/1175/1170 1834/1197/1192
f 15/15/15 17/17/17 835/1177/1172
f 17/17/17 854/1199/1194 835/1177/1172
f 835/1177/1172 854/1199/1194 837/1179/1174
f 854/1199/1194 855/1200/1195 837/1179/1174
f 837/1179/1174 855/1200/1195 839/1181/1176
f 855/1200/1195 856/1201/1196 839/1181/1176
f 839/1181/1176 856/1201/1196 841/1183/1178
f 856/1201/1196 857/1202/1197 841/1183/1178
f 841/1183/1178 857/1202/1197 843/1185/1180
f 857/1202/1197 858/1203/1198 843/1185/1180
f 843/1185/1180 858/1203/1198 845/1187/1182
f 858/1203/1198 847/1189/1184 845/1187/1182
f 1837/1174/1169 1838/1175/1170 1833/1198/1193
f 1832/1204/1199 1837/1174/1169 1833/1198/1193
f 1836/1173/1168 1837/1174/1169 1832/1204/1199
f 1831/1205/1200 1836/1173/1168 1832/1204/1199
f 17/17/17 19/19/19 854/1199/1194
f 19/19/19 859/1206/1201 854/1199/1194
f 854/1199/1194 859/1206/1201 855/1200/1195
f 859/1206/1201 860/1207/1202 855/1200/1195
f 855/1200/1195 860/1207/1202 856/1201/1196
f 860/1207/1202 861/1208/1203 856/1201/1196
f 856/1201/1196 861/1208/1203 857/1202/1197
f 861/1208/1203 862/1209/1204 857/1202/1197
f 857/1202/1197 862/1209/1204 858/1203/1198
f 862/1209/1204 863/1210/1205 858/1203/1198
f 858/1203/1198 863/1210/1205 847/1189/1184
f 863/1210/1205 849/1191/1186 847/1189/1184
f 1835/1172/1167 1836/1173/1168 1831/1205/1200
f 1830/1171/1166 1835/1172/1167 1831/1205/1200
f 1834/1197/1192 1731/1196/1191 1653/1211/1206
f 1654/1212/1207 1834/1197/1192 1653/1211/1206
f 19/19/19 21/21/21 859/1206/1201
f 21/21/21 864/1213/1208 859/1206/1201
f 859/1206/1201 864/1213/1208 860/1207/1202
f 864/1213/1208 865/1214/1209 860/1207/1202
f 860/1207/1202 865/1214/1209 861/1208/1203
f 865/1214/1209 866/1215/1210 861/1208/1203
f 861/1208/1203 866/1215/1210 862/1209/1204
f 866/1215/1210 867/1216/1211 862/1209/1204
f 862/1209/1204 867/1216/1211 868/1217/1212
f 867/1216/1211 869/1218/1213 868/1217/1212
f 868/1217/1212 869/1218/1213 870/1219/1214
f 869/1218/1213 871/1220/1215 870/1219/1214
f 870/1219/1214 871/1220/1215 872/1221/1216
f 871/1220/1215 873/1222/1217 872/1221/1216
f 872/1221/1216 873/1222/1217 874/1223/1218
f 873/1222/1217 875/1224/1219 874/1223/1218
f 874/1223/1218 875/1224/1219 876/1225/1220
f 875/1224/1219 877/1226/1221 876/1225/1220
f 1833/1198/1193 1834/1197/1192 1654/1212/1207
f 1655/1227/1222 1833/1198/1193 1654/1212/1207
f 1832/1204/1199 1833/1198/1193 1655/1227/1222
f 1656/1228/1223 1832/1204/1199 1655/1227/1222
f 21/21/21 23/23/23 864/1213/1208
f 23/23/23 878/1229/1224 864/1213/1208
f 864/1213/1208 878/1229/1224 865/1214/1209
f 878/1229/1224 879/1230/1225 865/1214/1209
f 865/1214/1209 879/1230/1225 866/1215/1210
f 879/1230/1225 880/1231/1226 866/1215/1210
f 866/1215/1210 880/1231/1226 867/1216/1211
f 880/1231/1226 881/1232/1227 867/1216/1211
f 867/1216/1211 881/1232/1227 869/1218/1213
f 881/1232/1227 882/1233/1228 869/1218/1213
f 869/1218/1213 882/1233/1228 871/1220/1215
f 882/1233/1228 883/1234/1229 871/1220/1215
f 871/1220/1215 883/1234/1229 873/1222/1217
f 883/1234/1229 884/1235/1230 873/1222/1217
f 873/1222/1217 884/1235/1230 875/1224/1219
f 884/1235/1230 885/1236/1231 875/1224/1219
f 875/1224/1219 885/1236/1231 877/1226/1221
f 885/1236/1231 886/1237/1232 877/1226/1221
f 1831/1205/1200 1832/1204/1199 1656/1228/1223
f 1657/1238/1233 1831/1205/1200 1656/1228/1223
f 1830/1171/1166 1831/1205/1200 1657/1238/1233
f 1658/1105/1101 1830/1171/1166 1657/1238/1233
f 23/23/23 25/25/25 878/1229/1224
f 25/25/25 27/27/27 878/1229/1224
f 878/1229/1224 27/27/27 879/1230/1225
f 27/27/27 887/1239/1234 879/1230/1225
f 879/1230/1225 887/1239/1234 880/1231/1226
f 887/1239/1234 888/1240/1235 880/1231/1226
f 880/1231/1226 888/1240/1235 881/1232/1227
f 888/1240/1235 889/1241/1236 881/1232/1227
f 881/1232/1227 889/1241/1236 882/1233/1228
f 889/1241/1236 890/1242/1237 882/1233/1228
f 882/1233/1228 890/1242/1237 883/1234/1229
f 890/1242/1237 891/1243/1238 883/1234/1229
f 883/1234/1229 891/1243/1238 884/1235/1230
f 891/1243/1238 892/1244/1239 884/1235/1230
f 884/1235/1230 892/1244/1239 885/1236/1231
f 892/1244/1239 893/1245/1240 885/1236/1231
f 885/1236/1231 893/1245/1240 886/1237/1232
f 893/1245/1240 894/1246/1241 886/1237/1232
f 886/1237/1232 894/1246/1241 895/1247/1242
f 894/1246/1241 896/1248/1243 895/1247/1242
f 895/1247/1242 896/1248/1243 897/1249/1244
f 896/1248/1243 898/1250/1245 897/1249/1244
f 1829/1170/1165 1830/1171/1166 1658/1105/1101
f 1828/1104/1100 1829/1170/1165 1658/1105/1101
f 1827/378/378 1829/1170/1165 1828/1104/1100
f 1826/1108/1104 1827/378/378 1828/1104/1100
f 27/27/27 29/29/29 887/1239/1234
f 29/29/29 899/1251/1246 887/1239/1234
f 887/1239/1234 899/1251/1246 888/1240/1235
f 899/1251/1246 900/1252/1247 888/1240/1235
f 888/1240/1235 900/1252/1247 889/1241/1236
f 900/1252/1247 901/1253/1248 889/1241/1236
f 889/1241/1236 901/1253/1248 890/1242/1237
f 901/1253/1248 902/1254/1249 890/1242/1237
f 890/1242/1237 902/1254/1249 903/1255/1250
f 902/1254/1249 904/1256/1251 903/1255/1250
f 903/1255/1250 904/1256/1251 905/1257/1252
f 904/1256/1251 906/1258/1253 905/1257/1252
f 905/1257/1252 906/1258/1253 907/1259/1254
f 906/1258/1253 908/1260/1255 907/1259/1254
f 907/1259/1254 908/1260/1255 909/1261/1256
f 908/1260/1255 910/1262/1257 909/1261/1256
f 909/1261/1256 910/1262/1257 911/1263/1258
f 910/1262/1257 912/1264/1259 911/1263/1258
f 911/1263/1258 912/1264/1259 913/1265/1260
f 912/1264/1259 914/1266/1261 913/1265/1260
f 913/1265/1260 914/1266/1261 915/1267/1262
f 914/1266/1261 916/1268/1263 915/1267/1262
f 915/1267/1262 916/1268/1263 917/1269/1264
f 916/1268/1263 918/1270/1265 917/1269/1264
f 917/1269/1264 918/1270/1265 919/1271/1266
f 918/1270/1265 920/1272/1267 919/1271/1266
f 1825/379/379 1827/378/378 1826/1108/1104
f 1824/1110/1106 1825/379/379 1826/1108/1104
f 1823/1133/1129 1825/379/379 1824/1110/1106
f 1822/1111/1107 1823/1133/1129 1824/1110/1106
f 890/1242/1237 903/1255/1250 891/1243/1238
f 903/1255/1250 905/1257/1252 891/1243/1238
f 891/1243/1238 905/1257/1252 892/1244/1239
f 905/1257/1252 907/1259/1254 892/1244/1239
f 892/1244/1239 907/1259/1254 921/1273/1268
f 907/1259/1254 909/1261/1256 921/1273/1268
f 921/1273/1268 909/1261/1256 922/1274/1269
f 909/1261/1256 911/1263/1258 922/1274/1269
f 922/1274/1269 911/1263/1258 923/1275/1270
f 911/1263/1258 924/1276/1271 923/1275/1270
f 923/1275/1270 924/1276/1271 925/1277/1272
f 924/1276/1271 926/1278/1273 925/1277/1272
f 925/1277/1272 926/1278/1273 927/1279/1274
f 926/1278/1273 928/1280/1275 927/1279/1274
f 1821/1132/1128 1823/1133/1129 1822/1111/1107
f 1820/1116/1112 1821/1132/1128 1822/1111/1107
f 1819/1089/1085 1821/1132/1128 1820/1116/1112
f 1818/1119/1115 1819/1089/1085 1820/1116/1112
f 911/1263/1258 913/1265/1260 924/1276/1271
f 913/1265/1260 915/1267/1262 924/1276/1271
f 924/1276/1271 915/1267/1262 926/1278/1273
f 915/1267/1262 917/1269/1264 926/1278/1273
f 926/1278/1273 917/1269/1264 928/1280/1275
f 917/1269/1264 919/1271/1266 928/1280/1275
f 1817/1090/1086 1819/1089/1085 1818/1119/1115
f 1815/1121/1117 1817/1090/1086 1818/1119/1115
f 1816/1091/1087 1817/1090/1086 1815/1121/1117
f 1814/1281/1276 1816/1091/1087 1815/1121/1117
f 862/1209/1204 868/1217/1212 863/1210/1205
f 868/1217/1212 929/1282/1277 863/1210/1205
f 863/1210/1205 929/1282/1277 849/1191/1186
f 929/1282/1277 872/1221/1216 849/1191/1186
f 849/1191/1186 872/1221/1216 851/1193/1188
f 872/1221/1216 874/1223/1218 851/1193/1188
f 851/1193/1188 874/1223/1218 853/1195/1190
f 874/1223/1218 876/1225/1220 853/1195/1190
f 1815/1121/1117 1666/1120/1116 1668/1283/1278
f 1814/1281/1276 1815/1121/1117 1668/1283/1278
f 1814/1281/1276 1668/1283/1278 1670/1284/1279
f 1672/1285/1280 1814/1281/1276 1670/1284/1279
f 872/1221/1216 929/1282/1277 870/1219/1214
f 929/1282/1277 868/1217/1212 870/1219/1214
f 1813/1286/880 1785/1287/1281 1784/1288/1282
f 1812/1289/1283 1813/1286/880 1784/1288/1282
f 1795/1290/1284 1813/1286/880 1812/1289/1283
f 1793/1291/1285 1795/1290/1284 1812/1289/1283
f 892/1244/1239 921/1273/1268 893/1245/1240
f 921/1273/1268 894/1246/1241 893/1245/1240
f 1812/1289/1283 1784/1288/1282 1783/1292/1286
f 1811/1293/1287 1812/1289/1283 1783/1292/1286
f 1793/1291/1285 1812/1289/1283 1811/1293/1287
f 1791/1294/1288 1793/1291/1285 1811/1293/1287
f 921/1273/1268 922/1274/1269 894/1246/1241
f 922/1274/1269 896/1248/1243 894/1246/1241
f 1811/1293/1287 1783/1292/1286 1782/1295/1289
f 1781/1296/1290 1811/1293/1287 1782/1295/1289
f 1791/1294/1288 1811/1293/1287 1781/1296/1290
f 1780/1297/1291 1791/1294/1288 1781/1296/1290
f 922/1274/1269 923/1275/1270 896/1248/1243
f 923/1275/1270 925/1277/1272 896/1248/1243
f 896/1248/1243 925/1277/1272 898/1250/1245
f 925/1277/1272 927/1279/1274 898/1250/1245
f 1810/1298/1292 1806/1299/1293 1807/1300/1294
f 1808/1301/1295 1806/1299/1293 1810/1298/1292
f 1809/1302/1296 1808/1301/1295 1810/1298/1292
f 1803/1303/1297 1809/1302/1296 1804/1304/1298
f 29/29/29 31/31/31 899/1251/1246
f 31/31/31 930/471/470 899/1251/1246
f 899/1251/1246 930/471/470 931/1305/1299
f 930/471/470 932/473/472 931/1305/1299
f 931/1305/1299 932/473/472 933/1306/1300
f 932/473/472 934/1307/1301 933/1306/1300
f 933/1306/1300 934/1307/1301 935/1308/1302
f 934/1307/1301 936/1309/1303 935/1308/1302
f 935/1308/1302 936/1309/1303 937/1310/1304
f 936/1309/1303 938/1311/1305 937/1310/1304
f 937/1310/1304 938/1311/1305 939/1312/1306
f 938/1311/1305 940/1313/1307 939/1312/1306
f 939/1312/1306 940/1313/1307 941/1314/1308
f 940/1313/1307 942/1315/1309 941/1314/1308
f 941/1314/1308 942/1315/1309 943/1316/1310
f 942/1315/1309 944/1317/1311 943/1316/1310
f 943/1316/1310 944/1317/1311 945/1318/1312
f 944/1317/1311 946/1319/1313 945/1318/1312
f 945/1318/1312 946/1319/1313 489/602/601
f 946/1319/1313 51/51/51 489/602/601
f 1808/1301/1295 1809/1302/1296 1803/1303/1297
f 1802/685/684 1808/1301/1295 1803/1303/1297
f 1806/1299/1293 1808/1301/1295 1802/685/684
f 1805/687/686 1806/1299/1293 1802/685/684
f 932/473/472 947/472/471 934/1307/1301
f 947/472/471 948/1320/1314 934/1307/1301
f 934/1307/1301 948/1320/1314 936/1309/1303
f 948/1320/1314 39/39/39 936/1309/1303
f 936/1309/1303 39/39/39 938/1311/1305
f 39/39/39 41/41/41 938/1311/1305
f 938/1311/1305 41/41/41 940/1313/1307
f 41/41/41 43/43/43 940/1313/1307
f 940/1313/1307 43/43/43 942/1315/1309
f 43/43/43 45/45/45 942/1315/1309
f 942/1315/1309 45/45/45 944/1317/1311
f 45/45/45 47/47/47 944/1317/1311
f 944/1317/1311 47/47/47 946/1319/1313
f 47/47/47 49/49/49 946/1319/1313
f 946/1319/1313 49/49/49 51/51/51
f 1806/1299/1293 1647/1321/1315 1807/1300/1294
f 1645/1322/1316 1647/1321/1315 1806/1299/1293
f 1805/687/686 1645/1322/1316 1806/1299/1293
f 1643/1323/1317 1645/1322/1316 1805/687/686
f 1801/686/685 1643/1323/1317 1805/687/686
f 39/39/39 948/1320/1314 37/37/37
f 948/1320/1314 947/472/471 37/37/37
f 37/37/37 947/472/471 35/35/35
f 947/472/471 930/471/470 35/35/35
f 35/35/35 930/471/470 33/33/33
f 930/471/470 31/31/31 33/33/33
f 1641/1324/1318 1643/1323/1317 1801/686/685
f 1639/1325/1319 1641/1324/1318 1801/686/685
f 1799/1326/1320 1804/1304/1298 1800/1327/1321
f 1803/1303/1297 1804/1304/1298 1799/1326/1320
f 138/138/138 183/195/195 140/140/140
f 183/195/195 949/1328/1322 140/140/140
f 140/140/140 949/1328/1322 142/142/142
f 949/1328/1322 950/1329/1323 142/142/142
f 142/142/142 950/1329/1323 144/144/144
f 950/1329/1323 951/1330/1324 144/144/144
f 144/144/144 951/1330/1324 146/146/146
f 951/1330/1324 952/1331/1325 146/146/146
f 146/146/146 952/1331/1325 148/148/148
f 952/1331/1325 953/1332/1326 148/148/148
f 148/148/148 953/1332/1326 150/150/150
f 953/1332/1326 954/1333/1327 150/150/150
f 150/150/150 954/1333/1327 955/1334/1328
f 954/1333/1327 956/1335/1329 955/1334/1328
f 955/1334/1328 956/1335/1329 957/420/419
f 956/1335/1329 958/1336/1330 957/420/419
f 957/420/419 958/1336/1330 959/421/420
f 958/1336/1330 960/1337/1331 959/421/420
f 959/421/420 960/1337/1331 16/16/16
f 960/1337/1331 18/18/18 16/16/16
f 1798/1338/1332 1803/1303/1297 1799/1326/1320
f 1802/685/684 1803/1303/1297 1798/1338/1332
f 1797/1339/1333 1802/685/684 1798/1338/1332
f 1801/686/685 1802/685/684 1797/1339/1333
f 960/1337/1331 958/1336/1330 961/1340/1334
f 958/1336/1330 962/1341/1335 961/1340/1334
f 961/1340/1334 962/1341/1335 963/1342/1336
f 962/1341/1335 964/1343/1337 963/1342/1336
f 963/1342/1336 964/1343/1337 965/1344/1338
f 964/1343/1337 953/1332/1326 965/1344/1338
f 965/1344/1338 953/1332/1326 966/1345/1339
f 953/1332/1326 952/1331/1325 966/1345/1339
f 966/1345/1339 952/1331/1325 967/1346/1340
f 952/1331/1325 951/1330/1324 967/1346/1340
f 967/1346/1340 951/1330/1324 968/1347/1341
f 951/1330/1324 950/1329/1323 968/1347/1341
f 968/1347/1341 950/1329/1323 969/1348/1342
f 950/1329/1323 970/1349/1343 969/1348/1342
f 969/1348/1342 970/1349/1343 971/1350/1344
f 970/1349/1343 179/193/193 971/1350/1344
f 971/1350/1344 179/193/193 177/191/191
f 1796/1351/1345 1801/686/685 1797/1339/1333
f 1639/1325/1319 1801/686/685 1796/1351/1345
f 1637/683/682 1639/1325/1319 1796/1351/1345
f 1792/1352/1346 1800/1327/1321 1794/1353/1347
f 1799/1326/1320 1800/1327/1321 1792/1352/1346
f 971/1350/1344 972/1354/1348 969/1348/1342
f 972/1354/1348 973/1355/1349 969/1348/1342
f 969/1348/1342 973/1355/1349 968/1347/1341
f 973/1355/1349 974/1356/1350 968/1347/1341
f 968/1347/1341 974/1356/1350 967/1346/1340
f 974/1356/1350 975/1357/1351 967/1346/1340
f 967/1346/1340 975/1357/1351 966/1345/1339
f 975/1357/1351 976/1358/1352 966/1345/1339
f 966/1345/1339 976/1358/1352 965/1344/1338
f 976/1358/1352 977/1359/1353 965/1344/1338
f 965/1344/1338 977/1359/1353 963/1342/1336
f 977/1359/1353 978/1360/1354 963/1342/1336
f 963/1342/1336 978/1360/1354 961/1340/1334
f 978/1360/1354 979/1361/1355 961/1340/1334
f 961/1340/1334 979/1361/1355 960/1337/1331
f 979/1361/1355 18/18/18 960/1337/1331
f 1790/1362/1356 1799/1326/1320 1792/1352/1346
f 1798/1338/1332 1799/1326/1320 1790/1362/1356
f 1789/1363/1357 1798/1338/1332 1790/1362/1356
f 1797/1339/1333 1798/1338/1332 1789/1363/1357
f 973/1355/1349 980/1364/1358 974/1356/1350
f 980/1364/1358 981/1365/1359 974/1356/1350
f 974/1356/1350 981/1365/1359 975/1357/1351
f 981/1365/1359 982/1366/1360 975/1357/1351
f 975/1357/1351 982/1366/1360 976/1358/1352
f 982/1366/1360 983/1367/1361 976/1358/1352
f 976/1358/1352 983/1367/1361 977/1359/1353
f 983/1367/1361 984/1368/1362 977/1359/1353
f 977/1359/1353 984/1368/1362 978/1360/1354
f 984/1368/1362 985/1369/1363 978/1360/1354
f 978/1360/1354 985/1369/1363 986/1370/1364
f 985/1369/1363 987/1371/1365 986/1370/1364
f 986/1370/1364 987/1371/1365 20/20/20
f 987/1371/1365 22/22/22 20/20/20
f 1788/1372/1366 1797/1339/1333 1789/1363/1357
f 1796/1351/1345 1797/1339/1333 1788/1372/1366
f 1787/1373/1367 1796/1351/1345 1788/1372/1366
f 1637/683/682 1796/1351/1345 1787/1373/1367
f 973/1355/1349 988/1374/1368 980/1364/1358
f 988/1374/1368 989/1375/1369 980/1364/1358
f 980/1364/1358 989/1375/1369 981/1365/1359
f 989/1375/1369 990/1376/1370 981/1365/1359
f 981/1365/1359 990/1376/1370 982/1366/1360
f 990/1376/1370 991/1377/1371 982/1366/1360
f 982/1366/1360 991/1377/1371 983/1367/1361
f 991/1377/1371 992/1378/1372 983/1367/1361
f 983/1367/1361 992/1378/1372 984/1368/1362
f 992/1378/1372 993/1379/1373 984/1368/1362
f 984/1368/1362 993/1379/1373 985/1369/1363
f 993/1379/1373 994/1380/1374 985/1369/1363
f 985/1369/1363 994/1380/1374 995/1381/1375
f 994/1380/1374 996/1382/1376 995/1381/1375
f 995/1381/1375 996/1382/1376 22/22/22
f 996/1382/1376 24/24/24 22/22/22
f 1786/684/683 1637/683/682 1787/1373/1367
f 1793/1291/1285 1794/1353/1347 1795/1290/1284
f 24/24/24 996/1382/1376 997/1383/1377
f 996/1382/1376 994/1380/1374 997/1383/1377
f 997/1383/1377 994/1380/1374 998/1384/1378
f 994/1380/1374 993/1379/1373 998/1384/1378
f 998/1384/1378 993/1379/1373 999/1385/1379
f 993/1379/1373 992/1378/1372 999/1385/1379
f 999/1385/1379 992/1378/1372 1000/1386/1380
f 992/1378/1372 991/1377/1371 1000/1386/1380
f 1000/1386/1380 991/1377/1371 1001/384/384
f 991/1377/1371 990/1376/1370 1001/384/384
f 1001/384/384 990/1376/1370 1002/385/385
f 990/1376/1370 989/1375/1369 1002/385/385
f 1002/385/385 989/1375/1369 1003/1387/1381
f 989/1375/1369 988/1374/1368 1003/1387/1381
f 1003/1387/1381 988/1374/1368 1004/1388/1382
f 988/1374/1368 1005/1389/1383 1004/1388/1382
f 1004/1388/1382 1005/1389/1383 1006/1390/1384
f 1005/1389/1383 1007/1391/1385 1006/1390/1384
f 1006/1390/1384 1007/1391/1385 1008/418/417
f 1007/1391/1385 1009/1392/1386 1008/418/417
f 1008/418/417 1009/1392/1386 1010/419/418
f 1009/1392/1386 175/189/189 1010/419/418
f 1010/419/418 175/189/189 173/187/187
f 1792/1352/1346 1794/1353/1347 1793/1291/1285
f 1791/1294/1288 1792/1352/1346 1793/1291/1285
f 1790/1362/1356 1792/1352/1346 1791/1294/1288
f 1780/1297/1291 1790/1362/1356 1791/1294/1288
f 1789/1363/1357 1790/1362/1356 1780/1297/1291
f 988/1374/1368 973/1355/1349 1005/1389/1383
f 973/1355/1349 972/1354/1348 1005/1389/1383
f 1005/1389/1383 972/1354/1348 1007/1391/1385
f 972/1354/1348 971/1350/1344 1007/1391/1385
f 1007/1391/1385 971/1350/1344 1009/1392/1386
f 971/1350/1344 177/191/191 1009/1392/1386
f 1009/1392/1386 177/191/191 175/189/189
f 1779/1393/1387 1789/1363/1357 1780/1297/1291
f 1788/1372/1366 1789/1363/1357 1779/1393/1387
f 1778/1394/1388 1788/1372/1366 1779/1393/1387
f 1787/1373/1367 1788/1372/1366 1778/1394/1388
f 1776/1395/1389 1787/1373/1367 1778/1394/1388
f 899/1251/1246 931/1305/1299 900/1252/1247
f 931/1305/1299 1011/1396/1390 900/1252/1247
f 900/1252/1247 1011/1396/1390 901/1253/1248
f 1011/1396/1390 902/1254/1249 901/1253/1248
f 1786/684/683 1787/1373/1367 1776/1395/1389
f 1774/1397/1391 1786/684/683 1776/1395/1389
f 1635/682/681 1786/684/683 1774/1397/1391
f 1633/1398/1392 1635/682/681 1774/1397/1391
f 1011/1396/1390 931/1305/1299 1012/548/547
f 931/1305/1299 933/1306/1300 1012/548/547
f 1012/548/547 933/1306/1300 1013/1399/1393
f 933/1306/1300 935/1308/1302 1013/1399/1393
f 1013/1399/1393 935/1308/1302 1014/1400/1394
f 935/1308/1302 937/1310/1304 1014/1400/1394
f 1014/1400/1394 937/1310/1304 939/1312/1306
f 1752/1401/1395 1785/1287/1281 1750/1402/953
f 1784/1288/1282 1785/1287/1281 1752/1401/1395
f 1754/1403/1396 1784/1288/1282 1752/1401/1395
f 1783/1292/1286 1784/1288/1282 1754/1403/1396
f 1756/1404/1397 1783/1292/1286 1754/1403/1396
f 1012/548/547 1013/1399/1393 1015/549/548
f 1013/1399/1393 1016/1405/1398 1015/549/548
f 1015/549/548 1016/1405/1398 1017/1406/1399
f 1016/1405/1398 1018/1407/1400 1017/1406/1399
f 1017/1406/1399 1018/1407/1400 1019/1408/1401
f 1018/1407/1400 1020/607/606 1019/1408/1401
f 1019/1408/1401 1020/607/606 1021/603/602
f 1020/607/606 1022/606/605 1021/603/602
f 1021/603/602 1022/606/605 1023/604/603
f 1022/606/605 1024/1409/1402 1023/604/603
f 1023/604/603 1024/1409/1402 912/1264/1259
f 1024/1409/1402 1025/1410/1402 912/1264/1259
f 912/1264/1259 1025/1410/1402 914/1266/1261
f 1025/1410/1402 1026/1411/1403 914/1266/1261
f 914/1266/1261 1026/1411/1403 916/1268/1263
f 1026/1411/1403 1027/1412/1404 916/1268/1263
f 916/1268/1263 1027/1412/1404 918/1270/1265
f 1027/1412/1404 1028/1413/1405 918/1270/1265
f 918/1270/1265 1028/1413/1405 920/1272/1267
f 1028/1413/1405 1029/1414/1406 920/1272/1267
f 1782/1295/1289 1783/1292/1286 1756/1404/1397
f 1758/1415/1407 1782/1295/1289 1756/1404/1397
f 1781/1296/1290 1782/1295/1289 1758/1415/1407
f 1760/1416/1408 1781/1296/1290 1758/1415/1407
f 1013/1399/1393 1014/1400/1394 1016/1405/1398
f 1014/1400/1394 1030/1417/1409 1016/1405/1398
f 1016/1405/1398 1030/1417/1409 1018/1407/1400
f 1030/1417/1409 1031/610/609 1018/1407/1400
f 1018/1407/1400 1031/610/609 1032/1418/1410
f 1031/610/609 1033/609/608 1032/1418/1410
f 1032/1418/1410 1033/609/608 1034/1419/1411
f 1033/609/608 1035/1420/1412 1034/1419/1411
f 1034/1419/1411 1035/1420/1412 1036/1421/1413
f 1035/1420/1412 1037/1422/1414 1036/1421/1413
f 1036/1421/1413 1037/1422/1414 1038/608/607
f 1037/1422/1414 1039/1423/1415 1038/608/607
f 1038/608/607 1039/1423/1415 1022/606/605
f 1039/1423/1415 1040/1424/1416 1022/606/605
f 1022/606/605 1040/1424/1416 1024/1409/1402
f 1040/1424/1416 1041/1425/1417 1024/1409/1402
f 1024/1409/1402 1041/1425/1417 1025/1410/1402
f 1041/1425/1417 1042/1426/1418 1025/1410/1402
f 1025/1410/1402 1042/1426/1418 1026/1411/1403
f 1042/1426/1418 1043/1427/1419 1026/1411/1403
f 1026/1411/1403 1043/1427/1419 1027/1412/1404
f 1043/1427/1419 1044/1428/1420 1027/1412/1404
f 1027/1412/1404 1044/1428/1420 1028/1413/1405
f 1044/1428/1420 1045/1429/1421 1028/1413/1405
f 1028/1413/1405 1045/1429/1421 1029/1414/1406
f 1045/1429/1421 1046/1430/1422 1029/1414/1406
f 1029/1414/1406 1046/1430/1422 1047/1431/1423
f 1046/1430/1422 1048/1432/1424 1047/1431/1423
f 1047/1431/1423 1048/1432/1424 1049/1433/1425
f 1048/1432/1424 1050/1434/1426 1049/1433/1425
f 1049/1433/1425 1050/1434/1426 1051/1435/1427
f 1050/1434/1426 1052/1436/1428 1051/1435/1427
f 1051/1435/1427 1052/1436/1428 1053/1437/1429
f 1052/1436/1428 1054/1438/1430 1053/1437/1429
f 1053/1437/1429 1054/1438/1430 1055/1439/1431
f 1054/1438/1430 1056/1440/1432 1055/1439/1431
f 1055/1439/1431 1056/1440/1432 1057/1441/1433
f 1056/1440/1432 1058/1442/1434 1057/1441/1433
f 1780/1297/1291 1781/1296/1290 1760/1416/1408
f 1762/1443/1435 1780/1297/1291 1760/1416/1408
f 1779/1393/1387 1780/1297/1291 1762/1443/1435
f 1764/508/507 1779/1393/1387 1762/1443/1435
f 1048/1432/1424 1046/1430/1422 1059/1444/1436
f 1046/1430/1422 1045/1429/1421 1059/1444/1436
f 1059/1444/1436 1045/1429/1421 1060/302/302
f 1045/1429/1421 1044/1428/1420 1060/302/302
f 1060/302/302 1044/1428/1420 1061/303/303
f 1044/1428/1420 1043/1427/1419 1061/303/303
f 1061/303/303 1043/1427/1419 1062/1445/1437
f 1043/1427/1419 1042/1426/1418 1062/1445/1437
f 1062/1445/1437 1042/1426/1418 1063/1446/1438
f 1042/1426/1418 1041/1425/1417 1063/1446/1438
f 1063/1446/1438 1041/1425/1417 1064/1447/1439
f 1041/1425/1417 1040/1424/1416 1064/1447/1439
f 1064/1447/1439 1040/1424/1416 1065/1448/1440
f 1040/1424/1416 1039/1423/1415 1065/1448/1440
f 1065/1448/1440 1039/1423/1415 1037/1422/1414
f 1778/1394/1388 1779/1393/1387 1764/508/507
f 1777/507/506 1778/1394/1388 1764/508/507
f 1776/1395/1389 1778/1394/1388 1777/507/506
f 1775/1071/1067 1776/1395/1389 1777/507/506
f 1774/1397/1391 1776/1395/1389 1775/1071/1067
f 1059/1444/1436 1060/302/302 1066/1449/1441
f 1060/302/302 1067/304/304 1066/1449/1441
f 1066/1449/1441 1067/304/304 1068/1450/1442
f 1067/304/304 1069/1451/1443 1068/1450/1442
f 1068/1450/1442 1069/1451/1443 1070/1452/1444
f 1069/1451/1443 1071/1453/1445 1070/1452/1444
f 1070/1452/1444 1071/1453/1445 1072/1454/1446
f 1071/1453/1445 1073/1455/1447 1072/1454/1446
f 1072/1454/1446 1073/1455/1447 1074/1456/1448
f 1073/1455/1447 1065/1448/1440 1074/1456/1448
f 1074/1456/1448 1065/1448/1440 1075/648/647
f 1065/1448/1440 1037/1422/1414 1075/648/647
f 1075/648/647 1037/1422/1414 1076/649/648
f 1037/1422/1414 1035/1420/1412 1076/649/648
f 1076/649/648 1035/1420/1412 1077/1457/1449
f 1035/1420/1412 1033/609/608 1077/1457/1449
f 1077/1457/1449 1033/609/608 485/598/597
f 1033/609/608 1078/611/610 485/598/597
f 485/598/597 1078/611/610 487/600/599
f 1078/611/610 945/1318/1312 487/600/599
f 487/600/599 945/1318/1312 489/602/601
f 1772/1073/1069 1774/1397/1391 1775/1071/1067
f 1633/1398/1392 1774/1397/1391 1772/1073/1069
f 1631/1458/1450 1633/1398/1392 1772/1073/1069
f 1773/781/780 1629/780/779 1631/1458/1450
f 1772/1073/1069 1773/781/780 1631/1458/1450
f 1067/304/304 1061/303/303 1069/1451/1443
f 1061/303/303 1062/1445/1437 1069/1451/1443
f 1069/1451/1443 1062/1445/1437 1071/1453/1445
f 1062/1445/1437 1063/1446/1438 1071/1453/1445
f 1071/1453/1445 1063/1446/1438 1073/1455/1447
f 1063/1446/1438 1064/1447/1439 1073/1455/1447
f 1073/1455/1447 1064/1447/1439 1065/1448/1440
f 1771/782/781 1773/781/780 1772/1073/1069
f 1770/1072/1068 1771/782/781 1772/1073/1069
f 1769/784/783 1771/782/781 1770/1072/1068
f 1768/1070/1066 1769/784/783 1770/1072/1068
f 1767/786/785 1769/784/783 1768/1070/1066
f 150/150/150 955/1334/1328 152/152/152
f 955/1334/1328 1079/1459/1451 152/152/152
f 152/152/152 1079/1459/1451 154/154/154
f 1079/1459/1451 1080/1460/1452 154/154/154
f 154/154/154 1080/1460/1452 156/156/156
f 1080/1460/1452 10/10/10 156/156/156
f 156/156/156 10/10/10 8/8/8
f 1766/509/508 1767/786/785 1768/1070/1066
f 1765/789/788 1767/786/785 1766/509/508
f 1764/508/507 1765/789/788 1766/509/508
f 1763/790/789 1765/789/788 1764/508/507
f 1762/1443/1435 1763/790/789 1764/508/507
f 955/1334/1328 957/420/419 1079/1459/1451
f 957/420/419 1081/422/421 1079/1459/1451
f 1079/1459/1451 1081/422/421 1080/1460/1452
f 1081/422/421 12/12/12 1080/1460/1452
f 1080/1460/1452 12/12/12 10/10/10
f 1761/791/790 1763/790/789 1762/1443/1435
f 1760/1416/1408 1761/791/790 1762/1443/1435
f 1759/793/792 1761/791/790 1760/1416/1408
f 1758/1415/1407 1759/793/792 1760/1416/1408
f 1757/1059/1055 1759/793/792 1758/1415/1407
f 12/12/12 1081/422/421 14/14/14
f 1081/422/421 959/421/420 14/14/14
f 14/14/14 959/421/420 16/16/16
f 1756/1404/1397 1757/1059/1055 1758/1415/1407
f 1755/1061/1057 1757/1059/1055 1756/1404/1397
f 1754/1403/1396 1755/1061/1057 1756/1404/1397
f 1753/1062/1058 1755/1061/1057 1754/1403/1396
f 1752/1401/1395 1753/1062/1058 1754/1403/1396
f 958/1336/1330 956/1335/1329 962/1341/1335
f 956/1335/1329 964/1343/1337 962/1341/1335
f 1751/1063/1059 1753/1062/1058 1752/1401/1395
f 1750/1402/953 1751/1063/1059 1752/1401/1395
f 1749/1064/1060 1751/1063/1059 1750/1402/953
f 1748/1461/1453 1749/1064/1060 1750/1402/953
f 956/1335/1329 954/1333/1327 964/1343/1337
f 954/1333/1327 953/1332/1326 964/1343/1337
f 1326/1065/1061 1749/1064/1060 1748/1461/1453
f 1328/1462/1454 1326/1065/1061 1748/1461/1453
f 1563/1463/1455 1562/1464/1456 1747/1465/1457
f 1565/1466/1458 1563/1463/1455 1747/1465/1457
f 978/1360/1354 986/1370/1364 979/1361/1355
f 986/1370/1364 20/20/20 979/1361/1355
f 979/1361/1355 20/20/20 18/18/18
f 1565/1466/1458 1747/1465/1457 1746/1467/1459
f 1570/1468/1460 1565/1466/1458 1746/1467/1459
f 1570/1468/1460 1746/1467/1459 1745/1469/13
f 1574/1470/1461 1570/1468/1460 1745/1469/13
f 1574/1470/1461 1745/1469/13 1698/1471/1462
f 985/1369/1363 995/1381/1375 987/1371/1365
f 995/1381/1375 22/22/22 987/1371/1365
f 1583/1472/1463 1574/1470/1461 1698/1471/1462
f 1744/1473/1464 1741/1474/1465 1638/1475/1466
f 1742/1476/1467 1741/1474/1465 1744/1473/1464
f 1743/1477/1468 1742/1476/1467 1744/1473/1464
f 179/193/193 970/1349/1343 181/194/194
f 970/1349/1343 183/195/195 181/194/194
f 1744/1473/1464 1638/1475/1466 1636/1478/1469
f 1634/427/426 1744/1473/1464 1636/1478/1469
f 183/195/195 970/1349/1343 949/1328/1322
f 970/1349/1343 950/1329/1323 949/1328/1322
f 1743/1477/1468 1744/1473/1464 1634/427/426
f 1648/426/425 1743/1477/1468 1634/427/426
f 1648/426/425 1650/1479/1470 1737/1480/1471
f 1736/1481/1472 1648/426/425 1737/1480/1471
f 912/1264/1259 910/1262/1257 1023/604/603
f 910/1262/1257 908/1260/1255 1023/604/603
f 1023/604/603 908/1260/1255 1082/605/604
f 908/1260/1255 1083/1482/1473 1082/605/604
f 1082/605/604 1083/1482/1473 1084/1483/1474
f 1083/1482/1473 1085/1484/1475 1084/1483/1474
f 1084/1483/1474 1085/1484/1475 1019/1408/1401
f 1085/1484/1475 1017/1406/1399 1019/1408/1401
f 1743/1477/1468 1648/426/425 1736/1481/1472
f 1740/1485/1476 1743/1477/1468 1736/1481/1472
f 1742/1476/1467 1743/1477/1468 1740/1485/1476
f 1739/1486/1477 1742/1476/1467 1740/1485/1476
f 908/1260/1255 906/1258/1253 1083/1482/1473
f 906/1258/1253 1086/1487/1478 1083/1482/1473
f 1083/1482/1473 1086/1487/1478 1085/1484/1475
f 1086/1487/1478 1087/547/546 1085/1484/1475
f 1085/1484/1475 1087/547/546 1017/1406/1399
f 1087/547/546 1015/549/548 1017/1406/1399
f 1741/1474/1465 1742/1476/1467 1739/1486/1477
f 1738/1488/1479 1741/1474/1465 1739/1486/1477
f 1638/1475/1466 1741/1474/1465 1738/1488/1479
f 1640/1489/1480 1638/1475/1466 1738/1488/1479
f 906/1258/1253 904/1256/1251 1086/1487/1478
f 904/1256/1251 902/1254/1249 1086/1487/1478
f 1086/1487/1478 902/1254/1249 1087/547/546
f 902/1254/1249 1011/1396/1390 1087/547/546
f 1087/547/546 1011/1396/1390 1012/548/547
f 1740/1485/1476 1736/1481/1472 1735/1490/1481
f 1734/1491/1482 1740/1485/1476 1735/1490/1481
f 1739/1486/1477 1740/1485/1476 1734/1491/1482
f 1733/1492/1483 1739/1486/1477 1734/1491/1482
f 1738/1488/1479 1739/1486/1477 1733/1492/1483
f 1036/1421/1413 1038/608/607 1034/1419/1411
f 1038/608/607 1020/607/606 1034/1419/1411
f 1034/1419/1411 1020/607/606 1032/1418/1410
f 1020/607/606 1018/1407/1400 1032/1418/1410
f 1732/1493/1484 1738/1488/1479 1733/1492/1483
f 1640/1489/1480 1738/1488/1479 1732/1493/1484
f 1642/1494/1485 1640/1489/1480 1732/1493/1484
f 1730/1495/1486 1651/1496/1487 1652/1497/1488
f 945/1318/1312 1078/611/610 943/1316/1310
f 1078/611/610 1031/610/609 943/1316/1310
f 943/1316/1310 1031/610/609 941/1314/1308
f 1031/610/609 1030/1417/1409 941/1314/1308
f 941/1314/1308 1030/1417/1409 939/1312/1306
f 1030/1417/1409 1014/1400/1394 939/1312/1306
f 1650/1479/1470 1651/1496/1487 1730/1495/1486
f 1728/1498/1489 1650/1479/1470 1730/1495/1486
f 1737/1480/1471 1650/1479/1470 1728/1498/1489
f 1726/1499/1490 1737/1480/1471 1728/1498/1489
f 485/598/597 483/596/595 1077/1457/1449
f 483/596/595 1088/1500/1491 1077/1457/1449
f 1077/1457/1449 1088/1500/1491 1089/1501/1492
f 1088/1500/1491 1090/1502/1493 1089/1501/1492
f 1089/1501/1492 1090/1502/1493 1091/1503/1494
f 1090/1502/1493 697/916/915 1091/1503/1494
f 1091/1503/1494 697/916/915 695/914/913
f 1736/1481/1472 1737/1480/1471 1726/1499/1490
f 1724/1504/1495 1736/1481/1472 1726/1499/1490
f 1735/1490/1481 1736/1481/1472 1724/1504/1495
f 1722/1505/1496 1735/1490/1481 1724/1504/1495
f 1734/1491/1482 1735/1490/1481 1722/1505/1496
f 1091/1503/1494 695/914/913 1092/650/649
f 695/914/913 693/912/911 1092/650/649
f 1092/650/649 693/912/911 1075/648/647
f 693/912/911 1093/1506/1497 1075/648/647
f 1075/648/647 1093/1506/1497 1074/1456/1448
f 1093/1506/1497 1094/1507/1498 1074/1456/1448
f 1074/1456/1448 1094/1507/1498 1072/1454/1446
f 1094/1507/1498 1095/1508/1499 1072/1454/1446
f 1072/1454/1446 1095/1508/1499 1070/1452/1444
f 1095/1508/1499 1096/1509/1500 1070/1452/1444
f 1070/1452/1444 1096/1509/1500 1068/1450/1442
f 1096/1509/1500 1097/1510/1501 1068/1450/1442
f 1068/1450/1442 1097/1510/1501 1066/1449/1441
f 1097/1510/1501 1098/1511/1502 1066/1449/1441
f 1066/1449/1441 1098/1511/1502 1099/653/652
f 1098/1511/1502 1100/1512/1503 1099/653/652
f 1099/653/652 1100/1512/1503 1101/651/650
f 1100/1512/1503 1102/1513/1504 1101/651/650
f 1101/651/650 1102/1513/1504 1103/1514/1505
f 1102/1513/1504 1104/1515/1506 1103/1514/1505
f 1103/1514/1505 1104/1515/1506 1054/1438/1430
f 1104/1515/1506 1056/1440/1432 1054/1438/1430
f 1720/1516/1507 1734/1491/1482 1722/1505/1496
f 1733/1492/1483 1734/1491/1482 1720/1516/1507
f 1718/1517/1508 1733/1492/1483 1720/1516/1507
f 1732/1493/1484 1733/1492/1483 1718/1517/1508
f 1096/1509/1500 1105/1518/1509 1097/1510/1501
f 1105/1518/1509 1106/1519/1510 1097/1510/1501
f 1097/1510/1501 1106/1519/1510 1098/1511/1502
f 1106/1519/1510 1107/1520/1511 1098/1511/1502
f 1098/1511/1502 1107/1520/1511 1100/1512/1503
f 1107/1520/1511 1108/1521/1512 1100/1512/1503
f 1100/1512/1503 1108/1521/1512 1102/1513/1504
f 1108/1521/1512 1109/1522/1513 1102/1513/1504
f 1102/1513/1504 1109/1522/1513 1104/1515/1506
f 1109/1522/1513 1110/1523/1514 1104/1515/1506
f 1104/1515/1506 1110/1523/1514 1056/1440/1432
f 1110/1523/1514 1111/1524/1515 1056/1440/1432
f 1056/1440/1432 1111/1524/1515 1058/1442/1434
f 1111/1524/1515 1112/1525/1516 1058/1442/1434
f 1716/1526/1517 1732/1493/1484 1718/1517/1508
f 1642/1494/1485 1732/1493/1484 1716/1526/1517
f 1644/1527/1518 1642/1494/1485 1716/1526/1517
f 1731/1196/1191 1652/1497/1488 1653/1211/1206
f 1096/1509/1500 685/904/903 1105/1518/1509
f 685/904/903 683/902/901 1105/1518/1509
f 1105/1518/1509 683/902/901 1106/1519/1510
f 683/902/901 681/901/900 1106/1519/1510
f 1106/1519/1510 681/901/900 1107/1520/1511
f 681/901/900 1113/1528/1519 1107/1520/1511
f 1107/1520/1511 1113/1528/1519 1108/1521/1512
f 1113/1528/1519 1114/1529/1520 1108/1521/1512
f 1108/1521/1512 1114/1529/1520 1109/1522/1513
f 1114/1529/1520 1115/1530/1521 1109/1522/1513
f 1109/1522/1513 1115/1530/1521 1110/1523/1514
f 1115/1530/1521 1116/1531/1522 1110/1523/1514
f 1110/1523/1514 1116/1531/1522 1117/1532/1523
f 1116/1531/1522 1118/1533/1524 1117/1532/1523
f 1117/1532/1523 1118/1533/1524 1119/1534/1525
f 1118/1533/1524 1120/1535/1526 1119/1534/1525
f 1119/1534/1525 1120/1535/1526 1121/1536/1527
f 1120/1535/1526 1122/1537/1528 1121/1536/1527
f 1121/1536/1527 1122/1537/1528 1123/1538/1529
f 1122/1537/1528 1124/1539/1530 1123/1538/1529
f 1123/1538/1529 1124/1539/1530 1125/1540/1531
f 1124/1539/1530 1126/1541/1532 1125/1540/1531
f 1125/1540/1531 1126/1541/1532 1127/1542/1296
f 1126/1541/1532 1128/1543/1533 1127/1542/1296
f 1730/1495/1486 1652/1497/1488 1731/1196/1191
f 1729/1163/1158 1730/1495/1486 1731/1196/1191
f 1728/1498/1489 1730/1495/1486 1729/1163/1158
f 1727/1162/1157 1728/1498/1489 1729/1163/1158
f 681/901/900 679/900/899 1113/1528/1519
f 679/900/899 677/898/897 1113/1528/1519
f 1113/1528/1519 677/898/897 1114/1529/1520
f 677/898/897 675/896/895 1114/1529/1520
f 1114/1529/1520 675/896/895 1115/1530/1521
f 675/896/895 673/894/893 1115/1530/1521
f 1115/1530/1521 673/894/893 1116/1531/1522
f 673/894/893 671/892/891 1116/1531/1522
f 1116/1531/1522 671/892/891 1118/1533/1524
f 671/892/891 669/890/889 1118/1533/1524
f 1118/1533/1524 669/890/889 1120/1535/1526
f 669/890/889 1122/1537/1528 1120/1535/1526
f 1726/1499/1490 1728/1498/1489 1727/1162/1157
f 1725/1161/1156 1726/1499/1490 1727/1162/1157
f 1724/1504/1495 1726/1499/1490 1725/1161/1156
f 1723/1160/1155 1724/1504/1495 1725/1161/1156
f 669/890/889 668/889/888 1122/1537/1528
f 668/889/888 667/888/887 1122/1537/1528
f 1122/1537/1528 667/888/887 1124/1539/1530
f 667/888/887 666/887/886 1124/1539/1530
f 1124/1539/1530 666/887/886 1126/1541/1532
f 666/887/886 665/886/885 1126/1541/1532
f 1126/1541/1532 665/886/885 1129/1544/1534
f 665/886/885 664/885/884 1129/1544/1534
f 1129/1544/1534 664/885/884 1130/1545/1535
f 664/885/884 663/884/883 1130/1545/1535
f 1130/1545/1535 663/884/883 1131/1546/1536
f 663/884/883 662/883/882 1131/1546/1536
f 1131/1546/1536 662/883/882 1132/1547/1537
f 662/883/882 661/882/881 1132/1547/1537
f 1132/1547/1537 661/882/881 1133/1548/1538
f 661/882/881 656/877/876 1133/1548/1538
f 1133/1548/1538 656/877/876 658/879/878
f 1722/1505/1496 1724/1504/1495 1723/1160/1155
f 1721/1159/1154 1722/1505/1496 1723/1160/1155
f 1720/1516/1507 1722/1505/1496 1721/1159/1154
f 658/879/878 660/881/880 1133/1548/1538
f 660/881/880 1134/1549/1539 1133/1548/1538
f 1133/1548/1538 1134/1549/1539 1132/1547/1537
f 1134/1549/1539 1135/1550/1347 1132/1547/1537
f 1132/1547/1537 1135/1550/1347 1131/1546/1536
f 1135/1550/1347 1136/1551/1540 1131/1546/1536
f 1131/1546/1536 1136/1551/1540 1130/1545/1535
f 1136/1551/1540 1128/1543/1533 1130/1545/1535
f 1130/1545/1535 1128/1543/1533 1129/1544/1534
f 1128/1543/1533 1126/1541/1532 1129/1544/1534
f 1719/1154/1149 1720/1516/1507 1721/1159/1154
f 1718/1517/1508 1720/1516/1507 1719/1154/1149
f 1717/1152/1148 1718/1517/1508 1719/1154/1149
f 1716/1526/1517 1718/1517/1508 1717/1152/1148
f 1110/1523/1514 1117/1532/1523 1111/1524/1515
f 1117/1532/1523 1119/1534/1525 1111/1524/1515
f 1111/1524/1515 1119/1534/1525 1112/1525/1516
f 1119/1534/1525 1121/1536/1527 1112/1525/1516
f 1715/1153/687 1716/1526/1517 1717/1152/1148
f 1644/1527/1518 1716/1526/1517 1715/1153/687
f 1646/1552/1541 1644/1527/1518 1715/1153/687
f 1663/661/660 1602/665/664 1600/1553/1542
f 85/85/85 87/87/87 462/575/574
f 87/87/87 460/573/572 462/575/574
f 1674/662/661 1663/661/660 1600/1553/1542
f 1674/662/661 1600/1553/1542 1598/1554/1543
f 460/573/572 87/87/87 1137/1555/1544
f 87/87/87 89/89/89 1137/1555/1544
f 1137/1555/1544 89/89/89 435/537/536
f 1675/1556/1545 1674/662/661 1598/1554/1543
f 1649/1557/1546 1630/1558/1547 1628/1559/1548
f 1626/1560/1549 1649/1557/1546 1628/1559/1548
f 435/537/536 1138/1561/1550 1137/1555/1544
f 1138/1561/1550 458/571/570 1137/1555/1544
f 1137/1555/1544 458/571/570 460/573/572
f 1564/463/462 1246/467/466 1244/464/463
f 1714/465/464 1246/467/466 1564/463/462
f 1713/1562/1551 1714/465/464 1564/463/462
f 1248/466/465 1714/465/464 1713/1562/1551
f 1250/1563/1552 1248/466/465 1713/1562/1551
f 435/537/536 1139/688/687 1138/1561/1550
f 1139/688/687 456/569/568 1138/1561/1550
f 1138/1561/1550 456/569/568 458/571/570
f 1713/1562/1551 1564/463/462 1566/1564/1553
f 1568/1565/1554 1713/1562/1551 1566/1564/1553
f 1250/1563/1552 1713/1562/1551 1568/1565/1554
f 1252/1566/1555 1250/1563/1552 1568/1565/1554
f 1591/1567/1556 1590/1568/1557 1712/1569/1558
f 456/569/568 1139/688/687 454/567/566
f 1139/688/687 1140/1570/1559 454/567/566
f 454/567/566 1140/1570/1559 452/565/564
f 1140/1570/1559 1141/1571/1560 452/565/564
f 452/565/564 1141/1571/1560 450/563/562
f 1141/1571/1560 1142/1572/1561 450/563/562
f 450/563/562 1142/1572/1561 448/561/560
f 1142/1572/1561 446/559/558 448/561/560
f 1592/1573/1562 1591/1567/1556 1712/1569/1558
f 1592/1573/1562 1712/1569/1558 1711/1574/1563
f 1593/1575/1564 1592/1573/1562 1711/1574/1563
f 1595/1576/1565 1707/1577/1566 1596/1578/1567
f 1139/688/687 434/536/535 1140/1570/1559
f 434/536/535 433/535/534 1140/1570/1559
f 1140/1570/1559 433/535/534 1141/1571/1560
f 433/535/534 432/534/533 1141/1571/1560
f 1141/1571/1560 432/534/533 1142/1572/1561
f 432/534/533 431/533/532 1142/1572/1561
f 1142/1572/1561 431/533/532 446/559/558
f 431/533/532 430/532/531 446/559/558
f 1708/1579/1568 1707/1577/1566 1595/1576/1565
f 1594/1580/1569 1708/1579/1568 1595/1576/1565
f 1709/1581/1570 1708/1579/1568 1594/1580/1569
f 1593/1575/1564 1709/1581/1570 1594/1580/1569
f 685/904/903 1096/1509/1500 687/906/905
f 1096/1509/1500 1095/1508/1499 687/906/905
f 687/906/905 1095/1508/1499 689/908/907
f 1095/1508/1499 1094/1507/1498 689/908/907
f 689/908/907 1094/1507/1498 691/910/909
f 1094/1507/1498 1093/1506/1497 691/910/909
f 691/910/909 1093/1506/1497 693/912/911
f 1710/1582/1571 1709/1581/1570 1593/1575/1564
f 1711/1574/1563 1710/1582/1571 1593/1575/1564
f 1590/1568/1557 1589/1583/1572 1699/1584/1573
f 1700/1585/1574 1590/1568/1557 1699/1584/1573
f 1712/1569/1558 1590/1568/1557 1700/1585/1574
f 1066/1449/1441 1099/653/652 1059/1444/1436
f 1099/653/652 1143/652/651 1059/1444/1436
f 1059/1444/1436 1143/652/651 1048/1432/1424
f 1143/652/651 1144/1586/1575 1048/1432/1424
f 1048/1432/1424 1144/1586/1575 1050/1434/1426
f 1144/1586/1575 1052/1436/1428 1050/1434/1426
f 1701/1587/1576 1712/1569/1558 1700/1585/1574
f 1711/1574/1563 1712/1569/1558 1701/1587/1576
f 1702/1588/1577 1711/1574/1563 1701/1587/1576
f 1710/1582/1571 1711/1574/1563 1702/1588/1577
f 1143/652/651 1101/651/650 1144/1586/1575
f 1101/651/650 1103/1514/1505 1144/1586/1575
f 1144/1586/1575 1103/1514/1505 1052/1436/1428
f 1103/1514/1505 1054/1438/1430 1052/1436/1428
f 1703/1589/1578 1710/1582/1571 1702/1588/1577
f 1709/1581/1570 1710/1582/1571 1703/1589/1578
f 1704/1590/1579 1709/1581/1570 1703/1589/1578
f 1708/1579/1568 1709/1581/1570 1704/1590/1579
f 102/102/102 100/100/100 204/216/216
f 100/100/100 98/98/98 204/216/216
f 204/216/216 98/98/98 1145/1591/1580
f 98/98/98 96/96/96 1145/1591/1580
f 1145/1591/1580 96/96/96 94/94/94
f 1705/1592/1581 1708/1579/1568 1704/1590/1579
f 1707/1577/1566 1708/1579/1568 1705/1592/1581
f 1706/1593/1582 1707/1577/1566 1705/1592/1581
f 94/94/94 208/220/220 1145/1591/1580
f 208/220/220 206/218/218 1145/1591/1580
f 1145/1591/1580 206/218/218 204/216/216
f 1596/1578/1567 1707/1577/1566 1706/1593/1582
f 1597/1594/1583 1596/1578/1567 1706/1593/1582
f 1675/1556/1545 1598/1554/1543 1597/1594/1583
f 1706/1593/1582 1675/1556/1545 1597/1594/1583
f 1676/1595/1584 1675/1556/1545 1706/1593/1582
f 1019/1408/1401 1021/603/602 1084/1483/1474
f 1021/603/602 1082/605/604 1084/1483/1474
f 1705/1592/1581 1676/1595/1584 1706/1593/1582
f 1677/1596/1585 1676/1595/1584 1705/1592/1581
f 1704/1590/1579 1677/1596/1585 1705/1592/1581
f 1678/1597/1586 1677/1596/1585 1704/1590/1579
f 483/596/595 481/594/593 1088/1500/1491
f 481/594/593 701/920/919 1088/1500/1491
f 1088/1500/1491 701/920/919 1090/1502/1493
f 701/920/919 699/918/917 1090/1502/1493
f 1090/1502/1493 699/918/917 697/916/915
f 1703/1589/1578 1678/1597/1586 1704/1590/1579
f 1680/1598/1587 1678/1597/1586 1703/1589/1578
f 1702/1588/1577 1680/1598/1587 1703/1589/1578
f 1682/1599/1588 1680/1598/1587 1702/1588/1577
f 1701/1587/1576 1682/1599/1588 1702/1588/1577
f 1077/1457/1449 1089/1501/1492 1076/649/648
f 1089/1501/1492 1091/1503/1494 1076/649/648
f 1076/649/648 1091/1503/1494 1092/650/649
f 1684/1600/1589 1682/1599/1588 1701/1587/1576
f 1700/1585/1574 1684/1600/1589 1701/1587/1576
f 1686/1601/1590 1684/1600/1589 1700/1585/1574
f 1699/1584/1573 1686/1601/1590 1700/1585/1574
f 1688/1602/1591 1686/1601/1590 1699/1584/1573
f 417/521/520 415/519/518 523/643/642
f 415/519/518 525/645/644 523/643/642
f 1589/1583/1572 1688/1602/1591 1699/1584/1573
f 1690/1603/1592 1688/1602/1591 1589/1583/1572
f 1588/1604/1593 1690/1603/1592 1589/1583/1572
f 1583/1472/1463 1698/1471/1462 1697/1605/1594
f 415/519/518 413/517/516 525/645/644
f 413/517/516 527/647/646 525/645/644
f 1696/1606/1175 1583/1472/1463 1697/1605/1594
f 1584/1607/1595 1583/1472/1463 1696/1606/1175
f 527/647/646 413/517/516 1146/1608/459
f 413/517/516 411/515/514 1146/1608/459
f 1146/1608/459 411/515/514 1147/1609/460
f 411/515/514 409/513/512 1147/1609/460
f 1147/1609/460 409/513/512 407/512/511
f 1695/1610/1596 1584/1607/1595 1696/1606/1175
f 1585/1611/1597 1584/1607/1595 1695/1610/1596
f 1694/1612/1179 1585/1611/1597 1695/1610/1596
f 1586/1613/1598 1585/1611/1597 1694/1612/1179
f 1693/1614/1181 1586/1613/1598 1694/1612/1179
f 1147/1609/460 407/512/511 1148/1615/1599
f 407/512/511 406/511/510 1148/1615/1599
f 1148/1615/1599 406/511/510 405/510/509
f 1587/1616/1600 1586/1613/1598 1693/1614/1181
f 1692/1617/1183 1587/1616/1600 1693/1614/1181
f 1588/1604/1593 1587/1616/1600 1692/1617/1183
f 1691/1618/1601 1588/1604/1593 1692/1617/1183
f 1690/1603/1592 1588/1604/1593 1691/1618/1601
f 55/55/55 480/593/592 53/53/53
f 480/593/592 488/601/600 53/53/53
f 1689/1619/1187 1690/1603/1592 1691/1618/1601
f 1688/1602/1591 1690/1603/1592 1689/1619/1187
f 1687/1620/1602 1688/1602/1591 1689/1619/1187
f 1686/1601/1590 1688/1602/1591 1687/1620/1602
f 480/593/592 482/595/594 488/601/600
f 482/595/594 486/599/598 488/601/600
f 1685/1621/1603 1686/1601/1590 1687/1620/1602
f 1684/1600/1589 1686/1601/1590 1685/1621/1603
f 1683/1622/1604 1684/1600/1589 1685/1621/1603
f 1682/1599/1588 1684/1600/1589 1683/1622/1604
f 398/491/490 408/480/479 400/493/492
f 408/480/479 1149/482/481 400/493/492
f 400/493/492 1149/482/481 402/495/494
f 1149/482/481 1150/1623/1605 402/495/494
f 402/495/494 1150/1623/1605 404/497/496
f 1150/1623/1605 1151/1624/1606 404/497/496
f 404/497/496 1151/1624/1606 133/133/133
f 1151/1624/1606 131/131/131 133/133/133
f 1681/1625/1607 1682/1599/1588 1683/1622/1604
f 1680/1598/1587 1682/1599/1588 1681/1625/1607
f 1679/1626/1232 1680/1598/1587 1681/1625/1607
f 1678/1597/1586 1680/1598/1587 1679/1626/1232
f 1149/482/481 1152/481/480 1150/1623/1605
f 1152/481/480 1153/1627/1608 1150/1623/1605
f 1150/1623/1605 1153/1627/1608 1151/1624/1606
f 1153/1627/1608 1154/1628/1609 1151/1624/1606
f 1151/1624/1606 1154/1628/1609 131/131/131
f 1154/1628/1609 129/129/129 131/131/131
f 1673/1629/1242 1678/1597/1586 1679/1626/1232
f 1677/1596/1585 1678/1597/1586 1673/1629/1242
f 1671/1630/1610 1677/1596/1585 1673/1629/1242
f 1676/1595/1584 1677/1596/1585 1671/1630/1610
f 1152/481/480 1155/1631/1611 1153/1627/1608
f 1155/1631/1611 1156/1632/1612 1153/1627/1608
f 1153/1627/1608 1156/1632/1612 1154/1628/1609
f 1156/1632/1612 1157/1633/1613 1154/1628/1609
f 1154/1628/1609 1157/1633/1613 129/129/129
f 1157/1633/1613 127/127/127 129/129/129
f 1669/1634/1614 1676/1595/1584 1671/1630/1610
f 1675/1556/1545 1676/1595/1584 1669/1634/1614
f 1667/1635/1615 1675/1556/1545 1669/1634/1614
f 1674/662/661 1675/1556/1545 1667/1635/1615
f 1152/481/480 412/516/515 1155/1631/1611
f 412/516/515 1158/1636/1616 1155/1631/1611
f 1155/1631/1611 1158/1636/1616 1156/1632/1612
f 1158/1636/1616 1159/1637/1617 1156/1632/1612
f 1156/1632/1612 1159/1637/1617 1157/1633/1613
f 1159/1637/1617 1160/1638/1618 1157/1633/1613
f 1157/1633/1613 1160/1638/1618 127/127/127
f 1160/1638/1618 125/125/125 127/127/127
f 1665/663/662 1674/662/661 1667/1635/1615
f 1671/1630/1610 1673/1629/1242 1672/1285/1280
f 1670/1284/1279 1671/1630/1610 1672/1285/1280
f 1669/1634/1614 1671/1630/1610 1670/1284/1279
f 412/516/515 1152/481/480 410/514/513
f 1152/481/480 408/480/479 410/514/513
f 1668/1283/1278 1669/1634/1614 1670/1284/1279
f 1667/1635/1615 1669/1634/1614 1668/1283/1278
f 1666/1120/1116 1667/1635/1615 1668/1283/1278
f 1665/663/662 1667/1635/1615 1666/1120/1116
f 189/201/201 271/298/298 188/200/200
f 271/298/298 1161/1639/1619 188/200/200
f 188/200/200 1161/1639/1619 1162/1640/1620
f 1161/1639/1619 1163/660/659 1162/1640/1620
f 1162/1640/1620 1163/660/659 1164/1641/1621
f 1163/660/659 372/416/415 1164/1641/1621
f 1164/1641/1621 372/416/415 1165/1642/1622
f 372/416/415 370/414/413 1165/1642/1622
f 1165/1642/1622 370/414/413 1166/1643/1623
f 370/414/413 368/412/411 1166/1643/1623
f 1166/1643/1623 368/412/411 1167/1644/1624
f 368/412/411 366/410/409 1167/1644/1624
f 1167/1644/1624 366/410/409 1168/1645/1625
f 366/410/409 1169/1646/1626 1168/1645/1625
f 1168/1645/1625 1169/1646/1626 1170/1647/1627
f 1169/1646/1626 1171/1648/1628 1170/1647/1627
f 1170/1647/1627 1171/1648/1628 1172/1649/1629
f 1171/1648/1628 1173/1650/1630 1172/1649/1629
f 1172/1649/1629 1173/1650/1630 1174/1651/1631
f 1173/1650/1630 1175/1652/1632 1174/1651/1631
f 1174/1651/1631 1175/1652/1632 1176/1653/1633
f 1175/1652/1632 1177/1654/1634 1176/1653/1633
f 1176/1653/1633 1177/1654/1634 1178/1655/1635
f 1177/1654/1634 358/402/401 1178/1655/1635
f 1178/1655/1635 358/402/401 1179/1656/1636
f 358/402/401 356/400/399 1179/1656/1636
f 1179/1656/1636 356/400/399 1180/225/225
f 356/400/399 355/399/398 1180/225/225
f 1180/225/225 355/399/398 354/226/226
f 1664/1118/1114 1665/663/662 1666/1120/1116
f 1663/661/660 1665/663/662 1664/1118/1114
f 1662/1117/1113 1663/661/660 1664/1118/1114
f 1604/664/663 1663/661/660 1662/1117/1113
f 1661/1095/1091 1604/664/663 1662/1117/1113
f 1172/1649/1629 1174/1651/1631 1181/1657/1637
f 1174/1651/1631 1176/1653/1633 1181/1657/1637
f 1181/1657/1637 1176/1653/1633 1182/1658/1638
f 1176/1653/1633 1178/1655/1635 1182/1658/1638
f 1182/1658/1638 1178/1655/1635 1183/1659/1639
f 1178/1655/1635 1179/1656/1636 1183/1659/1639
f 1183/1659/1639 1179/1656/1636 1184/1660/1640
f 1179/1656/1636 1180/225/225 1184/1660/1640
f 1184/1660/1640 1180/225/225 1185/1661/1641
f 1180/225/225 790/227/227 1185/1661/1641
f 1185/1661/1641 790/227/227 788/1052/1048
f 1606/1662/1642 1604/664/663 1661/1095/1091
f 1660/1098/1094 1606/1662/1642 1661/1095/1091
f 1608/1663/1643 1606/1662/1642 1660/1098/1094
f 1659/1106/1102 1608/1663/1643 1660/1098/1094
f 1610/1664/1644 1608/1663/1643 1659/1106/1102
f 1183/1659/1639 1186/1665/1645 1182/1658/1638
f 1186/1665/1645 1187/1666/1646 1182/1658/1638
f 1182/1658/1638 1187/1666/1646 1181/1657/1637
f 1187/1666/1646 1170/1647/1627 1181/1657/1637
f 1181/1657/1637 1170/1647/1627 1172/1649/1629
f 1658/1105/1101 1610/1664/1644 1659/1106/1102
f 1612/1667/1647 1610/1664/1644 1658/1105/1101
f 1657/1238/1233 1612/1667/1647 1658/1105/1101
f 1614/1668/1648 1612/1667/1647 1657/1238/1233
f 1656/1228/1223 1614/1668/1648 1657/1238/1233
f 1186/1665/1645 1188/1669/1649 1187/1666/1646
f 1188/1669/1649 1189/1670/1650 1187/1666/1646
f 1187/1666/1646 1189/1670/1650 1190/1671/1651
f 1189/1670/1650 1191/1672/1652 1190/1671/1651
f 1190/1671/1651 1191/1672/1652 1192/1673/1653
f 1191/1672/1652 1193/1674/1654 1192/1673/1653
f 1192/1673/1653 1193/1674/1654 1166/1643/1623
f 1193/1674/1654 1165/1642/1622 1166/1643/1623
f 1616/1675/1655 1614/1668/1648 1656/1228/1223
f 1655/1227/1222 1616/1675/1655 1656/1228/1223
f 1618/1676/1656 1616/1675/1655 1655/1227/1222
f 1654/1212/1207 1618/1676/1656 1655/1227/1222
f 1191/1672/1652 1194/1677/1657 1193/1674/1654
f 1194/1677/1657 1195/1678/1658 1193/1674/1654
f 1193/1674/1654 1195/1678/1658 1165/1642/1622
f 1195/1678/1658 1196/1679/1659 1165/1642/1622
f 1165/1642/1622 1196/1679/1659 1164/1641/1621
f 1196/1679/1659 1162/1640/1620 1164/1641/1621
f 1620/1680/1660 1618/1676/1656 1654/1212/1207
f 1653/1211/1206 1620/1680/1660 1654/1212/1207
f 1622/1681/1661 1620/1680/1660 1653/1211/1206
f 1652/1497/1488 1622/1681/1661 1653/1211/1206
f 1196/1679/1659 1195/1678/1658 1197/1682/1662
f 1195/1678/1658 1198/1683/1663 1197/1682/1662
f 1197/1682/1662 1198/1683/1663 1199/1684/1664
f 1198/1683/1663 1200/1685/1665 1199/1684/1664
f 1199/1684/1664 1200/1685/1665 1201/1686/1666
f 1200/1685/1665 1202/1687/1667 1201/1686/1666
f 1201/1686/1666 1202/1687/1667 1203/1688/1668
f 1202/1687/1667 1204/1689/1669 1203/1688/1668
f 1203/1688/1668 1204/1689/1669 1205/1690/1670
f 1204/1689/1669 1206/1691/1671 1205/1690/1670
f 1205/1690/1670 1206/1691/1671 1188/1669/1649
f 1206/1691/1671 1189/1670/1650 1188/1669/1649
f 1624/1692/1672 1622/1681/1661 1652/1497/1488
f 1651/1496/1487 1624/1692/1672 1652/1497/1488
f 1189/1670/1650 1206/1691/1671 1191/1672/1652
f 1206/1691/1671 1207/1693/1673 1191/1672/1652
f 1191/1672/1652 1207/1693/1673 1194/1677/1657
f 1207/1693/1673 1200/1685/1665 1194/1677/1657
f 1194/1677/1657 1200/1685/1665 1195/1678/1658
f 1200/1685/1665 1198/1683/1663 1195/1678/1658
f 1626/1560/1549 1624/1692/1672 1651/1496/1487
f 1650/1479/1470 1626/1560/1549 1651/1496/1487
f 1649/1557/1546 1626/1560/1549 1650/1479/1470
f 1648/426/425 1649/1557/1546 1650/1479/1470
f 1206/1691/1671 1204/1689/1669 1207/1693/1673
f 1204/1689/1669 1202/1687/1667 1207/1693/1673
f 1207/1693/1673 1202/1687/1667 1200/1685/1665
f 1630/1558/1547 1649/1557/1546 1648/426/425
f 1632/428/427 1630/1558/1547 1648/426/425
f 1645/1322/1316 1646/1552/1541 1647/1321/1315
f 1644/1527/1518 1646/1552/1541 1645/1322/1316
f 1643/1323/1317 1644/1527/1518 1645/1322/1316
f 119/119/119 121/121/121 420/523/522
f 121/121/121 123/123/123 420/523/522
f 420/523/522 123/123/123 1208/1694/1674
f 123/123/123 125/125/125 1208/1694/1674
f 1208/1694/1674 125/125/125 1160/1638/1618
f 1642/1494/1485 1644/1527/1518 1643/1323/1317
f 1641/1324/1318 1642/1494/1485 1643/1323/1317
f 1640/1489/1480 1642/1494/1485 1641/1324/1318
f 1639/1325/1319 1640/1489/1480 1641/1324/1318
f 1638/1475/1466 1640/1489/1480 1639/1325/1319
f 420/523/522 1208/1694/1674 418/522/521
f 1208/1694/1674 1209/1695/1675 418/522/521
f 418/522/521 1209/1695/1675 416/520/519
f 1209/1695/1675 1158/1636/1616 416/520/519
f 416/520/519 1158/1636/1616 414/518/517
f 1158/1636/1616 412/516/515 414/518/517
f 1637/683/682 1638/1475/1466 1639/1325/1319
f 1636/1478/1469 1638/1475/1466 1637/683/682
f 1635/682/681 1636/1478/1469 1637/683/682
f 1634/427/426 1636/1478/1469 1635/682/681
f 1208/1694/1674 1160/1638/1618 1209/1695/1675
f 1160/1638/1618 1159/1637/1617 1209/1695/1675
f 1209/1695/1675 1159/1637/1617 1158/1636/1616
f 1633/1398/1392 1634/427/426 1635/682/681
f 1632/428/427 1634/427/426 1633/1398/1392
f 1631/1458/1450 1632/428/427 1633/1398/1392
f 1630/1558/1547 1632/428/427 1631/1458/1450
f 1629/780/779 1630/1558/1547 1631/1458/1450
f 366/410/409 364/408/407 1169/1646/1626
f 364/408/407 1210/1696/1676 1169/1646/1626
f 1169/1646/1626 1210/1696/1676 1171/1648/1628
f 1210/1696/1676 1211/1697/1677 1171/1648/1628
f 1171/1648/1628 1211/1697/1677 1173/1650/1630
f 1211/1697/1677 1175/1652/1632 1173/1650/1630
f 1628/1559/1548 1630/1558/1547 1629/780/779
f 1627/779/778 1628/1559/1548 1629/780/779
f 1626/1560/1549 1628/1559/1548 1627/779/778
f 1625/778/777 1626/1560/1549 1627/779/778
f 364/408/407 362/406/405 1210/1696/1676
f 362/406/405 1212/657/656 1210/1696/1676
f 1210/1696/1676 1212/657/656 1211/1697/1677
f 1212/657/656 1175/1652/1632 1211/1697/1677
f 1624/1692/1672 1626/1560/1549 1625/778/777
f 1623/760/759 1624/1692/1672 1625/778/777
f 1175/1652/1632 1212/657/656 1177/1654/1634
f 1212/657/656 360/404/403 1177/1654/1634
f 1177/1654/1634 360/404/403 358/402/401
f 1622/1681/1661 1624/1692/1672 1623/760/759
f 1621/758/757 1622/1681/1661 1623/760/759
f 1620/1680/1660 1622/1681/1661 1621/758/757
f 1619/759/758 1620/1680/1660 1621/758/757
f 1618/1676/1656 1620/1680/1660 1619/759/758
f 271/298/298 269/296/296 1161/1639/1619
f 269/296/296 1163/660/659 1161/1639/1619
f 1617/1006/1005 1618/1676/1656 1619/759/758
f 1616/1675/1655 1618/1676/1656 1617/1006/1005
f 1615/866/865 1616/1675/1655 1617/1006/1005
f 1614/1668/1648 1616/1675/1655 1615/866/865
f 1187/1666/1646 1190/1671/1651 1170/1647/1627
f 1190/1671/1651 1168/1645/1625 1170/1647/1627
f 1613/868/867 1614/1668/1648 1615/866/865
f 1612/1667/1647 1614/1668/1648 1613/868/867
f 1168/1645/1625 1190/1671/1651 1167/1644/1624
f 1190/1671/1651 1192/1673/1653 1167/1644/1624
f 1167/1644/1624 1192/1673/1653 1166/1643/1623
f 1611/799/798 1612/1667/1647 1613/868/867
f 1610/1664/1644 1612/1667/1647 1611/799/798
f 1609/798/797 1610/1664/1644 1611/799/798
f 1608/1663/1643 1610/1664/1644 1609/798/797
f 1607/796/795 1608/1663/1643 1609/798/797
f 188/200/200 1162/1640/1620 187/199/199
f 1162/1640/1620 1196/1679/1659 187/199/199
f 187/199/199 1196/1679/1659 186/198/198
f 1196/1679/1659 1197/1682/1662 186/198/198
f 186/198/198 1197/1682/1662 1213/656/655
f 1197/1682/1662 627/825/824 1213/656/655
f 1213/656/655 627/825/824 185/197/197
f 1606/1662/1642 1608/1663/1643 1607/796/795
f 1605/795/794 1606/1662/1642 1607/796/795
f 1604/664/663 1606/1662/1642 1605/795/794
f 1603/874/873 1604/664/663 1605/795/794
f 1602/665/664 1604/664/663 1603/874/873
f 1197/1682/1662 1199/1684/1664 627/825/824
f 1199/1684/1664 625/823/822 627/825/824
f 1601/801/800 1602/665/664 1603/874/873
f 1600/1553/1542 1602/665/664 1601/801/800
f 1599/800/799 1600/1553/1542 1601/801/800
f 1598/1554/1543 1600/1553/1542 1599/800/799
f 1199/1684/1664 1201/1686/1666 625/823/822
f 1201/1686/1666 623/821/820 625/823/822
f 1282/803/802 1598/1554/1543 1599/800/799
f 1597/1594/1583 1598/1554/1543 1282/803/802
f 1280/1698/1678 1597/1594/1583 1282/803/802
f 1596/1578/1567 1597/1594/1583 1280/1698/1678
f 1201/1686/1666 1203/1688/1668 623/821/820
f 1203/1688/1668 621/819/818 623/821/820
f 1278/1699/1679 1596/1578/1567 1280/1698/1678
f 1595/1576/1565 1596/1578/1567 1278/1699/1679
f 621/819/818 1203/1688/1668 619/817/816
f 1203/1688/1668 1205/1690/1670 619/817/816
f 619/817/816 1205/1690/1670 1214/1700/1680
f 1205/1690/1670 1188/1669/1649 1214/1700/1680
f 1214/1700/1680 1188/1669/1649 1215/1701/1681
f 1188/1669/1649 1186/1665/1645 1215/1701/1681
f 1215/1701/1681 1186/1665/1645 1216/1702/1682
f 1186/1665/1645 1183/1659/1639 1216/1702/1682
f 1216/1702/1682 1183/1659/1639 1217/1703/1683
f 1183/1659/1639 1184/1660/1640 1217/1703/1683
f 1217/1703/1683 1184/1660/1640 1218/1704/1684
f 1184/1660/1640 1185/1661/1641 1218/1704/1684
f 1218/1704/1684 1185/1661/1641 788/1052/1048
f 1276/1705/1685 1595/1576/1565 1278/1699/1679
f 1594/1580/1569 1595/1576/1565 1276/1705/1685
f 1274/1706/1686 1594/1580/1569 1276/1705/1685
f 1593/1575/1564 1594/1580/1569 1274/1706/1686
f 1272/1707/1687 1593/1575/1564 1274/1706/1686
f 1215/1701/1681 1216/1702/1682 1219/1708/1688
f 1216/1702/1682 1217/1703/1683 1219/1708/1688
f 1219/1708/1688 1217/1703/1683 1220/1709/1689
f 1217/1703/1683 1218/1704/1684 1220/1709/1689
f 1220/1709/1689 1218/1704/1684 1221/1710/1690
f 1218/1704/1684 788/1052/1048 1221/1710/1690
f 1221/1710/1690 788/1052/1048 786/1050/1046
f 1592/1573/1562 1593/1575/1564 1272/1707/1687
f 1270/1711/1691 1592/1573/1562 1272/1707/1687
f 1591/1567/1556 1592/1573/1562 1270/1711/1691
f 1582/1712/1692 1591/1567/1556 1270/1711/1691
f 1590/1568/1557 1591/1567/1556 1582/1712/1692
f 1221/1710/1690 1222/1713/1693 1220/1709/1689
f 1222/1713/1693 1223/1714/1694 1220/1709/1689
f 1220/1709/1689 1223/1714/1694 1219/1708/1688
f 1223/1714/1694 1224/1715/1695 1219/1708/1688
f 1219/1708/1688 1224/1715/1695 1215/1701/1681
f 1224/1715/1695 1214/1700/1680 1215/1701/1681
f 1581/1716/1696 1590/1568/1557 1582/1712/1692
f 1589/1583/1572 1590/1568/1557 1581/1716/1696
f 1580/1717/1697 1589/1583/1572 1581/1716/1696
f 1588/1604/1593 1589/1583/1572 1580/1717/1697
f 1221/1710/1690 786/1050/1046 1222/1713/1693
f 786/1050/1046 784/1048/1044 1222/1713/1693
f 1222/1713/1693 784/1048/1044 1223/1714/1694
f 784/1048/1044 1225/1718/1698 1223/1714/1694
f 1223/1714/1694 1225/1718/1698 1226/228/228
f 1225/1718/1698 781/1045/1041 1226/228/228
f 1226/228/228 781/1045/1041 615/229/229
f 1579/1719/1699 1588/1604/1593 1580/1717/1697
f 1587/1616/1600 1588/1604/1593 1579/1719/1699
f 1578/1720/1700 1587/1616/1600 1579/1719/1699
f 1586/1613/1598 1587/1616/1600 1578/1720/1700
f 1577/1721/1701 1586/1613/1598 1578/1720/1700
f 1223/1714/1694 1226/228/228 1224/1715/1695
f 1226/228/228 617/230/230 1224/1715/1695
f 1224/1715/1695 617/230/230 1214/1700/1680
f 617/230/230 619/817/816 1214/1700/1680
f 1585/1611/1597 1586/1613/1598 1577/1721/1701
f 1576/1722/1702 1585/1611/1597 1577/1721/1701
f 1584/1607/1595 1585/1611/1597 1576/1722/1702
f 1575/1723/1703 1584/1607/1595 1576/1722/1702
f 781/1045/1041 1225/1718/1698 782/1046/1042
f 1225/1718/1698 784/1048/1044 782/1046/1042
f 1583/1472/1463 1584/1607/1595 1575/1723/1703
f 1574/1470/1461 1583/1472/1463 1575/1723/1703
f 1582/1712/1692 1270/1711/1691 1268/1724/1704
f 1266/1725/1705 1582/1712/1692 1268/1724/1704
f 1010/419/418 173/187/187 1227/417/416
f 173/187/187 171/185/185 1227/417/416
f 1227/417/416 171/185/185 1228/1726/1706
f 171/185/185 169/183/183 1228/1726/1706
f 1228/1726/1706 169/183/183 1229/1727/1707
f 169/183/183 167/181/181 1229/1727/1707
f 1229/1727/1707 167/181/181 1230/1728/1708
f 167/181/181 1231/1729/1709 1230/1728/1708
f 1230/1728/1708 1231/1729/1709 1232/386/386
f 1231/1729/1709 1233/1730/1710 1232/386/386
f 1232/386/386 1233/1730/1710 1001/384/384
f 1233/1730/1710 1000/1386/1380 1001/384/384
f 1581/1716/1696 1582/1712/1692 1266/1725/1705
f 1264/1731/1711 1581/1716/1696 1266/1725/1705
f 1580/1717/1697 1581/1716/1696 1264/1731/1711
f 1262/1732/1712 1580/1717/1697 1264/1731/1711
f 1232/386/386 1002/385/385 1230/1728/1708
f 1002/385/385 1003/1387/1381 1230/1728/1708
f 1230/1728/1708 1003/1387/1381 1234/1733/1713
f 1003/1387/1381 1004/1388/1382 1234/1733/1713
f 1234/1733/1713 1004/1388/1382 1235/1734/1714
f 1004/1388/1382 1006/1390/1384 1235/1734/1714
f 1235/1734/1714 1006/1390/1384 1008/418/417
f 1579/1719/1699 1580/1717/1697 1262/1732/1712
f 1260/1735/1715 1579/1719/1699 1262/1732/1712
f 1578/1720/1700 1579/1719/1699 1260/1735/1715
f 1008/418/417 1227/417/416 1235/1734/1714
f 1227/417/416 1228/1726/1706 1235/1734/1714
f 1235/1734/1714 1228/1726/1706 1234/1733/1713
f 1228/1726/1706 1229/1727/1707 1234/1733/1713
f 1234/1733/1713 1229/1727/1707 1230/1728/1708
f 1258/1736/1716 1578/1720/1700 1260/1735/1715
f 1577/1721/1701 1578/1720/1700 1258/1736/1716
f 1573/1737/1717 1577/1721/1701 1258/1736/1716
f 1576/1722/1702 1577/1721/1701 1573/1737/1717
f 1572/1738/1718 1576/1722/1702 1573/1737/1717
f 167/181/181 165/179/179 1231/1729/1709
f 165/179/179 1233/1730/1710 1231/1729/1709
f 1575/1723/1703 1576/1722/1702 1572/1738/1718
f 1571/1739/1719 1575/1723/1703 1572/1738/1718
f 1233/1730/1710 165/179/179 1236/1740/1720
f 165/179/179 163/177/177 1236/1740/1720
f 1236/1740/1720 163/177/177 999/1385/1379
f 163/177/177 998/1384/1378 999/1385/1379
f 1574/1470/1461 1575/1723/1703 1571/1739/1719
f 1570/1468/1460 1574/1470/1461 1571/1739/1719
f 1573/1737/1717 1258/1736/1716 1256/1741/1721
f 1254/1742/1722 1573/1737/1717 1256/1741/1721
f 163/177/177 161/175/175 998/1384/1378
f 161/175/175 1237/1743/1723 998/1384/1378
f 998/1384/1378 1237/1743/1723 997/1383/1377
f 1237/1743/1723 1238/1744/1724 997/1383/1377
f 997/1383/1377 1238/1744/1724 24/24/24
f 1238/1744/1724 26/26/26 24/24/24
f 1572/1738/1718 1573/1737/1717 1254/1742/1722
f 1569/1745/1725 1572/1738/1718 1254/1742/1722
f 26/26/26 1238/1744/1724 159/173/173
f 1238/1744/1724 1237/1743/1723 159/173/173
f 159/173/173 1237/1743/1723 161/175/175
f 1571/1739/1719 1572/1738/1718 1569/1745/1725
f 1567/1746/1726 1571/1739/1719 1569/1745/1725
f 1570/1468/1460 1571/1739/1719 1567/1746/1726
f 1565/1466/1458 1570/1468/1460 1567/1746/1726
f 1569/1745/1725 1254/1742/1722 1252/1566/1555
f 1000/1386/1380 1233/1730/1710 999/1385/1379
f 1233/1730/1710 1236/1740/1720 999/1385/1379
f 1568/1565/1554 1569/1745/1725 1252/1566/1555
f 1567/1746/1726 1569/1745/1725 1568/1565/1554
f 1566/1564/1553 1567/1746/1726 1568/1565/1554
f 1565/1466/1458 1567/1746/1726 1566/1564/1553
f 1239/1747/1727 1240/1748/1728 1241/1749/1729
f 1240/1748/1728 1242/462/461 1241/1749/1729
f 1241/1749/1729 1242/462/461 1243/1750/1730
f 1242/462/461 1244/464/463 1243/1750/1730
f 1243/1750/1730 1244/464/463 1245/1751/1731
f 1244/464/463 1246/467/466 1245/1751/1731
f 1245/1751/1731 1246/467/466 1247/1752/1732
f 1246/467/466 1248/466/465 1247/1752/1732
f 1247/1752/1732 1248/466/465 1249/1753/1733
f 1248/466/465 1250/1563/1552 1249/1753/1733
f 1249/1753/1733 1250/1563/1552 1251/1754/1734
f 1250/1563/1552 1252/1566/1555 1251/1754/1734
f 1251/1754/1734 1252/1566/1555 1253/1755/1735
f 1252/1566/1555 1254/1742/1722 1253/1755/1735
f 1253/1755/1735 1254/1742/1722 1255/1756/1736
f 1254/1742/1722 1256/1741/1721 1255/1756/1736
f 1255/1756/1736 1256/1741/1721 1257/1757/1737
f 1256/1741/1721 1258/1736/1716 1257/1757/1737
f 1257/1757/1737 1258/1736/1716 1259/1758/1738
f 1258/1736/1716 1260/1735/1715 1259/1758/1738
f 1259/1758/1738 1260/1735/1715 1261/236/236
f 1260/1735/1715 1262/1732/1712 1261/236/236
f 1261/236/236 1262/1732/1712 1263/234/234
f 1262/1732/1712 1264/1731/1711 1263/234/234
f 1263/234/234 1264/1731/1711 1265/1759/1739
f 1264/1731/1711 1266/1725/1705 1265/1759/1739
f 1265/1759/1739 1266/1725/1705 1267/1760/1740
f 1266/1725/1705 1268/1724/1704 1267/1760/1740
f 1267/1760/1740 1268/1724/1704 1269/1761/1741
f 1268/1724/1704 1270/1711/1691 1269/1761/1741
f 1269/1761/1741 1270/1711/1691 1271/1762/1742
f 1270/1711/1691 1272/1707/1687 1271/1762/1742
f 1271/1762/1742 1272/1707/1687 1273/1763/1743
f 1272/1707/1687 1274/1706/1686 1273/1763/1743
f 1273/1763/1743 1274/1706/1686 1275/1764/1744
f 1274/1706/1686 1276/1705/1685 1275/1764/1744
f 1275/1764/1744 1276/1705/1685 1277/1765/1745
f 1276/1705/1685 1278/1699/1679 1277/1765/1745
f 1277/1765/1745 1278/1699/1679 1279/1766/1746
f 1278/1699/1679 1280/1698/1678 1279/1766/1746
f 1279/1766/1746 1280/1698/1678 1281/1767/1747
f 1280/1698/1678 1282/803/802 1281/1767/1747
f 1281/1767/1747 1282/803/802 1283/1768/1748
f 1282/803/802 1284/802/801 1283/1768/1748
f 1283/1768/1748 1284/802/801 1285/1769/1749
f 1284/802/801 1286/852/851 1285/1769/1749
f 1285/1769/1749 1286/852/851 1287/1770/1750
f 1286/852/851 1288/851/850 1287/1770/1750
f 1287/1770/1750 1288/851/850 1289/1771/1751
f 1288/851/850 1290/541/540 1289/1771/1751
f 1289/1771/1751 1290/541/540 1291/1772/1752
f 1290/541/540 1292/543/542 1291/1772/1752
f 1291/1772/1752 1292/543/542 1293/1773/1753
f 1292/543/542 1294/858/857 1293/1773/1753
f 1293/1773/1753 1294/858/857 1295/504/503
f 1294/858/857 1296/859/858 1295/504/503
f 1295/504/503 1296/859/858 1297/505/504
f 1296/859/858 1298/860/859 1297/505/504
f 1297/505/504 1298/860/859 1299/1774/1754
f 1298/860/859 1300/861/860 1299/1774/1754
f 1299/1774/1754 1300/861/860 1301/1775/1755
f 1300/861/860 1302/862/861 1301/1775/1755
f 1301/1775/1755 1302/862/861 1303/1776/1756
f 1302/862/861 1304/447/446 1303/1776/1756
f 1303/1776/1756 1304/447/446 1305/1777/1757
f 1304/447/446 1306/446/445 1305/1777/1757
f 1305/1777/1757 1306/446/445 1307/1778/1758
f 1306/446/445 1308/961/960 1307/1778/1758
f 1307/1778/1758 1308/961/960 1309/1779/1759
f 1308/961/960 1310/973/972 1309/1779/1759
f 1309/1779/1759 1310/973/972 1311/1780/1760
f 1310/973/972 1312/971/970 1311/1780/1760
f 1311/1780/1760 1312/971/970 1313/1781/1761
f 1312/971/970 1314/969/968 1313/1781/1761
f 1313/1781/1761 1314/969/968 1315/1782/1762
f 1314/969/968 1316/967/966 1315/1782/1762
f 1315/1782/1762 1316/967/966 1317/1783/1763
f 1316/967/966 1318/965/964 1317/1783/1763
f 1317/1783/1763 1318/965/964 1319/1784/1764
f 1318/965/964 1320/964/963 1319/1784/1764
f 1319/1784/1764 1320/964/963 1321/1785/1765
f 1320/964/963 1322/963/962 1321/1785/1765
f 1321/1785/1765 1322/963/962 1323/1786/1766
f 1322/963/962 1324/1044/1040 1323/1786/1766
f 1323/1786/1766 1324/1044/1040 1325/1787/1767
f 1324/1044/1040 1326/1065/1061 1325/1787/1767
f 1325/1787/1767 1326/1065/1061 1327/1788/1768
f 1326/1065/1061 1328/1462/1454 1327/1788/1768
f 1327/1788/1768 1328/1462/1454 1329/1789/1769
f 1564/463/462 1565/1466/1458 1566/1564/1553
f 1563/1463/1455 1565/1466/1458 1564/463/462
f 1242/462/461 1563/1463/1455 1564/463/462
f 1562/1464/1456 1563/1463/1455 1242/462/461
f 1240/1748/1728 1562/1464/1456 1242/462/461
f 1305/1777/1757 1307/1778/1758 1330/1790/1770
f 1307/1778/1758 1309/1779/1759 1330/1790/1770
f 1330/1790/1770 1309/1779/1759 1331/1791/1771
f 1309/1779/1759 1311/1780/1760 1331/1791/1771
f 1331/1791/1771 1311/1780/1760 1332/1792/1772
f 1311/1780/1760 1313/1781/1761 1332/1792/1772
f 1332/1792/1772 1313/1781/1761 1333/1793/1773
f 1313/1781/1761 1315/1782/1762 1333/1793/1773
f 1333/1793/1773 1315/1782/1762 1334/1794/1774
f 1315/1782/1762 1317/1783/1763 1334/1794/1774
f 1334/1794/1774 1317/1783/1763 1335/1795/1775
f 1317/1783/1763 1319/1784/1764 1335/1795/1775
f 1335/1795/1775 1319/1784/1764 1336/483/482
f 1319/1784/1764 1321/1785/1765 1336/483/482
f 1336/483/482 1321/1785/1765 1337/484/483
f 1321/1785/1765 1323/1786/1766 1337/484/483
f 1337/484/483 1323/1786/1766 1338/1796/1776
f 1323/1786/1766 1325/1787/1767 1338/1796/1776
f 1338/1796/1776 1325/1787/1767 1339/1797/1777
f 1325/1787/1767 1327/1788/1768 1339/1797/1777
f 1339/1797/1777 1327/1788/1768 1340/1798/1778
f 1327/1788/1768 1329/1789/1769 1340/1798/1778
f 1340/1798/1778 1329/1789/1769 1341/1799/645
f 1560/1800/1779 1245/1751/1731 1449/1801/1780
f 1243/1750/1730 1245/1751/1731 1560/1800/1779
f 1490/1802/1781 1243/1750/1730 1560/1800/1779
f 1341/1799/645 1342/1803/1782 1340/1798/1778
f 1342/1803/1782 1343/1804/1783 1340/1798/1778
f 1340/1798/1778 1343/1804/1783 1339/1797/1777
f 1343/1804/1783 1344/1805/1784 1339/1797/1777
f 1339/1797/1777 1344/1805/1784 1338/1796/1776
f 1344/1805/1784 1345/1806/1785 1338/1796/1776
f 1338/1796/1776 1345/1806/1785 1337/484/483
f 1345/1806/1785 1346/1807/1786 1337/484/483
f 1337/484/483 1346/1807/1786 1347/485/484
f 1346/1807/1786 1348/1808/1787 1347/485/484
f 1347/485/484 1348/1808/1787 1349/1809/1788
f 1348/1808/1787 1350/1810/1789 1349/1809/1788
f 1349/1809/1788 1350/1810/1789 1335/1795/1775
f 1350/1810/1789 1351/1811/1790 1335/1795/1775
f 1335/1795/1775 1351/1811/1790 1334/1794/1774
f 1351/1811/1790 1352/1812/1791 1334/1794/1774
f 1334/1794/1774 1352/1812/1791 1333/1793/1773
f 1352/1812/1791 1353/1813/1792 1333/1793/1773
f 1333/1793/1773 1353/1813/1792 1332/1792/1772
f 1353/1813/1792 1354/1814/1793 1332/1792/1772
f 1332/1792/1772 1354/1814/1793 1331/1791/1771
f 1354/1814/1793 1355/1815/1794 1331/1791/1771
f 1331/1791/1771 1355/1815/1794 1330/1790/1770
f 1355/1815/1794 1356/1816/1795 1330/1790/1770
f 1330/1790/1770 1356/1816/1795 1305/1777/1757
f 1356/1816/1795 1303/1776/1756 1305/1777/1757
f 1561/1066/1062 1449/1801/1780 1435/1067/1063
f 1560/1800/1779 1449/1801/1780 1561/1066/1062
f 1559/1069/1065 1560/1800/1779 1561/1066/1062
f 1490/1802/1781 1560/1800/1779 1559/1069/1065
f 1351/1811/1790 1357/498/497 1352/1812/1791
f 1357/498/497 1358/1817/1796 1352/1812/1791
f 1352/1812/1791 1358/1817/1796 1353/1813/1792
f 1358/1817/1796 1359/1818/1797 1353/1813/1792
f 1353/1813/1792 1359/1818/1797 1354/1814/1793
f 1359/1818/1797 1360/1819/1798 1354/1814/1793
f 1354/1814/1793 1360/1819/1798 1355/1815/1794
f 1360/1819/1798 1361/1820/1799 1355/1815/1794
f 1355/1815/1794 1361/1820/1799 1356/1816/1795
f 1361/1820/1799 1362/1821/1800 1356/1816/1795
f 1356/1816/1795 1362/1821/1800 1303/1776/1756
f 1362/1821/1800 1301/1775/1755 1303/1776/1756
f 1488/1822/1801 1490/1802/1781 1559/1069/1065
f 1559/1069/1065 1478/1068/1064 1558/1823/1802
f 1557/1824/1803 1559/1069/1065 1558/1823/1802
f 1488/1822/1801 1559/1069/1065 1557/1824/1803
f 1357/498/497 1363/500/499 1358/1817/1796
f 1363/500/499 1364/1825/1804 1358/1817/1796
f 1358/1817/1796 1364/1825/1804 1359/1818/1797
f 1364/1825/1804 1365/1826/1805 1359/1818/1797
f 1359/1818/1797 1365/1826/1805 1360/1819/1798
f 1365/1826/1805 1366/1827/1806 1360/1819/1798
f 1360/1819/1798 1366/1827/1806 1361/1820/1799
f 1366/1827/1806 1367/1828/1807 1361/1820/1799
f 1361/1820/1799 1367/1828/1807 1362/1821/1800
f 1367/1828/1807 1368/1829/1808 1362/1821/1800
f 1362/1821/1800 1368/1829/1808 1301/1775/1755
f 1368/1829/1808 1299/1774/1754 1301/1775/1755
f 1556/1830/1809 1488/1822/1801 1557/1824/1803
f 1486/1831/1810 1488/1822/1801 1556/1830/1809
f 1299/1774/1754 1368/1829/1808 1369/1832/1811
f 1368/1829/1808 1370/1833/1812 1369/1832/1811
f 1369/1832/1811 1370/1833/1812 1371/1834/1813
f 1370/1833/1812 1372/1835/1814 1371/1834/1813
f 1371/1834/1813 1372/1835/1814 1373/1836/1815
f 1372/1835/1814 1374/1837/1816 1373/1836/1815
f 1373/1836/1815 1374/1837/1816 1375/1838/1817
f 1374/1837/1816 1376/1839/1818 1375/1838/1817
f 1375/1838/1817 1376/1839/1818 1293/1773/1753
f 1376/1839/1818 1377/1840/1819 1293/1773/1753
f 1293/1773/1753 1377/1840/1819 1291/1772/1752
f 1377/1840/1819 1378/1841/1820 1291/1772/1752
f 1291/1772/1752 1378/1841/1820 1289/1771/1751
f 1378/1841/1820 1379/1842/1821 1289/1771/1751
f 1289/1771/1751 1379/1842/1821 1287/1770/1750
f 1379/1842/1821 1380/1843/1822 1287/1770/1750
f 1287/1770/1750 1380/1843/1822 1285/1769/1749
f 1380/1843/1822 1381/1844/1823 1285/1769/1749
f 1285/1769/1749 1381/1844/1823 1283/1768/1748
f 1381/1844/1823 1281/1767/1747 1283/1768/1748
f 1484/1845/1824 1486/1831/1810 1556/1830/1809
f 1558/1823/1802 1478/1068/1064 1476/1846/1825
f 1555/1847/1826 1558/1823/1802 1476/1846/1825
f 1557/1824/1803 1558/1823/1802 1555/1847/1826
f 1370/1833/1812 1382/1848/1827 1372/1835/1814
f 1382/1848/1827 1383/1849/1828 1372/1835/1814
f 1372/1835/1814 1383/1849/1828 1374/1837/1816
f 1383/1849/1828 1384/1850/1829 1374/1837/1816
f 1374/1837/1816 1384/1850/1829 1376/1839/1818
f 1384/1850/1829 1385/1851/1830 1376/1839/1818
f 1376/1839/1818 1385/1851/1830 1377/1840/1819
f 1385/1851/1830 1386/1852/1831 1377/1840/1819
f 1377/1840/1819 1386/1852/1831 1378/1841/1820
f 1386/1852/1831 1387/1853/1832 1378/1841/1820
f 1378/1841/1820 1387/1853/1832 1379/1842/1821
f 1387/1853/1832 1388/1854/1833 1379/1842/1821
f 1379/1842/1821 1388/1854/1833 1380/1843/1822
f 1388/1854/1833 1389/1855/1834 1380/1843/1822
f 1380/1843/1822 1389/1855/1834 1381/1844/1823
f 1389/1855/1834 1390/1856/1835 1381/1844/1823
f 1381/1844/1823 1390/1856/1835 1281/1767/1747
f 1390/1856/1835 1279/1766/1746 1281/1767/1747
f 1554/1857/1836 1557/1824/1803 1555/1847/1826
f 1556/1830/1809 1557/1824/1803 1554/1857/1836
f 1279/1766/1746 1390/1856/1835 1391/1858/1837
f 1390/1856/1835 1392/300/300 1391/1858/1837
f 1391/1858/1837 1392/300/300 1393/1859/1838
f 1392/300/300 1394/299/299 1393/1859/1838
f 1393/1859/1838 1394/299/299 1395/1860/1839
f 1394/299/299 1396/1861/1840 1395/1860/1839
f 1395/1860/1839 1396/1861/1840 1397/1862/1841
f 1396/1861/1840 1398/1863/1842 1397/1862/1841
f 1397/1862/1841 1398/1863/1842 1399/1864/1843
f 1398/1863/1842 1400/1865/1844 1399/1864/1843
f 1399/1864/1843 1400/1865/1844 1401/1866/1845
f 1400/1865/1844 1402/1867/1846 1401/1866/1845
f 1401/1866/1845 1402/1867/1846 1403/1868/1847
f 1402/1867/1846 1404/1869/1848 1403/1868/1847
f 1403/1868/1847 1404/1869/1848 1405/1870/1849
f 1404/1869/1848 1406/1871/1850 1405/1870/1849
f 1405/1870/1849 1406/1871/1850 1407/1872/1851
f 1406/1871/1850 1408/1873/1852 1407/1872/1851
f 1407/1872/1851 1408/1873/1852 1409/1874/1853
f 1408/1873/1852 1410/1875/1854 1409/1874/1853
f 1409/1874/1853 1410/1875/1854 1411/1876/1855
f 1410/1875/1854 1412/1877/1856 1411/1876/1855
f 1411/1876/1855 1412/1877/1856 1413/1878/1857
f 1412/1877/1856 1414/455/454 1413/1878/1857
f 1413/1878/1857 1414/455/454 1415/1879/1858
f 1414/455/454 1416/454/453 1415/1879/1858
f 1415/1879/1858 1416/454/453 1417/1880/1859
f 1416/454/453 1418/1881/1860 1417/1880/1859
f 1417/1880/1859 1418/1881/1860 1419/456/455
f 1418/1881/1860 1420/1882/1861 1419/456/455
f 1419/456/455 1420/1882/1861 1421/457/456
f 1420/1882/1861 1422/1883/1862 1421/457/456
f 1421/457/456 1422/1883/1862 1423/1884/1863
f 1422/1883/1862 1424/1885/1864 1423/1884/1863
f 1423/1884/1863 1424/1885/1864 1425/1886/1865
f 1424/1885/1864 1426/1887/1866 1425/1886/1865
f 1425/1886/1865 1426/1887/1866 1427/1888/1867
f 1426/1887/1866 1428/1889/1868 1427/1888/1867
f 1427/1888/1867 1428/1889/1868 1429/499/498
f 1428/1889/1868 1430/1890/1869 1429/499/498
f 1429/499/498 1430/1890/1869 1363/500/499
f 1430/1890/1869 1431/1891/1870 1363/500/499
f 1363/500/499 1431/1891/1870 1364/1825/1804
f 1431/1891/1870 1432/1892/1871 1364/1825/1804
f 1364/1825/1804 1432/1892/1871 1365/1826/1805
f 1432/1892/1871 1433/1893/1872 1365/1826/1805
f 1365/1826/1805 1433/1893/1872 1366/1827/1806
f 1433/1893/1872 1434/1894/1873 1366/1827/1806
f 1366/1827/1806 1434/1894/1873 1367/1828/1807
f 1434/1894/1873 1370/1833/1812 1367/1828/1807
f 1367/1828/1807 1370/1833/1812 1368/1829/1808
f 1553/1895/1874 1556/1830/1809 1554/1857/1836
f 1484/1845/1824 1556/1830/1809 1553/1895/1874
f 1482/1896/1875 1484/1845/1824 1553/1895/1874
f 1555/1847/1826 1476/1846/1825 1346/1807/1786
f 1345/1806/1785 1555/1847/1826 1346/1807/1786
f 1419/456/455 1435/1067/1063 1417/1880/1859
f 1435/1067/1063 1436/1897/1876 1417/1880/1859
f 1417/1880/1859 1436/1897/1876 1415/1879/1858
f 1436/1897/1876 1437/1898/1877 1415/1879/1858
f 1415/1879/1858 1437/1898/1877 1413/1878/1857
f 1437/1898/1877 1438/1899/1878 1413/1878/1857
f 1413/1878/1857 1438/1899/1878 1411/1876/1855
f 1438/1899/1878 1439/1900/1879 1411/1876/1855
f 1411/1876/1855 1439/1900/1879 1409/1874/1853
f 1439/1900/1879 1440/1901/1880 1409/1874/1853
f 1409/1874/1853 1440/1901/1880 1407/1872/1851
f 1440/1901/1880 1441/1902/1881 1407/1872/1851
f 1407/1872/1851 1441/1902/1881 1405/1870/1849
f 1441/1902/1881 1442/1903/1882 1405/1870/1849
f 1405/1870/1849 1442/1903/1882 1403/1868/1847
f 1442/1903/1882 1443/1904/1883 1403/1868/1847
f 1403/1868/1847 1443/1904/1883 1401/1866/1845
f 1443/1904/1883 1444/1905/1884 1401/1866/1845
f 1401/1866/1845 1444/1905/1884 1399/1864/1843
f 1444/1905/1884 1445/1906/1885 1399/1864/1843
f 1399/1864/1843 1445/1906/1885 1397/1862/1841
f 1445/1906/1885 1446/1907/1886 1397/1862/1841
f 1397/1862/1841 1446/1907/1886 1395/1860/1839
f 1446/1907/1886 1447/1908/1887 1395/1860/1839
f 1395/1860/1839 1447/1908/1887 1393/1859/1838
f 1447/1908/1887 1448/1909/1888 1393/1859/1838
f 1393/1859/1838 1448/1909/1888 1391/1858/1837
f 1448/1909/1888 1277/1765/1745 1391/1858/1837
f 1391/1858/1837 1277/1765/1745 1279/1766/1746
f 1554/1857/1836 1555/1847/1826 1345/1806/1785
f 1344/1805/1784 1554/1857/1836 1345/1806/1785
f 1553/1895/1874 1554/1857/1836 1344/1805/1784
f 1343/1804/1783 1553/1895/1874 1344/1805/1784
f 1482/1896/1875 1553/1895/1874 1343/1804/1783
f 1435/1067/1063 1449/1801/1780 1436/1897/1876
f 1449/1801/1780 1450/1910/1889 1436/1897/1876
f 1436/1897/1876 1450/1910/1889 1437/1898/1877
f 1450/1910/1889 1451/1911/1890 1437/1898/1877
f 1437/1898/1877 1451/1911/1890 1438/1899/1878
f 1451/1911/1890 1452/1912/1891 1438/1899/1878
f 1438/1899/1878 1452/1912/1891 1439/1900/1879
f 1452/1912/1891 1453/1913/1892 1439/1900/1879
f 1439/1900/1879 1453/1913/1892 1440/1901/1880
f 1453/1913/1892 1454/1914/1893 1440/1901/1880
f 1440/1901/1880 1454/1914/1893 1441/1902/1881
f 1454/1914/1893 1455/1915/1894 1441/1902/1881
f 1441/1902/1881 1455/1915/1894 1442/1903/1882
f 1455/1915/1894 1456/1916/1895 1442/1903/1882
f 1442/1903/1882 1456/1916/1895 1443/1904/1883
f 1456/1916/1895 1457/1917/1896 1443/1904/1883
f 1443/1904/1883 1457/1917/1896 1444/1905/1884
f 1457/1917/1896 1458/1918/1897 1444/1905/1884
f 1444/1905/1884 1458/1918/1897 1445/1906/1885
f 1458/1918/1897 1459/1919/1898 1445/1906/1885
f 1445/1906/1885 1459/1919/1898 1446/1907/1886
f 1459/1919/1898 1460/1920/1899 1446/1907/1886
f 1446/1907/1886 1460/1920/1899 1447/1908/1887
f 1460/1920/1899 1461/1921/1900 1447/1908/1887
f 1447/1908/1887 1461/1921/1900 1448/1909/1888
f 1461/1921/1900 1275/1764/1744 1448/1909/1888
f 1448/1909/1888 1275/1764/1744 1277/1765/1745
f 1342/1803/1782 1482/1896/1875 1343/1804/1783
f 1389/1855/1834 1392/300/300 1390/1856/1835
f 1552/301/301 1392/300/300 1389/1855/1834
f 1388/1854/1833 1552/301/301 1389/1855/1834
f 1550/1922/1901 1388/1854/1833 1387/1853/1832
f 1449/1801/1780 1245/1751/1731 1450/1910/1889
f 1245/1751/1731 1247/1752/1732 1450/1910/1889
f 1450/1910/1889 1247/1752/1732 1451/1911/1890
f 1247/1752/1732 1249/1753/1733 1451/1911/1890
f 1451/1911/1890 1249/1753/1733 1452/1912/1891
f 1249/1753/1733 1251/1754/1734 1452/1912/1891
f 1452/1912/1891 1251/1754/1734 1453/1913/1892
f 1251/1754/1734 1253/1755/1735 1453/1913/1892
f 1453/1913/1892 1253/1755/1735 1454/1914/1893
f 1253/1755/1735 1255/1756/1736 1454/1914/1893
f 1454/1914/1893 1255/1756/1736 1455/1915/1894
f 1255/1756/1736 1462/1923/1902 1455/1915/1894
f 1455/1915/1894 1462/1923/1902 1456/1916/1895
f 1462/1923/1902 1463/1924/1903 1456/1916/1895
f 1456/1916/1895 1463/1924/1903 1457/1917/1896
f 1463/1924/1903 1464/1925/1904 1457/1917/1896
f 1457/1917/1896 1464/1925/1904 1458/1918/1897
f 1464/1925/1904 1465/1926/1905 1458/1918/1897
f 1458/1918/1897 1465/1926/1905 1459/1919/1898
f 1465/1926/1905 1466/1927/1906 1459/1919/1898
f 1459/1919/1898 1466/1927/1906 1460/1920/1899
f 1466/1927/1906 1467/1928/1907 1460/1920/1899
f 1460/1920/1899 1467/1928/1907 1461/1921/1900
f 1467/1928/1907 1273/1763/1743 1461/1921/1900
f 1461/1921/1900 1273/1763/1743 1275/1764/1744
f 1552/301/301 1388/1854/1833 1550/1922/1901
f 1551/1929/1908 1552/301/301 1550/1922/1901
f 1394/299/299 1552/301/301 1551/1929/1908
f 1396/1861/1840 1394/299/299 1551/1929/1908
f 1514/1930/1909 1398/1863/1842 1396/1861/1840
f 1255/1756/1736 1257/1757/1737 1462/1923/1902
f 1257/1757/1737 1259/1758/1738 1462/1923/1902
f 1462/1923/1902 1259/1758/1738 1463/1924/1903
f 1259/1758/1738 1468/1931/1910 1463/1924/1903
f 1463/1924/1903 1468/1931/1910 1464/1925/1904
f 1468/1931/1910 1469/1932/1911 1464/1925/1904
f 1464/1925/1904 1469/1932/1911 1465/1926/1905
f 1469/1932/1911 1470/1933/1912 1465/1926/1905
f 1465/1926/1905 1470/1933/1912 1466/1927/1906
f 1470/1933/1912 1467/1928/1907 1466/1927/1906
f 1551/1929/1908 1514/1930/1909 1396/1861/1840
f 1512/1934/1913 1514/1930/1909 1551/1929/1908
f 1550/1922/1901 1512/1934/1913 1551/1929/1908
f 1510/1935/1914 1512/1934/1913 1550/1922/1901
f 1259/1758/1738 1261/236/236 1468/1931/1910
f 1261/236/236 1471/235/235 1468/1931/1910
f 1468/1931/1910 1471/235/235 1469/1932/1911
f 1471/235/235 1470/1933/1912 1469/1932/1911
f 1387/1853/1832 1510/1935/1914 1550/1922/1901
f 1510/1935/1914 1387/1853/1832 1386/1852/1831
f 1385/1851/1830 1510/1935/1914 1386/1852/1831
f 1515/1936/1915 1513/1937/1916 1546/1938/1917
f 1471/235/235 1269/1761/1741 1470/1933/1912
f 1269/1761/1741 1271/1762/1742 1470/1933/1912
f 1470/1933/1912 1271/1762/1742 1467/1928/1907
f 1271/1762/1742 1273/1763/1743 1467/1928/1907
f 1531/1939/1918 1515/1936/1915 1546/1938/1917
f 1531/1939/1918 1546/1938/1917 1545/1940/1919
f 1530/1941/1920 1531/1939/1918 1545/1940/1919
f 1525/1942/1921 1412/1877/1856 1410/1875/1854
f 1269/1761/1741 1471/235/235 1267/1760/1740
f 1471/235/235 1263/234/234 1267/1760/1740
f 1267/1760/1740 1263/234/234 1265/1759/1739
f 1414/455/454 1412/1877/1856 1525/1942/1921
f 1549/453/452 1414/455/454 1525/1942/1921
f 1549/453/452 1525/1942/1921 1522/1943/1922
f 1523/1944/1923 1549/453/452 1522/1943/1922
f 1416/454/453 1549/453/452 1523/1944/1923
f 1351/1811/1790 1350/1810/1789 1357/498/497
f 1350/1810/1789 1472/1945/1924 1357/498/497
f 1357/498/497 1472/1945/1924 1429/499/498
f 1472/1945/1924 1427/1888/1867 1429/499/498
f 1418/1881/1860 1416/454/453 1523/1944/1923
f 1548/1946/1925 1509/1947/1926 1508/1948/1927
f 1511/1949/1928 1509/1947/1926 1548/1946/1925
f 1547/1950/1929 1511/1949/1928 1548/1946/1925
f 1472/1945/1924 1350/1810/1789 1473/1951/1930
f 1350/1810/1789 1348/1808/1787 1473/1951/1930
f 1473/1951/1930 1348/1808/1787 1474/1952/1931
f 1348/1808/1787 1346/1807/1786 1474/1952/1931
f 1474/1952/1931 1346/1807/1786 1475/1953/1932
f 1346/1807/1786 1476/1846/1825 1475/1953/1932
f 1475/1953/1932 1476/1846/1825 1477/458/457
f 1476/1846/1825 1478/1068/1064 1477/458/457
f 1477/458/457 1478/1068/1064 1419/456/455
f 1478/1068/1064 1435/1067/1063 1419/456/455
f 1548/1946/1925 1508/1948/1927 1544/1954/1933
f 1542/1955/1934 1548/1946/1925 1544/1954/1933
f 1547/1950/1929 1548/1946/1925 1542/1955/1934
f 1540/1956/1935 1547/1950/1929 1542/1955/1934
f 1477/458/457 1421/457/456 1475/1953/1932
f 1421/457/456 1423/1884/1863 1475/1953/1932
f 1475/1953/1932 1423/1884/1863 1474/1952/1931
f 1423/1884/1863 1425/1886/1865 1474/1952/1931
f 1474/1952/1931 1425/1886/1865 1473/1951/1930
f 1425/1886/1865 1427/1888/1867 1473/1951/1930
f 1473/1951/1930 1427/1888/1867 1472/1945/1924
f 1547/1950/1929 1513/1937/1916 1511/1949/1928
f 1546/1938/1917 1513/1937/1916 1547/1950/1929
f 1540/1956/1935 1546/1938/1917 1547/1950/1929
f 1545/1940/1919 1546/1938/1917 1540/1956/1935
f 1538/1957/1936 1545/1940/1919 1540/1956/1935
f 1293/1773/1753 1295/504/503 1375/1838/1817
f 1295/504/503 1479/506/505 1375/1838/1817
f 1375/1838/1817 1479/506/505 1373/1836/1815
f 1479/506/505 1371/1834/1813 1373/1836/1815
f 1530/1941/1920 1545/1940/1919 1538/1957/1936
f 1535/1958/1937 1530/1941/1920 1538/1957/1936
f 1371/1834/1813 1479/506/505 1369/1832/1811
f 1479/506/505 1297/505/504 1369/1832/1811
f 1369/1832/1811 1297/505/504 1299/1774/1754
f 1544/1954/1933 1508/1948/1927 1507/502/501
f 1543/501/500 1544/1954/1933 1507/502/501
f 1542/1955/1934 1544/1954/1933 1543/501/500
f 1541/752/751 1542/1955/1934 1543/501/500
f 1540/1956/1935 1542/1955/1934 1541/752/751
f 1335/1795/1775 1336/483/482 1349/1809/1788
f 1336/483/482 1347/485/484 1349/1809/1788
f 1539/753/752 1540/1956/1935 1541/752/751
f 1538/1957/1936 1540/1956/1935 1539/753/752
f 1537/726/725 1538/1957/1936 1539/753/752
f 1535/1958/1937 1538/1957/1936 1537/726/725
f 1341/1799/645 1480/1959/1938 1342/1803/1782
f 1480/1959/1938 1481/1960/1939 1342/1803/1782
f 1342/1803/1782 1481/1960/1939 1482/1896/1875
f 1481/1960/1939 1483/1961/1940 1482/1896/1875
f 1482/1896/1875 1483/1961/1940 1484/1845/1824
f 1483/1961/1940 1485/1962/1941 1484/1845/1824
f 1484/1845/1824 1485/1962/1941 1486/1831/1810
f 1485/1962/1941 1487/1963/1942 1486/1831/1810
f 1486/1831/1810 1487/1963/1942 1488/1822/1801
f 1487/1963/1942 1489/1964/1943 1488/1822/1801
f 1488/1822/1801 1489/1964/1943 1490/1802/1781
f 1489/1964/1943 1241/1749/1729 1490/1802/1781
f 1490/1802/1781 1241/1749/1729 1243/1750/1730
f 1536/722/721 1535/1958/1937 1537/726/725
f 1534/1965/1944 1535/1958/1937 1536/722/721
f 1533/716/715 1534/1965/1944 1536/722/721
f 1535/1958/1937 1529/1966/1945 1530/1941/1920
f 1528/1967/1946 1529/1966/1945 1535/1958/1937
f 1480/1959/1938 1491/460/459 1481/1960/1939
f 1491/460/459 1492/459/458 1481/1960/1939
f 1481/1960/1939 1492/459/458 1483/1961/1940
f 1492/459/458 1493/1968/1947 1483/1961/1940
f 1483/1961/1940 1493/1968/1947 1485/1962/1941
f 1493/1968/1947 1494/1969/1948 1485/1962/1941
f 1485/1962/1941 1494/1969/1948 1487/1963/1942
f 1494/1969/1948 1495/1970/1949 1487/1963/1942
f 1487/1963/1942 1495/1970/1949 1489/1964/1943
f 1495/1970/1949 1239/1747/1727 1489/1964/1943
f 1489/1964/1943 1239/1747/1727 1241/1749/1729
f 1534/1965/1944 1528/1967/1946 1535/1958/1937
f 1527/1971/1950 1528/1967/1946 1534/1965/1944
f 1533/716/715 1527/1971/1950 1534/1965/1944
f 1526/1972/1951 1527/1971/1950 1533/716/715
f 1532/714/713 1526/1972/1951 1533/716/715
f 1493/1968/1947 1496/1973/1952 1494/1969/1948
f 1496/1973/1952 1497/1974/1953 1494/1969/1948
f 1494/1969/1948 1497/1974/1953 1495/1970/1949
f 1524/1975/1954 1526/1972/1951 1532/714/713
f 1521/713/712 1524/1975/1954 1532/714/713
f 1531/1939/1918 1400/1865/1844 1515/1936/1915
f 1402/1867/1846 1400/1865/1844 1531/1939/1918
f 1530/1941/1920 1402/1867/1846 1531/1939/1918
f 1493/1968/1947 1498/1976/1955 1496/1973/1952
f 1498/1976/1955 1499/1977/468 1496/1973/1952
f 1496/1973/1952 1499/1977/468 1497/1974/1953
f 1404/1869/1848 1402/1867/1846 1530/1941/1920
f 1529/1966/1945 1404/1869/1848 1530/1941/1920
f 1406/1871/1850 1404/1869/1848 1529/1966/1945
f 1528/1967/1946 1406/1871/1850 1529/1966/1945
f 1408/1873/1852 1406/1871/1850 1528/1967/1946
f 1498/1976/1955 1493/1968/1947 1500/1978/1956
f 1493/1968/1947 1492/459/458 1500/1978/1956
f 1500/1978/1956 1492/459/458 1501/1979/1599
f 1492/459/458 1502/461/460 1501/1979/1599
f 1527/1971/1950 1408/1873/1852 1528/1967/1946
f 1410/1875/1854 1408/1873/1852 1527/1971/1950
f 1526/1972/1951 1410/1875/1854 1527/1971/1950
f 1525/1942/1921 1410/1875/1854 1526/1972/1951
f 1501/1979/1599 1503/1980/509 1500/1978/1956
f 1503/1980/509 1498/1976/1955 1500/1978/1956
f 1524/1975/1954 1525/1942/1921 1526/1972/1951
f 1522/1943/1922 1525/1942/1921 1524/1975/1954
f 1521/713/712 1522/1943/1922 1524/1975/1954
f 1422/1883/1862 1420/1882/1861 1418/1881/1860
f 1503/1980/509 1504/1981/486 1498/1976/1955
f 1504/1981/486 1505/1982/1957 1498/1976/1955
f 1498/1976/1955 1505/1982/1957 1499/1977/468
f 1523/1944/1923 1422/1883/1862 1418/1881/1860
f 1424/1885/1864 1422/1883/1862 1523/1944/1923
f 1522/1943/1922 1424/1885/1864 1523/1944/1923
f 1426/1887/1866 1424/1885/1864 1522/1943/1922
f 1521/713/712 1426/1887/1866 1522/1943/1922
f 1370/1833/1812 1434/1894/1873 1382/1848/1827
f 1434/1894/1873 1506/744/743 1382/1848/1827
f 1382/1848/1827 1506/744/743 1383/1849/1828
f 1506/744/743 1507/502/501 1383/1849/1828
f 1383/1849/1828 1507/502/501 1384/1850/1829
f 1507/502/501 1508/1948/1927 1384/1850/1829
f 1384/1850/1829 1508/1948/1927 1385/1851/1830
f 1508/1948/1927 1509/1947/1926 1385/1851/1830
f 1385/1851/1830 1509/1947/1926 1510/1935/1914
f 1509/1947/1926 1511/1949/1928 1510/1935/1914
f 1510/1935/1914 1511/1949/1928 1512/1934/1913
f 1511/1949/1928 1513/1937/1916 1512/1934/1913
f 1512/1934/1913 1513/1937/1916 1514/1930/1909
f 1513/1937/1916 1515/1936/1915 1514/1930/1909
f 1514/1930/1909 1515/1936/1915 1398/1863/1842
f 1515/1936/1915 1400/1865/1844 1398/1863/1842
f 1428/1889/1868 1426/1887/1866 1521/713/712
f 1520/706/705 1428/1889/1868 1521/713/712
f 1430/1890/1869 1428/1889/1868 1520/706/705
f 1519/704/703 1430/1890/1869 1520/706/705
f 1506/744/743 1434/1894/1873 1516/743/742
f 1434/1894/1873 1433/1893/1872 1516/743/742
f 1516/743/742 1433/1893/1872 1517/702/701
f 1433/1893/1872 1432/1892/1871 1517/702/701
f 1517/702/701 1432/1892/1871 1518/703/702
f 1432/1892/1871 1431/1891/1870 1518/703/702
f 1518/703/702 1431/1891/1870 1519/704/703
f 1431/1891/1870 1430/1890/1869 1519/704/703
